Date,Title,Link,Post ID,Posted Date
01.12.2024,"البادية_24  إدارة العمـ.ـليات العسـ.ـكرية :  تدمـ.ـير سيارة نوع ""زيل"" لقوات النـ.ـظام في مدينة حماة قرب دوار سباهي وقتـ.ـل أكثر من 10 عناصر كانوا بداخلها بعد استـ.ـهدافها من قبل كتائب ""شاهين"" ALBADIA_24",https://syria.liveuamap.com/ar/2024/2-december-21-shaheen-brigades-have-targeted-a-zil-vehicle,22717747,4 الشهر منذ
01.12.2024,وصل الثوار إلى قرية الرهجان وقرية السعن في ريف حماة الشمالي الشرقي، وسيطروا عليها لفترة وجيزة، لكن الجيش العربي السوري استعادها، ولا يزال الثوار متواجدين في محيط القريتين,https://syria.liveuamap.com/ar/2024/2-december-21-rebels-have-reached-alrahjan-village-and-alsaan,22717745,4 الشهر منذ
01.12.2024,وزير خارجية إيران: يحتمل أن تحتضن الدوحة الأسبوع المقبل اجتماعا يضم قطر وإيران وتركيا وروسيا لبحث الوضع بسوريا,https://syria.liveuamap.com/ar/2024/2-december-20-iranian-foreign-minister-doha-may-host-a-meeting,22717740,4 الشهر منذ
01.12.2024,القصيرغارات اسرائيلية على معابر جوسية والجوبانية والحوز الحدودية بريف القصير بالإضافة لمواقع للحزب شمال الهرمل وجرد وادي الزين على الشريط الحدودي السوري ـ اللبناني,https://israelpalestine.liveuamap.com/ar/2024/2-december-20-alqusayr-israeli-raids-targeted-the-border,22717741,4 الشهر منذ
01.12.2024,nمظاهرة حاشدة في الجيزة في ريف درعا الشرقي تأيدا لعمليات ثوار الشمال وإسقاط الأسد,https://syria.liveuamap.com/ar/2024/2-december-20-a-massive-demonstration-in-aljiza-in-the-eastern,22717739,4 الشهر منذ
01.12.2024,أفادت تقارير بأن القوات الموالية للأسد تخلت عن صواريخ بوك سام,https://syria.liveuamap.com/ar/2024/2-december-20-proassad-forces-have-reportedly-abandoned-buk,22717744,4 الشهر منذ
01.12.2024,اشتباكات بين الثوار وقوات الأسد بين أثريا وخناصر,https://syria.liveuamap.com/ar/2024/2-december-20-clashes-between-rebels-and-proassad-forces,22717727,4 الشهر منذ
01.12.2024,"عودة الاشتباكات العنيفة لقرى ""تل ملح"" و""الجبين"" و""الجلمة"" شمال حماة مع قوات النظام تل ملح والجبين والمغير بريف حماة الشمالي الغربي صديق ولله الحمد",https://syria.liveuamap.com/ar/2024/2-december-19-violent-clashes-at-the-villages-of-tal-malah,22717714,4 الشهر منذ
01.12.2024,إدارة العمـ.ـليات العسـ.ـكرية تتمكن من أسـ.ـر 5 عناصر من قوات النـ.ـظام أثناء تمشـ.ـيط مدينة #صوران شمال حماة,https://syria.liveuamap.com/ar/2024/2-december-19-rebels-have-captured-5-members-of-the-government,22717648,4 الشهر منذ
01.12.2024,سوريا ردع_العدوان nn• إدارة العمليات العسكرية تسيطر على بلدات وقرى صوران والفان الوسطاني وأبو يوسف والمضبعة وتلة المضبعة شمال حماة,https://syria.liveuamap.com/ar/2024/2-december-18-rebels-have-controlled-the-towns-and-villages,22717643,4 الشهر منذ
01.12.2024,الخارجية الأميركية: على سوريا تغيير سلوكها,https://syria.liveuamap.com/ar/2024/2-december-18-us-state-department-syria-must-change-its-behavior,22717632,4 الشهر منذ
01.12.2024,"م تحرير #طيبة_الإمام بالكامل 
تم تحرير بلدة #معردس بالكامل",https://syria.liveuamap.com/ar/2024/2-december-18-rebels-have-claimed-control-over-taybatalimam,22717619,4 الشهر منذ
01.12.2024,الأمين العام للأمم المتحدة أنطونيو غوتيريش يدعو لوقف فوري للقتال في سوريا,https://syria.liveuamap.com/ar/2024/2-december-17-un-secretarygeneral-antonio-guterres-calls,22717617,4 الشهر منذ
01.12.2024,مراسل غارات جوية روسية على مناطق السرمانية والقرقور والعنكاوي في سهل الغاب غربي حماةفجر_الحرية ردع_العدوان,https://syria.liveuamap.com/ar/2024/2-december-17-russian-airstrikes-on-the-areas-of-sarmaniyah,22717620,4 الشهر منذ
01.12.2024,قيادي في فصائل المعارضة السورية للتلفزيون العربي:   ننفي ادعاءات النظام السوري استعادته بلدات جرى تحريرها  عملياتنا تتركز في المناطق التي تسيطر عليها قوات النظام  قواتنا بدأت عمليات التمهيد من أجل الدخول إلى مدينة حماة  تجنبنا الاشتباك المسلح مع قوات قسد…,https://syria.liveuamap.com/ar/2024/2-december-17-a-leader-in-the-syrian-opposition-factions,22717626,4 الشهر منذ
01.12.2024,غارات جوية روسية تستهدف قرية الحويز شمال غرب محافظة حماة السورية,https://syria.liveuamap.com/ar/2024/2-december-17-russian-airstrikes-target-alhuwaiz-village,22717654,4 الشهر منذ
01.12.2024,أنباء عن اشتباكات بين المجلس العسكري في منبج (قسد) ومسلحي الجيش الوطني في الصياد الكبيرة,https://syria.liveuamap.com/ar/2024/2-december-17-clashes-between-the-mmc-sdf-and-the-turkishbacked,22717616,4 الشهر منذ
01.12.2024,المعارضة السورية المسلحة: السيطرة على قرى باب الطاقة والتوينة والحويز والشريعة في سهل الغاب شمال غرب حماة,https://syria.liveuamap.com/ar/2024/2-december-17-syrian-armed-opposition-control-of-the-villages,22717614,4 الشهر منذ
01.12.2024,وكالة الأنباء السورية: الجيش يستعيد السيطرة على القرى الواقعة على طريق محردة السقيلبية في حماة,https://syria.liveuamap.com/ar/2024/2-december-17-syrian-news-agency-the-army-regains-control,22717615,4 الشهر منذ
01.12.2024,الإدارة الذاتية في شمال وشرق سوريا تحضر مراكز إيواء طارئة للنازحين من شمال حلب في الرقة والطبقة.. وتوقع وصول أكثر من 120 ألف نازح في الدفعة الأولى,https://syria.liveuamap.com/ar/2024/2-december-16-selfadministration-in-north-and-east-syria,22717608,4 الشهر منذ
01.12.2024,"ديرالزور غرفة عمليات تابعة لقوات قسد وقوات مجلس ديرالزور العسكري تطلق اسم معركة_العودة لإستعادة القرى السبعة ""الحسينية،الصالحية،حطلة،مراط،مظلوم، خشام،طابية""بريف ديرالزور_جزيرة،والتي تسيطر عليها قوات النظام السوري والمليشيات الايرانية ، لعودة المهجرين إلى مناطقهم.",https://syria.liveuamap.com/ar/2024/2-december-16-deir-ezzor-an-operations-room-affiliated-with,22717604,4 الشهر منذ
01.12.2024,مراسل سانا في حمص: الدفاعات الجوية تتصدى لعدد من المسيرات ال في سماء حمص,https://syria.liveuamap.com/ar/2024/2-december-16-sana-correspondent-in-homs-air-defenses-confront,22717598,4 الشهر منذ
01.12.2024,غارات مكثفة متتالية من الطيران الحربي السوري والروسي تقصف محور معارك كوكب بريف حماة الشمالي,https://syria.liveuamap.com/ar/2024/2-december-15-intensive-successive-raids-by-the-syrianrussian,22717658,4 الشهر منذ
01.12.2024,الرئيس التركي: نأمل في التوصل إلى اتفاق وحل مشكلة عدم الاستقرار في سوريا,https://syria.liveuamap.com/ar/2024/2-december-15-turkish-president-we-hope-to-reach-an-agreement,22717591,4 الشهر منذ
01.12.2024,مصادر الحدث: سماع دوي انفجارات في مدينة حمص السورية,https://syria.liveuamap.com/ar/2024/2-december-15-explosions-heard-in-the-syrian-city-of-homs,22717587,4 الشهر منذ
01.12.2024,إدارة العمليات العسكرية تسيطر على مدينة صوران شمال حماة   ردع_العدوان,https://syria.liveuamap.com/ar/2024/2-december-15-rebels-have-announced-control-over-the-city,22717583,4 الشهر منذ
01.12.2024,سوريا ردع_العدوان • إدارة العمليات العسكرية تسيطر على بلدة قلعة المضيق شمال حماة,https://syria.liveuamap.com/ar/2024/2-december-15-rebels-have-taken-control-of-the-town-of-qalaat,22717582,4 الشهر منذ
01.12.2024,مجلس الأمن الدولي يعقد اجتماعا طارئا بشأن سوريا الثلاثاء: مصادر دبلوماسية,https://syria.liveuamap.com/ar/2024/2-december-15-un-security-council-to-hold-emergency-meeting,22717577,4 الشهر منذ
01.12.2024,طائرات حربية تنفذ غارات جوية على بلدتي المغير وكرناز بريف حماة بعد سيطرت عليها المعارضة,https://syria.liveuamap.com/ar/2024/2-december-14-warplanes-carry-out-airstrikes-on-almughair,22717571,4 الشهر منذ
01.12.2024,نفذ الجيش التركي قصفاً مدفعياً على قرى بريف تل تمر، كما نفذ الجيش الوطني السوري بقيادة تركيا قصفاً مدفعياً على ريف منبج الشمالي الغربي.,https://syria.liveuamap.com/ar/2024/2-december-14-the-turkish-military-carried-out-artillery,22717560,4 الشهر منذ
01.12.2024,وزير الخارجية المصري: نجري اتصالات مكثفة لاحتواء الموقف في سوريا,https://syria.liveuamap.com/ar/2024/2-december-14-egyptian-foreign-minister-we-are-conducting,22717561,4 الشهر منذ
01.12.2024,تم القبض على طائرة L-39 ليبية سابقة في قاعدة النيرب الجوية,https://syria.liveuamap.com/ar/2024/2-december-14-former-libyan-l39-was-captured-at-the-neyrab,22717548,4 الشهر منذ
01.12.2024,ضمن معركة ردع العدوان.. فصائل المعارضة السورية تسيطر على قرية المبطن بريف حماة الشمالي الشرقي,https://syria.liveuamap.com/ar/2024/2-december-14-syrian-opposition-factions-control-the-village,22717553,4 الشهر منذ
01.12.2024,مراسل التلفزيون العربي: طائرات حربية للنظام السوري تشن غارات على قرية أبو الظهور في ريف إدلب الجنوبيردع_العدوان سوريا,https://syria.liveuamap.com/ar/2024/2-december-13-warplanes-launch-raids-on-abu-alduhur-village,22717567,4 الشهر منذ
01.12.2024,بيان هام من قيادة غرفة عمليات فجر_الحرية للراغبين في الانشقاق عن النظام السوري وتأمين خروجهم,https://syria.liveuamap.com/ar/2024/2-december-13-statement-from-the-leadership-of-the-fajr-alhurriya,22717570,4 الشهر منذ
01.12.2024,"بوتين ووزير الخارجية الإيراني يؤكدان في مكالمة هاتفية على ""الدعم غير المشروط"" لإجراءات القوات الموالية للأسد لاستعادة النظام الدستوري وسلامة الأراضي كما تم التأكيد على أهمية ""صيغة أستانا"" بمشاركة تركيا",https://syria.liveuamap.com/ar/2024/2-december-13-putin-and-irans-pezeshkian-express-unconditional,22717569,4 الشهر منذ
01.12.2024,سوريا ردع_العدوان • إدارة العمليات العسكرية تسيطر على قرى  المغير والجبين وتل ملح شمال حماة,https://syria.liveuamap.com/ar/2024/2-december-13-rebels-have-controlled-the-villages-of-almughair,22717554,4 الشهر منذ
01.12.2024,إدارة العمليات العسكرية تسيطر على بلدة الجلمة شمال حماة,https://syria.liveuamap.com/ar/2024/2-december-13-rebels-have-taken-control-of-aljalama-town,22717581,4 الشهر منذ
01.12.2024,المعارضة السورية المسلحة: سيطرنا بشكل تام على مطار النيرب العسكري شرق مدينة حلب,https://syria.liveuamap.com/ar/2024/2-december-13-syrian-armed-opposition-we-have-taken-full,22717542,4 الشهر منذ
01.12.2024,نفذت طائرات حربية منذ قليل غارات جوية متزامنة على عدة مستشفيات في مدينة إدلب، ومن بين تلك المستشفيات التي تعرضت للقصف المشفى الوطني والجامعي.,https://syria.liveuamap.com/ar/2024/2-december-12-warplanes-just-carried-out-simultaneous-airstrikes,22717519,4 الشهر منذ
01.12.2024,غارة جوية روسية تستهدف مشفى الجامعة في مدينة إدلب,https://syria.liveuamap.com/ar/2024/2-december-12-russian-airstrike-targets-university-hospital,22717517,4 الشهر منذ
01.12.2024,"عمليات فجر_الحرية تسيطر على قرى جديدة في ريف حلب الشمالي وتغتنم ""سرية مدفعية، وبذلك تتصل مناطق درع_الفرات و غصن_الزيتون ولا يوجد منطقة لقسد.القرى التي تمت السيطرة عليها:الجوبة الشيخ كيفالوحشيةأم العمدتل رحالسد الشهباءفافينالحساميةجيجانتل جيجانحليصةأحرصتل قراح",https://syria.liveuamap.com/ar/2024/2-december-11-operations-fajralhurriya-control-new-villages,22717516,4 الشهر منذ
01.12.2024,"المرصد_السوريبعد سيطرة فصائل ""فجر الحرية"" عليها.. استشهاد 4 مدنيين بينهم طفلان بغارات جوية روسية على بلدتي السفيرة و تل_عرن بريف حلب",https://syria.liveuamap.com/ar/2024/2-december-11-syrian-observatory-after-the-fajr-alhurriya,22717511,4 الشهر منذ
01.12.2024,إدارة العمليات العسكرية تسيطر على قرية قصر أبوسمرة شرق حماة ضمن عملية ردع العدوان,https://syria.liveuamap.com/ar/2024/2-december-11-rebels-announced-controls-over-the-village,22717510,4 الشهر منذ
01.12.2024,- وزير الأشغال اللبناني يعلن إعادة فتح معبر العريضة الحدودي بين لبنان وسورية والذي تم استهدافه بغارة إسرائيلية سابقة,https://lebanon.liveuamap.com/ar/2024/2-december-11-lebanese-minister-of-public-works-announces,22717526,4 الشهر منذ
01.12.2024,إدارة العمليات العسكرية تسيطر على بلدة كرناز شمال حماة,https://syria.liveuamap.com/ar/2024/2-december-11-rebels-have-taken-control-of-karnaz-town-north,22717503,4 الشهر منذ
01.12.2024,"تركيا تقول إن ""التدخل الأجنبي"" ليس مسؤولا عن الهجوم على سوريا",https://syria.liveuamap.com/ar/2024/2-december-11-turkey-says-foreign-interference-not-to-blame,22717501,4 الشهر منذ
01.12.2024,مسيرات شاهين تستهدف تجمع آليات في اللواء 116 التابع لقوات النظام  شرق مدينة مصياف بريف حماة وتحقق إصابة ة ودقيقة,https://syria.liveuamap.com/ar/2024/2-december-11-shaheen-drones-target-a-gathering-of-vehicles,22717496,4 الشهر منذ
01.12.2024,"الرئاسة الروسية تقول إن روسيا تواصل ""دعم"" رأس النظام بشار الأسد",https://syria.liveuamap.com/ar/2024/2-december-10-russian-presidency-says-russia-continues-to,22717492,4 الشهر منذ
01.12.2024,وزير الخارجية الإيراني: نؤكد دعمنا الكامل لسوريا والوقوف إلى جانب الجيش السوري,https://syria.liveuamap.com/ar/2024/2-december-10-iranian-foreign-minister-we-confirm-our-full,22717479,4 الشهر منذ
01.12.2024,وزير الخارجية التركي: بحثت ونظيري الإيراني التطورات في سوريا,https://syria.liveuamap.com/ar/2024/2-december-10-turkish-foreign-minister-i-discussed-with-my,22717474,4 الشهر منذ
01.12.2024,وزير الخارجية الإيراني: المنظمات في سوريا تنسق مع إسرائيل وأميركا,https://syria.liveuamap.com/ar/2024/2-december-10-iranian-foreign-minister-at-pressconference,22717476,4 الشهر منذ
01.12.2024,"""اتفقت مع نظيري الإيراني على تعزيز التعاون ضد المنظمات الإرهابية، بما في ذلك حزب العمال الكردستاني""، - وزير الخارجية التركي هاكان فيدان في المؤتمر الصحفي مع وزير الخارجية الإيراني في أنقرة",https://syria.liveuamap.com/ar/2024/2-december-10-i-agreed-with-my-iranian-counterpart-to-enhance,22717475,4 الشهر منذ
01.12.2024,وزير الخارجية التركي: ندعم وحدة الأراضي السورية,https://syria.liveuamap.com/ar/2024/2-december-10-turkish-foreign-minister-we-support-the-territorial,22717480,4 الشهر منذ
01.12.2024,الرئاسة السورية: الأسد يبحث مع نظيره الإيراني التطورات الأخيرة,https://syria.liveuamap.com/ar/2024/2-december-10-syrian-presidency-assad-discusses-latest-developments,22717470,4 الشهر منذ
01.12.2024,فصائل الثوار تسيطر على كتيبة الدفاع الجوي في بلدة تل حاصل جنوب حلب ردع_العدوان,https://syria.liveuamap.com/ar/2024/2-december-09-rebel-factions-control-the-air-defense-battalion,22717464,4 الشهر منذ
01.12.2024,مدينة ادلب قبل قليلغارات مكثفة من طيران القوات الاسد,https://syria.liveuamap.com/ar/2024/2-december-09-idlib-city-a-few-moments-ago-intensive-raids,22717456,4 الشهر منذ
01.12.2024,غارة جوية على ساحة بغداد وسط مدينة حلب,https://syria.liveuamap.com/ar/2024/2-december-09-airstrike-on-baghdad-square-in-the-center-of,22717451,4 الشهر منذ
01.12.2024,مراسلتنا: إصابة جندي لبناني في غارة إسرائيلية استهدفت جرافة للجيش في منطقة الهرمل جنوبي لبنان,https://israelpalestine.liveuamap.com/ar/2024/2-december-09-a-lebanese-soldier-was-injured-in-an-israeli,22717449,4 الشهر منذ
01.12.2024,تل رفعت: عشرات الآلاف من الناس ما زالوا ينتظرون فتح ممر، واضطروا لقضاء الليل في الشارع وسط درجات حرارة متجمدة، بلا ماء ولا طعام,https://syria.liveuamap.com/ar/2024/2-december-08-tel-rifat-tens-of-thousands-of-people-are-still,22717443,4 الشهر منذ
01.12.2024,طيران  الروسي يشن غارات جوية بالصواريخ الفراغية على مدينة خان_شيخون بريف إدلب الجنوبي,https://syria.liveuamap.com/ar/2024/2-december-08-aircraft-launch-airstrikes-with-vacuum-missiles,22717446,4 الشهر منذ
01.12.2024,منظمة الخوذ البيضاء: الغارات الجوية الروسية السورية على مدينة إدلب قتلت 3 أشخاص,https://syria.liveuamap.com/ar/2024/2-december-08-white-helmets-russiansyrian-airstrikes-on-idlib,22717441,4 الشهر منذ
01.12.2024,غارات جوية على معرة النعمان جنوب إدلب,https://syria.liveuamap.com/ar/2024/2-december-08-airstrikes-on-maaratalnuman-south-of-idlib,22717448,4 الشهر منذ
01.12.2024,إعلام سوري: غارات جوية تشنها القوات الحكومية السورية على حي السليمانية في مدينة حلب,https://syria.liveuamap.com/ar/2024/2-december-08-warplanes-forces-launch-air-strikes-on-sulaymaniyah,22717447,4 الشهر منذ
01.12.2024,سيطر الثوار على بلدة التح جنوب إدلب,https://syria.liveuamap.com/ar/2024/2-december-08-rebels-have-captured-the-town-of-altah-south,22717627,4 الشهر منذ
01.12.2024,مراسلة الحرة: غارة إسرائيلية على منطقة حوش السيد علي في قضاء الهرمل في البقاع شرقي لبنان,https://israelpalestine.liveuamap.com/ar/2024/2-december-08-israeli-raid-on-the-hawsh-alsayyid-ali-area,22717437,4 الشهر منذ
01.12.2024,استولت على 10 طائرات.. الفصائل تسيطر على  مطار النيرب العسكري بريف حلب,https://syria.liveuamap.com/ar/2024/2-december-08-10-aircraft-seized-factions-control-alnayrab,22717497,4 الشهر منذ
01.12.2024,"مسيرة إسرائيلية أغارت بـ 3 صواريخ على بلدة ""حوش السيد علي"" شمال قضاء الهرمل",https://israelpalestine.liveuamap.com/ar/2024/2-december-08-an-israeli-drone-launched-3-missiles-at-the,22717438,4 الشهر منذ
01.12.2024,"فصائل المعارضة تسيطر على قريتي  ""أحرص"" و""تل قراح "" في ريف حلب ضمن عملية فجر الحرية",https://syria.liveuamap.com/ar/2024/2-december-08-opposition-factions-control-the-villages-of,22717500,4 الشهر منذ
01.12.2024,"دمرت مسيرات شاهين سيارة عسكرية من نوع ""زيل"" ومدفع 130  الأسد في قرية الزغبة بريف حماة",https://syria.liveuamap.com/ar/2024/2-december-08-shahin-drones-destroyed-a-zil-military-vehicle,22717442,4 الشهر منذ
01.12.2024,مراسل التلفزيون العربي: قتلى وجرحى جراء غارات لطائرات النظام على مخيم للنازحين في بلدة حربنوش شمالي إدلبردع_العدوان سوريا,https://syria.liveuamap.com/ar/2024/2-december-07-dead-and-wounded-as-a-result-of-government,22717534,4 الشهر منذ
01.12.2024,حماةnكتائب شاهين للمسيرات تستهدف:n١_سيارة زيل محملة بالقوات الأسد في مدينة حلفاياn٢_ سيارة زيل ثانية  الأسد في بلدة شليوط,https://syria.liveuamap.com/ar/2024/2-december-07-in-hama-shaheen-brigades-have-targeted-with,22717453,4 الشهر منذ
01.12.2024,كتائب شاهين للمسيرات تستهدف بيكآب لقوات النظام بمحيط مدينة صوران شمال حماة,https://syria.liveuamap.com/ar/2024/2-december-07-shaheen-drone-brigades-target-a-pickup-truck,22717440,4 الشهر منذ
01.12.2024,شهداء و جرحى جراء الغارات الجوية من قبل الطيران سيخوي 22 جراء استهداف حي سكني وسط مدينة - إدلب منذ قليل,https://syria.liveuamap.com/ar/2024/2-december-07-casualties-as-a-result-of-airstrikes-by-the,22717435,4 الشهر منذ
01.12.2024,الخارجية الإيرانية:  انعدام الأمن أو انتشار الإرهاب في سوريا لن يقتصر تأثيره على سوريا فقط,https://syria.liveuamap.com/ar/2024/2-december-07-iranian-foreign-ministry-insecurity-or-the,22717433,4 الشهر منذ
01.12.2024,شنت طائرات حربية غارات جوية على أطراف قرية الشيخ بحر وبلدة حربنوش وقرية الفطيرة بريف إدلب الشمالي.,https://syria.liveuamap.com/ar/2024/2-december-07-warplanes-conducted-airstrikes-on-the-outskirts,22717436,4 الشهر منذ
01.12.2024,الطيران الحربي التابع للنظام السوري يشن غارات على الأحياء السكنية لمدينة إدلب وأطراف مدينة معرة مصرين,https://syria.liveuamap.com/ar/2024/2-december-07-warplanes-launch-raids-on-residential-neighborhoods,22717415,4 الشهر منذ
01.12.2024,طائرات حربية تقصف أحياء مدينة إدلب,https://syria.liveuamap.com/ar/2024/2-december-07-warplanes-bomb-idlib-city-neighborhoods,22717374,4 الشهر منذ
01.12.2024,طائرات حربية تابعة للنظام السوري تشن غارة على أحياء سكنية في مدينة إدلب  ردع_العدوان,https://syria.liveuamap.com/ar/2024/2-december-07-warplanes-launch-raid-on-residential-neighborhoods,22717376,4 الشهر منذ
01.12.2024,غرفة عمليات فجر الحرية تعلن سيطرتها على قرية الحسامية في ريف حلب الشمالي والاستيلاء على مدفع 57 بعد اشتباكات مع قسد ونظام الأسد,https://syria.liveuamap.com/ar/2024/2-december-06-fajr-alhurriya-operations-room-announces-its,22717356,4 الشهر منذ
01.12.2024,قوات الجبهة الشامية في الجيش الوطني تسيطر على منطقة سد_الشهباء وقرية فافين بريف حلب الشمالي، ضمن عملية فجر الحرية.  فجر_الحرية داماس_بوست,https://syria.liveuamap.com/ar/2024/2-december-06-the-levant-front-forces-in-the-national-army,22717348,4 الشهر منذ
01.12.2024,غرفة عمليات فجر_الحرية تعلن تحرير قرى ام_حوش و الوحشية بعد اشتباكات عنيفة مع ميليشيات قسد ونظام الأسد.   فجر_الحرية داماس_بوست,https://syria.liveuamap.com/ar/2024/2-december-06-fajralhurriya-operations-room-announces-the,22717349,4 الشهر منذ
01.12.2024,"قال قائد قوات سوريا الديمقراطية مظلوم عبدي إن القوات التي يقودها الأكراد ""تنسق مع جميع الأطراف ذات الصلة في سوريا"" لإجلاء سكان تل رفعت والشهباء بأمان إلى شمال سوريا بعد أن أدت هجمات المسلحين المدعومين من تركيا إلى تعطيل ممر قوات سوريا الديمقراطية - بيان",https://syria.liveuamap.com/ar/2024/2-december-05-sdf-leader-mazloum-abdi-says-the-kurdishled,22717358,4 الشهر منذ
01.12.2024,الأن 01:07 AM   غارة ثالثة مع رشقة رشاش من الطيران تستهدف موقعاً لــ ميليـشيا الحرس الثوري الإيراني في الميادين.  لازال الطيران في السماء,https://syria.liveuamap.com/ar/2024/1-december-22-now-0107-am-a-third-raid-with-a-machine-gun,22717343,4 الشهر منذ
01.12.2024,"وسائل الإعلام الرسمية الإيرانية: ""وزير الخارجية الإيراني عراقجي يصل إلى أنقرة لإجراء محادثات حول العلاقات الثنائية والتطورات الإقليمية، وخاصة الوضع الجاري في سوريا"".",https://syria.liveuamap.com/ar/2024/1-december-21-irans-state-media-iran-fm-araghchi-arrives,22717328,4 الشهر منذ
01.12.2024,وزير الخارجية العراقي لنظيره الإماراتي: نؤكد أهمية التعاون الإقليمي لمواجهة التحديات المشتركة,https://iraq.liveuamap.com/ar/2024/1-december-21-iraqi-foreign-minister-to-uae-counterpart-we,22717325,4 الشهر منذ
01.12.2024,الأن في مدينة الميادين شرقي دير الزور، طيران التحالف الدولي يستهدف بغارتين مواقع لــ ميليـشيا الحرس الثوري الإيراني في المدينة، مع رشقات من رشاشات الطيران كذلك استهدفت عناصر الميليشيات,https://syria.liveuamap.com/ar/2024/1-december-21-now-in-the-city-of-almayadeen-east-of-deir,22717339,4 الشهر منذ
01.12.2024,طائرات حربية روسية تنفذ غارات على منطقة خان شيخون شمال حماة,https://syria.liveuamap.com/ar/2024/1-december-21-russian-warplanes-is-carrying-raids-in-khan,22717326,4 الشهر منذ
01.12.2024,تجمع المتظاهرون المناهضون للأسد في مدينة السويداء الدرزية للتعبير عن تضامنهم مع أهل حلب الذين يتعرضون مرة أخرى للقصف من قبل الحكومة.,https://syria.liveuamap.com/ar/2024/1-december-21-antiassad-protesters-in-the-druze-city-of-suwayda,22717323,4 الشهر منذ
01.12.2024,الخارجية الأميركية: الوزير بلينكن تحدث مع وزير الخارجية التركي لمناقشة الوضع في سوريا,https://syria.liveuamap.com/ar/2024/1-december-21-us-state-department-secretary-blinken-spoke,22717316,4 الشهر منذ
01.12.2024,طائرات حربية تشن غارات على كفرنبل,https://syria.liveuamap.com/ar/2024/1-december-21-warplanes-launched-airstrikes-in-kafr-nabl,22717318,4 الشهر منذ
01.12.2024,/ نورث_برسمراسل نورث برس: ثلاث غارات جوية يعتقد أنها للتحالف الدولي تستهدف منطقة البوكمال على الحدود السورية- العراقية,https://syria.liveuamap.com/ar/2024/1-december-21-three-airstrikes-believed-to-be-by-the-international,22717314,4 الشهر منذ
01.12.2024,وزير الخارجية العراقي: أجريت اتصالا هاتفيا مع وزير الخارجية المصري لبحث تطورات الأوضاع في شمال غربي سوريا,https://syria.liveuamap.com/ar/2024/1-december-20-iraqi-foreign-minister-i-had-a-phone-call-with,22717313,4 الشهر منذ
01.12.2024,ارتفعت حصيلة ضحايا الغارات الجوية لنظام الأسد التي استهدفت أحياء القصور والخمارة والحارة الشمالية في مدينة إدلب عصراليوم الأحد 1كانون الأول، إلى 16 مدنياً بينهم 8 أطفال و3 نساء، أغلبهم من عائلة واحدة بمجزرة في حي الحارة الشمالية، وأصيب  59 آخرون بينهم 21 طفلاً و 19 امرأة، مع…,https://syria.liveuamap.com/ar/2024/1-december-20-the-death-toll-from-the-airstrikes-that-targeted,22717307,4 الشهر منذ
01.12.2024,آلاف من مقاتلي الحشد الشعبي من العراق يتدفقون عبر الحدود عند البوكمال لتعزيز قوات الجيش العربي السوري,https://syria.liveuamap.com/ar/2024/1-december-20-thousands-of-hashd-ash-shaabi-fighters-from,22717315,4 الشهر منذ
01.12.2024,الجيش التركي ينفذ قصفاً مدفعياً على قرية عرب حسن الخاضعة لسيطرة قوات سوريا الديمقراطية في ريف منبج الشمالي,https://syria.liveuamap.com/ar/2024/1-december-20-the-turkish-military-is-carrying-out-artillery,22717305,4 الشهر منذ
01.12.2024,المعارضة_السورية في بلدة المسيفرة بريف درعا جنوب سوريا تقتحم ناحية البلدة وتسيطر على الموقع مع اغتنام جميع الأسلحة دون اي أطلاق نار والإبقاء على العناصر بداخل الناحية لحد,https://syria.liveuamap.com/ar/2024/1-december-19-the-syrian-opposition-in-the-town-of-almusayfirah,22717296,4 الشهر منذ
01.12.2024,مراسل التلفزيون العربي: طائرات النظام السوري تشن غارات على مدينة معرة النعمان جنوبي إدلبردع_العدوان سوريا,https://syria.liveuamap.com/ar/2024/1-december-19-warplane-launch-raids-on-maarat-alnuman-city,22717266,4 الشهر منذ
01.12.2024,معامل الدفاع في السفيرة (جنوب شرق حلب) التي كانت تنتج البراميل المتفجرة سقطت في أيدي الثوار,https://syria.liveuamap.com/ar/2024/1-december-19-safira-defense-factories-se-aleppo-where-the,22717272,4 الشهر منذ
01.12.2024,الجـ.ـيش الوطـ.ـني يسيطر على قرى زرعليتا ومياسة على محور نبل الزهراء ضمن معركة فـ.ـجر الحـ.ـرية,https://syria.liveuamap.com/ar/2024/1-december-19-rebels-have-taken-control-of-the-villages-of,22717252,4 الشهر منذ
02.12.2024,مندوب واشنطن بمجلس الأمن : نظام سوريا شن بدعم من روسيا هجمات على مستشفيات ومدارس في إدلب وحلب,https://syria.liveuamap.com/ar/2024/3-december-21-washingtons-representative-to-the-security,22718149,4 الشهر منذ
02.12.2024,معارك طاحنة بين مقاتلي إدارة العمليات العسكرية وقوات الأسد على أطراف بلدة قمحانة شمال مدينة حماة,https://syria.liveuamap.com/ar/2024/3-december-21-fierce-battles-between-the-fighters-of-the,22718147,4 الشهر منذ
02.12.2024,"المبعوث الأممي إلى سوريا ""بيدرسن"": وصلتنا تقارير عن استمرار تقديم الخدمات في حلب بعد سيطرة الفصائل العسكرية. داماس_بوست",https://syria.liveuamap.com/ar/2024/3-december-21-un-envoy-to-syria-geir-o-pedersen-we-received,22718146,4 الشهر منذ
02.12.2024,مدير الخوذ البيضاء @RaedAlSaleh3 في مجلس الأمن: السوريون بحاجة إلى حل سياسي وخطة انتقالية للحكم في سوريا,https://syria.liveuamap.com/ar/2024/3-december-21-director-of-the-white-helmets-raedalsaleh3,22718141,4 الشهر منذ
02.12.2024,المندوب الروسي في مجلس الأمن: أوكرانيا دعمت هجوم حلب وزودت المقاتلين بالأسلحةnnداماس_بوست,https://syria.liveuamap.com/ar/2024/3-december-20-russian-envoy-to-un-security-council-ukraine,22718138,4 الشهر منذ
02.12.2024,السفير الروسي في مجلس الأمن يتهم الولايات المتحدة وحلفاءها بدعم المتمردين في سوريا,https://syria.liveuamap.com/ar/2024/3-december-20-russian-envoy-at-unsc-accused-us-and-its-allies,22718140,4 الشهر منذ
02.12.2024,مدير الدفاع المدني السوري: روسيا شنت غارات وحشية أمس على إدلب ما أدى إلى خروج 4 مشافي عن الخدمة,https://syria.liveuamap.com/ar/2024/3-december-20-director-of-syrian-civil-defense-russia-launched,22718133,4 الشهر منذ
02.12.2024,الخوذ البيضاء تتهم روسيا بشن غارات على مستشفيات في إدلب,https://syria.liveuamap.com/ar/2024/3-december-20-white-helmets-accuse-russia-of-launching-raids,22718132,4 الشهر منذ
02.12.2024,المبعوث الدولي لسوريا: مخاوف من موجات نزوح كبيرة نتيجة الأزمة في سوريا,https://syria.liveuamap.com/ar/2024/3-december-20-un-envoy-to-syria-fears-of-large-waves-of-displacement,22718129,4 الشهر منذ
02.12.2024,الأمم المتحدة: الصراع في سوريا لن يحل عسكريا,https://syria.liveuamap.com/ar/2024/3-december-20-un-conflict-in-syria-will-not-be-resolved-militarily,22718128,4 الشهر منذ
02.12.2024,غرفة عملية فجر_الحرية التي يقودها الجيش الوطني السوري تعلن تحرير محطة مياه البابيري على محور مطار الجراح,https://syria.liveuamap.com/ar/2024/3-december-20-the-fajr-alhurriya-operation-room-led-by-the,22718121,4 الشهر منذ
02.12.2024,جلسة لمجلس الأمن الدولي حول الأوضاع في سوريا,https://syria.liveuamap.com/ar/2024/3-december-20-un-security-council-session-on-the-situation,22718119,4 الشهر منذ
02.12.2024,إدارة العمـ.ـليات العسـ.ـكرية تعلن سيطرتها على اللواء 87 بمحيط مدينة حماة,https://syria.liveuamap.com/ar/2024/3-december-20-rebels-have-announced-its-control-over-the,22718118,4 الشهر منذ
02.12.2024,المرصد السوري للحدث: قسد لم تسيطر على أي قرية جديدة في ريف دير الزور,https://syria.liveuamap.com/ar/2024/3-december-19-syrian-observatory-for-human-rights-sdf-did,22718105,4 الشهر منذ
02.12.2024,البنتاغون: في شرق سوريا اليوم، دمرت طائرات أميركية أسلحة متعددة - بما في ذلك راجمات صواريخ متعددة مثبتة على شاحنات ودبابة من طراز T-64 - بعد تعرض موقع دعم المهمة في الفرات، وهي قاعدة أميركية رئيسية في المنطقة، لقصف بقذائف الهاون. @PentagonPressSec يقول إن الحادث لم يكن مرتبطًا بالوضع حول حلب في شمال غرب سوريا,https://syria.liveuamap.com/ar/2024/3-december-19-pentagon-in-eastern-syria-today-us-aircraft,22718058,4 الشهر منذ
02.12.2024,كما استهدف الثوار مساء اليوم مطار الشعيرات العسكري (جنوب حمص) بطائراتهم المسيرة,https://syria.liveuamap.com/ar/2024/3-december-19-rebels-targeted-also-tonight-shayrat-airbase,22718142,4 الشهر منذ
02.12.2024,الفصائل العسكرية تسيطر على مدرسة المجنزرات ، المقر الأساسي لقوات النمر في سوريا والقاعدة العسكرية الهامة شرقي حماة,https://syria.liveuamap.com/ar/2024/3-december-18-military-factions-control-the-armored-vehicles,22718049,4 الشهر منذ
02.12.2024,لليوم الثاني على التوالي وفي ظل ظروف انسانية صعبة مئات المدنيين عالقين على معبر البوعاصي التابع لميليشيات قسد غرب مدينة الطبقة بريف الرقة الغربي حيث منعتهم قسد من الدخول إلى مناطقها إلا بوجود كفيل . وكان هؤلاء المدنيون قد نزحوا من حلب بسبب الغارات الجوية الروسية السورية بينما…,https://syria.liveuamap.com/ar/2024/3-december-17-for-the-second-day-in-a-row-and-under-difficult,22718099,4 الشهر منذ
02.12.2024,يتم إجلاء المقاتلين الموالين للأسد الذين كانوا محاصرين في مصانع السفيرة بعد التوصل إلى اتفاق، وتم  تطهير السفيرة بالكامل,https://syria.liveuamap.com/ar/2024/3-december-17-proassad-fighters-who-were-sieged-at-safira,22718043,4 الشهر منذ
02.12.2024,إدارة العمليات العسكرية :كتائب الثوار تسيطر على المزيد من البلدات في أرياف حماة منها : الهاشمية، أبو لفة، المستريحة، بيوض، كفراع، جبل كفراع، جبل زين العابدين، الشاكوسية، الحسناوي، شخيتر، الجملان، مريجب. الرهجان، أبو الغر، سرحا الشمالية والجنوبيةردع_العدوانفجر_الحرية,https://syria.liveuamap.com/ar/2024/3-december-17-rebels-have-controlled-more-towns-in-the-hama,22718106,4 الشهر منذ
02.12.2024,قالت وزارة الدفاع الروسية إن السفن الحربية والغواصات الروسية أطلقت صواريخ زيركون فرط الصوتية، وأطلقت صاروخ كروز كاليبر خلال مناورات في 3 ديسمبر/كانون الأول. ويشارك في المناورات أكثر من 1000 عسكري و10 سفن وسفن دعم و24 طائرة، بما في ذلك مقاتلات ميج-31 آي التابعة للقوات الجوية الفضائية الروسية المزودة بصواريخ كينجال فرط الصوتية ونظام صواريخ باستيون الساحلية.,https://syria.liveuamap.com/ar/2024/3-december-17-russian-warships-and-submarine-fired-hypersonic,22718131,4 الشهر منذ
02.12.2024,انقضاض مسيرة شاهين على مروحية لقوات النظام السوري بمطار حماة العسكري,https://syria.liveuamap.com/ar/2024/3-december-16-shaheen-brigades-have-attack-a-proassad-forces,22718041,4 الشهر منذ
02.12.2024,وصلت أرتال ضخمة من القوات المشتركة بقيادة تركيا إلى منبج ويتم نشرها على خطوط المواجهة مع قوات سوريا الديمقراطية التي تسيطر على منبج.,https://syria.liveuamap.com/ar/2024/3-december-16-massive-columns-of-the-turkish-led-sna-joint,22718042,4 الشهر منذ
02.12.2024,الرئاسة التركية: الرئيس أردوغان أجرى اتصالا هاتفيا مع نظيره الروسي بوتين بشأن سوريا,https://syria.liveuamap.com/ar/2024/3-december-16-turkish-presidency-president-erdogan-held-a,22718039,4 الشهر منذ
02.12.2024,"أعلن الجيش الإسرائيلي مسؤوليته عن غارة جوية بالقرب من دمشق في وقت سابق اليوم، مما أسفر عن مقتل ضابط الارتباط بين حزب الله والجيش السوري، سلمان جمعة. ووفقا للجيش، كان جمعة شخصية ""رئيسية"" في العلاقة بين الجيش السوري وحزب الله، مما سمح بنقل الأسلحة.",https://israelpalestine.liveuamap.com/ar/2024/3-december-16-the-israeli-army-takes-responsibility-for-an,22718017,4 الشهر منذ
02.12.2024,الجيش الإسرائيلي: قضينا على ممثل حزب_الله في الجيش السوري في غارة جوية على دمشق,https://israelpalestine.liveuamap.com/ar/2024/3-december-16-israeli-army-we-killed-hezbollah-representative,22718015,4 الشهر منذ
02.12.2024,إدارة العمليات العسكرية تبسط سيطرتها على جبل كفراع الاستراتيجي شمال مدينة حماة ردع_العدوان,https://syria.liveuamap.com/ar/2024/3-december-15-rebels-have-extended-their-control-over-the,22718006,4 الشهر منذ
02.12.2024,سرب من طائرات شاهين تهاجم مرابض الراجمات و الخطوط المتقدمة لقوات النظام السوري على مدخل مدينة حماة,https://syria.liveuamap.com/ar/2024/3-december-15-a-squadron-of-shaheen-aircraft-attacks-the,22718001,4 الشهر منذ
02.12.2024,المعارضة السورية تسيطر على قرية الهاشمية الملاصقة لمدينة حماة من الجهة الشرقية .ردع_العدوانمعارك عنيفة على مشارف حماه  بين المعارضة السورية والنظام السوري. خريطة تظهر مناطق النفوذ والسيطرة 03-12-2024 في سوريا سوريا_تتحرر ردع_العداون خريطة_سوريا,https://syria.liveuamap.com/ar/2024/3-december-15-the-syrian-opposition-controls-the-village,22718002,4 الشهر منذ
02.12.2024,مصادر عسكرية: قوات النظام تنسحب من محاور حماة باتجاه منطقة السلمية,https://syria.liveuamap.com/ar/2024/3-december-15-proassad-forces-withdraw-from-hama-axes-towards,22717999,4 الشهر منذ
02.12.2024,وحدات مدفعية الجيش التركي تقصف أهدافاً لقوات سوريا الديمقراطية في قرية زور مغار بريف عين العرب,https://syria.liveuamap.com/ar/2024/3-december-15-turkish-armed-forces-artillery-units-strike,22717989,4 الشهر منذ
02.12.2024,ذكرت قناة الحدث السعودية أن مسؤولا كبيرا في حزب الله قُتل في غارة جوية إسرائيلية بالقرب من دمشق اليوم. وذكرت القناة أن المسؤول يدعى سلمان جمعة، وقالت إنه كان ممثل حزب الله في الجيش السوري.,https://syria.liveuamap.com/ar/2024/3-december-14-the-saudi-alhadath-outlet-reports-that-a-senior,22717979,4 الشهر منذ
02.12.2024,"رئيس الوزراء العراقي يؤكد لأردوغان أن العراق لن ""يقف مكتوف الأيدي أمام التداعيات الخطيرة التي تحدث في سوريا""",https://syria.liveuamap.com/ar/2024/3-december-14-iraq-prime-minister-told-erdogan-that-iraq,22718021,4 الشهر منذ
02.12.2024,مسيرة إسرائيلية تستهدف جسر في القصير بريف حمص,https://syria.liveuamap.com/ar/2024/3-december-14-israeli-drone-targets-bridge-in-qusayr-homs,22717974,4 الشهر منذ
02.12.2024,القوات المسلحة التركية تقصف أهدافاً لقوات سوريا الديمقراطية في قرية تيرفازييه غرب تل أبيض بنيران المدفعية,https://syria.liveuamap.com/ar/2024/3-december-14-the-turkish-armed-forces-hit-sdf-targets-in,22717965,4 الشهر منذ
02.12.2024,دير الزور، شرقي سوريا: دمرت غارات جوية أميركية مركزة الجسر الترابي الذي يربط وسط مدينة دير الزور بالقرى السبع التي تحتلها الميليشيات المدعومة من إيران.,https://syria.liveuamap.com/ar/2024/3-december-14-deir-ezzor-eastern-syriafocused-us-airstrikes,22717961,4 الشهر منذ
02.12.2024,"القيادي في إدارة العمليات العسكرية المقدم حسن عبد الغني: سيطرنا على 14 قرية وبلدة جديدة بمحاور مدينة حماة وريفها أهمها ""الرهجان ومعرشحور"" ولا تزال قواتنا مستمرة بالتقدمn  أخبار_سوريا حلب_ ردع_العدوان فجر_الحرية",https://syria.liveuamap.com/ar/2024/3-december-14-commander-of-the-rebels-military-operations,22717975,4 الشهر منذ
02.12.2024,أردوغان يؤكد أنه على سلطة الأسد في سوريا الانخراط في عملية سياسية جادة لمنع تفاقم الوضعn  أخبار_سوريا حلب_ ردع_العدوان فجر_الحرية,https://syria.liveuamap.com/ar/2024/3-december-13-erdogan-stresses-that-the-assad-government,22717973,4 الشهر منذ
02.12.2024,رئيس دولة الإمارات والعاهل الأردني يبحثان هاتفيا عددا من القضايا الإقليمية والدولية في مقدمتها تطورات الأوضاع في الشرق الأوسط,https://syria.liveuamap.com/ar/2024/3-december-13-uae-president-jordanian-king-discuss-regional,22717966,4 الشهر منذ
02.12.2024,"إدارة العمليات العسكرية تعلن السيطرة على قرى ""مريجب الجملان وشخيتر والحسناوي والشاكوسية"" شرق حماةn  أخبار_سوريا حلب_ ردع_العدوان فجر_الحرية",https://syria.liveuamap.com/ar/2024/3-december-13-rebels-have-announced-control-of-the-villages,22717977,4 الشهر منذ
02.12.2024,نفذ الجيش التركي وقوات الجيش الوطني السوري بقيادة تركيا قصفاً مدفعياً مكثفاً على ريف منبج الغربي,https://syria.liveuamap.com/ar/2024/3-december-13-the-turkish-military-and-the-turkish-led-sna,22717951,4 الشهر منذ
02.12.2024,إدارة العمليات العسكرية: أصبحت قواتنا على مداخل مدينة حماة من عدة محاور,https://syria.liveuamap.com/ar/2024/3-december-13-rebels-our-forces-are-now-at-the-entrances,22717949,4 الشهر منذ
02.12.2024,سوريا ردع_العدوان • إدارة العمليات العسكرية تسيطر على بلدة معرشحور الاستراتيجية بالقرب من حماة,https://syria.liveuamap.com/ar/2024/3-december-13-rebels-have-taken-control-of-the-strategic,22717948,4 الشهر منذ
02.12.2024,طائرة أمريكية من طراز A-10 فوق خشام,https://syria.liveuamap.com/ar/2024/3-december-12-us-a10-over-khasham-,22717938,4 الشهر منذ
02.12.2024,غارات جوية أميركية تستهدف مواقع للميليشيات المدعومة من إيران في دير الزور شرقي سوريا,https://syria.liveuamap.com/ar/2024/3-december-12-us-airstrikes-target-positions-of-iranbacked,22717945,4 الشهر منذ
02.12.2024,هيئة تحرير الشام تتقدم نحو أثريا,https://syria.liveuamap.com/ar/2024/3-december-12-hts-is-advancing-on-athria,22717939,4 الشهر منذ
02.12.2024,الطيران الحربي الروسي يشن غارات جوية على بلدة بسقلا جنوب إدلب وطيبة الإمام شمال حماة,https://syria.liveuamap.com/ar/2024/3-december-12-russian-warplanes-launch-airstrikes-on-the,22718024,4 الشهر منذ
02.12.2024,إدارة_العمليات_العسكريةكتائب شاهين تدمـ ـر مدفعاً ميدانياً لقوات النظام في بلدة محردة شمال حماة، كان يستهدف الأهالي في المناطق المحررة,https://syria.liveuamap.com/ar/2024/3-december-11-shaheen-brigades-destroys-a-field-cannon-of,22717930,4 الشهر منذ
02.12.2024,استهداف رتل لقوات النظام في كفراع شمال حماة بمسيرات شاهين,https://syria.liveuamap.com/ar/2024/3-december-11-targeting-a-government-forces-convoy-in-kafr,22717925,4 الشهر منذ
02.12.2024,كتائب الشاهين تهاجم منظومتي تشويش لقوات النظام في جبل زين العابدين شمال مدينة حماة,https://syria.liveuamap.com/ar/2024/3-december-11-alshaheen-brigades-attack-two-jamming-systems,22717922,4 الشهر منذ
02.12.2024,غارة جوية تستهدف مدينة طيبة الإمام في ريف حماة الشمالي,https://syria.liveuamap.com/ar/2024/3-december-11-an-airstrike-targets-the-city-of-taybat-alimam,22717902,4 الشهر منذ
02.12.2024,غارات طيران مروحي بالبراميل المتفجرة تستهدف محيط مدينة طيبة الإمام المحررة حديثا,https://syria.liveuamap.com/ar/2024/3-december-11-helicopter-airstrikes-with-barrel-bombs-target,22717899,4 الشهر منذ
02.12.2024,أصيب 4 مدنيين بغارات جوية لنظام الأسد استهدفت مدينة السفيرة في ريف حلب الجنوبي الشرقي، يوم أمس الاثنين 2 كانون الأول، فرقنا استقبلتهم في المشفى الجامعي في مدينة حلب وساعدت الكادر الطبي بتقديم الإسعافات الأولية لهم و حالتهم. الخوذ_البيضاء الأسد_يقتل_السوريين…,https://syria.liveuamap.com/ar/2024/3-december-11-4-civilians-were-injured-in-airstrikes-by-the,22717897,4 الشهر منذ
02.12.2024,"مراسل """" محمد الأشقر: الفصائل المسلحة تسيطر على بلدة خطاب وقرية الزوينة في ريف حماة الشمالي",https://syria.liveuamap.com/ar/2024/3-december-11-rebels-have-controlled-the-town-of-khattab,22717905,4 الشهر منذ
02.12.2024,مقتل مدنيين اثنين إثر غارات جوية روسية استهدفت الأحياء السكنية لمدينة خان_شيخون بريف إدلب الجنوبي,https://syria.liveuamap.com/ar/2024/3-december-10-two-civilians-killed-in-russian-airstrikes,22717892,4 الشهر منذ
02.12.2024,التحالف الدولي يكثف القصف المدفعي والغارات الجوية مرة أخرى ضد مواقع الميليشيات المدعومة من إيران في سبع قرى بدير الزور شرقي سوريا,https://syria.liveuamap.com/ar/2024/3-december-10-the-global-coalition-intensifies-artillery,22717891,4 الشهر منذ
02.12.2024,أنباء عن مقتل أحد قيادات حزب الله في غارة جوية على سيارة على طريق مطار دمشق في سوريا,https://syria.liveuamap.com/ar/2024/3-december-10-reports-of-the-killing-of-a-hezbollah-figure,22717887,4 الشهر منذ
02.12.2024,ريف_دمشق : مقتـ.ـل شخص ووقوع أضـ.ـرار مادية من جـ.ـراء غـ.ـارة إسـ.ـرائيـ.ـلية استـ.ـهدفت سيارة على طريق مطار دمشق الدولي بالقرب من جسر بلدة عقربا,https://syria.liveuamap.com/ar/2024/3-december-10-damascus-countryside-one-person-killed-and,22717878,4 الشهر منذ
02.12.2024,إدارة العمليات العسكرية تعلن السيطرة على قرية مريود شمال شرقي حماة,https://syria.liveuamap.com/ar/2024/3-december-10-rebels-have-announced-control-over-marioud,22717883,4 الشهر منذ
02.12.2024,استهدفت عدة غارات جوية صباح اليوم بلدة حلفايا (شمال حماة) بعد أن سيطرت عليها الفصائل المسلحة ليلاً، وأفادت الأنباء عن وقوع 4 غارات.,https://syria.liveuamap.com/ar/2024/3-december-09-several-airstrikes-hit-this-morning-the-town,22717918,4 الشهر منذ
02.12.2024,ثوار سوريا يدعون سكان وسط مدينة حماة لمغادرة المنطقة الحمراء حفاظاً على سلامتهم,https://syria.liveuamap.com/ar/2024/3-december-09-syrian-rebels-call-on-resident-of-hama-city,22717923,4 الشهر منذ
02.12.2024,المعارضة السورية تعلن عفواً شاملاً عن عناصر الجيش والشرطة والأمن في حلب وتدعوهم لتقديم أوراقهم للحصول على العفو والبطاقات التعريفية الرسمية,https://syria.liveuamap.com/ar/2024/3-december-09-syrian-opposition-announces-a-total-amnesty,22717937,4 الشهر منذ
02.12.2024,غارات جوية أميركية تستهدف ميليشيات مدعومة من إيران قرب مطار دير الزور العسكري، ما أسفر عن سقوط قتلى وجرحى في صفوف الميليشيات,https://syria.liveuamap.com/ar/2024/3-december-09-us-airstrikes-target-iranbacked-militias-near,22717928,4 الشهر منذ
02.12.2024,فصائل ردع العدوان تكثف من قصفها على مطار حماة العسكري,https://syria.liveuamap.com/ar/2024/3-december-08-rebels-intensify-their-bombardment-of-hama,22717860,4 الشهر منذ
02.12.2024,ثوار سوريا داخل بلدة العامقية في سها الغاب,https://syria.liveuamap.com/ar/2024/3-december-08-rebels-inside-the-town-of-alamqiyah-in-saha,22717861,4 الشهر منذ
02.12.2024,ردع العدوان: سيطرنا على مستودعات السلاح في منطقة خطاب بريف حماه,https://syria.liveuamap.com/ar/2024/3-december-08-rebels-we-took-control-of-weapons-depots-in,22717857,4 الشهر منذ
02.12.2024,"تجمع أحرار حوران: أنباء عن قتلى بصفوف قوات النظام نتيجة استهداف سيارة إطعام ""سخرة"" عسكرية بين قريتي صور وجدل بمنطقة اللجاة شمال درعا من قبل مجموعة محلية",https://syria.liveuamap.com/ar/2024/3-december-07-houran-free-gathering-news-of-deaths-among,22717826,4 الشهر منذ
02.12.2024,جيب خشام  تحت سيطرة قوات سوريا الديمقراطية. بيان قيادة مجلس دير الزور العسكري: أعلن مجلس دير الزور العسكري التابع لقوات سوريا الديمقراطية أنه سيطر على 7 قرى، وجاء انتشار قواتنا في هذه القرى استجابة لنداءات الأهالي ضد التهديدات المتزايدة التي يشكلها تنظيم داعش من خلال استغلال التطورات في غرب البلاد.,https://syria.liveuamap.com/ar/2024/3-december-07-khasham-pocket-is-now-under-control-of-the,22717848,4 الشهر منذ
02.12.2024,تعزيزات عسكرية من قوات إدارة العمليات العسكرية تتجه نحو جبهات ريف حماة الشمالي,https://syria.liveuamap.com/ar/2024/3-december-07-military-reinforcements-from-the-military-operations,22717777,4 الشهر منذ
02.12.2024,وكالة سانا: الجيش السوري يتصدى مع قوات متحالفة لهجوم شنته قوات سوريا الديمقراطية في ريف دير الزور,https://syria.liveuamap.com/ar/2024/3-december-06-sana-syrian-army-allied-forces-repel-attack,22717773,4 الشهر منذ
02.12.2024,البنتاغون: العسكريون الأمريكيون أجروا اتصالات مع الروس في سوريا عبر الخط الساخن القائم بين الجانبين على خلفية المعارك الدائرة هناك,https://syria.liveuamap.com/ar/2024/3-december-06-pentagon-us-military-personnel-have-been-in,22717779,4 الشهر منذ
02.12.2024,وحدات عربية ضمن قوات سوريا الديمقراطية تهاجم قوات الحكومة والميليشيات المدعومة من إيران في دير الزور,https://syria.liveuamap.com/ar/2024/3-december-06-arab-units-within-the-sdf-are-attacking-government,22717774,4 الشهر منذ
02.12.2024,لازالت المعارك متواصلة في محيط القرى السبع دون تقدم كبير لقسد والعشائر 09:30 AM,https://syria.liveuamap.com/ar/2024/3-december-06-battles-are-still-ongoing-around-the-seven,22717776,4 الشهر منذ
02.12.2024,إدارة العمليات العسكرية تعلن سيطرتها على تل الناصرية شمال حماة,https://syria.liveuamap.com/ar/2024/3-december-06-rebels-have-announced-control-over-tal-alnasiriyah,22717778,4 الشهر منذ
02.12.2024,وتنفذ الولايات المتحدة حاليا غارات جوية تستهدف مواقع الميليشيات المدعومة من إيران في سبع قرى تسيطر عليها هي وحكومة الأسد على طول نهر الفرات في شرق دير الزور.,https://syria.liveuamap.com/ar/2024/3-december-06-us-is-now-carrying-out-airstrikes-targeting,22717783,4 الشهر منذ
02.12.2024,قوات ردع العدوان بعد سيطرتهم على بلدة صوران بريف حماة والاستحواذ على 4 دبابات,https://syria.liveuamap.com/ar/2024/3-december-05-rebels-after-taking-control-of-the-town-of,22717781,4 الشهر منذ
02.12.2024,ردع العدوان من وسط مدينة حلفايا بريف حماة,https://syria.liveuamap.com/ar/2024/3-december-04-rebels-in-the-center-of-halfaya-city-in-hama,22717782,4 الشهر منذ
02.12.2024,"إدارة العمليات العسكرية: أكثر من 50 قتيلا من قوات النظام خلال عملياتنا العسكرية الليلية في ريف حماة، أدت لسيطرة قواتنا على كل من ""صوران"" و""طيبة الإمام"" و""حلفايا"" و""معردس""",https://syria.liveuamap.com/ar/2024/3-december-03-rebels-more-than-50-government-forces-were,22717780,4 الشهر منذ
02.12.2024,"البادية_24  إدارة العمـ.ـليات العسـ.ـكرية :  تدمـ.ـير سيارة نوع ""زيل"" لقوات النـ.ـظام في مدينة حماة قرب دوار سباهي وقتـ.ـل أكثر من 10 عناصر كانوا بداخلها بعد استـ.ـهدافها من قبل كتائب ""شاهين"" ALBADIA_24",https://syria.liveuamap.com/ar/2024/2-december-21-shaheen-brigades-have-targeted-a-zil-vehicle,22717747,4 الشهر منذ
02.12.2024,وصل الثوار إلى قرية الرهجان وقرية السعن في ريف حماة الشمالي الشرقي، وسيطروا عليها لفترة وجيزة، لكن الجيش العربي السوري استعادها، ولا يزال الثوار متواجدين في محيط القريتين,https://syria.liveuamap.com/ar/2024/2-december-21-rebels-have-reached-alrahjan-village-and-alsaan,22717745,4 الشهر منذ
02.12.2024,وزير خارجية إيران: يحتمل أن تحتضن الدوحة الأسبوع المقبل اجتماعا يضم قطر وإيران وتركيا وروسيا لبحث الوضع بسوريا,https://syria.liveuamap.com/ar/2024/2-december-20-iranian-foreign-minister-doha-may-host-a-meeting,22717740,4 الشهر منذ
02.12.2024,القصيرغارات اسرائيلية على معابر جوسية والجوبانية والحوز الحدودية بريف القصير بالإضافة لمواقع للحزب شمال الهرمل وجرد وادي الزين على الشريط الحدودي السوري ـ اللبناني,https://israelpalestine.liveuamap.com/ar/2024/2-december-20-alqusayr-israeli-raids-targeted-the-border,22717741,4 الشهر منذ
02.12.2024,nمظاهرة حاشدة في الجيزة في ريف درعا الشرقي تأيدا لعمليات ثوار الشمال وإسقاط الأسد,https://syria.liveuamap.com/ar/2024/2-december-20-a-massive-demonstration-in-aljiza-in-the-eastern,22717739,4 الشهر منذ
02.12.2024,أفادت تقارير بأن القوات الموالية للأسد تخلت عن صواريخ بوك سام,https://syria.liveuamap.com/ar/2024/2-december-20-proassad-forces-have-reportedly-abandoned-buk,22717744,4 الشهر منذ
02.12.2024,اشتباكات بين الثوار وقوات الأسد بين أثريا وخناصر,https://syria.liveuamap.com/ar/2024/2-december-20-clashes-between-rebels-and-proassad-forces,22717727,4 الشهر منذ
02.12.2024,"عودة الاشتباكات العنيفة لقرى ""تل ملح"" و""الجبين"" و""الجلمة"" شمال حماة مع قوات النظام تل ملح والجبين والمغير بريف حماة الشمالي الغربي صديق ولله الحمد",https://syria.liveuamap.com/ar/2024/2-december-19-violent-clashes-at-the-villages-of-tal-malah,22717714,4 الشهر منذ
02.12.2024,إدارة العمـ.ـليات العسـ.ـكرية تتمكن من أسـ.ـر 5 عناصر من قوات النـ.ـظام أثناء تمشـ.ـيط مدينة #صوران شمال حماة,https://syria.liveuamap.com/ar/2024/2-december-19-rebels-have-captured-5-members-of-the-government,22717648,4 الشهر منذ
02.12.2024,سوريا ردع_العدوان nn• إدارة العمليات العسكرية تسيطر على بلدات وقرى صوران والفان الوسطاني وأبو يوسف والمضبعة وتلة المضبعة شمال حماة,https://syria.liveuamap.com/ar/2024/2-december-18-rebels-have-controlled-the-towns-and-villages,22717643,4 الشهر منذ
02.12.2024,الخارجية الأميركية: على سوريا تغيير سلوكها,https://syria.liveuamap.com/ar/2024/2-december-18-us-state-department-syria-must-change-its-behavior,22717632,4 الشهر منذ
02.12.2024,"م تحرير #طيبة_الإمام بالكامل 
تم تحرير بلدة #معردس بالكامل",https://syria.liveuamap.com/ar/2024/2-december-18-rebels-have-claimed-control-over-taybatalimam,22717619,4 الشهر منذ
02.12.2024,الأمين العام للأمم المتحدة أنطونيو غوتيريش يدعو لوقف فوري للقتال في سوريا,https://syria.liveuamap.com/ar/2024/2-december-17-un-secretarygeneral-antonio-guterres-calls,22717617,4 الشهر منذ
02.12.2024,مراسل غارات جوية روسية على مناطق السرمانية والقرقور والعنكاوي في سهل الغاب غربي حماةفجر_الحرية ردع_العدوان,https://syria.liveuamap.com/ar/2024/2-december-17-russian-airstrikes-on-the-areas-of-sarmaniyah,22717620,4 الشهر منذ
02.12.2024,قيادي في فصائل المعارضة السورية للتلفزيون العربي:   ننفي ادعاءات النظام السوري استعادته بلدات جرى تحريرها  عملياتنا تتركز في المناطق التي تسيطر عليها قوات النظام  قواتنا بدأت عمليات التمهيد من أجل الدخول إلى مدينة حماة  تجنبنا الاشتباك المسلح مع قوات قسد…,https://syria.liveuamap.com/ar/2024/2-december-17-a-leader-in-the-syrian-opposition-factions,22717626,4 الشهر منذ
02.12.2024,غارات جوية روسية تستهدف قرية الحويز شمال غرب محافظة حماة السورية,https://syria.liveuamap.com/ar/2024/2-december-17-russian-airstrikes-target-alhuwaiz-village,22717654,4 الشهر منذ
02.12.2024,أنباء عن اشتباكات بين المجلس العسكري في منبج (قسد) ومسلحي الجيش الوطني في الصياد الكبيرة,https://syria.liveuamap.com/ar/2024/2-december-17-clashes-between-the-mmc-sdf-and-the-turkishbacked,22717616,4 الشهر منذ
02.12.2024,المعارضة السورية المسلحة: السيطرة على قرى باب الطاقة والتوينة والحويز والشريعة في سهل الغاب شمال غرب حماة,https://syria.liveuamap.com/ar/2024/2-december-17-syrian-armed-opposition-control-of-the-villages,22717614,4 الشهر منذ
02.12.2024,وكالة الأنباء السورية: الجيش يستعيد السيطرة على القرى الواقعة على طريق محردة السقيلبية في حماة,https://syria.liveuamap.com/ar/2024/2-december-17-syrian-news-agency-the-army-regains-control,22717615,4 الشهر منذ
02.12.2024,الإدارة الذاتية في شمال وشرق سوريا تحضر مراكز إيواء طارئة للنازحين من شمال حلب في الرقة والطبقة.. وتوقع وصول أكثر من 120 ألف نازح في الدفعة الأولى,https://syria.liveuamap.com/ar/2024/2-december-16-selfadministration-in-north-and-east-syria,22717608,4 الشهر منذ
02.12.2024,"ديرالزور غرفة عمليات تابعة لقوات قسد وقوات مجلس ديرالزور العسكري تطلق اسم معركة_العودة لإستعادة القرى السبعة ""الحسينية،الصالحية،حطلة،مراط،مظلوم، خشام،طابية""بريف ديرالزور_جزيرة،والتي تسيطر عليها قوات النظام السوري والمليشيات الايرانية ، لعودة المهجرين إلى مناطقهم.",https://syria.liveuamap.com/ar/2024/2-december-16-deir-ezzor-an-operations-room-affiliated-with,22717604,4 الشهر منذ
02.12.2024,مراسل سانا في حمص: الدفاعات الجوية تتصدى لعدد من المسيرات ال في سماء حمص,https://syria.liveuamap.com/ar/2024/2-december-16-sana-correspondent-in-homs-air-defenses-confront,22717598,4 الشهر منذ
03.12.2024,قصف مدفعي متكرر على خط منبج,https://syria.liveuamap.com/ar/2024/4-december-22-artillery-fire-is-being-carried-out-repeatedly,22718517,4 الشهر منذ
03.12.2024,ردع العدوان: الأخبار التي تتحدث عن سيطرة الثوار على جبل زين العابدين منفية والمعارك على أشدها,https://syria.liveuamap.com/ar/2024/4-december-22-violent-clashes-continue-at-jabal-zain-alabidin,22718515,4 الشهر منذ
03.12.2024,حماة : الاحـ.ـتلال الروسي يطـ.ـلق 5 صـ.ـواريخ من محيط قـ.ـاعدة حـ.ـميميم في ريف اللاذقية باتجاه جبل زين بريف حماة بعد تقدم إدارة العمـ.ـليات العسكـ.ـرية في المنطقة,https://syria.liveuamap.com/ar/2024/4-december-22-hama-the-russian-warships-launches-5-missiles,22718513,4 الشهر منذ
03.12.2024,سماع أصوات انفجارات في محافظة طرطوس الساحلية,https://syria.liveuamap.com/ar/2024/4-december-21-sounds-of-explosions-are-being-heard-in-the,22718486,4 الشهر منذ
03.12.2024,أرسلت قوات الجيش الوطني دبابات وأسلحة ثقيلة وعناصر إلى منطقة حفصة جنوب منبج,https://syria.liveuamap.com/ar/2024/4-december-21-sna-forces-sent-tanks-heavy-weapons-and-personnel,22718485,4 الشهر منذ
03.12.2024,تم تحرير جبل ⁧‫#زين_العابدين‬⁩ بالكامل ويتم التمشيط الآن,https://syria.liveuamap.com/ar/2024/4-december-21-mount-zainalabidin-has-been-completely-captured,22718483,4 الشهر منذ
03.12.2024,شام  قوات النظام تقوم بقطع شبكات الإنترنت وتقوم بتقيد الاتصالات في محافظتي حماة وحمص,https://syria.liveuamap.com/ar/2024/4-december-20-government-forces-cut-off-internet-networks,22718482,4 الشهر منذ
03.12.2024,إدارة_العمليات_العسكرية: كتائب شاهين تستهدف تجمعا كبيرا لقوات النظام قرب جسر_المزارب داخل مدينة حماة,https://syria.liveuamap.com/ar/2024/4-december-20-shaheen-brigades-targeted-a-large-gathering,22718479,4 الشهر منذ
03.12.2024,الثوار في مدينة تلبيسة شمال حمص يستهدفون رتلاً منسحباً من مدينة حماة باتجاه مدينة حمص وإعطاب عدة آليات وجرح عدد من العناصر المنسحبة,https://syria.liveuamap.com/ar/2024/4-december-20-the-rebels-in-the-city-of-talbiseh-north-of,22718476,4 الشهر منذ
03.12.2024,الاشتباكات في حماة تتمحور من في الصواعق والمزراب بعد تحرير جبرين عدا ذلك لا صحة للدخول إلى أحياء أخرى,https://syria.liveuamap.com/ar/2024/4-december-20-clashes-in-hama-are-centered-in-alsawaiq-and,22718473,4 الشهر منذ
03.12.2024,تحديث nتداولت بعض وسائل الإعلام ال عن تحركات وتقدم لقوّاتنا باتجاه مناطق شرق حلب، نؤكد أن تلك الأخبار غير صحيحة ولا تغيير في خريطة التوزع العسكري فيما يتعلق بقوّاتنا. على العكس من ذلك، تصدت قوّاتنا خلال اليومين الماضيين لعدة هجمات نفذتها مرتزقة  التركي على مناطق سيطرة قوّات مجلسي منبج وطبقة العسكريين حيث تم التصدي لها وإيقاع العديد من القتلى في صفوفهم جثث بعضهم وقعت بأيد مقاتلينا. n nالمركز الإعلامي لقوّات سوريا الديمقراطية n١١:٠٠ PM n٠٤ كانون الأول ٢٠٢٤,https://syria.liveuamap.com/ar/2024/4-december-20-sdf-denies-any-offensive-actions-towards-areas,22718472,4 الشهر منذ
03.12.2024,قصف مدفعي متقطع على خط منبج,https://syria.liveuamap.com/ar/2024/4-december-19-artillery-fire-is-being-carried-out-intermittently,22718462,4 الشهر منذ
03.12.2024,معارك عنيفة تجري داخل أحياء مدينة حماة بالتزامن مع تحليق للطيران الحربي التابع للنظام في سماء المدينة . ردع_العداون سوريا,https://syria.liveuamap.com/ar/2024/4-december-19-fierce-battles-are-taking-place-inside-the,22718461,4 الشهر منذ
03.12.2024,الثوار السوريون داخل اللواء 87 خارج مدينة حماة للتو,https://syria.liveuamap.com/ar/2024/4-december-19-syrian-rebels-inside-brigade-87-just-otise,22718457,4 الشهر منذ
03.12.2024,"اثناء ضرب مطار حماة العسكري بمسيرات ""شاهين"" بالتزامن مع اقتحام المدينة",https://syria.liveuamap.com/ar/2024/4-december-19-hama-military-airport-was-bombed-with-shahin,22718452,4 الشهر منذ
03.12.2024,اشتباكات عنيفة تدور  على أطراف مشاع الأربعين بيّن المليشيات الطائفية والثوار في مدينة حماة,https://syria.liveuamap.com/ar/2024/4-december-19-violent-clashes-are-taking-place-on-the-outskirts,22718443,4 الشهر منذ
03.12.2024,حماة nnمؤازرات نحو جسر المزارب .أصوات اشتباكات عنيفة في المزارب  x.com/Roaastudies/st…,https://syria.liveuamap.com/ar/2024/4-december-18-clashes-ongoing-towards-almazarib-bridge-in,22718445,4 الشهر منذ
03.12.2024,الرئيس زيلينسكي: تقرير من رئيس استخبارات الدفاع في أوكرانيا. تحدث بودانوف عن نوايا روسيا في المستقبل القريب وعن الوضع في سوريا - كيف يمكن للتحول في ميزان القوى في سوريا أن يغير التطورات العالمية. كما تم تقديم تقرير عن الوضع في جورجيا,https://liveuamap.com/ar/2024/4-december-18-president-zelensky-a-report-from-the-chief,22718477,4 الشهر منذ
03.12.2024,حماة اشتباكات عنيفة  تجري داخل حي الصواعق في الجهة الشرقية لمدينة حماة,https://syria.liveuamap.com/ar/2024/4-december-18-hama-violent-clashes-are-taking-place-inside,22718428,4 الشهر منذ
03.12.2024,Ll أنباء عن بدء دخول فصائل ردع العدوان إلى مدينة حماة من عدة محاور,https://syria.liveuamap.com/ar/2024/4-december-18-rebel-factions-have-launched-assault-attempt,22718424,4 الشهر منذ
03.12.2024,"مسؤول العلاقات العامة في حكومة الإنقاذ عبد الرحمن محمد: سلمنا مهندسين متخصّصين ""المحطة الحرارية"" في حلب للإشراف عليها وسنؤمن احتياجات المحطة الضرورية لضمان استمرار عملها  عبد الرحمن محمد: أصلحنا العطل في محطة ""سليمان الحلبي"" لمجموعة الضخ التي تغذّي محطة تشرين ما أدى إلى",https://syria.liveuamap.com/ar/2024/4-december-20-public-relations-officer-of-the-salvation-government,22718422,4 الشهر منذ
03.12.2024,قالت ثلاثة مصادر مطلعة على تفكير جماعة حزب الله اللبنانية المسلحة لرويترز يوم الاثنين إن الجماعة لا تنوي حاليا إرسال مقاتلين إلى شمال سوريا لدعم الجيش السوري هناك.,https://syria.liveuamap.com/ar/2024/4-december-18-lebanese-armed-group-hezbollah-does-not-currently,22718444,4 الشهر منذ
03.12.2024,تدور اشتباكات بين الجيش الوطني السوري الذي تقوده تركيا وقوات سوريا الديمقراطية في الوقت الحالي في منطقة الخفسة,https://syria.liveuamap.com/ar/2024/4-december-17-the-turkish-led-sna-and-the-sdf-are-currently,22718401,4 الشهر منذ
03.12.2024,هيئة تحرير الشام تسيطر على أم تيزين وتقطع الطريق بين حماة وميساف,https://syria.liveuamap.com/ar/2024/4-december-17-hts-has-captured-umm-tizin-cutting-the-road,22718431,4 الشهر منذ
03.12.2024,تم تفعيل الدفاعات الجوية الروسية والسورية الليلة فوق بلدة جبلة للتصدي لطائرات مسيرة تابعة للمعارضة، وتقع القاعدة الجوية الروسية (خيميميم) بجوار هذه البلدة,https://syria.liveuamap.com/ar/2024/4-december-17-russian-and-syrian-air-defenses-were-activated,22718397,4 الشهر منذ
03.12.2024,الثوار يصلون إلى مشارف مطار حماة العسكري,https://syria.liveuamap.com/ar/2024/4-december-16-rebels-have-reached-the-outskirts-of-hama-military,22718391,4 الشهر منذ
03.12.2024,في الوقت الذي يقترب فيه الثوار من مدينة محردة في ريف حماة الشمالي الغربي، أصدرت حكومة الإنقاذ السورية بياناً يؤكد فيه زعيم هيئة تحرير الشام، الجولاني، عدم تعرض المسيحيين في المدينة للانتهاكات.,https://syria.liveuamap.com/ar/2024/4-december-15-while-rebels-are-closw-to-mhardeh-aka-mharda,22718376,4 الشهر منذ
03.12.2024,جرحى مدنيون في حصيلة أولية إثر غارات جوية استهدفت مدينة إدلب وأطرافها، اليوم الأربعاء 4 كانون الأول. العدوان_الروسي الأسد_يقتل_السوريين الخوذ_البيضاء,https://syria.liveuamap.com/ar/2024/4-december-15-civilian-casualties-in-the-initial-toll-following,22718372,4 الشهر منذ
03.12.2024,"إدارة العمليات العسكرية تسيطر على بلدة ""السعن"" شرقي حماة بعد معارك مع قوات  الأسد",https://syria.liveuamap.com/ar/2024/4-december-15-rebels-have-taken-control-of-the-town-of-alsaan,22718366,4 الشهر منذ
03.12.2024,مراسل التلفزيون العربي: طائرات حربية تابعة للنظام السوري تشن غارات على مدينة إدلب,https://syria.liveuamap.com/ar/2024/4-december-15-proassad-forces-warplanes-launch-raids-on-idlib,22718359,4 الشهر منذ
03.12.2024,الطيران الحربي يشن غارات على مدينة إدلب  أخبار_سوريا حلب_ ردع_العدوان فجر_الحرية,https://syria.liveuamap.com/ar/2024/4-december-14-warplanes-launch-raids-on-idlib-city,22718355,4 الشهر منذ
03.12.2024,مصدر عسكري خاص في المعارضة السورية لستيب نيوز : قواتنا سيطرت على عشرات البلدات في شرق وغرب محافظة حماة مع قتل وجرح أكثر من 50 عنصراً للنظام السوري تزامناً مع بدء مرحلة جديدة من التمهيد العنيف على بلدة قمحانة وجبل زين العابدين بمداخل حماة,https://syria.liveuamap.com/ar/2024/4-december-14-a-special-military-source-in-the-syrian-opposition,22718353,4 الشهر منذ
03.12.2024,تمهيد مدفعي وصاروخي عنيف من قبل إدارة العمليات العسكرية على جبل زين العابدين شمال مدينة حماة ،,https://syria.liveuamap.com/ar/2024/4-december-14-heavy-artillery-and-missile-bombardment-by,22718338,4 الشهر منذ
03.12.2024,طائرات شاهين ضربت تجمعا عسكرياً  الأسد وايران بدوار السباهي في قلب حماة,https://syria.liveuamap.com/ar/2024/4-december-14-shaheen-drone-hit-proassad-forces-gathering,22718336,4 الشهر منذ
03.12.2024,Several Turkish-backed mercenaries killed in Clashes south of Manbij and TabqannSeveral Turkish-backed mercenaries were killed and others were injured during fierce clashes with the Manbij Military Council in the southern countryside of Manbij and with theمقتل عدد من المرتزقة خلال اشتباكات جنوبي منبج والطبقةnn,https://syria.liveuamap.com/ar/2024/4-december-14-sdf-several-fighters-from-turkishbacked-groups,22718349,4 الشهر منذ
03.12.2024,الجيش التركي ينفذ قصفاً مدفعياً عنيفاً على ريف تل تمر,https://syria.liveuamap.com/ar/2024/4-december-14-turkish-military-carried-out-heavy-artillery,22718327,4 الشهر منذ
03.12.2024,قوات المعارضة السورية تسيطر على قرى الشير وسوبين وزور الجديد وخربة الحجامة شمال حماة بعد معارك ضد النظام السوري.ردع_العدوان  قوات المعارضة تسيطر على مدينة خطاب شمال حماة بعد معارك ضد النظام السوري.ردع_العدوان,https://syria.liveuamap.com/ar/2024/4-december-14-syrian-opposition-forces-control-the-villages,22718331,4 الشهر منذ
03.12.2024,الثوار يسيطرون على جسر محردة غرب حماة,https://syria.liveuamap.com/ar/2024/4-december-13-rebels-took-mahardeh-bridge-west-hama,22718322,4 الشهر منذ
03.12.2024,Ll كتائب شاهين تستهدف حافلتي مبيت لقوات النظام على جسر المزارب في مدينة حماة وتحقق إصـ ـابات ة,https://syria.liveuamap.com/ar/2024/4-december-13-shaheen-brigades-target-two-buses-of-government,22718343,4 الشهر منذ
03.12.2024,وزير الخارجية الأمريكي: هجوم المعارضة السورية يمثل ضربة لحزب الله وإيران,https://syria.liveuamap.com/ar/2024/4-december-13-us-secretary-of-state-syrian-opposition-attack,22718320,4 الشهر منذ
03.12.2024,سيطر الثوار على قرية المجدل شمال حماة,https://syria.liveuamap.com/ar/2024/4-december-13-rebels-have-captured-al-majdal-village-north,22718345,4 الشهر منذ
03.12.2024,سيطرت هيئة تحرير الشام والجبهة الوطنية للتحرير على بلدتي المباركات والشيخ هلال، وبذلك قطعت طريق حماة-سلمية وطريق حماة-الرقة أمام القوات الحكومية والميليشيات التابعة للحرس الثوري الإيراني.,https://syria.liveuamap.com/ar/2024/4-december-13-hts-and-nlf-have-captured-almubarakat-and-sheikh,22718324,4 الشهر منذ
03.12.2024,نفذ الجيش التركي غارة جوية على مدينة ديريك (المالكية),https://syria.liveuamap.com/ar/2024/4-december-13-the-turkish-military-has-carried-out-an-airstrike,22718311,4 الشهر منذ
03.12.2024,ردع_العدوان تستولي في حماة على الرادار الروسي الأكثر تطوراً 48Y6-K1 Podlet وهو جزء من منظومتي S300 و S400,https://syria.liveuamap.com/ar/2024/4-december-12-rebels-have-seized-the-russian-radar-48y6k1,22718306,4 الشهر منذ
03.12.2024,ردع العدوان: إدارة العمليات العسكرية تبسط سيطرتها على رحبة ومستودعات خطاب شمال مدينة حماة,https://syria.liveuamap.com/ar/2024/4-december-12-rebels-have-extended-control-over-rahba-and,22718305,4 الشهر منذ
03.12.2024,إدارة العمليات العسكرية: كتائب شاهين تستهدف باص مشاة لقوات الأسد في جبل زين العابدين قرب حماة,https://syria.liveuamap.com/ar/2024/4-december-12-shahin-battalions-target-an-assad-forces-infantry,22718300,4 الشهر منذ
03.12.2024,مقتل مدني إثر قصف مدفعي وصاروخي لقوات الأسد استهدف قرية قسطون في سهل الغاب شمال غربي حماة,https://syria.liveuamap.com/ar/2024/4-december-12-a-civilian-was-killed-as-a-result-of-artillery,22718304,4 الشهر منذ
03.12.2024,إدارة العمليات العسكرية تفرض سيطرتها على قرى رسم_البغل و عويجة و العيور و كاسون_الجبل بعد اشتباكات عنيفة مع قوات النظام ضمن عملية ردع_العدوان,https://syria.liveuamap.com/ar/2024/4-december-11-rebels-have-imposed-its-control-over-the-villages,22718296,4 الشهر منذ
03.12.2024,إدارة العمليات العسكرية تنشر بلاغاً لضباط النظام لإلقاء السلاح.إدارة العمليات العسكرية ردع_العدوان,https://syria.liveuamap.com/ar/2024/4-december-11-rebels-have-issued-a-notice-to-the-governments,22718294,4 الشهر منذ
03.12.2024,حماةمن داخل مدرسة المجنزرات بمحيط مدينة حماة,https://syria.liveuamap.com/ar/2024/4-december-11-rebels-inside-the-almajanzarat-school-in-the,22718291,4 الشهر منذ
03.12.2024,رئيس الوزراء العراقي محمد شياع السوداني يصل الى البرلمان لحضور جلسة لمناقشة اخر التحديات التي تواجه الحكومة والتطورات الاقليمية,https://syria.liveuamap.com/ar/2024/4-december-11-iraqi-prime-minister-mohammed-shia-alsudani,22718310,4 الشهر منذ
03.12.2024,الثوار يتقدمون في البادية السورية في أرياف حلب الشرقية وجنوبا باتجاه حماة,https://syria.liveuamap.com/ar/2024/4-december-11-rebels-advance-in-the-syrian-desert-in-the,22718287,4 الشهر منذ
03.12.2024,حماة nnالسيطرة على بلدتي الجيد والرصيف في سهل الغاب بريف حماة الغربي,https://syria.liveuamap.com/ar/2024/4-december-11-rebels-have-controlled-of-the-towns-of-aljudaydah,22718286,4 الشهر منذ
03.12.2024,"استولت هيئة تحرير الشام على مقر الفرقة 25 ""النخبة"" التابعة للجيش العربي السوري في مدرسة المركبات المدرعة بحماة، بما في ذلك العديد من دبابات القتال الرئيسية (واحدة على الأقل من طراز T-90)، ومركبات الدعم/النقل، ومركبة IMV من طراز Tigr-M",https://syria.liveuamap.com/ar/2024/4-december-10-hts-captured-a-reported-hq-for-the-saa-elite,22718292,4 الشهر منذ
03.12.2024,سيطر الثوار على قرية بريديج الواقعة بين بلدتي كرناز والسقيلبية في محافظة حماة,https://syria.liveuamap.com/ar/2024/4-december-10-rebels-have-captured-the-village-of-braideej,22718257,4 الشهر منذ
03.12.2024,معارك طاحنة على محور الكريم شمال غرب حماه,https://syria.liveuamap.com/ar/2024/4-december-10-fierce-battles-on-the-karim-axis-northwest,22718289,4 الشهر منذ
03.12.2024,"إدارة العمليات العسكرية: تدمير قاعدة ""م . د"" لقوات النظام في جبل زين العابدين شمال حماة بعد استهدافها بصاروخ موجه ضمن عملية ردع_العدوان",https://syria.liveuamap.com/ar/2024/4-december-10-rebels-destruction-of-the-atgm-position-of,22718264,4 الشهر منذ
03.12.2024,فصائل ردع العدوان تبدأ هجوماً جديداً على القرى المحاذية للقرى الموالية للنظام في سهل الغاب بريف حماة,https://syria.liveuamap.com/ar/2024/4-december-10-rebels-haved-launched-new-attack-on-villages,22718247,4 الشهر منذ
03.12.2024,فصائل ردع العدوان تسيطر على بلدة الكريم بسهل الغاب بريف حماة الشمالي الغربي,https://syria.liveuamap.com/ar/2024/4-december-09-rebels-factions-have-controlled-alkarim-town,22718301,4 الشهر منذ
03.12.2024,فصائل ردع العدوان تسيطر على بلدات العمقية و الحواش و الحويجة والحمرا و جسر بيت الراس و المنارة و الحويز  والشريعة والتوينة وحويجة السل في سهل الغاب بريف حماة,https://syria.liveuamap.com/ar/2024/4-december-09-rebel-factions-have-controlled-the-towns-of,22718313,4 الشهر منذ
03.12.2024,ردع العدوان: تمكنا من أسر 5 عناصر من الميليشيات الإيرانية ببلدة معرشحور شرق حماة منهم اثنين من الجنسية الأفغانية، بالإضافة إلى 3 آخرين من الفرقة 25 قوات خاصة التابعة للنظام,https://syria.liveuamap.com/ar/2024/4-december-09-rebels-we-were-able-to-capture-5-members-of,22718361,4 الشهر منذ
03.12.2024,كتائب شاهين تدمر 3 دبابات لقوات النظام بالإضافة لاستهداف مجموعة عناصر بمحيط جبل كفراع بالقرب من مدينة حماة,https://syria.liveuamap.com/ar/2024/4-december-09-shaheen-brigades-destroy-3-saa-tanks-in-addition,22718246,4 الشهر منذ
03.12.2024,حماة nnالسيطرة على قرية سروج ومعسكرها وبلدة قصر ابن وردان في ريف حماة الشرقي.  الثوار على بعد 15 كم من سلمية بريف حماة,https://syria.liveuamap.com/ar/2024/4-december-08-rebels-have-controlledthe-village-of-sarouj,22718285,4 الشهر منذ
03.12.2024,"استشهاد الإعلامي ""أنس خربوطلي"" بغارة جويّة للنظام السوري على بلدة مورك بريف حماة الشمالي.",https://syria.liveuamap.com/ar/2024/4-december-07-journalist-anas-kharboutli-was-killed-in-a,22718210,4 الشهر منذ
03.12.2024,"الجيش الوطني السوري يدين هيئة تحرير الشام لـ""التصرف تحت الأوهام والحجج"" والتصرف بشكل عدواني من خلال ""أسر"" عدد من عناصرها خلال العمليات الأخيرة ضد الجيش السوري في الشمال - بيان",https://syria.liveuamap.com/ar/2024/4-december-07-the-syrian-national-army-sna-condemns-hayat,22718217,4 الشهر منذ
03.12.2024,الدفاع المدني السوري: غارات جوية لطائرات النظام على الأطراف الغربية لمدينة إدلب,https://syria.liveuamap.com/ar/2024/4-december-07-syrian-civil-defense-government-airstrikes,22718180,4 الشهر منذ
03.12.2024,الدفاع المدني السوري: غارات جوية لطائرات النظام السوري تستهدف أحياء مدينة خان شيخون جنوبي محافظة إدلب,https://syria.liveuamap.com/ar/2024/4-december-06-syrian-civil-defense-airstrikes-by-proassad,22718181,4 الشهر منذ
03.12.2024,Ll فصائل ردع العدوان تخوض معارك ضارية على أطراف مدينة حماة,https://syria.liveuamap.com/ar/2024/4-december-06-violent-clashes-reported-on-the-outskirts-of,22718177,4 الشهر منذ
03.12.2024,مندوب واشنطن بمجلس الأمن : نظام سوريا شن بدعم من روسيا هجمات على مستشفيات ومدارس في إدلب وحلب,https://syria.liveuamap.com/ar/2024/3-december-21-washingtons-representative-to-the-security,22718149,4 الشهر منذ
03.12.2024,معارك طاحنة بين مقاتلي إدارة العمليات العسكرية وقوات الأسد على أطراف بلدة قمحانة شمال مدينة حماة,https://syria.liveuamap.com/ar/2024/3-december-21-fierce-battles-between-the-fighters-of-the,22718147,4 الشهر منذ
03.12.2024,"المبعوث الأممي إلى سوريا ""بيدرسن"": وصلتنا تقارير عن استمرار تقديم الخدمات في حلب بعد سيطرة الفصائل العسكرية. داماس_بوست",https://syria.liveuamap.com/ar/2024/3-december-21-un-envoy-to-syria-geir-o-pedersen-we-received,22718146,4 الشهر منذ
03.12.2024,مدير الخوذ البيضاء @RaedAlSaleh3 في مجلس الأمن: السوريون بحاجة إلى حل سياسي وخطة انتقالية للحكم في سوريا,https://syria.liveuamap.com/ar/2024/3-december-21-director-of-the-white-helmets-raedalsaleh3,22718141,4 الشهر منذ
03.12.2024,المندوب الروسي في مجلس الأمن: أوكرانيا دعمت هجوم حلب وزودت المقاتلين بالأسلحةnnداماس_بوست,https://syria.liveuamap.com/ar/2024/3-december-20-russian-envoy-to-un-security-council-ukraine,22718138,4 الشهر منذ
03.12.2024,السفير الروسي في مجلس الأمن يتهم الولايات المتحدة وحلفاءها بدعم المتمردين في سوريا,https://syria.liveuamap.com/ar/2024/3-december-20-russian-envoy-at-unsc-accused-us-and-its-allies,22718140,4 الشهر منذ
03.12.2024,مدير الدفاع المدني السوري: روسيا شنت غارات وحشية أمس على إدلب ما أدى إلى خروج 4 مشافي عن الخدمة,https://syria.liveuamap.com/ar/2024/3-december-20-director-of-syrian-civil-defense-russia-launched,22718133,4 الشهر منذ
03.12.2024,الخوذ البيضاء تتهم روسيا بشن غارات على مستشفيات في إدلب,https://syria.liveuamap.com/ar/2024/3-december-20-white-helmets-accuse-russia-of-launching-raids,22718132,4 الشهر منذ
03.12.2024,المبعوث الدولي لسوريا: مخاوف من موجات نزوح كبيرة نتيجة الأزمة في سوريا,https://syria.liveuamap.com/ar/2024/3-december-20-un-envoy-to-syria-fears-of-large-waves-of-displacement,22718129,4 الشهر منذ
03.12.2024,الأمم المتحدة: الصراع في سوريا لن يحل عسكريا,https://syria.liveuamap.com/ar/2024/3-december-20-un-conflict-in-syria-will-not-be-resolved-militarily,22718128,4 الشهر منذ
03.12.2024,غرفة عملية فجر_الحرية التي يقودها الجيش الوطني السوري تعلن تحرير محطة مياه البابيري على محور مطار الجراح,https://syria.liveuamap.com/ar/2024/3-december-20-the-fajr-alhurriya-operation-room-led-by-the,22718121,4 الشهر منذ
03.12.2024,جلسة لمجلس الأمن الدولي حول الأوضاع في سوريا,https://syria.liveuamap.com/ar/2024/3-december-20-un-security-council-session-on-the-situation,22718119,4 الشهر منذ
03.12.2024,إدارة العمـ.ـليات العسـ.ـكرية تعلن سيطرتها على اللواء 87 بمحيط مدينة حماة,https://syria.liveuamap.com/ar/2024/3-december-20-rebels-have-announced-its-control-over-the,22718118,4 الشهر منذ
03.12.2024,المرصد السوري للحدث: قسد لم تسيطر على أي قرية جديدة في ريف دير الزور,https://syria.liveuamap.com/ar/2024/3-december-19-syrian-observatory-for-human-rights-sdf-did,22718105,4 الشهر منذ
03.12.2024,البنتاغون: في شرق سوريا اليوم، دمرت طائرات أميركية أسلحة متعددة - بما في ذلك راجمات صواريخ متعددة مثبتة على شاحنات ودبابة من طراز T-64 - بعد تعرض موقع دعم المهمة في الفرات، وهي قاعدة أميركية رئيسية في المنطقة، لقصف بقذائف الهاون. @PentagonPressSec يقول إن الحادث لم يكن مرتبطًا بالوضع حول حلب في شمال غرب سوريا,https://syria.liveuamap.com/ar/2024/3-december-19-pentagon-in-eastern-syria-today-us-aircraft,22718058,4 الشهر منذ
03.12.2024,كما استهدف الثوار مساء اليوم مطار الشعيرات العسكري (جنوب حمص) بطائراتهم المسيرة,https://syria.liveuamap.com/ar/2024/3-december-19-rebels-targeted-also-tonight-shayrat-airbase,22718142,4 الشهر منذ
03.12.2024,الفصائل العسكرية تسيطر على مدرسة المجنزرات ، المقر الأساسي لقوات النمر في سوريا والقاعدة العسكرية الهامة شرقي حماة,https://syria.liveuamap.com/ar/2024/3-december-18-military-factions-control-the-armored-vehicles,22718049,4 الشهر منذ
03.12.2024,لليوم الثاني على التوالي وفي ظل ظروف انسانية صعبة مئات المدنيين عالقين على معبر البوعاصي التابع لميليشيات قسد غرب مدينة الطبقة بريف الرقة الغربي حيث منعتهم قسد من الدخول إلى مناطقها إلا بوجود كفيل . وكان هؤلاء المدنيون قد نزحوا من حلب بسبب الغارات الجوية الروسية السورية بينما…,https://syria.liveuamap.com/ar/2024/3-december-17-for-the-second-day-in-a-row-and-under-difficult,22718099,4 الشهر منذ
03.12.2024,يتم إجلاء المقاتلين الموالين للأسد الذين كانوا محاصرين في مصانع السفيرة بعد التوصل إلى اتفاق، وتم  تطهير السفيرة بالكامل,https://syria.liveuamap.com/ar/2024/3-december-17-proassad-fighters-who-were-sieged-at-safira,22718043,4 الشهر منذ
03.12.2024,إدارة العمليات العسكرية :كتائب الثوار تسيطر على المزيد من البلدات في أرياف حماة منها : الهاشمية، أبو لفة، المستريحة، بيوض، كفراع، جبل كفراع، جبل زين العابدين، الشاكوسية، الحسناوي، شخيتر، الجملان، مريجب. الرهجان، أبو الغر، سرحا الشمالية والجنوبيةردع_العدوانفجر_الحرية,https://syria.liveuamap.com/ar/2024/3-december-17-rebels-have-controlled-more-towns-in-the-hama,22718106,4 الشهر منذ
03.12.2024,قالت وزارة الدفاع الروسية إن السفن الحربية والغواصات الروسية أطلقت صواريخ زيركون فرط الصوتية، وأطلقت صاروخ كروز كاليبر خلال مناورات في 3 ديسمبر/كانون الأول. ويشارك في المناورات أكثر من 1000 عسكري و10 سفن وسفن دعم و24 طائرة، بما في ذلك مقاتلات ميج-31 آي التابعة للقوات الجوية الفضائية الروسية المزودة بصواريخ كينجال فرط الصوتية ونظام صواريخ باستيون الساحلية.,https://syria.liveuamap.com/ar/2024/3-december-17-russian-warships-and-submarine-fired-hypersonic,22718131,4 الشهر منذ
03.12.2024,انقضاض مسيرة شاهين على مروحية لقوات النظام السوري بمطار حماة العسكري,https://syria.liveuamap.com/ar/2024/3-december-16-shaheen-brigades-have-attack-a-proassad-forces,22718041,4 الشهر منذ
03.12.2024,وصلت أرتال ضخمة من القوات المشتركة بقيادة تركيا إلى منبج ويتم نشرها على خطوط المواجهة مع قوات سوريا الديمقراطية التي تسيطر على منبج.,https://syria.liveuamap.com/ar/2024/3-december-16-massive-columns-of-the-turkish-led-sna-joint,22718042,4 الشهر منذ
03.12.2024,الرئاسة التركية: الرئيس أردوغان أجرى اتصالا هاتفيا مع نظيره الروسي بوتين بشأن سوريا,https://syria.liveuamap.com/ar/2024/3-december-16-turkish-presidency-president-erdogan-held-a,22718039,4 الشهر منذ
03.12.2024,"أعلن الجيش الإسرائيلي مسؤوليته عن غارة جوية بالقرب من دمشق في وقت سابق اليوم، مما أسفر عن مقتل ضابط الارتباط بين حزب الله والجيش السوري، سلمان جمعة. ووفقا للجيش، كان جمعة شخصية ""رئيسية"" في العلاقة بين الجيش السوري وحزب الله، مما سمح بنقل الأسلحة.",https://israelpalestine.liveuamap.com/ar/2024/3-december-16-the-israeli-army-takes-responsibility-for-an,22718017,4 الشهر منذ
03.12.2024,الجيش الإسرائيلي: قضينا على ممثل حزب_الله في الجيش السوري في غارة جوية على دمشق,https://israelpalestine.liveuamap.com/ar/2024/3-december-16-israeli-army-we-killed-hezbollah-representative,22718015,4 الشهر منذ
03.12.2024,إدارة العمليات العسكرية تبسط سيطرتها على جبل كفراع الاستراتيجي شمال مدينة حماة ردع_العدوان,https://syria.liveuamap.com/ar/2024/3-december-15-rebels-have-extended-their-control-over-the,22718006,4 الشهر منذ
03.12.2024,سرب من طائرات شاهين تهاجم مرابض الراجمات و الخطوط المتقدمة لقوات النظام السوري على مدخل مدينة حماة,https://syria.liveuamap.com/ar/2024/3-december-15-a-squadron-of-shaheen-aircraft-attacks-the,22718001,4 الشهر منذ
03.12.2024,المعارضة السورية تسيطر على قرية الهاشمية الملاصقة لمدينة حماة من الجهة الشرقية .ردع_العدوانمعارك عنيفة على مشارف حماه  بين المعارضة السورية والنظام السوري. خريطة تظهر مناطق النفوذ والسيطرة 03-12-2024 في سوريا سوريا_تتحرر ردع_العداون خريطة_سوريا,https://syria.liveuamap.com/ar/2024/3-december-15-the-syrian-opposition-controls-the-village,22718002,4 الشهر منذ
03.12.2024,مصادر عسكرية: قوات النظام تنسحب من محاور حماة باتجاه منطقة السلمية,https://syria.liveuamap.com/ar/2024/3-december-15-proassad-forces-withdraw-from-hama-axes-towards,22717999,4 الشهر منذ
03.12.2024,وحدات مدفعية الجيش التركي تقصف أهدافاً لقوات سوريا الديمقراطية في قرية زور مغار بريف عين العرب,https://syria.liveuamap.com/ar/2024/3-december-15-turkish-armed-forces-artillery-units-strike,22717989,4 الشهر منذ
03.12.2024,ذكرت قناة الحدث السعودية أن مسؤولا كبيرا في حزب الله قُتل في غارة جوية إسرائيلية بالقرب من دمشق اليوم. وذكرت القناة أن المسؤول يدعى سلمان جمعة، وقالت إنه كان ممثل حزب الله في الجيش السوري.,https://syria.liveuamap.com/ar/2024/3-december-14-the-saudi-alhadath-outlet-reports-that-a-senior,22717979,4 الشهر منذ
04.12.2024,الإدارة العسكرية تأمن محيط مدينة حماة من الجهة الغربية بمسافة ١٥ كم لغاية الأن   الجهة الشرقية والجنوبية للمدينة تم تأمينها بعمق كبير ايضا,https://syria.liveuamap.com/ar/2024/5-december-22-the-military-administration-has-secured-the,22718837,4 الشهر منذ
04.12.2024,تحليق مكثف للطيران المروحي في سماء الريف الشمالي من درعا  ردع_العدوان درعا,https://syria.liveuamap.com/ar/2024/5-december-22-intensive-helicopter-flights-in-the-skies-of,22718836,4 الشهر منذ
04.12.2024,إسقاط تمثال حافظ الأسد على مدخل حماة الجنوبي,https://syria.liveuamap.com/ar/2024/5-december-22-hafez-alassad-statue-toppled-at-southern-entrance,22718835,4 الشهر منذ
04.12.2024,إدارة العمليات العسكرية تتمكن من تحرير بلدة معرزاف بريف حماة الشمالي الغربي,https://syria.liveuamap.com/ar/2024/5-december-22-rebels-captured-the-town-of-maarzaf-in-the,22718834,4 الشهر منذ
04.12.2024,جسر الرستن بعد الغارات الروسية عليةnnلقطع الطريق بين حماة و حمص,https://syria.liveuamap.com/ar/2024/5-december-21-alrastan-bridge-after-the-russian-raids-on,22718828,4 الشهر منذ
04.12.2024,الجامعة العربية: تأجيل اجتماع وزراء الخارجية العرب الطارئ بشأن سوريا إلى موعد لاحق لم يتم تحديده,https://syria.liveuamap.com/ar/2024/5-december-21-arab-league-emergency-arab-foreign-ministers,22718829,4 الشهر منذ
04.12.2024,كما توغل الثوار في عمق صحراء حماة الشرقية، ووصلوا إلى مناطق إثريا (مفترق طرق استراتيجي) وعقيربات. كما تركت قوات الأسد كل شيء خلفها هناك.,https://syria.liveuamap.com/ar/2024/5-december-21-rebels-also-pushed-deep-into-the-east-hama,22718831,4 الشهر منذ
04.12.2024,اقتحام حاجز عسكري لقوات النظام قرب بلدة غباغب على الطريق الدولي دمشق درعا والاستيلاء على كافة معداته,https://syria.liveuamap.com/ar/2024/5-december-20-a-military-checkpoint-of-the-proassad-forces,22718824,4 الشهر منذ
04.12.2024,المعارضة السورية المسلحة: استهدفنا فلول قوات النظام على الطريق بين حماة وحمص,https://syria.liveuamap.com/ar/2024/5-december-20-syrian-armed-opposition-we-targeted-remnants,22718820,4 الشهر منذ
04.12.2024,ردع العدوان من داخل مدينة محردة بريف حماة,https://syria.liveuamap.com/ar/2024/5-december-20-rebels-inside-the-city-of-mahardah-in-the-hama,22718817,4 الشهر منذ
04.12.2024,قوات سوريا الديمقراطية تسيطر على الرصافة ومعدان من قبضة النظام بعد انسحاب القوات الحكومية منها,https://syria.liveuamap.com/ar/2024/5-december-20-sdf-has-captured-alrasafa-and-maadan-from-the,22718815,4 الشهر منذ
04.12.2024,مراسل التلفزيون العربي: فصائل المعارضة السورية تدخل مدينة محردة في ريف حماة الشمالي,https://syria.liveuamap.com/ar/2024/5-december-20-syrian-opposition-factions-enter-the-city-of,22718816,4 الشهر منذ
04.12.2024,قصف أو غارات جوية على ريف اللاذقية الشمالي الشرقي تستهدف المسلحين التركستان,https://syria.liveuamap.com/ar/2024/5-december-20-shelling-or-airstrikes-on-northeast-latakia,22718813,4 الشهر منذ
04.12.2024,تجمع أحرار حوران: ثوار وأحرار حوران يدعون عناصر النظام في محافظتي درعا و القنيطرة للانشقاق عنه مع التعهد بسلامتهم,https://syria.liveuamap.com/ar/2024/5-december-20-free-houran-gathering-revolutionaries-and-free,22718804,4 الشهر منذ
04.12.2024,غارات روسية متتالية على جسر الرستن لتدميره ووقف تقدم الثوار السوريين نحو مدينة حمص,https://syria.liveuamap.com/ar/2024/5-december-19-successive-russian-airstrikes-on-rastan-bridge,22718802,4 الشهر منذ
04.12.2024,الجيش اللبناني يسير دوريات عند معبر مطربا الحدودي مع سوريا,https://syria.liveuamap.com/ar/2024/5-december-19-lebanese-army-patrols-matraba-border-crossing,22718790,4 الشهر منذ
04.12.2024,المعارضة السورية المسلحة: ندعو القطع العسكرية في حمص للانشقاق الجماعي والتوجه إلى مدينة حماة ولهم منا الأمان,https://syria.liveuamap.com/ar/2024/5-december-19-syrian-armed-opposition-we-call-on-the-military,22718797,4 الشهر منذ
04.12.2024,الثوار بريف حمص الشمالي يتمكنون من السيطرة على كتيبة الهندسة شمال مدينة الرستن,https://syria.liveuamap.com/ar/2024/5-december-19-rebels-in-the-northern-countryside-of-homs,22718786,4 الشهر منذ
04.12.2024,وزير الدفاع السوري: قواتنا ما زالت في محيط مدينة حماة,https://syria.liveuamap.com/ar/2024/5-december-19-syrian-defense-minister-our-forces-are-still,22718749,4 الشهر منذ
04.12.2024,القناة 12 الإسرائيلية: حزب الله أرسل مئات من مقاتليه إلى سوريا,https://syria.liveuamap.com/ar/2024/5-december-18-channel-12-israel-hezbollah-sent-hundreds-of,22718738,4 الشهر منذ
04.12.2024,أعلن تنظيم داعش في بيان أنه سيطر على مناطق جديدة جنوب شرق مدينة حمص بعد اشتباكات مع الجيش السوري.,https://syria.liveuamap.com/ar/2024/5-december-18-isis-claims-in-a-statement-it--took-control,22718731,4 الشهر منذ
04.12.2024,استهدف التحالف الدولي سيارة محملة بالأسلحة والذخائر قرب بلدة الخريطة في ريف دير الزور الغربي شرقي سوريا، ما أدى إلى تدميرها بشكل كامل.,https://syria.liveuamap.com/ar/2024/5-december-18-the-global-coalition-targeted-a-vehicle-loaded,22718727,4 الشهر منذ
04.12.2024,قوات سوريا الديمقراطية: تتخذ قوات سوريا الديمقراطية إجراءات فعّالة لوقف توسع داعش. فقد أعلن تنظيم داعش الإرهابي مؤخراً سيطرته على أجزاء كبيرة من صحراء حمص ودير الزور، واستولى على العديد من المدن والمواقع الاستراتيجية من قوات حكومة دمشق. وبينما يحاول التنظيم الإرهابي مواصلة توسعه إلى مناطق أخرى غير محمية، نفذت قواتنا إجراءات شاملة ومحكومة لمواجهة هذه التهديدات. وقد اتخذت قواتنا إجراءات واسعة ومحكومة وستتدخل بفعالية لمواجهة أي محاولة من جانب داعش للتوسع في مناطقنا ومنع تكرار سيناريو عام 2014.,https://syria.liveuamap.com/ar/2024/5-december-18-sdf-sdf-forces-are-taking-effective-measures,22718726,4 الشهر منذ
04.12.2024,الطيران الروسي يستهدف جسر الرستن بين مدينتي حماة و حمص,https://syria.liveuamap.com/ar/2024/5-december-18-russian-aircraft-target-alrastan-bridge-between,22718723,4 الشهر منذ
04.12.2024,وزير الخارجية الإيراني عباس عراقجي يصل إلى بغداد,https://syria.liveuamap.com/ar/2024/5-december-18-iranian-foreign-minister-abbas-araghchi-arrives,22718720,4 الشهر منذ
04.12.2024,وزارة الإعلام السورية: نحذر من نشر التنظيمات مقطعا مفبركا بالذكاء الاصطناعي يعلن تنحي الرئيس الأسد,https://syria.liveuamap.com/ar/2024/5-december-18-syrian-ministry-of-information-we-warn-against,22718718,4 الشهر منذ
04.12.2024,غارات للطيران الروسي استهدفت كتيبة الهندسة في محيط مدينة الرستن بريف حمص الشمالي، وفقا لمصادر محلية. صوت_العاصمة سوريا إدلب حماة حمص ردع_العدوان,https://syria.liveuamap.com/ar/2024/5-december-18-russian-airstrikes-targeted-the-engineering,22718715,4 الشهر منذ
04.12.2024,نفذت روسيا غارات جوية على مدينة الرستن (شمال حمص) في الوقت الذي من المتوقع أن يصل فيه المسلحون إلى المناطق التي سيطروا عليها حتى منتصف عام 2018,https://syria.liveuamap.com/ar/2024/5-december-18-russia-carried-out-airstrikes-in-rastan-n-homs,22718717,4 الشهر منذ
04.12.2024,مراسل التلفزيون العربي: طائرات حربية روسية تشن غارة على مدينة خان شيخون شمالي حماة,https://syria.liveuamap.com/ar/2024/5-december-18-russian-warplanes-launch-a-raid-on-the-city,22718733,4 الشهر منذ
04.12.2024,قوات الأسد تخلي فروعها الأمنية في مدينة الرستن شمال حمص وتنسحب إلى وسط مدينة حمص,https://syria.liveuamap.com/ar/2024/5-december-17-assad-forces-evacuate-security-branches-in,22718713,4 الشهر منذ
04.12.2024,تم اليوم الإفراج عن نحو 80 سجيناً لبنانياً من سجن حماة المركزي، وقال أحد السجناء إنه معتقل منذ عام 1982,https://syria.liveuamap.com/ar/2024/5-december-17-around-80-lebanese-prisoners-were-released,22718827,4 الشهر منذ
04.12.2024,غوتيريش: هناك حاجة ملحة إلى وصول المساعدات الإنسانية فورا لجميع المدنيين المحتاجين في سوريا,https://syria.liveuamap.com/ar/2024/5-december-16-guterres-there-is-an-urgent-need-for-immediate,22718800,4 الشهر منذ
04.12.2024,"الأمين العام لحزب الله نعيم قاسم: سنقف إلى جانب سوريا لدحر أهداف ""هذا العدوان""",https://syria.liveuamap.com/ar/2024/5-december-16-hezbollah-secretarygeneral-naim-qassem-we-will,22718711,4 الشهر منذ
04.12.2024,مقتدى الصدر يصدر بيانا يحظر التدخل في الشأن السوري ويؤكد أن الشعب السوري هو من يقرر مصيره,https://syria.liveuamap.com/ar/2024/5-december-16-muqtada-alsadr-issues-a-statement-prohibiting,22718719,4 الشهر منذ
04.12.2024,انتهينا من تمشيط مطار حماة العسكري وجبل زين العابدين وقرية قمحانة شمال حماة.إدارة_العمليات_العسكرية ردع_العدوان,https://syria.liveuamap.com/ar/2024/5-december-16-rebels-we-have-finished-combing-hama-military,22718707,4 الشهر منذ
04.12.2024,المرصد السوري: التنظيمات المسلحة تسيطر على مدينة السلمية شرقي حماة بدون اقتتال,https://syria.liveuamap.com/ar/2024/5-december-16-syrian-observatory-armed-groups-control-the,22718701,4 الشهر منذ
04.12.2024,فصائل ردع العدوان تسيطر على بلدة قمحانة بريف حماة,https://syria.liveuamap.com/ar/2024/5-december-15-rebels-have-controlled-qamhana-town-in-hama,22718696,4 الشهر منذ
04.12.2024,وزراء خارجية العراق وإيران وسوريا يجتمعون في بغداد غدا بحسب الميادين,https://syria.liveuamap.com/ar/2024/5-december-15-iraq-iran-and-syria-fms-will-meet-in-baghdad,22718695,4 الشهر منذ
04.12.2024,الرئيس التركي يترأس اجتماعًا أمنيًّا موسّعًا لمناقشة آخر التطورات الجارية في سوريا,https://syria.liveuamap.com/ar/2024/5-december-15-turkish-president-chairs-expanded-security,22718694,4 الشهر منذ
04.12.2024,بدأت الإدارة العسكرية في تأمين مدينة السلمية وإعادة الأمن والاستقرار اليها ردع_العدوان,https://syria.liveuamap.com/ar/2024/5-december-14-the-military-administration-began-securing,22718692,4 الشهر منذ
04.12.2024,إدارة العمليات العسكرية: إلى جميع عناصر وضباط الشرطة في مدينة حماة ندعوكم للالتزام بجميع وحداتكم الشرطية والحفاظ على جميع الممتلكات والعهد والوثائق الموجودةnنطلب منكم انتظار مندوبي وزارة الداخلية في حكومة الإنقاذ السورية لترتيب أموركم والبدء بتنظيم الإجراءات لحمايتكم قانونيا واستخراج البطاقات المؤقتة وكل من يخالف ذلك يعرض نفسه للمساءلة القضائيةn n   حلب_ ردع_العدوان فجر_الحرية,https://syria.liveuamap.com/ar/2024/5-december-14-military-operations-management-to-all-police,22718690,4 الشهر منذ
04.12.2024,أثناء تحرير ردع العدوان مئات السجناء من سجن حماة المركزي,https://syria.liveuamap.com/ar/2024/5-december-13-hundreds-of-prisoners-were-released-from-hama,22718688,4 الشهر منذ
04.12.2024,"وزارة الدفاع السورية تعلن تصدي الدفاع الجوي لـ""طائرات مسيّرة "" فوق دمشق وإسقاط طائرتين دون إصابات أو خسائر مادية",https://syria.liveuamap.com/ar/2024/5-december-13-the-syrian-ministry-of-defense-announces-that,22718691,4 الشهر منذ
04.12.2024,المرصد السوري: انفجارات بمحيط دمشق,https://syria.liveuamap.com/ar/2024/5-december-13-syrian-observatory-explosions-around-damascus,22718686,4 الشهر منذ
04.12.2024,"""إدارة العمليات العسكرية"" تسيطر على منطقة عقيربات ومحيطها في ريف حماة الشرقي. حماة   سوريا",https://syria.liveuamap.com/ar/2024/5-december-13-rebels-have-controls-the-aqirbat-area-and-its,22718685,4 الشهر منذ
04.12.2024,غارة جوية على الهواء ة استهدفت بلدة خطاب بريف حماة الشمالي أثناء تغطية  محمد هارون   سورياحماة,https://syria.liveuamap.com/ar/2024/5-december-13-an-airstrike-targeted-the-town-of-khattab-in,22718682,4 الشهر منذ
04.12.2024,إدارة العمليات العسكرية تبسط سيطرتها على مبنى قيادة الشرطة في مدينة حماة,https://syria.liveuamap.com/ar/2024/5-december-12-rebels-have-extended-control-over-the-police,22718681,4 الشهر منذ
04.12.2024,ضحايا مدنيون بقصف لقوات النظام على مدينة تلبيسة بريف حمص الشمالي,https://syria.liveuamap.com/ar/2024/5-december-12-civilian-casualties-in-government-forces-shelling,22718680,4 الشهر منذ
04.12.2024,شوارع حماة بعد سيطرة الثوار عليها، يتجمع السكان عند التقاطعات لاستقبال قوات الثوار عند دخولهم المدينة,https://syria.liveuamap.com/ar/2024/5-december-12-the-streets-of-hama-following-the-rebeltakeover,22718675,4 الشهر منذ
04.12.2024,وحدات الصواريخ والمدفعية في الجيش الوطني السوري ضمن عملية فجر_الحرية تستهدف مواقع قوات قسد على محور دير_حافر بريف حلب الشرقي وتحقق إصابات دقيقة,https://syria.liveuamap.com/ar/2024/5-december-12-missile-and-artillery-units-of-the-sna-within,22718676,4 الشهر منذ
04.12.2024,وزير الخارجية الروسي: اتفقنا مع شركائنا الإيرانيين والأتراك على اللقاء وفق صيغة أستانا هذا الأسبوع,https://syria.liveuamap.com/ar/2024/5-december-12-russian-foreign-minister-we-agreed-with-our,22718671,4 الشهر منذ
04.12.2024,مدينة حماة بعد اقتحامها من قبل إدارة العمليات العسكرية وإعلان نظام الأسد انسحابه منهاnردع_العدوان,https://syria.liveuamap.com/ar/2024/5-december-12-hama-city-after-it-was-stormed-by-the-military,22718673,4 الشهر منذ
04.12.2024,في أول اعتراف رسمي من نوعه، اعترف الجيش السوري بهزيمته في مدينة حماة، قائلاً إن كل قواته تنسحب. والمتمردون على وشك الاستيلاء على المدينة، بعد أيام قليلة من سيطرتهم على حلب,https://syria.liveuamap.com/ar/2024/5-december-12-in-a-first-saa-officially-acknowledges-its,22718679,4 الشهر منذ
04.12.2024,الجيش السوري يعيد تمركزه خارج حماة والفصائل المسلحة تسيطر عليها,https://syria.liveuamap.com/ar/2024/5-december-12-the-syrian-army-redeploys-outside-hama-and,22718670,4 الشهر منذ
04.12.2024,إدارة العمليات العسكرية تسيطر على مطار حماة العسكري,https://syria.liveuamap.com/ar/2024/5-december-12-rebels-have-taken-control-of-hama-military,22718668,4 الشهر منذ
04.12.2024,"""فتحاً لا ثأر فيه"" رسالة في غاية الأهميةnردع_العدوان",https://syria.liveuamap.com/ar/2024/5-december-12-hts-chief-mohammed-aljulani-announced-control,22718672,4 الشهر منذ
04.12.2024,إدارة العمليات العسكرية تعلن سيطرتها على السجن المركزي في مدينة حماة,https://syria.liveuamap.com/ar/2024/5-december-11-rebels-have-announced-control-over-the-central,22718640,4 الشهر منذ
04.12.2024,سيطر الثوار على قرية معردفتين المحاذية لسور مطار حماة العسكري,https://syria.liveuamap.com/ar/2024/5-december-11-rebels-have-seized-maardaftin-village-adjacent,22718638,4 الشهر منذ
04.12.2024,"وصل الثوار إلى وسط مدينة حماة، حي التوحيد، ومن الجهة الأخرى جامع الحميدية، كما يقع السجن المركزي تحت سيطرة عملية ""ردع العدوان""",https://syria.liveuamap.com/ar/2024/5-december-11-rebels-have-altawhid-neighborhood-and-on-the,22718657,4 الشهر منذ
04.12.2024,القوات الأسد بدأت بتفريغ الطيران الحربي من مطار حماة العسكرية باتجاه مطار الشعيرات العسكري. حماة_تتحرر,https://syria.liveuamap.com/ar/2024/5-december-11-aircraft-from-hama-military-airport-are-flying,22718631,4 الشهر منذ
04.12.2024,اشتباكات بين فصائل المعارضة المسلحة وقوات النظام على أطراف قرية الشيحة غربي حماة. حماة   سوريا,https://syria.liveuamap.com/ar/2024/5-december-10-clashes-between-armed-opposition-factions-and,22718625,4 الشهر منذ
04.12.2024,المعارضة السورية تسيطر على بلدة الشيحة وكفرالطون قرب مطار حماه  العسكري .حماة_تتحرر سوريا_تتحرر سوريا,https://syria.liveuamap.com/ar/2024/5-december-10-the-syrian-opposition-takes-control-of-the,22718620,4 الشهر منذ
04.12.2024,الكرملين: حجم مساعدتنا للسلطات السورية لمحاربة المسلحين يعتمد على تقييم الوضع في البلاد,https://syria.liveuamap.com/ar/2024/5-december-10-kremlin-the-extent-of-our-assistance-to-the,22718618,4 الشهر منذ
04.12.2024,في ريف منبج، قُتل مواطن وأصيب آخر جراء قصف مدفعي تركي,https://syria.liveuamap.com/ar/2024/5-december-10-in-the-countryside-of-manbij-one-citizen-was,22718616,4 الشهر منذ
04.12.2024,إسقاط طائرة مروحية وإصابة أخرى على جبهات ريف حماه,https://syria.liveuamap.com/ar/2024/5-december-10-a-helicopter-was-reportedly-shot-down-and-another,22718614,4 الشهر منذ
04.12.2024,الطيران الروسي يستهدف جبل زين العابدين بغارة جوية,https://syria.liveuamap.com/ar/2024/5-december-10-russian-aircraft-targets-jabal-zain-alabidin,22718615,4 الشهر منذ
04.12.2024,الدفاع التركية: لن نسمح لحزب العمال الكردستاني باستغلال عدم الاستقرار بالمنطقة,https://kurds.liveuamap.com/ar/2024/5-december-09-turkish-defense-we-will-not-allow-the-pkk-to,22718612,4 الشهر منذ
04.12.2024,• إدارة العمليات العسكرية تسيطر على تلة الشيحة على محور قمحانة شمالي حماة,https://syria.liveuamap.com/ar/2024/5-december-09-rebels-have-taken-control-of-talat-alshiha,22718619,4 الشهر منذ
04.12.2024,الدفاع التركية: نتعاون وننسق بشكل وثيق مع دول المنطقة منذ اندلاع الصراع في سوريا,https://syria.liveuamap.com/ar/2024/5-december-09-turkish-defense-we-have-been-cooperating-and,22718608,4 الشهر منذ
04.12.2024,مصادر محلية: مروحيات النظام تستهدف بالرشاشات الثقيلة حي الصناعة بمدينة حماة,https://syria.liveuamap.com/ar/2024/5-december-08-helicopters-target-the-industrial-district,22718603,4 الشهر منذ
04.12.2024,غارات مكثفة لطائرات النظام وروسيا تستهدف محاور مدينة حماة,https://syria.liveuamap.com/ar/2024/5-december-08-intensive-raids-by-government-and-russian-aircraft,22718601,4 الشهر منذ
04.12.2024,الطائرات الروسية تستهدف حي الأربعين في مدينة حماة,https://syria.liveuamap.com/ar/2024/5-december-08-russian-aircraft-target-alarbaeen-neighborhood,22718598,4 الشهر منذ
04.12.2024,مروحيات النظام السوري تقصف محيط جسر المزراب في مدينة حماة,https://syria.liveuamap.com/ar/2024/5-december-08-proassad-forces-helicopters-bomb-the-vicinity,22718595,4 الشهر منذ
04.12.2024,"""إدارة العمليات العسكرية"" تُعلن بدء التوغل في مدينة حماة، وذلك في إطار اليوم التاسع لعملية ""ردع العدوان""",https://syria.liveuamap.com/ar/2024/5-december-08-rebels-military-operations-department-announces,22718597,4 الشهر منذ
04.12.2024,طائرة حربية تابعة لسلاح الجو السوري نوع ميغ 23 تشن غارات جوية على محيط قرية المباركات شرقي حماة,https://syria.liveuamap.com/ar/2024/5-december-06-a-syrian-air-force-mig23-warplane-launches,22718586,4 الشهر منذ
04.12.2024,إعلام إيراني: عراقجي ونظيره المصري يؤكدان على دعم سيادة سوريا ووحدة أراضيها,https://syria.liveuamap.com/ar/2024/5-december-06-iranian-fm-araghchi-and-his-egyptian-counterpart,22718572,4 الشهر منذ
04.12.2024,المعارك متواصلة على مشارف حماة دون الدخول للمدينة حتى  غارات متواصلة على مورك وخان شيخون في ريف حماةحماةسوريا,https://syria.liveuamap.com/ar/2024/5-december-06-battles-continue-on-the-outskirts-of-hama-without,22718583,4 الشهر منذ
04.12.2024,المُحرَّر  :  إدارة العمليات العسكرية تبسط سيطرتها على الفوج 66 بريف حماة بعد معارك مع قوات الأسد والميليشيات الإيرانية ضمن معركة ردع_العدوان,https://syria.liveuamap.com/ar/2024/5-december-06-rebels-have-extended-its-control-over-the-66th,22718588,4 الشهر منذ
04.12.2024,المُحرَّر  :  طيران  الروسي يشن غارات جوية على مدينة طيبة الإمام وبلدات معردس وخطاب بريف حماة الشمالي,https://syria.liveuamap.com/ar/2024/5-december-05-russian-aircraft-launch-airstrikes-on-the-city,22718521,4 الشهر منذ
04.12.2024,المُحرَّر  :  استشهاد مدني وإصابة آخرين بقصف مدفعي وصاروخي لقوات الأسد استهدف بلدة خطاب بريف حماة الشمالي,https://syria.liveuamap.com/ar/2024/5-december-05-a-civilian-was-killed-and-others-were-injured,22718522,4 الشهر منذ
04.12.2024,"■ إدارة العمليات العسكرية التابعة للمعارضة السورية تتمكن من السيطرة على قرى ومناطق سروج ومعسكر سروج و طوال الدباغين والوسيطة شرق حماه■ إدارة العمليات العسكرية التابعة للمعارضة السورية تسيطر على ""تل بيجو"" و ""جسر محردة"" شمال غرب حماه",https://syria.liveuamap.com/ar/2024/5-december-00-the-syrian-oppositions-military-operations,22718636,4 الشهر منذ
04.12.2024,قصف مدفعي متكرر على خط منبج,https://syria.liveuamap.com/ar/2024/4-december-22-artillery-fire-is-being-carried-out-repeatedly,22718517,4 الشهر منذ
04.12.2024,ردع العدوان: الأخبار التي تتحدث عن سيطرة الثوار على جبل زين العابدين منفية والمعارك على أشدها,https://syria.liveuamap.com/ar/2024/4-december-22-violent-clashes-continue-at-jabal-zain-alabidin,22718515,4 الشهر منذ
04.12.2024,حماة : الاحـ.ـتلال الروسي يطـ.ـلق 5 صـ.ـواريخ من محيط قـ.ـاعدة حـ.ـميميم في ريف اللاذقية باتجاه جبل زين بريف حماة بعد تقدم إدارة العمـ.ـليات العسكـ.ـرية في المنطقة,https://syria.liveuamap.com/ar/2024/4-december-22-hama-the-russian-warships-launches-5-missiles,22718513,4 الشهر منذ
04.12.2024,سماع أصوات انفجارات في محافظة طرطوس الساحلية,https://syria.liveuamap.com/ar/2024/4-december-21-sounds-of-explosions-are-being-heard-in-the,22718486,4 الشهر منذ
04.12.2024,أرسلت قوات الجيش الوطني دبابات وأسلحة ثقيلة وعناصر إلى منطقة حفصة جنوب منبج,https://syria.liveuamap.com/ar/2024/4-december-21-sna-forces-sent-tanks-heavy-weapons-and-personnel,22718485,4 الشهر منذ
04.12.2024,تم تحرير جبل ⁧‫#زين_العابدين‬⁩ بالكامل ويتم التمشيط الآن,https://syria.liveuamap.com/ar/2024/4-december-21-mount-zainalabidin-has-been-completely-captured,22718483,4 الشهر منذ
04.12.2024,شام  قوات النظام تقوم بقطع شبكات الإنترنت وتقوم بتقيد الاتصالات في محافظتي حماة وحمص,https://syria.liveuamap.com/ar/2024/4-december-20-government-forces-cut-off-internet-networks,22718482,4 الشهر منذ
04.12.2024,إدارة_العمليات_العسكرية: كتائب شاهين تستهدف تجمعا كبيرا لقوات النظام قرب جسر_المزارب داخل مدينة حماة,https://syria.liveuamap.com/ar/2024/4-december-20-shaheen-brigades-targeted-a-large-gathering,22718479,4 الشهر منذ
04.12.2024,الثوار في مدينة تلبيسة شمال حمص يستهدفون رتلاً منسحباً من مدينة حماة باتجاه مدينة حمص وإعطاب عدة آليات وجرح عدد من العناصر المنسحبة,https://syria.liveuamap.com/ar/2024/4-december-20-the-rebels-in-the-city-of-talbiseh-north-of,22718476,4 الشهر منذ
04.12.2024,الاشتباكات في حماة تتمحور من في الصواعق والمزراب بعد تحرير جبرين عدا ذلك لا صحة للدخول إلى أحياء أخرى,https://syria.liveuamap.com/ar/2024/4-december-20-clashes-in-hama-are-centered-in-alsawaiq-and,22718473,4 الشهر منذ
04.12.2024,تحديث nتداولت بعض وسائل الإعلام ال عن تحركات وتقدم لقوّاتنا باتجاه مناطق شرق حلب، نؤكد أن تلك الأخبار غير صحيحة ولا تغيير في خريطة التوزع العسكري فيما يتعلق بقوّاتنا. على العكس من ذلك، تصدت قوّاتنا خلال اليومين الماضيين لعدة هجمات نفذتها مرتزقة  التركي على مناطق سيطرة قوّات مجلسي منبج وطبقة العسكريين حيث تم التصدي لها وإيقاع العديد من القتلى في صفوفهم جثث بعضهم وقعت بأيد مقاتلينا. n nالمركز الإعلامي لقوّات سوريا الديمقراطية n١١:٠٠ PM n٠٤ كانون الأول ٢٠٢٤,https://syria.liveuamap.com/ar/2024/4-december-20-sdf-denies-any-offensive-actions-towards-areas,22718472,4 الشهر منذ
04.12.2024,قصف مدفعي متقطع على خط منبج,https://syria.liveuamap.com/ar/2024/4-december-19-artillery-fire-is-being-carried-out-intermittently,22718462,4 الشهر منذ
04.12.2024,معارك عنيفة تجري داخل أحياء مدينة حماة بالتزامن مع تحليق للطيران الحربي التابع للنظام في سماء المدينة . ردع_العداون سوريا,https://syria.liveuamap.com/ar/2024/4-december-19-fierce-battles-are-taking-place-inside-the,22718461,4 الشهر منذ
04.12.2024,الثوار السوريون داخل اللواء 87 خارج مدينة حماة للتو,https://syria.liveuamap.com/ar/2024/4-december-19-syrian-rebels-inside-brigade-87-just-otise,22718457,4 الشهر منذ
04.12.2024,"اثناء ضرب مطار حماة العسكري بمسيرات ""شاهين"" بالتزامن مع اقتحام المدينة",https://syria.liveuamap.com/ar/2024/4-december-19-hama-military-airport-was-bombed-with-shahin,22718452,4 الشهر منذ
04.12.2024,اشتباكات عنيفة تدور  على أطراف مشاع الأربعين بيّن المليشيات الطائفية والثوار في مدينة حماة,https://syria.liveuamap.com/ar/2024/4-december-19-violent-clashes-are-taking-place-on-the-outskirts,22718443,4 الشهر منذ
04.12.2024,حماة nnمؤازرات نحو جسر المزارب .أصوات اشتباكات عنيفة في المزارب  x.com/Roaastudies/st…,https://syria.liveuamap.com/ar/2024/4-december-18-clashes-ongoing-towards-almazarib-bridge-in,22718445,4 الشهر منذ
04.12.2024,الرئيس زيلينسكي: تقرير من رئيس استخبارات الدفاع في أوكرانيا. تحدث بودانوف عن نوايا روسيا في المستقبل القريب وعن الوضع في سوريا - كيف يمكن للتحول في ميزان القوى في سوريا أن يغير التطورات العالمية. كما تم تقديم تقرير عن الوضع في جورجيا,https://liveuamap.com/ar/2024/4-december-18-president-zelensky-a-report-from-the-chief,22718477,4 الشهر منذ
04.12.2024,حماة اشتباكات عنيفة  تجري داخل حي الصواعق في الجهة الشرقية لمدينة حماة,https://syria.liveuamap.com/ar/2024/4-december-18-hama-violent-clashes-are-taking-place-inside,22718428,4 الشهر منذ
05.12.2024,قواتنا تسيطر على اللواء 15 شمال درعا بالكامل وتتابع زحفها باتجاه مواقع النظام في منطقة الصنمين,https://syria.liveuamap.com/ar/2024/6-december-22-rebels-control-the-15th-brigade-in-northern,22719211,4 الشهر منذ
05.12.2024,غارات حربية مكثفة على بلدة الدار الكبيرة في ريف حمص     حلب_ ردع_العدوان فجر_الحرية غرفة_عمليات_الجنوب غرفة_عمليات_السويداء,https://syria.liveuamap.com/ar/2024/6-december-22-intensive-airstrikes-on-the-town-of-aldar-alkabira,22719210,4 الشهر منذ
05.12.2024,"الثوار يعلنون السيطرة على مدينة ""صبيخان"" في ريف دير الزور الشرقي     حلب_ ردع_العدوان فجر_الحرية غرفة_عمليات_الجنوب غرفة_عمليات_السويداء",https://syria.liveuamap.com/ar/2024/6-december-22-the-rebels-announce-control-over-the-city-of,22719209,4 الشهر منذ
05.12.2024,الخارجية الأمريكية: ندعو مواطنينا إلى مغادرة سوريا  حمص_تتحرر,https://syria.liveuamap.com/ar/2024/6-december-22-us-state-department-we-call-on-our-citizens,22719208,4 الشهر منذ
05.12.2024,ثوار درعا يدخلون الصنمين وسط انسحاب القوات الحكومية,https://syria.liveuamap.com/ar/2024/6-december-22-daraa-rebels-have-entered-alsanamayn-amid-government,22719206,4 الشهر منذ
05.12.2024,بيان رقم 1 من غرفة عمليات الجنوب وجهتنا دمشق   غرفة_عمليات_الجنوب درعا,https://syria.liveuamap.com/ar/2024/6-december-22-statement-no-1-from-the-southern-operations,22719207,4 الشهر منذ
05.12.2024,وهاهو تمثال حافظ الاسد يسقط مره اخرى في قلب مدينة درعا بعد تحرير المدينه,https://syria.liveuamap.com/ar/2024/6-december-22-statue-of-hafez-alassad-falling-again-in-the,22719199,4 الشهر منذ
05.12.2024,هذا القصف على ريف حمص الشمالي، طائرات روسيا والأسد ومدفعياته لا تتوقف للحظة عن القصف,https://syria.liveuamap.com/ar/2024/6-december-22-bombing-on-the-northern-countryside-of-homs,22719200,4 الشهر منذ
05.12.2024,انتهى منذ قليل الاجتماع بين قوات سوريا الديمقراطية وقوات النظام في مطار القامشلي وتم الاتفاق على تسليم المربع الأمني في الحسكة والقامشلي بالإضافة للمطار لقوات سوريا الديمقراطية,https://syria.liveuamap.com/ar/2024/6-december-21-the-meeting-between-the-sdf-forces-and-the,22719202,4 الشهر منذ
05.12.2024,احتفالات في الحسكة بعد سيطرة قوات سوريا الديمقراطية على كامل جيوب الحكومة في الحسكة وقامشلو,https://syria.liveuamap.com/ar/2024/6-december-21-celebrations-in-hassakeh-as-the-sdf-has-taken,22719196,4 الشهر منذ
05.12.2024,غرفة عمليات الجنوب تسيطر على مستودعات الكم  وهي أضخم مستودعات السلاح في جنوب سوريا وتقع شرقي بلدة محجة بريف درعاغرفة_عمليات_الجنوب درعا,https://syria.liveuamap.com/ar/2024/6-december-21-the-southern-operations-room-controls-the-alkam,22719195,4 الشهر منذ
05.12.2024,مراسل نهر_ميديا: مجموعات عسكرية من قسد تعبر نهر الفرات من بلدة الشحيل إلى بلدة بقرص شرقي ديرالزور,https://syria.liveuamap.com/ar/2024/6-december-21-military-groups-from-the-sdf-cross-the-euphrates,22719198,4 الشهر منذ
05.12.2024,غرفة عمليات الجنوب تسيطر على كامل مدينة درعا وعلى عشرات المدن والبلدات والثكنات العسكرية في الجنوب السوري,https://syria.liveuamap.com/ar/2024/6-december-21-rebels-from-the-southern-operations-room-controls,22719187,4 الشهر منذ
05.12.2024,وزير الخارجية التركي لنظيره الأميركي: على الحكومة السورية أن تجري حوارا مع المعارضة,https://syria.liveuamap.com/ar/2024/6-december-21-turkish-foreign-minister-to-us-counterpart,22719188,4 الشهر منذ
05.12.2024,وزير الخارجية الإيراني: لا يمكن التنبؤ بمصير الرئيس السوري,https://syria.liveuamap.com/ar/2024/6-december-20-iranian-foreign-minister-the-fate-of-the-syrian,22719185,4 الشهر منذ
05.12.2024,المعارضة السورية تسيطر على مدينة صلخد في السويداء وتواصل تقدمها نحو مواقع جديدة، التفاصيل مع الصحفي مرهف الشاعرردع_العدوانسوريا,https://syria.liveuamap.com/ar/2024/6-december-20-the-syrian-opposition-controls-the-city-of,22719184,4 الشهر منذ
05.12.2024,غرفة عمليات الجنوب: قواتنا بدأت بالتقدم باتجاه المربع الأمني ومركز مدينة درعا,https://syria.liveuamap.com/ar/2024/6-december-20-rebels-southern-operations-room-our-forces,22719156,4 الشهر منذ
05.12.2024,تجمع أحرار حوران: ضباط الأجهزة الأمنية يتلقون أوامر للانسحاب من مدينة درعا باتجاه العاصمة دمشق خلال الساعات القليلة القادمة,https://syria.liveuamap.com/ar/2024/6-december-20-houran-free-gathering-security-officers-receive,22719154,4 الشهر منذ
05.12.2024,مصادر تلفزيون سوريا: مجموعات محلية تعلن دعم فصائل ردع العدوان وتسيطر على قرى في غربي دير_الزور ردع_العدوان فجر_الحرية,https://syria.liveuamap.com/ar/2024/6-december-20-local-groups-announce-support-for-the-deterrence,22719176,4 الشهر منذ
05.12.2024,الفصائل العسكرية تسيطر على مواقع قصور البطل على الطريق الدولي عمان - دمشق بالقرب من بلدة صيدا شرقي درعا ردع_العدوان فجر_الحرية,https://syria.liveuamap.com/ar/2024/6-december-20-military-factions-control-the-positions-on,22719178,4 الشهر منذ
05.12.2024,"مصادر ""الشرق"": فصائل مسلحة تسيطر على مدينة إزرع شرق درعا",https://syria.liveuamap.com/ar/2024/6-december-20-opposition-factions-control-the-city-of-izraa,22719134,4 الشهر منذ
05.12.2024,البيت الأبيض: سنواصل الدفاع عن الأفراد والعسكريين الأميركيين في سوريا,https://syria.liveuamap.com/ar/2024/6-december-20-white-house-we-will-continue-to-defend-us-personnel,22719186,4 الشهر منذ
05.12.2024,"المرصد_السوريوسط غارات جوية روسية.. فصائل ""ردع العدوان"" تشن هجـ ـوماً على كلية الهندسة في قرية المشرفة بريف حمص",https://syria.liveuamap.com/ar/2024/6-december-19-syrian-observatory-amid-russian-airstrikes,22719133,4 الشهر منذ
05.12.2024,الخارجية القطرية: رئيس الوزراء وزير الخارجية بحث مع وزير الخارجية المصري الأوضاع في غزة والتطورات في سوريا,https://syria.liveuamap.com/ar/2024/6-december-19-qatari-foreign-ministry-prime-minister-and,22719131,4 الشهر منذ
05.12.2024,"قوات المعارضة تسيطر على قرية متنين غرب مطار حماة العسكري بعد اشتباكات ضد قوات النظام السوري .ردع_العدوان سورياالطريق لدمشق من حمص بعد حماة وحلب..أسرار ""الكريدور"" الذي يمنع إيران من إنقاذ الأسد",https://syria.liveuamap.com/ar/2024/6-december-19-opposition-forces-take-control-of-the-village,22719129,4 الشهر منذ
05.12.2024,شام  : تمكنت غرفة عمليات الجنوب من تحرير السجن المركزي في مدينة إزرع شمالي درعا وإطلاق سراح المساجين. غرفة_عمليات_الجنوبnكسر_القيود,https://syria.liveuamap.com/ar/2024/6-december-19-rebels-of-the-southern-operations-room-managed,22719128,4 الشهر منذ
05.12.2024,السويداءnكتيبة الكيميا غرب السويداء صديق وتم مصادرة دبابه واغتنام اسلحه خفيفه,https://syria.liveuamap.com/ar/2024/6-december-19-chemical-battalion-west-of-sweida-as-captured,22719169,4 الشهر منذ
05.12.2024,"مصادر لـ مجموعات عسكرية تحمل اسم ""ثوار البوسرايا"" تسيطر على قريتي الشميطية والخريطة غربي دير_الزورردع_العدوان فجر_الحرية",https://syria.liveuamap.com/ar/2024/6-december-19-military-groups-called-albusraya-revolutionaries,22719123,4 الشهر منذ
05.12.2024,غرفة عمليات الجنوبقواتنا تسيطر على كتيبة التسليح و ثكنة الأغرار و حقل السياقة و جميع القطعات العسكرية  النظام شرقي مدينة بصر الحرير بريف درعا الشرقي غرفة_عمليات_الجنوبكسر_القيودردع_العدوان,https://syria.liveuamap.com/ar/2024/6-december-19-southern-operations-room-our-forces-control,22719124,4 الشهر منذ
05.12.2024,غرفة_عمليات_الجنوب قواتنا تسيطر على تل الجموع وحاجز عين ذكر في ريف درعا الغربي.درعا غرفة_عمليات_الجنوبكسر_القيود,https://syria.liveuamap.com/ar/2024/6-december-19-rebels-southern-operations-room-our-forces,22719122,4 الشهر منذ
05.12.2024,قوات من جيش سوريا الحرة تسيطر على منطقة الصوانة جنوب تدمر بعد اشتباكات مع قوات النظام والمليشيات الإيرانية، وتواصل تقدمها باتجاه تدمر والسخنة. شرق_سوريا,https://syria.liveuamap.com/ar/2024/6-december-19-free-syrian-army-forces-take-control-of-the,22719125,4 الشهر منذ
05.12.2024,الفصائل العسكرية تسيطر على مدينة شهبا بريف السويداء ردع_العدوان فجر_الحرية,https://syria.liveuamap.com/ar/2024/6-december-18-military-factions-control-the-city-of-shahba,22719119,4 الشهر منذ
05.12.2024,غرفة عمليات فجر الحرية التابعة للجيش الوطني السوري: سنطلق عملية لطرد PKK/YPG من منبج وندعو المدنيين إلى الابتعاد عن المناطق العسكرية,https://syria.liveuamap.com/ar/2024/6-december-18-syrian-national-armys-dawn-of-freedom-operations,22719117,4 الشهر منذ
05.12.2024,تجمع أحرار حوران: فصائل المعارضة تسيطر على الكتيبة المهجورة شرقي بلدة ابطع، بعد انسحاب قوات النظام منها باتجاه مدينة إزرع,https://syria.liveuamap.com/ar/2024/6-december-18-houran-free-gathering-opposition-factions-control,22719112,4 الشهر منذ
05.12.2024,الثوار يعلنون السيطرة على اللواء 112 ميكا وتلال الجابية وحرفوش والهش العسكرية في ريف درعا الغربي . درعا nغرفة_عمليات_الجنوبnكسر_القيود,https://syria.liveuamap.com/ar/2024/6-december-18-the-rebels-announce-control-over-the-112th,22719113,4 الشهر منذ
05.12.2024,تزعم مصادر المعارضة السورية أن الثوار المحليين سيطروا على قريتي رافد وصيدا في الجولان السوري (منطقة القنيطرة) على بعد نصف كيلومتر من الحدود مع إسرائيل.,https://syria.liveuamap.com/ar/2024/6-december-18-syrian-opposition-sources-claim-that-the-local,22719111,4 الشهر منذ
05.12.2024,Nnتم رصد تحرك منظومة الدفاع الجوية الروسية S-400 ومنظومة الدفاع الجوي Tor-M2 من مدينة مصياف على حدود محافظة حماة باتجاه قاعدة حميميم. تم نشر إس-400 تريومف في منطقة مصياف عام 2017 لتغطية قاعدة حميميم الجوية من جهة السلسلة الجبلية.  وبعد سيطرة الثوار على حماة وخطر تقدمهم نحو الساحل، تقرر نقلها إلى حميميم,https://syria.liveuamap.com/ar/2024/6-december-18-the-russian-s400-air-defense-system-and-the,22719120,4 الشهر منذ
05.12.2024,مصدر عسكري لوزارة الدفاع السورية: لا انسحاب من مدينة حمص أو أريافها,https://syria.liveuamap.com/ar/2024/6-december-18-military-source-in-the-syrian-ministry-of-defense,22719103,4 الشهر منذ
05.12.2024,اشتباكات عنيفة بين فصائل المعارضة وعناصر فرع الأمن السياسي وقوات النظام المتمركزة في تل جعفر بك غربي بلدة غباغب بريف درعا الشمالي,https://syria.liveuamap.com/ar/2024/6-december-18-intense-clashes-between-opposition-factions,22719105,4 الشهر منذ
05.12.2024,الفصائل المحلية في السويداء: استولينا على 5 دبابات بعد سيطرتنا على نقاط عسكرية بمدينة السويداء,https://syria.liveuamap.com/ar/2024/6-december-18-local-factions-in-sweida-we-seized-5-tanks,22719101,4 الشهر منذ
05.12.2024,المتحدث باسم الحكومة العراقية: العراق لا يسعى للتدخل العسكري في سوريا,https://syria.liveuamap.com/ar/2024/6-december-17-iraqi-government-spokesman-iraq-does-not-seek,22719102,4 الشهر منذ
05.12.2024,غرفة عملية فجر_الحرية التي تقودها فصائل الجيش الوطني السوري تعلن تحرير قرية الشيخ أبيض شرقي حلب من قوات قسد  والنظام السوري,https://syria.liveuamap.com/ar/2024/6-december-17-the-fajr-alhurriya-operation-room-led-by-the,22719100,4 الشهر منذ
05.12.2024,"أجرى وزير الدفاع يسرائيل كاتس ورئيس أركان الجيش الإسرائيلي الفريق أول هرتسي هاليفي اليوم تقييما آخر للتطورات في سوريا. وتقول وزارة الدفاع إن كاتس ""أمر الجيش الإسرائيلي بالحفاظ على مستوى عال من الجاهزية ومواصلة مراقبة التطورات"".",https://syria.liveuamap.com/ar/2024/6-december-17-defense-minister-israel-katz-and-israeli-army,22719095,4 الشهر منذ
05.12.2024,غرفة عمليات الجنوب توجه نداءً لقوات النظام وأجهزة النظام الأمنية المتواجدين في مدينة درعا، مركز المحافظة، بالانشقاق الفوري عن النظام,https://syria.liveuamap.com/ar/2024/6-december-17-rebels-of-the-southern-operations-room-calls,22719094,4 الشهر منذ
05.12.2024,بيان عراقي سوري إيراني: لا خيار سوى التنسيق والتعاون والتشاور الدبلوماسي لإبعاد جميع مخاطر التصعيد في المنطقة,https://syria.liveuamap.com/ar/2024/6-december-17-iraqisyrianiranian-statement-there-is-no-choice,22719098,4 الشهر منذ
05.12.2024,قصف مدفعي وصاروخي مكثف على الأحياء السكنية في مدينتي الرستن وتلبيسة شمال حمص وسط تدهور كبير في الأوضاع الإنسانية والطبية,https://syria.liveuamap.com/ar/2024/6-december-17-intensive-artillery-and-missile-shelling-on,22719092,4 الشهر منذ
05.12.2024,بعد اشتباك مع قوات النظام.. فصائل محلية تسيطر على حاجز شهبا في ريف السويداءفيديو,https://syria.liveuamap.com/ar/2024/6-december-17-after-a-clash-with-government-forces-local,22719090,4 الشهر منذ
05.12.2024,إدارة العمليات العسكرية تسيطر على أكثر من 40 حاجزاً من قوات النظام بالجنوب السوري بعد بداية العمليات العسكرية ظهر اليوم.إدارة العمليات العسكرية ردع_العدوان _سوريا,https://syria.liveuamap.com/ar/2024/6-december-16-the-military-operations-department-controls,22719110,4 الشهر منذ
05.12.2024,المعارضة السورية المسلحة: سيطرنا على مدينة طفس بريف درعا الغربي,https://syria.liveuamap.com/ar/2024/6-december-16-syrian-armed-opposition-we-took-control-of,22719087,4 الشهر منذ
05.12.2024,مراسل التلفزيون العربي: قصف مدفعي لقوات النظام السوري على مدينة داعل شمالي درعا,https://syria.liveuamap.com/ar/2024/6-december-16-proassad-forces-forces-shelling-dael-city-north,22719083,4 الشهر منذ
05.12.2024,غرفة عمليات السويداء: الفصائل المسلحة تسيطر على مبنى حزب البعث وسرية حفظ النظام والسجن المركزي بالسويداء,https://syria.liveuamap.com/ar/2024/6-december-16-sweida-operations-room-armed-factions-control,22719075,4 الشهر منذ
05.12.2024,قوات المعارضة السورية تسيطر على مفرزة الأمن العسكري في مدينة نوى غربي درعا وتتجه نحو اللواء 112 شرقي المدينة، التفاصيل مع الصحفي عماد البصيريردع_العدوانسوريا,https://syria.liveuamap.com/ar/2024/6-december-16-syrian-opposition-forces-take-control-of-the,22719076,4 الشهر منذ
05.12.2024,إدارة عمليات الجنوب تسيطر على التل الكبير العسكري في بلدة محجة شمالي درعادرعا غرفة_عمليات_الجنوب ردع_العداون,https://syria.liveuamap.com/ar/2024/6-december-16-rebels-of-southern-operations-department-took,22719070,4 الشهر منذ
05.12.2024,إدارة العمليات العسكرية  تسيطر على المدرسة الأهلية الخاصة وحاجزها العسكري بين داعل وعتمان بريف درعا الأوسط,https://syria.liveuamap.com/ar/2024/6-december-16-rebels-have-taken-control-of-the-private-school,22719068,4 الشهر منذ
05.12.2024,وزير الخارجية الإيراني: الدفاع عن أمننا يبدأ من الدفاع عن أمن سوريا,https://syria.liveuamap.com/ar/2024/6-december-15-iranian-foreign-minister-defending-our-security,22719077,4 الشهر منذ
05.12.2024,وزير الخارجية الإيراني: التهديدات الأمنية في سوريا تعني تهديد المنطقة كلها,https://syria.liveuamap.com/ar/2024/6-december-15-iranian-foreign-minister-security-threats-in,22719078,4 الشهر منذ
05.12.2024,وزير الخارجية العراقي: أمن سوريا متعلق بأمن المنطقة,https://syria.liveuamap.com/ar/2024/6-december-15-iraqi-foreign-minister-syrias-security-is-linked,22719061,4 الشهر منذ
05.12.2024,غارة جوية جديدة على مدينة الحراك في الريف الشرقي من محافظة درعا، وهي الغارة الرابعة على المدينة اليوم. واستمرار استهداف المدينة بالمدفعية من القطع العسكرية في مدينة إزرع، وفق ما أفاد به مراسل درعا 24. كما أفاد المراسل بأن قصفاً مدفعياً استهدف مدينة نوى وأطرافها، على طريق الشيخ سعد، في الريف الغربي.,https://syria.liveuamap.com/ar/2024/6-december-15-a-new-airstrike-targeted-the-city-of-alharak,22719058,4 الشهر منذ
05.12.2024,فصائل المعارضة تسيطر على مفرزة الأمن العسكري في مدينة الحارة.أحرار_حوران,https://syria.liveuamap.com/ar/2024/6-december-15-opposition-factions-control-the-military-security,22719072,4 الشهر منذ
05.12.2024,غرفة عمليات فجر_الحرية تسيطر على قرية البابيري ومحطة مياه البابيري شرق حلب، وتقطع طريق دير حافر-الخفسة,https://syria.liveuamap.com/ar/2024/6-december-15-fajr-alhurriya-operations-room-takes-control,22719056,4 الشهر منذ
05.12.2024,الفصائل المحلية تسيطر على قيادة الشرطة بــ السويداء  فجر_الحرية ردع_العدوان,https://syria.liveuamap.com/ar/2024/6-december-15-local-factions-control-the-police-headquarters,22719053,4 الشهر منذ
05.12.2024,"""قسد"" تسيطر على مدن البوكمال والميادين ودير الزور بعد عملية تسليم من قوات النظام، في خطوة تمت بوضح النهار ودون موافقة التحالف الدولي، الذي كان قد طالبها بالالتزام بمواقعها شرق الفرات",https://syria.liveuamap.com/ar/2024/6-december-15-sdf-controlled-the-cities-of-albukamal-almayadeen,22719066,4 الشهر منذ
05.12.2024,الفصائل المحلية تسيطر على مبنى فرع الأمن السياسي في بلدة الغارية جنوبي السويداء ردع_العدوان فجر_الحرية,https://syria.liveuamap.com/ar/2024/6-december-15-local-factions-control-the-building-of-the,22719081,4 الشهر منذ
05.12.2024,مصادر خاصة لسكاي نيوز عربية: روسيا أبلغت دمشق بأن أي تدخل لها سيكون محدودا وأن لديها أولويات أخرى في هذ التوقيت,https://syria.liveuamap.com/ar/2024/6-december-15-russia-informed-damascus-that-any-intervention,22719060,4 الشهر منذ
05.12.2024,فصائل معارضة تسيطر على حوض اليرموك بريف درعا الغربي جنوب سوريا,https://syria.liveuamap.com/ar/2024/6-december-15-rebels-control-yarmouk-basin-in-the-western,22719084,4 الشهر منذ
05.12.2024,طائرة B-52H Stratofortress تابعة للقوات الجوية الأمريكية تنفذ دورية جوية قتالية لدعم عملية العزم الصلب فوق منطقة مسؤولية القيادة المركزية الأمريكية,https://syria.liveuamap.com/ar/2024/6-december-14-a-us-air-force-b52h-stratofortress-conducts,22719071,4 الشهر منذ
05.12.2024,إصابة 6 مدنيين بجروح نتيجة استهداف الأحياء السكنية في مدينة تلبيسة بقذائف عنقودية مصدرها كتيبة الهندسة القريبة من بلدة المشرفة   حلب_ ردع_العدوان فجر_الحرية,https://syria.liveuamap.com/ar/2024/6-december-14-6-civilians-injured-as-a-result-of-targeting,22719048,4 الشهر منذ
05.12.2024,مصدران بالجيش السوري: معبر البوكمال الحدودي مع العراق أصبح تحت سيطرة قوات سوريا الديمقراطية (قسد),https://syria.liveuamap.com/ar/2024/6-december-14-syrias-albu-kamal-border-crossing-with-iraq,22719046,4 الشهر منذ
05.12.2024,مراسل درعا 24: غـارة على بلدة ناحتة في الريف الشرقي من محافظة درعا، وإصابة طفل نتيجة ذلك، ينحدر من دير الزور، حيث يسكن في البلدة مع عائلته.المراسل: تم تنفيذ غارتين أيضاً على أطراف مدينة الحراك، وغارة واحدة على أطراف بلدة أم المياذن.سوريا درعا ناحتة درعا24,https://syria.liveuamap.com/ar/2024/6-december-14-a-raid-on-the-town-of-nahta-in-the-eastern,22719044,4 الشهر منذ
05.12.2024,سيطرت قوات سوريا الديمقراطية على مدينة دير الزور بعد انهيار حكومة الأسد، وتقوم قواتها بدوريات في شوارع المدينة المتضررة بشدة,https://syria.liveuamap.com/ar/2024/6-december-14-sdf-forces-have-seized-control-of-the-city,22719037,4 الشهر منذ
05.12.2024,_بلقيسهيئة عمليات التجارة البحرية البريطانية: حادث على بعد 105 أميال بحرية شمال غربي الحديدة,https://syria.liveuamap.com/ar/2024/6-december-14-ukmto-incident-105-nautical-miles-northwest,22719038,4 الشهر منذ
05.12.2024,ثوار التنف يقتربون من تدمر ويشتبكون مع القوات الحكومية,https://syria.liveuamap.com/ar/2024/6-december-14-tanf-rebels-are-near-palmrya-and-are-clashing,22719043,4 الشهر منذ
05.12.2024,العربية: المعارضة السورية في السويداء تسيطر على مواقع أمنية وعسكرية في المدينة,https://syria.liveuamap.com/ar/2024/6-december-14-the-syrian-opposition-in-sweida-controls-security,22719039,4 الشهر منذ
05.12.2024,"مصادر محلية: النظام السوري ينسحب من دير الزور ويسلم المدينة لـ""قسد""",https://syria.liveuamap.com/ar/2024/6-december-14-the-proassad-forces-withdraws-from-deir-ezzor,22719033,4 الشهر منذ
05.12.2024,تمويل جديد للخوذ البيضاء في سوريا ردًا على التصعيد - الحكومة البريطانية,https://syria.liveuamap.com/ar/2024/6-december-14-new-funding-for-white-helmets-in-syria-in-response,22719106,4 الشهر منذ
05.12.2024,الأردن يقرر إغلاق معبر جابر/ نصيب الحدودي مع سوريا,https://syria.liveuamap.com/ar/2024/6-december-13-jordan-decides-to-close-jabernassib-border,22719021,4 الشهر منذ
05.12.2024,الثوار مدينة الحراك بريف درعا الشرقي تسيطر على اللواء 52 بشكل كامل في مدينة الحراك بعد انسحاب قوات النظام منهإدلب حمص حماة دمشق فجر_الحرية ردع_العدوان حماه سوريا النصر_السد حلب_تتحرر   حلب العراق,https://syria.liveuamap.com/ar/2024/6-december-13-the-rebels-in-the-city-of-alharak-in-the-eastern,22719016,4 الشهر منذ
05.12.2024,اهالي محردة المسيحيين الى جانب الثوار داخل المدينة بعد تحريرها من قوات النظام عن طريق التفاوض السلمي مع اهل المدينة,https://syria.liveuamap.com/ar/2024/6-december-13-the-christian-people-of-mahardah-are-with-the,22719009,4 الشهر منذ
05.12.2024,غارات جوية روسية تستهدف سد الرستن بريف حمص,https://syria.liveuamap.com/ar/2024/6-december-13-russian-airstrikes-target-alrastan-dam-in-homs,22719005,4 الشهر منذ
05.12.2024,مراسل تجمع أحرار حوران: فصائل المعارضة تسيطر على كافة الحواجز والمواقع العسكرية في منطقة اللجاة شمال درعا بعد اشتباكات عنيفة مع قوات النظام.المراسل: اغتنام عربات ودبابات وأسلحة بالاضافة لانشقاق العديد من العساكر وأسر آخرين خلال تحرير منطقة اللجاة.أحرار_حوران,https://syria.liveuamap.com/ar/2024/6-december-13-a-correspondent-for-the-free-houran-gathering,22719004,4 الشهر منذ
05.12.2024,غارات روسية تستهدف جسر الرستن بريف حمص,https://syria.liveuamap.com/ar/2024/6-december-13-russian-raids-target-alrastan-bridge-in-homs,22719002,4 الشهر منذ
05.12.2024,وزير الخارجية العراقي: أمن المنطقة لا يمكن تحقيقه بالوسائل العسكرية وحدها ونؤكد على أهمية الدور الدبلوماسي,https://syria.liveuamap.com/ar/2024/6-december-13-iraqi-foreign-minister-regional-security-cannot,22719000,4 الشهر منذ
05.12.2024,مراسل فصائل المعارضة تسيطر على بلدة خراب شحم في ريف درعا الغربيفجر_الحرية ردع_العدوان,https://syria.liveuamap.com/ar/2024/6-december-13-rebels-have-controlled-the-town-of-kharab-sham,22719013,4 الشهر منذ
05.12.2024,مراسل قتلى وجرحى مدنيون بغارات جوية على حي جنوب الملعب في مدينة حماةفجر_الحرية ردع_العدوان,https://syria.liveuamap.com/ar/2024/6-december-13-civilians-killed-and-wounded-in-airstrikes,22719015,4 الشهر منذ
05.12.2024,المُحَرَّرغرفة عمليات الجنوب تسيطر على معبر نصيب الحدودي مع الأردن,https://syria.liveuamap.com/ar/2024/6-december-12-southern-operations-room-takes-control-of-nassib,22718999,4 الشهر منذ
05.12.2024,غارات مستمرة من مسيرات شاهين على أهداف عسكرية داخل مدينة حمص,https://syria.liveuamap.com/ar/2024/6-december-12-continuous-raids-by-shahin-drones-on-military,22718995,4 الشهر منذ
05.12.2024,تجمع أحرار حوران: فصائل المعارضة تسيطر على حاجز الري ومنطقة البحوث العلمية والجامعات ومزرعة الأبقار في ريف درعا الغربي، بعد انسحاب قوات النظام باتجاه مدينة درعا.الفصائل المحلية قامت بتأمين انشقاق العديد من عناصر النظام في منطقة حاجز الري,https://syria.liveuamap.com/ar/2024/6-december-12-houran-free-gathering-opposition-factions-control,22718991,4 الشهر منذ
05.12.2024,الجيش الإسرائيلي يقول إنه سيعزز القوات الجوية والبرية في منطقة هضبة الجولان بناء على تقييم الوضع في سوريا,https://syria.liveuamap.com/ar/2024/6-december-12-israeli-military-says-it-will-reinforce-air,22718997,4 الشهر منذ
05.12.2024,مراسل نهر_ميديا: الفرقة الرابعة تنسحب من حاجزها في بلدة حسرات بريف البوكمال الغربي شرقي ديرالزور، ومن أكبر حواجزها في مدينتي القورية و الميادين,https://syria.liveuamap.com/ar/2024/6-december-12-nahr-media-correspondent-the-fourth-division,22719197,4 الشهر منذ
05.12.2024,السفارة الروسية في دمشق تطلب من رعاياها مغادرة سوريا,https://syria.liveuamap.com/ar/2024/6-december-12-russian-embassy-in-damascus-asks-russian-citizens,22718984,4 الشهر منذ
05.12.2024,تشكيل غرفة عمليات الجنوب لمقاتلين من درعا والسويداء والقنيطرة,https://syria.liveuamap.com/ar/2024/6-december-12-formation-of-the-southern-operations-room-for,22718978,4 الشهر منذ
05.12.2024,"وسط غارات جوية روسية ""الحزب الإسلامي التركستاني"" يهاجم مواقع حكومية في ريف اللاذقية",https://syria.liveuamap.com/ar/2024/6-december-12-amid-russian-airstrikes---turkistan-islamic,22718983,4 الشهر منذ
05.12.2024,اندلعت مظاهرات مناهضة للحكومة في مدينة بصرى الشام بمحافظة درعا شرقي البلاد,https://syria.liveuamap.com/ar/2024/6-december-12-antigovernment-protests-erupt-in-the-town-of,22718982,4 الشهر منذ
05.12.2024,رئيس مجلس الوزراء محمد شياع السوداني يستقبل وزير الخارجية السوري,https://syria.liveuamap.com/ar/2024/6-december-12-iraqi-prime-minister-mohammed-shia-alsudani,22718976,4 الشهر منذ
05.12.2024,فصائل الثوار تسيطر على النقطة العسكرية في خربة فادة بمنطقة الجيدور شمالي درعا,https://syria.liveuamap.com/ar/2024/6-december-12-rebel-factions-control-the-military-point-in,22718972,4 الشهر منذ
05.12.2024,سوريا: مراسل  المضادات الأرضية للجيش السوري تتصدى لمسيّرات في أجواء حمص,https://syria.liveuamap.com/ar/2024/6-december-12-syrian-armys-antiaircraft-missiles-intercept,22718973,4 الشهر منذ
05.12.2024,دمشق مليشيات الأسد تقوم بتحصين مداخل العاصمة السورية دمشق,https://syria.liveuamap.com/ar/2024/6-december-12-damascus-assads-militias-are-fortifying-the,22718985,4 الشهر منذ
05.12.2024,بعد مناقشة الأزمة في سوريا الليلة الماضية، تم استدعاء وزراء مجلس الوزراء الأمني الإسرائيلي إلى اجتماعين آخرين ل الأزمة في سوريا - مساء السبت ويوم الأحد، كما يقول مسؤول إسرائيلي.,https://syria.liveuamap.com/ar/2024/6-december-12-after-discussing-the-crisis-in-syria-last-night,22718981,4 الشهر منذ
05.12.2024,"مصادر خاصة: فصائل غرفة عمليات الجنوب تسيطر على حاجز ""الجمرك القديم"" في درعا البلد ردع_العدوان فجر_الحرية",https://syria.liveuamap.com/ar/2024/6-december-12-rebels-the-southern-operations-room-factions,22718974,4 الشهر منذ
05.12.2024,غارة جوية على بلدة تيرمعلة في ريف حمص الشماليالنظام  يقصف المدن بمجرد خروجه منها,https://syria.liveuamap.com/ar/2024/6-december-11-airstrike-on-the-town-of-termaala-in-the-northern,22718979,4 الشهر منذ
06.12.2024,فصائل الثورة السورية في الزبداني بريف دمشق تعلن السيطرة على المدينة وطرد قوات الأسد منها,https://syria.liveuamap.com/ar/2024/7-december-22-rebels-factions-in-zabadani-rif-dimashq-announce,22719621,4 الشهر منذ
06.12.2024,إدارة العمليات العسكرية: رؤساء أفرع استخبارات في دمشق أتمت ترتيباتها معنا للسيطرة على العاصمة,https://syria.liveuamap.com/ar/2024/7-december-22-rebels-heads-of-intelligence-branches-in-damascus,22719575,4 الشهر منذ
06.12.2024,الثوار يصلون إلى القصير وحمص,https://syria.liveuamap.com/ar/2024/7-december-22-rebels-have-reached-qusayr-homs-,22719573,4 الشهر منذ
06.12.2024,"""نوصيكم بأن تعطفوا على الناس، ومن ترك سلاحه فأمنوه، ومن فر فلا تدركوه""، أحمد الشرع يوجه كلمة في اللحظات الأخيرة لتحرير حمص. أحرار_حوران",https://syria.liveuamap.com/ar/2024/7-december-22-we-advise-you-to-be-kind-to-people-and-whoever,22719572,4 الشهر منذ
06.12.2024,لحظة هدم تمثال حافظ الاسد في قلب حمص الان,https://syria.liveuamap.com/ar/2024/7-december-22-the-moment-of-demolishing-the-statue-of-hafez,22719571,4 الشهر منذ
06.12.2024,عاجـــــــــــــــل الجيش اللبناني يستقدم تعزيزات عسكرية إلى منطقة الهرمل على الحدود اللبنانية السورية,https://syria.liveuamap.com/ar/2024/7-december-22-the-lebanese-army-brings-military-reinforcements,22719570,4 الشهر منذ
06.12.2024,مستشار الأمن القومي الأميركي: سنواصل العمل على تعزيز قواتنا في سوريا,https://syria.liveuamap.com/ar/2024/7-december-22-us-national-security-advisor-we-will-continue,22719566,4 الشهر منذ
06.12.2024,مستشار الأمن القومي الأمريكي: الولايات المتحدة لن تنخرط عسكريا في الحرب الأهلية السورية,https://syria.liveuamap.com/ar/2024/7-december-22-us-national-security-adviser-us-will-not-be,22719568,4 الشهر منذ
06.12.2024,الفصائل تقول إنها سيطرت على أول نقطة دفاع لسجن صيدنايا العسكري. (تلفزيون سوريا),https://syria.liveuamap.com/ar/2024/7-december-22-the-factions-say-they-have-taken-control-of,22719565,4 الشهر منذ
06.12.2024,إدارة العمليات العسكرية تحرر منطقة السخنة بريف حمص الشرقي بعد طرد قوات النظام  منها ضمن عملية ردع_العدوان,https://syria.liveuamap.com/ar/2024/7-december-22-rebels-have-liberated-the-alsukhnah-area-in,22719564,4 الشهر منذ
06.12.2024,مستشار الأمن القومي الأمريكي: قلقون من انتقال الصراع في سوريا إلى الخارج,https://syria.liveuamap.com/ar/2024/7-december-22-us-national-security-advisor-we-are-concerned,22719569,4 الشهر منذ
06.12.2024,قوات الحكومة تقتل متظاهرين اثنين في دوما بريف دمشق,https://syria.liveuamap.com/ar/2024/7-december-22-government-forces-killed-two-protesters-in,22719560,4 الشهر منذ
06.12.2024,الاهلي يحتفلون بوسط حمص في ساحة الساعة,https://syria.liveuamap.com/ar/2024/7-december-21-celebration-in-the-center-of-homs-in-the-clock,22719557,4 الشهر منذ
06.12.2024,مشاهد من دخول الفصائل المسلحة إلى حي باب السباع في مدينة حمص,https://syria.liveuamap.com/ar/2024/7-december-21-rebels-entered-bab-alsabaa-neighborhood-in,22719555,4 الشهر منذ
06.12.2024,المقدم حسن عبد الغني: تمكنت قواتنا من تحرير أكثر من 3500 سجين من سجن حمص العسكري ونجدد عهدنا لشعبنا بتحرير جميع المعتقلين من سجون الطغيان,https://syria.liveuamap.com/ar/2024/7-december-21-lieutenant-colonel-hassan-abdul-ghani-our-forces,22719553,4 الشهر منذ
06.12.2024,أحمد الدالاتي القيادي في إدارة العمليات العسكرية: - جميع المحاور المحيطة بمدينة حمص تسيطر عليها قوى الثورة- قوات النظام انسحبت من حمص- اشتبكنا مع مقاتلي حزب الله المتمركزين في مواقع عسكرية بحمص- مدن درعا والسويداء والقنيطرة محررة بالكامل- النظام محاصر في رقعة ضيقة داخل مدينة…,https://syria.liveuamap.com/ar/2024/7-december-21-ahmed-aldalati-a-leader-in-the-rebels-military,22719551,4 الشهر منذ
06.12.2024,وسائل اعلام سورية معارضة: مئات المقاتلين من حزب الله انسحبوا من القصير والقرى المجاورة باتجاه لبنان,https://syria.liveuamap.com/ar/2024/7-december-21-hundreds-of-hezbollah-fighters-withdrew-from,22719550,4 الشهر منذ
06.12.2024,أكدت الدول العربية مع تركيا وروسيا في بيان مشترك بشأن سوريا أن استمرار الأزمة السورية يشكل تطورا خطيرا على سلامة البلاد والأمن الإقليمي والدولي، ودعت إلى حل سياسي يؤدي إلى وقف العمليات العسكرية.,https://syria.liveuamap.com/ar/2024/7-december-21-arab-countries-with-turkiye-and-russia-in-a,22719549,4 الشهر منذ
06.12.2024,تحليق مكثف للطيران الحربي في سماء العاصمة دمشق,https://syria.liveuamap.com/ar/2024/7-december-21-intensive-flight-of-warplanes-in-the-skies,22719548,4 الشهر منذ
06.12.2024,هروب قادة الجيش والأمن بمروحيات من قاعدة الشعيرات العسكرية في حمص إلى الساحلدمشق,https://syria.liveuamap.com/ar/2024/7-december-20-army-and-security-leaders-flee-by-helicopter,22719542,4 الشهر منذ
06.12.2024,مصادر خاصة: الفصائل تسيطر على حاجز فرنسيس ومعسكر الطلائع داخل مدينة الزبداني بريف دمشق  ردع_العدوان فجر_الحرية,https://syria.liveuamap.com/ar/2024/7-december-20-the-factions-control-the-francis-checkpoint,22719541,4 الشهر منذ
06.12.2024,غارة جوية من الطيران الحربي على مدينة الرستن شمالي حمص ردع_العدوان فجر_الحرية,https://syria.liveuamap.com/ar/2024/7-december-20-an-airstrike-by-warplanes-on-the-city-of-rastan,22719539,4 الشهر منذ
06.12.2024,فصائل المعارضة تمشط أحياء مدينة حمص بعد انسحاب قوات النظام منهاn ردع_العدوان فجر_الحرية,https://syria.liveuamap.com/ar/2024/7-december-20-opposition-factions-comb-the-neighborhoods,22719538,4 الشهر منذ
06.12.2024,"شام  مشاهد من هروب قوات الأسد من مدينة حمص، مع اقتراب مقاتلي ""إدارة العمليات العسكرية"" من السيطرة على المدينة بشكل كامل، ضمن عملية ردع_العدوان",https://syria.liveuamap.com/ar/2024/7-december-20-scenes-of-assads-forces-fleeing-homs-as-the,22719533,4 الشهر منذ
06.12.2024,علامات على إخلاء محتمل لقاعدة حميميم الجوية الروسية في سوريا. وصلت العديد من طائرات النقل الجوي إلى القاعدة. 3 طائرات من طراز IL-76 وطائرة واحدة من طراز AN-124. عادة ما تكون طائرة An-72 متمركزة في المقدمة هناك. ويبدو أيضًا أن هناك طائرة Su-24 على المدرج. زيادة كبيرة في عدد الطائرات المنقولة جواً,https://syria.liveuamap.com/ar/2024/7-december-20-signs-of-possible-evacuation-at-russias-khmeimim,22719543,4 الشهر منذ
06.12.2024,تلفزيون سوريا:• الفصائل العسكرية تسيطر على سجن حمص المركزي,https://syria.liveuamap.com/ar/2024/7-december-20-military-factions-take-control-of-homs-central,22719530,4 الشهر منذ
06.12.2024,إغلاق معبر المصنع اللبناني مع سورياn,https://syria.liveuamap.com/ar/2024/7-december-19-closure-of-the-lebanese-masnaa-crossing-with,22719527,4 الشهر منذ
06.12.2024,وزير الخارجية السعودي يبحث مع نظيره الإيراني تعزيز العلاقات والأوضاع في سوريا,https://syria.liveuamap.com/ar/2024/7-december-19-saudi-foreign-minister-discusses-with-iranian,22719528,4 الشهر منذ
06.12.2024,تحرير المعتقلين من سجن حمص المركزيRelease of detainees from Homs Central Prison,https://syria.liveuamap.com/ar/2024/7-december-19-release-of-detainees-from-homs-central-prison,22719529,4 الشهر منذ
06.12.2024,قوات المعارضة السورية دخلت منطقة السيدة زينب,https://syria.liveuamap.com/ar/2024/7-december-19-syrian-opposition-forces-have-entered-sayyida,22719547,4 الشهر منذ
06.12.2024,أكسيوس: مصادر أمنية إسرائيلية تقول إن معلوماتها الاستخباراتية تشير إلى بقاء الأسد في دمشق,https://syria.liveuamap.com/ar/2024/7-december-19-axios-israeli-security-sources-report-that,22719518,4 الشهر منذ
06.12.2024,إدارة الشؤون السياسية التابعة للمعارضة السورية: نطمئن المجتمع الدولي على موقفنا الثابت بشأن الأسلحة الكيميائية,https://syria.liveuamap.com/ar/2024/7-december-19-syrian-opposition-political-affairs-department,22719517,4 الشهر منذ
06.12.2024,الخارجية الأميركية للعربية: نتابع الأحداث في سوريا عن قرب دقيقة بدقيقة,https://syria.liveuamap.com/ar/2024/7-december-19-us-state-department-we-are-closely-following,22719516,4 الشهر منذ
06.12.2024,أرتال وتعزيزات غرفة عمليات الجنوب تسيطر على كامل أوتوستراد دمشق - درعا و تصل لمنطقة التاون سنتر وتفرض السيطرة على حاجزها الرئيسي و بذلك أصبحت القوات على بعد 3 كم فقط عن المتحلق الجنوبي للعاصمة دمشق,https://syria.liveuamap.com/ar/2024/7-december-19-the-convoys-and-reinforcements-of-the-southern,22719513,4 الشهر منذ
06.12.2024,إدارة العمليات العسكرية تعلن فرض حظر للتجوال في المعضمية بريف دمشق الليلة وغدا مساءn ردع_العدوان فجر_الحرية,https://syria.liveuamap.com/ar/2024/7-december-18-the-military-operations-department-announces,22719514,4 الشهر منذ
06.12.2024,تم تحرير سجن عدرا   دمشق_تتحرر    الثورة_السورية_تنتصر,https://syria.liveuamap.com/ar/2024/7-december-18-adra-prison-has-been-seized-by-rebels,22719511,4 الشهر منذ
06.12.2024,يقول مصدر مطلع على الوضع لشبكة CNN إن الأسد ليس موجودًا في أي من الأماكن في المدينة التي من المتوقع أن تجده فيها. وقال المصدر إن الحرس الرئاسي للأسد لم يعد منتشرًا في مكان إقامته المعتاد، كما كان من المفترض أن يكون لو كان هناك، مما أثار تكهنات بأنه ربما هرب من دمشق.,https://syria.liveuamap.com/ar/2024/7-december-18-a--source-with-knowledge-of-the-situation-tells,22719505,4 الشهر منذ
06.12.2024,الثوار في دوما بالغوطة الشرقية يتجهون إلى دمشق، معقل جيش الإسلام السابق، حيث وقع الهجوم الحكومي بالكلور في أبريل/نيسان 2018,https://syria.liveuamap.com/ar/2024/7-december-18-rebels-in-douma-east-ghouta-going-to-damascus,22719521,4 الشهر منذ
06.12.2024,قبيل اجتماع حول تطورات الوضع في سوريا، عقدت محادثات غير رسمية بين وزراء خارجية إيران والعراق والأردن ومصر والمبعوث الخاص للأمم المتحدة إلى سوريا. كما سينضم إلى المناقشات وزراء خارجية تركيا وروسيا وقطر والمملكة العربية السعودية.,https://syria.liveuamap.com/ar/2024/7-december-18-ahead-of-a-meeting-on-syrias-developments-informal,22719503,4 الشهر منذ
06.12.2024,القوات الحكومية السورية تنسحب من عربين ودوما في ريف دمشق.. والفصائل المسلحة تسيطر عليهما سوريا,https://syria.liveuamap.com/ar/2024/7-december-17-proassad-forces-forces-withdraw-from-arbin,22719510,4 الشهر منذ
06.12.2024,محمد هارون: الطيران الروسي ينفذ غارات متتالية بصواريخ عنقودية على تلبيسة والرستن في حمص,https://syria.liveuamap.com/ar/2024/7-december-17-russian-aircraft-carry-out-successive-raids,22719512,4 الشهر منذ
06.12.2024,"غرفة عمليات الجنوب تسيطر على حاجز منكت الحطب الاستراتيجي ""سيء الصيت"" على أوتوستراد دمشق - عمان الدولي، وذلك بعد هروب عناصر النظام باتجاه العاصمة دمشق",https://syria.liveuamap.com/ar/2024/7-december-17-rebels-of-southern-operations-room-takes-control,22719515,4 الشهر منذ
06.12.2024,دمشق انسحاب القوات الأسد قدسيا والهامة,https://syria.liveuamap.com/ar/2024/7-december-17-damascus-withdrawal-of-assad-forces-from-qudsaya,22719499,4 الشهر منذ
06.12.2024,وزير الداخلية السوري: هناك طوق أمني وعسكري قوي جدًّا حول دمشق ولا يمكن لأحد أن يكسره,https://syria.liveuamap.com/ar/2024/7-december-16-syrian-interior-minister-there-is-a-very-strong,22719498,4 الشهر منذ
06.12.2024,قوات سوريا الديمقراطية تطلق قنابل مضيئة في منطقة الخريطة بدير الزور,https://syria.liveuamap.com/ar/2024/7-december-16-flares-are-being-launched-by-the-sdf-in-the,22719496,4 الشهر منذ
06.12.2024,استولى الجيش السوري الحر على مدينة يبرود على الطريق السريع M5 إلى الشمال من دمشق، وكذلك الحدود القريبة مع لبنان؛ مما أدى فعليًا إلى قطع العاصمة عن قوات الجيش السوري إلى الشمال بالقرب من مدينة حمص المحاصرة.,https://syria.liveuamap.com/ar/2024/7-december-16-the-free-syrian-army-fsa-has-captured-the-city,22719495,4 الشهر منذ
06.12.2024,دخلت قوات المتمردين بقيادة الجيش السوري الحر مدينة الضمير الواقعة على الطريق السريع M2 على بعد 20 ميلاً فقط إلى الشمال الشرقي من دمشق وسيطرت عليها.,https://syria.liveuamap.com/ar/2024/7-december-16-rebel-forces-led-by-the-free-syrian-army-fsa,22719493,4 الشهر منذ
06.12.2024,"بيان قوات سوريا الديمقراطية: ""قوات مجلس الطبقة العسكري تتصدى لهجمات مرتزقة تركيا على قرية حنايا على طريق الطبقة - حلب، ولا تزال الاشتباكات مستمرة في محيط القرية"".",https://syria.liveuamap.com/ar/2024/7-december-16-sdf-statement-tabqa-military-council-forces,22719483,4 الشهر منذ
06.12.2024,الجيش الإسرائيلي: نساعد الأمم المتحدة حاليا في صد هجوم مسلحين بمنطقة حضر السورية على حدود الجولان,https://syria.liveuamap.com/ar/2024/7-december-15-israeli-army-we-are-currently-helping-the-united,22719462,4 الشهر منذ
06.12.2024,وكالة الأنباء الأردنية: العاهل الأردني ترأس اجتماعا لمجلس الأمن القومي لبحث الوضع الإقليمي خاصة أحداث سوريا,https://syria.liveuamap.com/ar/2024/7-december-15-jordan-news-agency-jordanian-king-chairs-national,22719460,4 الشهر منذ
06.12.2024,"بيانات ""فلايت رادار"": طائرة خاصة تغادر مطار دمشق الدولي قرابة الساعة الخامسة من مساء اليوم السبت",https://syria.liveuamap.com/ar/2024/7-december-15-flight-radar-data-a-private-plane-departs-damascus,22719477,4 الشهر منذ
06.12.2024,بدأ سكان منطقة الميدان في وسط دمشق في التعبئة في الشوارع، متوقعين انهيار حكومة الأسد. كانت منطقة الميدان طوال الانتفاضة السورية بمثابة نقطة تجمع رئيسية للاحتجاجات الجماهيرية التي تطالب بإسقاط الأسد.,https://syria.liveuamap.com/ar/2024/7-december-15-residents-of-the-midan-district-of-central,22719459,4 الشهر منذ
06.12.2024,إخلاء مبنى الأركان العامة وآمرية الطيران في دمشق مع وجود عدد قليل من عناصر الحراسة,https://syria.liveuamap.com/ar/2024/7-december-15-evacuation-of-the-general-staff-and-air-command,22719458,4 الشهر منذ
06.12.2024,القوات الحكومية تتخلى عن مواقعها وتخرج من المزة، هذا هو الحي الدمشقي,https://syria.liveuamap.com/ar/2024/7-december-15-government-forces-are-abandoning-their-posts,22719457,4 الشهر منذ
06.12.2024,المعارضة السورية المسلحة: رصدنا هروب قوات النظام من مطار المزة العسكري في العاصمة دمشق,https://syria.liveuamap.com/ar/2024/7-december-15-syrian-armed-opposition-we-monitored-the-escape,22719456,4 الشهر منذ
06.12.2024,"غرفة عمليات ""فجر الحرية"" تعلن سيطرتها على قرية ""جبلة الحمره وتلها"" شرقي حلب   حلب_ ردع_العدوان فجر_الحرية غرفة_عمليات_الجنوب غرفة_عمليات_السويداء",https://syria.liveuamap.com/ar/2024/7-december-15-fajr-alhurriya-operations-room-announces-its,22719455,4 الشهر منذ
06.12.2024,على مشارف سجن صيدنايا ردع_العدوان,https://syria.liveuamap.com/ar/2024/7-december-15-photo-on-the-outskirts-of-sednaya-prison,22719454,4 الشهر منذ
06.12.2024,"ترامب يقول إن الولايات المتحدة لا ينبغي أن يكون لها أي علاقة بالصراع في سوريا: ""سوريا في حالة من الفوضى، لكنها ليست صديقتنا،",https://syria.liveuamap.com/ar/2024/7-december-15-trump-says-the-us-should-have-nothing-to-do,22719453,4 الشهر منذ
06.12.2024,وزارة الخارجية القطرية: الدوحة تعمل للخروج بموقف يضمن خفض التصعيد في سوريا وتجنب الحرب الأهلية,https://syria.liveuamap.com/ar/2024/7-december-14-qatari-foreign-ministry-doha-is-working-to,22719449,4 الشهر منذ
06.12.2024,الطيران الروسي يشن غارة بالصواريخ العنقودية على دوار السباهي في مدينة حماةردع_العدوان سوريا  فجر_الحرية إدلب حمص,https://syria.liveuamap.com/ar/2024/7-december-14-russian-aircraft-launch-a-raid-with-cluster,22719520,4 الشهر منذ
06.12.2024,طائرات روسية تشن غارة جوية على محيطة منطقة القباسين الخاضعة لسيطرة الجيش الوطني بريف حلب الشرقي ردع_العدوان فجر_الحرية,https://syria.liveuamap.com/ar/2024/7-december-14-russian-aircraft-launch-an-airstrike-on-the,22719448,4 الشهر منذ
06.12.2024,"مصادر لوكالة ""رويترز"": فصائل المعارضة تدخل مدينة حمص من الشمال والشرق",https://syria.liveuamap.com/ar/2024/7-december-14-sources-to-reuters-opposition-factions-enter,22719447,4 الشهر منذ
06.12.2024,تتصدى قوات مجلس الطبقة العسكري لهجمات الجيش التركي ومقاتليه على مدينة مسكنة الواقعة على طريق حلب الطبقة، حيث تدور اشتباكات عنيفة على ثلاثة محاور. المكتب الإعلامي لقوات مجلس الطبقة العسكري,https://syria.liveuamap.com/ar/2024/7-december-14-the-forces-of-the-tabqa-military-council-are,22719443,4 الشهر منذ
06.12.2024,المعارضة السورية تسيطر على الوعر والخالدية,https://syria.liveuamap.com/ar/2024/7-december-14-syrian-opposition-have-captured-alwaer-and,22719523,4 الشهر منذ
06.12.2024,ردع العدوان تســيطر على بلــدة جبــورين فــي ريــف حمــص الشــمالي,https://syria.liveuamap.com/ar/2024/7-december-14-rebels-took-control-of-the-town-of-jabourin,22719441,4 الشهر منذ
06.12.2024,"إدارة العمليات العسكرية تسيطر على ""كتيبة الهندسة"" قرب قرية المشرفة والفرقة 26 قرب تير معلة في ريف حمص الشمالي",https://syria.liveuamap.com/ar/2024/7-december-14-rebels-took-control-of-the-engineering-battalion,22719436,4 الشهر منذ
06.12.2024,المعارضة السورية : قواتنا دخلت قرية كيسين بريف حمص الشمالي وسيطرت عليها بالكامل حمص_تتحرر سوريه,https://syria.liveuamap.com/ar/2024/7-december-13-syrian-opposition-our-forces-entered-the-village,22719435,4 الشهر منذ
06.12.2024,مصادر خاصة لـ احتجاجات شعبية في صحنايا بريف دمشق وسط فرار عناصر النظامردع_العدوان ردع_العدوان,https://syria.liveuamap.com/ar/2024/7-december-13-popular-protests-in-sahnaya-in-the-damascus,22719438,4 الشهر منذ
06.12.2024,إزالة صور رموز النظام السوري بعد انسحاب قوات النظام من مدينة داريا بريف دمشق,https://syria.liveuamap.com/ar/2024/7-december-13-removing-images-of-proassad-forces-symbols,22719428,4 الشهر منذ
06.12.2024,من سيطرة فصائل غرفة تحرير دمشق على مدينة معضمية الشام بريف دمشق,https://syria.liveuamap.com/ar/2024/7-december-13-factions-of-the-damascus-liberation-room-have,22719427,4 الشهر منذ
06.12.2024,مصادر لــ فصائل تتبع للمعارضة السورية تسيطر على مدينتي العشارة والقورية شرقي دير_الزورفجر_الحرية ردع_العدوان,https://syria.liveuamap.com/ar/2024/7-december-13-fctions-affiliated-with-the-syrian-opposition,22719437,4 الشهر منذ
06.12.2024,"المعارضة السورية : قواتنا دخلت قرية تسنيم بريف حمص الشمالي وسيطرت عليها بعد طرد النظام السوري .حمص_تتحرر حماه حماه ردع_العدوانالمعارضة السورية تفرض سيطرتها على كل من قرى ""الحمرات"" و""الحميس"" و""سعن الأسود"" و""عين حسين"" شمال شرق حمص بعد معارك ضد النظام السوري ردع_العدوان حماه حمص_تتحرر",https://syria.liveuamap.com/ar/2024/7-december-13-syrian-opposition-our-forces-entered-the-village,22719430,4 الشهر منذ
06.12.2024,المشاهد الاولى من داريا الحرة,https://syria.liveuamap.com/ar/2024/7-december-13-rebels-in-daraya-alhurra,22719425,4 الشهر منذ
06.12.2024,الجيش الإسرائيلي: رصدنا فصائل مسلحة قرب الحدود مع سوريا,https://syria.liveuamap.com/ar/2024/7-december-13-israeli-army-we-have-detected-armed-factions,22719429,4 الشهر منذ
06.12.2024,إدارة العمليات العسكرية تسيطر على قرى الحمرات والحميس وسعن الأسود وعين حسين شمال شرق حمص,https://syria.liveuamap.com/ar/2024/7-december-13-rebels-have-controlled-the-villages-of-alhamrat,22719424,4 الشهر منذ
06.12.2024,المعارضة السورية تسيطر على الكسوة وسط انهيار كامل للنظام,https://syria.liveuamap.com/ar/2024/7-december-13-syrian-opposition-has-captured-alkiswah-amid,22719423,4 الشهر منذ
06.12.2024,إدارة العمليات العسكرية تعلن سيطرتها على كل من عيدون وتلول الحمر والجمالة وعز الدين والزيتونة شمال شرق حمص فجر_الحرية ردع_العدوان,https://syria.liveuamap.com/ar/2024/7-december-13-the-military-operations-department-announces,22719434,4 الشهر منذ
06.12.2024,سمحت العراق لأكثر من 1500 جندي وضابط سوري بدخول أراضيها عبر معبر القائم بعد فرارهم من المعارك مع فصائل المعارضة السورية.,https://syria.liveuamap.com/ar/2024/7-december-13-iraq-allowed-more-than-1500-syrian-soldiers,22719439,4 الشهر منذ
06.12.2024,إسقاط تمثال حافظ الأسد في مدينة جرمانا بريف دمشق,https://syria.liveuamap.com/ar/2024/7-december-13-hafez-alassad-statue-toppled-in-jaramana-damascus,22719421,4 الشهر منذ
06.12.2024,الفصائل العسكرية تسيطر على مقر قيادة الفرقة 26 على المدخل الشمالي لمدينة حمص,https://syria.liveuamap.com/ar/2024/7-december-13-military-factions-control-the-headquarters,22719414,4 الشهر منذ
06.12.2024,المعارضة السورية تعلن سيطرتها على بلدة المشرفة بريف #حمص الشمالي بعد اشتباكات مع قوات النظام السوري,https://syria.liveuamap.com/ar/2024/7-december-13-the-syrian-opposition-announces-its-control,22719415,4 الشهر منذ
06.12.2024,طائرة حربية سورية تقصف قرية ترملا في ريف حمص الشمالي، سوريا,https://syria.liveuamap.com/ar/2024/7-december-13-a-syrian-warplane-bombs-the-village-of-termaala,22719412,4 الشهر منذ
06.12.2024,أنباء أولية عن دخول مقاتلي المعارضة إلى داريا التي تبعد 3-4 كم عن دمشق,https://syria.liveuamap.com/ar/2024/7-december-13-initial-reports-that-opposition-fighters-have,22719413,4 الشهر منذ
06.12.2024,سيطرة المعارضة السورية على مدينة قطنا,https://syria.liveuamap.com/ar/2024/7-december-13-qatana-has-been-captured-by-the-syrian-opposition,22719410,4 الشهر منذ
06.12.2024,إدارة العمليات العسكرية تسيطر على مدينة داريا بريف دمشق.,https://syria.liveuamap.com/ar/2024/7-december-12-the-military-operations-department-takes-control,22719417,4 الشهر منذ
06.12.2024,وأوضح لافروف أن وزراء خارجية صيغة أستانا في اجتماع الدوحة دعوا إلى الحوار بين الأطراف في سوريا وأكدوا التزامهم بسيادتها.,https://syria.liveuamap.com/ar/2024/7-december-12-lavrov-stated-that-the-astana-format-ministers,22719409,4 الشهر منذ
06.12.2024,فصائل محلية موالية للثوار تسيطر على مواقع وأسلحة للنظام ومليشيات قسد الكردية بمدينة الميادين بمحافظة دير الزور شرق سوريا.حمص_تتحرردمشق,https://syria.liveuamap.com/ar/2024/7-december-12-local-factions-loyal-to-the-revolutionaries,22719432,4 الشهر منذ
06.12.2024,غرفة عمليات الجنوب تعلن محافظة درعا محررة بالكامل من قوات النظام.كسر_القيودأحرار_حوران,https://syria.liveuamap.com/ar/2024/7-december-12-the-southern-operations-room-announces-that,22719408,4 الشهر منذ
06.12.2024,إدارة العمليات العسكرية السورية تعلن سيطرتها على فرع الأمن العسكري للنظام في سعسع في ريف دمشق,https://syria.liveuamap.com/ar/2024/7-december-12-rebels-announced-the-control-over-the-governments,22719419,4 الشهر منذ
06.12.2024,"ضمن عملية فجر الحرية.. فصائل المعارضة السورية تسيطر على قرية تل أسود شرقي حلب بعد اشتباكات مع ""قوات سوريا الديمقراطية""",https://syria.liveuamap.com/ar/2024/7-december-12-syrian-opposition-factions-control-the-village,22719442,4 الشهر منذ
06.12.2024,الثورةالمقدم حسن عبدالغني الناطق باسم ردع_العدوان لإدارة العمليات العسكرية يقولبدأت قواتنا تنفيذ المرحلة الأخيرة بتطويق العاصمة دمشق,https://syria.liveuamap.com/ar/2024/7-december-12-spokesman-for-the-rebels-deterrence-of-aggression,22719407,4 الشهر منذ
06.12.2024,المعارضة السورية تسيطر على المسمامية واللواء 34 وغباغب وجميع المواقع العسكرية في محافظة درعا، وهي  في ريف دمشق وتدخل الغوطة الغربية,https://syria.liveuamap.com/ar/2024/7-december-12-syrian-opposition-have-captured-mismamiyah,22719397,4 الشهر منذ
06.12.2024,مصادر في المعارضة السورية: بدأنا عملية عسكرية خاصة من محاور عدة لدخول العاصمة دمشق,https://syria.liveuamap.com/ar/2024/7-december-12-syrian-opposition-we-have-launched-a-special,22719396,4 الشهر منذ
06.12.2024,غارات جوية من طائرات النظام على قرى السنيدة وتل خزنة وتل حسن باشا في محيط مدينة سلمية بريف حماةردع_العدوان سوريا  فجر_الحرية إدلب حمص,https://syria.liveuamap.com/ar/2024/7-december-12-airstrikes-by-government-aircraft-on-the-villages,22719400,4 الشهر منذ
06.12.2024,فصائل المعارضة السورية تسيطر على بلدة الديرخبية في ريف دمشق الغربي.ردع_العدوان,https://syria.liveuamap.com/ar/2024/7-december-12-syrian-opposition-factions-control-the-town,22719398,4 الشهر منذ
06.12.2024,اشتباكات داخل مدينة حمص في حي القصور,https://syria.liveuamap.com/ar/2024/7-december-11-clashes-inside-homs-city-in-alqusour-neighborhood,22719393,4 الشهر منذ
06.12.2024,تحرير السجناء من سجن سعسع (فرع 221) بريف دمشقدمشق_تتحرر,https://syria.liveuamap.com/ar/2024/7-december-11-freeing-prisoners-from-saasaa-prison-branch,22719392,4 الشهر منذ
06.12.2024,اشتباكات في مدينة حمص,https://syria.liveuamap.com/ar/2024/7-december-11-clashes-in-homs,22719389,4 الشهر منذ
06.12.2024,إدارة العمليات العسكرية تسيطر على اللواء 128 في منطقة القلمون بريف دمشق الشمالي,https://syria.liveuamap.com/ar/2024/7-december-11-rebels-took-control-of-the-128th-brigade-in,22719390,4 الشهر منذ
06.12.2024,يقول مجلس منبج العسكري إن الجماعات المدعومة من تركيا والجيش التركي كثفوا هجماتهم على منبج، بما في ذلك الغارات الجوية والمدفعية، مع هجمات برية من المسلحين المدعومين من تركيا. وعلى الرغم من الاشتباكات العنيفة، يقول مجلس منبج العسكري إنه صدّ الهجمات,https://syria.liveuamap.com/ar/2024/7-december-11-manbij-military-council-says-turkishbacked,22719378,4 الشهر منذ
07.12.2024,هام  حتى  مايزال العمل مستمرا للوصول إلى المعتقلين تحت الأرض في سجن صيدنايا,https://syria.liveuamap.com/ar/2024/8-december-22-work-is-still-ongoing-to-reach-the-detainees,22719966,4 الشهر منذ
07.12.2024,وزير الدفاع الأمريكي: اتفقت مع نظيري التركي على العمل لضمان أن الوضع في سوريا لا يهدد جهود هزيمة تنظيم الدولة,https://syria.liveuamap.com/ar/2024/8-december-22-us-defense-secretary-i-agreed-with-my-turkish,22719965,4 الشهر منذ
07.12.2024,غارات جوية إسرائيلية تستهدف تل الحارة غربي درعا. غارات جوية إسرائيلية تستهدف اللواء 12 والفوج 175 في مدينة إزرع,https://syria.liveuamap.com/ar/2024/8-december-22-israeli-airstrikes-target-tal-alhara-west-of,22719963,4 الشهر منذ
07.12.2024,بعد تقييم جديد، أعلن الجيش الإسرائيلي أنه سيرفع المناطق العسكرية المغلقة التي فرضها على الحدود مع سوريا في وقت سابق اليوم. كما أعلن الجيش الإسرائيلي أن المدارس في القرى الدرزية الأربع في شمال الجولان ستتمكن من فتح أبوابها غدًا كالمعتاد، بعد أن أقيمت الدروس اليوم عبر الإنترنت.,https://syria.liveuamap.com/ar/2024/8-december-21-following-a-fresh-assessment-the-israeli-army,22719958,4 الشهر منذ
07.12.2024,القوات المسلحة التركية تقصف أهدافاً لقوات سوريا الديمقراطية في قريتي طفيله وأم الخير على خط تل تمر بنيران المدفعية,https://syria.liveuamap.com/ar/2024/8-december-20-the-turkish-armed-forces-hit-the-sdf-targets,22719934,4 الشهر منذ
07.12.2024,إذاعة الجيش الإسرائيلي: إسرائيل قصفت اليوم 100 هدف في سوريا معظمها مستودعات أسلحة,https://syria.liveuamap.com/ar/2024/8-december-20-israeli-army-radio-israel-bombed-100-targets,22719943,4 الشهر منذ
07.12.2024,مراسل جيش  الاسرائيلي يدخل القنيطرة المهدمة ومدينة البعث مركز محافظة القنيطرة وعدة نقاط متاخمة لخط وقف إطلاق النارn  تحرير_سوريا سقوط_الأسد,https://syria.liveuamap.com/ar/2024/8-december-20-an-israeli-army-correspondent-enters-the-destroyed,22719951,4 الشهر منذ
07.12.2024,مراسل درعا 24: غارة من طيران حربي إســرائيلي على الكتيبة المهجورة شرقي بلدة إبطع في الريف الأوسط من محافظة درعا.المراسل: الطيران الحربي الإســرائيلي لا يكاد يغادر سماء المنطقة الغربية والشمالية من المحافظة، واستهدف العديد من المواقع العسكرية التي كان يتمركز فيها الجيـش…,https://syria.liveuamap.com/ar/2024/8-december-19-an-israeli-warplane-raided-the-abandoned-battalion,22719874,4 الشهر منذ
07.12.2024,اليمن: المكتب السياسي لحركة أنصار الله: نتابع بقلق بالغ العدوان الإسرائيلي الغادر على سوريا واحتلال مناطق وقرى جديدة وتكثيف غاراته,https://syria.liveuamap.com/ar/2024/8-december-19-houthis-political-bureau-we-follow-with-great,22719875,4 الشهر منذ
07.12.2024,العراق: نؤكد على ضرورة الحفاظ على وحدة سوريا وأمنها واستقرارها,https://syria.liveuamap.com/ar/2024/8-december-19-iraq-we-stress-the-need-to-preserve-syrias,22719872,4 الشهر منذ
07.12.2024,وبحسب مسؤول أميركي، استخدمت الولايات المتحدة قاذفات بي-52 وطائرات مقاتلة من طراز إف-15 وطائرات إيه-10 لضرب قادة داعش وعملائه ومعسكراته في وسط سوريا الأحد.,https://syria.liveuamap.com/ar/2024/8-december-19-according-to-a-us-official-the-us-used-b52,22719869,4 الشهر منذ
07.12.2024,"""نحن ندرك تمامًا أن داعش ستحاول الاستفادة من أي فراغ لإعادة تأسيس قدراتها، وإنشاء ملاذ آمن"" - بايدن ""لن نسمح بحدوث ذلك"". يقول اليوم فقط إن الولايات المتحدة نفذت عشرات الغارات الجوية ضد معسكرات داعش وعملائها",https://syria.liveuamap.com/ar/2024/8-december-19-were-clear-eyed-about-the-fact-that-isis-will,22719870,4 الشهر منذ
07.12.2024,"قال الرئيس بايدن قبل قليل: ""اليوم فقط، نفذت القوات الأميركية عشرات الضربات الجوية الدقيقة داخل سوريا استهدفت معسكرات داعش وعناصر داعش"".",https://syria.liveuamap.com/ar/2024/8-december-19-just-today-us-forces-conducted-a-dozen-precision,22719868,4 الشهر منذ
07.12.2024,أفادت أنباء عن اشتباكات بين قوات مجلسي منبج والباب العسكريين وفصائل الجيش الوطني السوري في مدينة منبج,https://syria.liveuamap.com/ar/2024/8-december-18-forces-of-manbij-and-albab-military-councils,22719926,4 الشهر منذ
07.12.2024,"""يجب محاسبة الأسد"" كما قال الرئيس بايدن في ختام تصريحاته بشأن سوريا",https://syria.liveuamap.com/ar/2024/8-december-18-assad-should-be-held-accountable-per-president,22719865,4 الشهر منذ
07.12.2024,"نفذت القوات الأميركية عشرات الغارات الجوية الدقيقة ضد معسكرات ومواقع داعش في سوريا، بحسب تصريحات الرئيس بايدن. ويقول بايدن إن الولايات المتحدة ""واضحة الرؤية"" بأن داعش سيحاول الاستفادة من الوضع في سوريا.",https://syria.liveuamap.com/ar/2024/8-december-18-us-forces-carried-out-dozens-of-precision-airstrikes,22719877,4 الشهر منذ
07.12.2024,الرئيس الأميركي: سنقوم بدعم جيران سوريا كالأردن ولبنان وإسرائيل,https://syria.liveuamap.com/ar/2024/8-december-18-us-president-we-will-support-syrias-neighbors,22719878,4 الشهر منذ
07.12.2024,"""لقد سقط نظام الأسد أخيرًا"" - @POTUS Joe Biden. يقول: ""سقوط النظام هو عمل أساسي من أعمال العدالة""، مضيفًا: ""إنها أيضًا لحظة من المخاطرة وعدم اليقين"" بالنسبة لسوريا والمنطقة.",https://syria.liveuamap.com/ar/2024/8-december-18-at-long-last-the-assad-regime-has-fallen--potus,22719866,4 الشهر منذ
07.12.2024,مصادر في الكرملين: المسؤولون الروس على اتصال مع ممثلين لفصائل المعارضة المسلحة الذين تعهدوا بضمان سلامة الدبلوماسيين والقواعد الروسية في سوريا,https://syria.liveuamap.com/ar/2024/8-december-18-kremlin-sources-russian-officials-in-contact,22719863,4 الشهر منذ
07.12.2024,"ديرالزور  مجموعة من ""مقاتلو العشائر"" في البوكمال تعلن انضمامها لعملية ردع_العدوان وتحرق رايات مليشيات قسد في المدينة والريفه وتطرد عناصر مجلس هجين العسكري التابع مليشيات قسد  منها، وتسيطر على بوابة القائم الحدودية مع العراق",https://syria.liveuamap.com/ar/2024/8-december-18-deir-ezzor-a-group-of-tribal-fighters-in-albukamal,22720380,4 الشهر منذ
07.12.2024,مسؤول إسرائيلي يقول إن إسرائيل قد تسيطر خلال الأيام المقبلة على المزيد من المناطق داخل سوريا، وتعمق هجماتها ضد أهداف استراتيجية في سوريا، لمنع وصول الأسلحة إلى أيدي المتمردين.,https://syria.liveuamap.com/ar/2024/8-december-18-israeli-official-says-that-in-the-coming-days,22719953,4 الشهر منذ
07.12.2024,وصل بشار الأسد وأفراد من عائلته إلى موسكو، بعد أن منحتهم روسيا حق اللجوء، وفق ما أفاد مصدر في الكرملين لوكالة تاس.,https://syria.liveuamap.com/ar/2024/8-december-17-bashar-alassad-and-members-of-his-family-have,22719861,4 الشهر منذ
07.12.2024,"المرصد_السوريمـ ـقـ ـتـ ـل أكثر من 25 عنصرا في منبج.. فصائل غرفة عـ ـمـ ـلـ ـيـ ـات ""فجر الحرية"" تسيطر على أحياء كبيرة في المدينة",https://syria.liveuamap.com/ar/2024/8-december-17-syrian-observatory-more-than-25-fighters-killed,22719858,4 الشهر منذ
07.12.2024,طائرات حربية مـ ـجـ ـهـ ـولـ ـة شنت 6 غارات في منطقة الشامية في ريف ديرالزور,https://syria.liveuamap.com/ar/2024/8-december-17-unknown-warplanes-launched-6-raids-in-the-alshamiya,22719856,4 الشهر منذ
07.12.2024,ويقول مسؤولون إسرائيليون وأمريكيون إن التقييم الرئيسي في الوقت الحالي هو أن الرئيس السوري السابق بشار الأسد موجود في روسيا,https://syria.liveuamap.com/ar/2024/8-december-17-israeli-and-us-officials-tell-the-main-assessment,22719851,4 الشهر منذ
07.12.2024,تجدد غارات طيران  الإسرائيلي على محيط مدينة نوى بريف درعا الغربي فيما يبدو أنه محاولة لتثبيت نقطة على تل الجموع بمحيط المدينة سوريا درعا القنيطرة ردع_العدوان,https://syria.liveuamap.com/ar/2024/8-december-17-israeli-airstrikes-resume-on-the-outskirts,22719850,4 الشهر منذ
07.12.2024,الجيش الإسرائيلي يحتل تل الحارة بريف درعا الغربي,https://syria.liveuamap.com/ar/2024/8-december-16-israeli-army-has-occupied-tal-alharra-in-western,22719857,4 الشهر منذ
07.12.2024,الجيش التركي ينفذ غارة جوية على ريف عين عيسى,https://syria.liveuamap.com/ar/2024/8-december-15-the-turkish-military-carried-out-an-airstrike,22719845,4 الشهر منذ
07.12.2024,المعارضة السورية تقول إن الجيش الأميركي أصدر تحذيراً للجيش الوطني السوري وهيئة تحرير الشام بعدم التعدي على مناطق قوات سوريا الديمقراطية في دير الزور والرقة، بما في ذلك الضفة الغربية لنهر الفرات.,https://syria.liveuamap.com/ar/2024/8-december-15-syrian-opposition-reports-that-the-united-states,22719844,4 الشهر منذ
07.12.2024,يجتمع الرئيس بايدن مع فريقه للأمن القومي صباح اليوم لمناقشة آخر التطورات في سوريا بحسب البيت الأبيض,https://syria.liveuamap.com/ar/2024/8-december-15-president-biden-is-meeting-with-his-national,22719843,4 الشهر منذ
07.12.2024,أفادت تقارير بأن المتمردين وصلوا إلى بانياس,https://syria.liveuamap.com/ar/2024/8-december-15-rebels-have-reportedly-reached-banyas,22719841,4 الشهر منذ
07.12.2024,قائد لجان الدفاع الشعبية في منبج (قوة محلية تابعة لقوات سوريا الديمقراطية): صددنا هجوم تركيا والمسلحين، وما زالت منبج بأكملها في أيدينا.,https://syria.liveuamap.com/ar/2024/8-december-15-commander-of-the-peoples-defense-committees,22719840,4 الشهر منذ
07.12.2024,غارات جوية إسرائيلية تستهدف تل الخاروف شرقي بلدة ناحتة بريف درعا الشرقي,https://syria.liveuamap.com/ar/2024/8-december-15-israeli-airstrikes-target-tal-alkharouf-east,22719838,4 الشهر منذ
07.12.2024,اندلعت حرائق ضخمة إثر غارات جوية شنها الجيش الإسرائيلي على مجمع أمني سوري يضم مباني للمخابرات والجمارك في دمشق,https://syria.liveuamap.com/ar/2024/8-december-15-massive-fires-broke-out-following-israeli-army,22719839,4 الشهر منذ
07.12.2024,غارات لطيران  الإسرائيلي تستهدف مقر الفرقة التاسعة بالصنمين بريف درعا الشمالي وعلى كتيبة الرادار في السويداء مع تحليق مكثف ومستمر لطيران الاستطلاع منذ الصباحسوريا ردع_العدوان,https://syria.liveuamap.com/ar/2024/8-december-15-israeli-air-strikes-target-the-headquarters,22719835,4 الشهر منذ
07.12.2024,مصادر سورية: طيران العدو الإسرائيلي يقصف مركز البحوث العلمية بالعاصمة دمشق,https://syria.liveuamap.com/ar/2024/8-december-15-israeli-aircraft-bombed-the-scientific-research,22719833,4 الشهر منذ
07.12.2024,تحذير  الى السكان في جنوب سوريا في القرى والبلدات التالية: أوفانيةوالقنيطرةوالحميديةوالصمدانية الغربيةوالقحطانية. القتال داخل منطقتكم يجبر جيش الدفاع على التحرك ولا ننوي المساس بكم,https://syria.liveuamap.com/ar/2024/8-december-15-israeli-army-issued-warning-to-the-residents,22719842,4 الشهر منذ
07.12.2024,الجيش الإسرائيلي على قمة جبل الشيخ السوري,https://syria.liveuamap.com/ar/2024/8-december-14-israeli-army-at-the-top-of-the-syrian-hermon,22719831,4 الشهر منذ
07.12.2024,دوي انفجارات جديدة في دمشق قرب منطقتي مطار المزة وكفرسوسة,https://syria.liveuamap.com/ar/2024/8-december-14-new-explosions-in-damascus-near-the-mezzeh,22719830,4 الشهر منذ
07.12.2024,تجدد غارات طيران  الإسرائيلي على مناطق في ريف درعا والقنيطرة وريف دمشق,https://syria.liveuamap.com/ar/2024/8-december-14-israeli-airstrikes-resume-on-areas-in-the-countryside,22719826,4 الشهر منذ
07.12.2024,اشتباكات داخل مدينة منبج بين قوات سوريا الديمقراطية والجيش الوطني السوري، وقوات سوريا الديمقراطية تشن هجوما مضادا، وسط غارات جوية تركية,https://syria.liveuamap.com/ar/2024/8-december-14-clashes-inside-manbij-city-between-sdf-and,22719828,4 الشهر منذ
07.12.2024,نتنياهو يعلن انهيار اتفاق فض الاشتباك لعام 1974 حول الجولان ويأمر بالاستيلاء على المنطقة العازلة,https://syria.liveuamap.com/ar/2024/8-december-14-netanyahu-declares-collapse-of-1974-disengagement,22719827,4 الشهر منذ
07.12.2024,طائرات حربية تركية تقصف مبنى مجلس منبج المدني,https://syria.liveuamap.com/ar/2024/8-december-14-the-turkish-warplanes-are-bombarding-the-building,22719825,4 الشهر منذ
07.12.2024,تقرير: الجيش الإسرائيلي استولى على الجزء السوري من جبل الشيخ,https://syria.liveuamap.com/ar/2024/8-december-13-report-the-israeli-army-captured-the-syrian,22719829,4 الشهر منذ
07.12.2024,القائد العسكري أحمد الشرع (الجولاني) يصل إلى دمشق - القيادة العامة,https://syria.liveuamap.com/ar/2024/8-december-13-rebels-commander-ahmed-alsharaajolani-has-arrived,22719824,4 الشهر منذ
07.12.2024,استسلام عناصر ميليشيا الأسد في جورين,https://syria.liveuamap.com/ar/2024/8-december-13-assad-militia-fighters-in-jourin-surrendered,22719823,4 الشهر منذ
07.12.2024,نتنياهو من موقع قرب الحدود السورية: لن نسمح لأي قوة  أن تستقر على حدودنا,https://israelpalestine.liveuamap.com/ar/2024/8-december-13-netanyahu-from-a-location-near-the-syrian-border,22719819,4 الشهر منذ
07.12.2024,الخارجية الإيرانية: نحترم وحدة سوريا وسيادتها الوطنية,https://syria.liveuamap.com/ar/2024/8-december-12-iranian-foreign-ministry-we-respect-syrias,22719821,4 الشهر منذ
07.12.2024,"قنوات روسية تتحدث عن وجود جنود روس في سوريا محاصرين بالكامل و""لا نتوقع أي مساعدة""",https://syria.liveuamap.com/ar/2024/8-december-12-russian-channels-report-that-there-are-russian,22719822,4 الشهر منذ
07.12.2024,الملك عبدالله الثاني: الأردن يقف إلى جانب الأشقاء السوريين ويحترم إرادتهم وخياراتهم,https://syria.liveuamap.com/ar/2024/8-december-12-king-abdullah-ii-jordan-stands-by-our-syrian,22719813,4 الشهر منذ
07.12.2024,غارات جوية يُشتبه في أنها إسرائيلية على المزة وجبل قاسيون في دمشق,https://syria.liveuamap.com/ar/2024/8-december-12-suspected-israeli-airstrikes-hit-mezzeh-and,22719812,4 الشهر منذ
07.12.2024,طائرات مسيرة تابعة للقوات المسلحة التركية تستهدف رتلاً لقوات سوريا الديمقراطية أثناء تقدمه في قرية جب عشارة جنوب منبج,https://syria.liveuamap.com/ar/2024/8-december-12-turkish-armed-forces-uavs-hit-a-sdf-convoy,22719811,4 الشهر منذ
07.12.2024,فصائل المعارضة السورية تسيطر على كامل مدينة منبج بريف حلب ضمن عملية فجر_الحريةفيديو,https://syria.liveuamap.com/ar/2024/8-december-12-syrian-opposition-factions-control-the-entire,22719805,4 الشهر منذ
07.12.2024,"دمشق: دخول أرتال لإدارة العمليات العسكرية في الشمال إلى العاصمة دمشق.
وقد أعلنت عن حظر تجوال من الساعة الرابعة عصراً حتى الساعة الخامسة صباحاً.",https://syria.liveuamap.com/ar/2024/8-december-11-damascus-convoys-of-the-military-operations,22719796,4 الشهر منذ
07.12.2024,الجيش الإسرائيلي يتوغل داخل حدود سوريا مُجدداً للمرة الثانية هذا اليوم ويصل إلى جسر الرقاد في ريف القنيطرة، وأنباء عن اعتقال عائلة كاملة في المنطقة، مع استمرار الغارات الجوية على مواقع جيش النظام السابق,https://syria.liveuamap.com/ar/2024/8-december-11-the-israeli-army-penetrates-the-syrian-borders,22719807,4 الشهر منذ
07.12.2024,قوات سوريا الديمقراطية تقول إنها تشتبك حاليا مع الجيش الوطني السوري عند مدخل مدينة منبج بعد أن كثف الفصائل هجماتها يوم الأحد – بيان,https://syria.liveuamap.com/ar/2024/8-december-11-the-sdf-says-it-is-currently-clashing-with,22719790,4 الشهر منذ
07.12.2024,قالت وزارة الخارجية الروسية إن موسكو على اتصال بجميع مجموعات المعارضة السورية وسط التصعيد في ذلك البلد.,https://syria.liveuamap.com/ar/2024/8-december-11-moscow-is-in-contact-with-all-syrian-opposition,22719794,4 الشهر منذ
07.12.2024,قوات سوريا الديمقراطية: اشتباكات عنيفة تدور حالياً على جبهات توخار وعون دادات وعرب حسن والعريمة بين مقاتلينا والمسلحين المدعومين من تركيا,https://syria.liveuamap.com/ar/2024/8-december-11-sdf-violent-clashes-are-currently-taking-place,22719855,4 الشهر منذ
07.12.2024,"أعلنت وزارة الخارجية الروسية أن القواعد العسكرية الروسية في سوريا في حالة تأهب قصوى، مشيرة إلى أنه ""لا يوجد حاليا أي تهديد خطير لأمن القواعد العسكرية الروسية في سوريا"".",https://syria.liveuamap.com/ar/2024/8-december-11-russian-military-bases-in-syria-are-on-high,22719795,4 الشهر منذ
07.12.2024,"المتحدث باسم وزارة الخارجية الإيرانية يقول إن الدبلوماسيين في السفارة الإيرانية في سوريا غادروا البعثة ""قبل دقائق"" من اقتحامها",https://syria.liveuamap.com/ar/2024/8-december-11-irans-mfa-spokesman-says-diplomats-in-the-iranian,22719789,4 الشهر منذ
07.12.2024,الخارجية الروسية: الأسد غادر الرئاسة وسوريا بعد مفاوضات مع عدد من المشاركين في الصراع السوري وأعطى أوامره بانتقال السلطة سلميا وروسيا لم تشارك في المفاوضات,https://syria.liveuamap.com/ar/2024/8-december-11-russian-foreign-ministry-assad-left-the-presidency,22719793,4 الشهر منذ
07.12.2024,غارات جوية إسرائيلية على مطار اينخل وتل الثعالب وخلخلة (أكبر قاعدة عسكرية للجيش السوري) ودرعا والسويداء.بشار_الأسد سوريا_حرة ردع_العداون دمشق_تتحرر,https://syria.liveuamap.com/ar/2024/8-december-11-israeli-air-strikes-on-inkhil-airport-tal-althaalib,22719785,4 الشهر منذ
07.12.2024,تشن إسرائيل حاليا هجوما جويا واسع النطاق في سوريا بعد سقوط الأسد، حيث يتم قصف مستودعات معدات عسكرية ثقيلة وذخيرة. شرق سوريا: غارة جوية استهدفت قبل لحظات مدينة الميادين (جنوب محافظة دير الزور),https://syria.liveuamap.com/ar/2024/8-december-11-israel-is-currently-launching-a-large-aerial,22719783,4 الشهر منذ
07.12.2024,غارات جوية إسرائيلية على محافظة السويداء وقصف مطار خلخة العسكري,https://syria.liveuamap.com/ar/2024/8-december-11-israeli-airstrikes-in-suwayda-province-khalkhakah,22719782,4 الشهر منذ
07.12.2024,قوات الثوار تدخل مدينة اللاذقية الساحلية شمال غرب سوريا وسط هتافات من الأهالي,https://syria.liveuamap.com/ar/2024/8-december-11-rebel-force-enter-the-coastal-city-of-latakia,22719786,4 الشهر منذ
07.12.2024,فصائل الجيش الوطني في عملية فجر_الحرية تسيطر مدينة منبج شرقي حلب بعد انسحاب قسد منها. نهر_ميديا,https://syria.liveuamap.com/ar/2024/8-december-11-the-national-army-factions-in-operation-dawn,22719780,4 الشهر منذ
07.12.2024,مراسل درعا 24: تعرضت كتيبة جديا شمالي مدينة إنخل، وتل الحمد غربي مدينة الشيخ مسكين في الريف الأوسط، وتل الشعار في محافظة القنيطرة لغارات من طيران حربي إسرائيلي، ومايزال الطيران في الأجواء.وكانت المدفعية الإسرائيلية قد استهدفت محيط قرية معريا وما حولها بقذائف.أضاف…,https://syria.liveuamap.com/ar/2024/8-december-11-the-jedya-battalion-north-of-the-city-of-inkhil,22719787,4 الشهر منذ
07.12.2024,يشن الجيش الوطني السوري هجوماً على منبج من عدة جهات,https://syria.liveuamap.com/ar/2024/8-december-11-sna-launched-attack-on-manbij-from-several,22719779,4 الشهر منذ
07.12.2024,الطيران الإسرائيلي يشن غارة على مطار المزة العسكري ومناطق أخرى بريف درعا و القنيطرةسوريا ردع_العداون,https://syria.liveuamap.com/ar/2024/8-december-11-reportedly-israeli-aircraft-launch-raid-on,22719777,4 الشهر منذ
07.12.2024,استهدف الطيران الإسرائيلي كتيبة الجيش في جدية المحررة حديثاً ومازال الطيران يحوم ف المنطقةدرعا : غارة للطيران الإسرائيلي على أطراف مدينة إنخل بريف درعا الغربيسوريا درعا,https://syria.liveuamap.com/ar/2024/8-december-10-israeli-aircraft-targeted-the-army-battalion,22719778,4 الشهر منذ
07.12.2024,فصائل الثوار تُحرر بلدة كسب وتسيطر على معبرها الحدودي مع تركيا,https://syria.liveuamap.com/ar/2024/8-december-10-rebel-factions-seized-the-town-of-kasab-and,22719784,4 الشهر منذ
07.12.2024,الرئيس زيلينسكي: التقيت أمس بترامب في قصر الإليزيه، وشرحت له أننا بحاجة إلى سلام عادل وعادل، لن يدمره الروس خلال عدة سنوات. الروس يفرون من سوريا، لكن هذا لا يعني أنهم لن يحاولوا جلب الموت هناك مرة أخرى. خسرت روسيا 198 ألف جندي قتيل و550 ألف جريح. خسرت أوكرانيا 43 ألف قتيل و370 ألف جريح.,https://liveuamap.com/ar/2024/8-december-10-president-zelensky-yesterday-met-trump-in-elysee,22719781,4 الشهر منذ
07.12.2024,القاعدة الروسية في بلدة العريمة بريف منبج سقطت بيد الجيش الوطني السوري,https://syria.liveuamap.com/ar/2024/8-december-10-the-russian-base-in-the-town-of-arima-in-the,22719791,4 الشهر منذ
07.12.2024,انفجار دبابة أسفل المتحلق الجنوبي في دمشق,https://syria.liveuamap.com/ar/2024/8-december-10-tank-explosion-under-the-southern-ring-road,22719788,4 الشهر منذ
07.12.2024,بناء على تقييم الوضع في القيادة الشمالية تقرر انه في أربع سلطات محلية درزية في شمال هضبة الجولان هي بقعاتا وعين قنية ومسعدة ومجدل شمس ستكون الدراسة اليوم عن بعد. لم يطرأ تغيير على انتظام الدراسة في روضات الأطفال. في باقي مناطق هضبة الجولان الدراسة تنتظم كالمعتاد. nnكما وفي ضوء تقييم الوضع تقرر فرض منطقة عسكرية مغلقة ابتداء من اليوم في المناطق الزراعية في منطقة ماروم جولان-عين زيفان وبقعاتا-خربة عين حور. nnسيتم تقييد دخول المزارعين إلى مناطق معينة وفق حاجات جيش الدفاع وذلك لعدة ساعات وبتنسيق كامل مع لواء 474 الإقليمي. nيوضح جيش الدفاع ان الدخول إلى هذه المناطق ممنوع,https://syria.liveuamap.com/ar/2024/8-december-09-israeli-army-based-on-the-assessment-of-the,22719832,4 الشهر منذ
07.12.2024,أنباء عن تسلل عناصر من الجيش الوطني السوري إلى منبج وترحيب الأهالي بهم,https://syria.liveuamap.com/ar/2024/8-december-09-reportedly-sna-infiltrated-in-manbij-and-welcomed,22719792,4 الشهر منذ
07.12.2024,قصفت القوات المسلحة التركية بنيران المدفعية أهدافاً لقوات سوريا الديمقراطية في قرى عفن ديديت وتوخار ودرش شمال منبج.,https://syria.liveuamap.com/ar/2024/8-december-08-the-turkish-armed-forces-hit-sdf-targets-in,22719748,4 الشهر منذ
07.12.2024,شاشة التلفزيون الرسمي السوري: انتصار الثورة السورية العظيمة وإسقاط نظام الأسد,https://syria.liveuamap.com/ar/2024/8-december-08-syrian-state-tv-screen-the-victory-of-the-great,22719747,4 الشهر منذ
07.12.2024,بدء وصول أرتال غرفة عمليات ردع العدوان مع عناصر الأمن العام لضبط الفوضى في دمشق مع نية الإعلان مساءً عن حظر تجوال لضبط الأمن في العاصمة  دمشق ردع_العداون,https://syria.liveuamap.com/ar/2024/8-december-08-the-convoys-of-the-deterrence-of-aggression,22719745,4 الشهر منذ
07.12.2024,أهالي القامشلي يقتحمون مقر حكومة الأسد ومطار المدينة,https://syria.liveuamap.com/ar/2024/8-december-08-people-of-qamshli-stormed-the-assad-government,22719737,4 الشهر منذ
07.12.2024,محتجون يقتحمون السفارة الإيرانية في دمشق,https://syria.liveuamap.com/ar/2024/8-december-07--irans-embassy-in-damascus-is-being-stormed,22719692,4 الشهر منذ
07.12.2024,الجيش الإسرائيلي: نشرنا قوات في المنطقة العازلة وعدة نقاط هامة للدفاع في ضوء الأحداث في سوريا,https://syria.liveuamap.com/ar/2024/8-december-06-israeli-army-we-deployed-forces-in-the-buffer,22719680,4 الشهر منذ
07.12.2024,"قائد قوات سوريا الديمقراطية: نعيش لحظات ""تاريخية"" مع سقوط النظام الاستبدادي",https://syria.liveuamap.com/ar/2024/8-december-06-sdf-commander-we-are-living-historic-moments,22719679,4 الشهر منذ
07.12.2024,تحديث - جميع الأنباء المتداولة عن انسحاب قوات مجلس دير الزور العسكري من مدينة دير الزور كاذبة، القوات تواصل مهامها في حماية المنطقة وأهلها,https://syria.liveuamap.com/ar/2024/8-december-06-statement-all-the-news-circulating-about-the,22719677,4 الشهر منذ
07.12.2024,سجون مطار المزة  كم قُتل فيها ناس وثوار,https://syria.liveuamap.com/ar/2024/8-december-06-mezzeh-airport-prisons-liberated,22719676,4 الشهر منذ
07.12.2024,"ثوار سوريا: ""مدينة دمشق تحررت وأسقط الطاغية بشار الأسد وأفرج عن كل المعتقلين ظلماً""",https://syria.liveuamap.com/ar/2024/8-december-06-syrian-rebels-the-city-of-damascus-has-been,22719683,4 الشهر منذ
07.12.2024,المعارضة في البيان رقم 1 من دمشق: نعلن سقوط الأسد,https://syria.liveuamap.com/ar/2024/8-december-05-opposition-in-statement-no-1-from-damascus,22719678,4 الشهر منذ
07.12.2024,إدارة_العمليات_العسكرية   المقدم حسن عبد الغني: قواتنا تتقدم في ريف دير الزور الغربي,https://syria.liveuamap.com/ar/2024/8-december-04-military-operations-directorate-lieutenant,22719682,4 الشهر منذ
07.12.2024,إدارة العمليات العسكرية:  الطاغية بشار الأسد هرب  نعلن مدينة دمشق حرة من الطاغية بشار الأسد   هذه اللحظة التي طالما انتظرها المهجرون والأسرى، لحظة العودة إلى الديار ولحظة الحرية بعد عقود من القهر والمعاناة.  إلى المهجرين في كافة أنحاء العالم، سوريا الحرة تنتظركم,https://syria.liveuamap.com/ar/2024/8-december-03-military-operations-command-the-tyrant-bashar,22719675,4 الشهر منذ
07.12.2024,المعارضة السورية المسلحة: الشعب السوري الحر أسقط بشار_الأسد,https://syria.liveuamap.com/ar/2024/8-december-03-syrian-armed-opposition-the-free-syrian-people,22719673,4 الشهر منذ
07.12.2024,المرصد للحدث: قيادة الجيش السوري أبلغت ضباطها وجنودها بسقوط النظام,https://syria.liveuamap.com/ar/2024/8-december-02-alhadath-sources-the-syrian-army-command-informed,22719672,4 الشهر منذ
07.12.2024,وصول طائرة سورية يعتقد أنها تحمل الرئيس السابق بشار الاسد إلى مطار بالقرب من الحدود اللبنانية,https://syria.liveuamap.com/ar/2024/8-december-02-a-syrian-plane-from-damascus-descended-near,22719671,4 الشهر منذ
07.12.2024,الأن ساحة الأمويين في دمشق,https://syria.liveuamap.com/ar/2024/8-december-02-now-umayyad-square-in-damascus,22719667,4 الشهر منذ
07.12.2024,اشتباكات عنيفة جداً في دمشق  بالقرب من أحد مقرات الجيش في أبو رمانة,https://syria.liveuamap.com/ar/2024/8-december-02-very-heavy-clashes-in-damascus-now-near-an,22719662,4 الشهر منذ
07.12.2024,طائرة سورية قادمة من دمشق باتجاه الساحل السوري,https://syria.liveuamap.com/ar/2024/8-december-02-syrian-air-plane-from-damascus-is-flying-towards,22719663,4 الشهر منذ
07.12.2024,رويترز عن مسؤولين سوريين رفيعي المستوى: بشار الأسد غادر دمشق إلى وجهة غير معلومة,https://syria.liveuamap.com/ar/2024/8-december-02-reuters-citing-senior-syrian-officials-bashar,22719661,4 الشهر منذ
07.12.2024,وسائل إعلام سورية: اشتباكات وإطلاق نار بمحيط بلدة السيدة زينب جنوب العاصمة دمشق,https://syria.liveuamap.com/ar/2024/8-december-02-clashes-and-gunfire-around-the-town-of-sayyida,22719659,4 الشهر منذ
07.12.2024,إدارة العمليات العسكرية تدخل مبنى الإذاعة والتلفزيون لإذاعة بيان انتهاء حكم الأسد,https://syria.liveuamap.com/ar/2024/8-december-02-rebels-military-operations-department-enters,22719657,4 الشهر منذ
07.12.2024,فصائل الثوار تدخل مدينة مصياف غربي حماة دون قتال   حلب_ ردع_العدوان فجر_الحرية غرفة_عمليات_الجنوب غرفة_عمليات_السويداء,https://syria.liveuamap.com/ar/2024/8-december-01-rebel-factions-enter-the-city-of-masyaf-west,22719656,4 الشهر منذ
07.12.2024,إدارة العمليات العسكرية السورية: حررنا السجناء في سجن صيدنايا,https://syria.liveuamap.com/ar/2024/8-december-01-rebels-we-have-freed-prisoners-in-sednaya-prison,22719658,4 الشهر منذ
08.12.2024,قصف عنيف يعتقد أنه إسرائيلي يستهدف مستودعات ذخيرة بالقرب من سلمية بريف حماة الشرقي,https://syria.liveuamap.com/ar/2024/9-december-22-heavy-shelling-believed-to-be-israeli-targets,22720366,4 الشهر منذ
08.12.2024,بيان الخوذ البيضاء حول انتهاء عمليات البحث عن المعتقلين المتبقين المحتملين في الزنازين والأقبية السرية في سجن صيدنايا,https://syria.liveuamap.com/ar/2024/9-december-22-white-helmets-statement-on-the-conclusion-of,22720365,4 الشهر منذ
08.12.2024,ثوار سوريون يسلمون السيطرة على مدينة منبج للجيش والشرطة المدنية,https://syria.liveuamap.com/ar/2024/9-december-22-syrian-rebels-hand-over-the-control-of-the,22720364,4 الشهر منذ
08.12.2024,حزب الله: ندعو العالمين العربي والإسلامي للوقوف بوجه الاعتداءات الإسرائيلية,https://syria.liveuamap.com/ar/2024/9-december-22-hezbollah-we-call-on-the-arab-and-islamic-worlds,22720363,4 الشهر منذ
08.12.2024,الغارات الإسرائيلية لا تتوقف على محافظة حمص مع تحليق مكثف للطيران,https://syria.liveuamap.com/ar/2024/9-december-22-israeli-raids-do-not-stop-in-homs-province,22720362,4 الشهر منذ
08.12.2024,الطائرات الإسرائيلية تقصف اللواء 90 شمالي القنيطرة,https://syria.liveuamap.com/ar/2024/9-december-21-israeli-aircraft-bomb-the-90th-brigade-north,22720343,4 الشهر منذ
08.12.2024,رتل من المعارضة المسلحة يصل إلى الجانب السوري من معبر جوسية مع لبنانnفيديو,https://syria.liveuamap.com/ar/2024/9-december-21-a-convoy-of-armed-opposition-arrives-at-the,22720341,4 الشهر منذ
08.12.2024,البيت الأبيض: الرئيس بايدن وإدارته يعملون على دعم الشعب السوري في انتقاله من نظام وحشي إلى سوريا مستقلة,https://syria.liveuamap.com/ar/2024/9-december-21-white-house-president-biden-and-his-administration,22720339,4 الشهر منذ
08.12.2024,فيديو يظهر محاولات البحث عن مناطق جديدة في سجن صيدنايا، كما تم إرسال فريق تركي من الخبراء في عمليات البحث والإنقاذ إلى الموقع,https://syria.liveuamap.com/ar/2024/9-december-20-attempts-to-find-new-areas-in-saydnayah-prison,22720338,4 الشهر منذ
08.12.2024,الخارجية السعودية: الاعتداءات الإسرائيلية على الأراضي السورية تهدد فرص استعادة الأمن والاستقرار ووحدة الأراضي السورية,https://syria.liveuamap.com/ar/2024/9-december-20-saudi-foreign-ministry-israeli-attacks-on-syrian,22720334,4 الشهر منذ
08.12.2024,"الولايات المتحدة: توغل إسرائيل داخل المنطقة العازلة في الجولان ينبغي أن يكون ""موقتا""",https://syria.liveuamap.com/ar/2024/9-december-20-us-israeli-incursion-into-golan-buffer-zone,22720335,4 الشهر منذ
08.12.2024,الخارجية السعودية: إسرائيل مستمرة في انتهاك قواعد القانون الدولي,https://syria.liveuamap.com/ar/2024/9-december-20-saudi-foreign-ministry-israel-continues-to,22720331,4 الشهر منذ
08.12.2024,عُثر في سجن صيدنايا على جثة الناشط السوري الشهير مازن الحمادة، والذي تعرض للتعذيب في عام 2012 قبل إطلاق سراحه ومغادرته سوريا، واختفى مازن في عام 2020 بعد إرغامه من قبل حكومة الأسد على العودة إلى سوريا,https://syria.liveuamap.com/ar/2024/9-december-20-the-body-of-famous-syrian-activist-mazen-alhamada,22720340,4 الشهر منذ
08.12.2024,إصابة شخص بجروح خطيرة في القامشلي جراء قصف إسرائيليطائرات إسرائيلية تستهدف بعدة غارات جوية أنظمة دفاع جوي في مطار القامشلي شمال الحسكة شمال شرق سوريا,https://syria.liveuamap.com/ar/2024/9-december-20-a-person-was-seriously-injured-in-qamishli,22720326,4 الشهر منذ
08.12.2024,"إسرائيل تبلغ الأمم المتحدة أنها اتخذت ""إجراءات مؤقتة ومحدودة"" في سوريا لمواجهة أي تهديد على مواطنيها خاصة في الجولان",https://syria.liveuamap.com/ar/2024/9-december-19-israel-tells-un-it-has-taken-temporary-and,22720318,4 الشهر منذ
08.12.2024,غارات جوية عنيفة تستهدف مقر الفوج 54 (فوج طرطب) بمحيط مدينة القامشلي بمحافظة الحسكة شمال شرق سوريا الحسكة   سوريا,https://syria.liveuamap.com/ar/2024/9-december-19-violent-air-strikes-target-the-headquarters,22720311,4 الشهر منذ
08.12.2024,إسرائيل تقصف مستودعات عسكرية سورية في القامشلي,https://syria.liveuamap.com/ar/2024/9-december-19-israel-bombed-syrian-military-warehouses-in,22720319,4 الشهر منذ
08.12.2024,طيران العدو الإسرائيلي يشن للمرة الثالثة غارات جوية تستهدف المعسكرات في بلدة منين بريف دمشق,https://syria.liveuamap.com/ar/2024/9-december-19-israeli-aircraft-launch-air-strikes-for-the,22720300,4 الشهر منذ
08.12.2024,مصادر سورية: طيران العدو الإسرائيلي يشن غارات على معامل الدفاع الجوي في مصياف شمال سوريا,https://syria.liveuamap.com/ar/2024/9-december-19-israeli-aircraft-launch-raids-on-air-defense,22720267,4 الشهر منذ
08.12.2024,غارات إسرائيلية على سوريا تستهدف مطار الشعيرات بريف حمص,https://syria.liveuamap.com/ar/2024/9-december-19-israeli-strikes-on-syria-target-alshairat-airport,22720265,4 الشهر منذ
08.12.2024,غارات إسرائيلية على سوريا تستهدف معامل دفاعية في مدينة مصياف بريف حماة,https://syria.liveuamap.com/ar/2024/9-december-19-israeli-strikes-on-syria-target-defense-factories,22720259,4 الشهر منذ
08.12.2024,قصف إسرائيلي يستهدف قطعا بحرية سورية في ميناء اللاذقيةسورياالعربية,https://syria.liveuamap.com/ar/2024/9-december-19-israeli-bombing-targets-syrian-naval-vessels,22720263,4 الشهر منذ
08.12.2024,أفادت تقارير أن غارات جوية إسرائيلية استهدفت مواقع تابعة لمركز الدراسات والبحوث العلمية السوري مرتبطة بتطوير الأسلحة الكيميائية والصواريخ الباليستية في برزة بدمشق ومصياف بحماة.,https://syria.liveuamap.com/ar/2024/9-december-19-israeli-airstrikes-reportedly-hit-syrian-scientific,22720261,4 الشهر منذ
08.12.2024,الجزيرة: قصفت طائرات حربية إسرائيلية، الليلة الماضية، مناطق متفرقة من سوريا، بما في ذلك ميناء اللاذقية وحمص وحماة وطرطوس، بالإضافة إلى منطقتي الزينبية وبرزة في دمشق.,https://syria.liveuamap.com/ar/2024/9-december-19-al-jazeera-tonight-israeli-warplanes-bombed,22720257,4 الشهر منذ
08.12.2024,مصادر خاصة لـ  : غارات إسرائيلية عنيفة على مطار القامشلي ومحيطه سوريا_حرة سقوط_الأسد,https://syria.liveuamap.com/ar/2024/9-december-19-violent-israeli-raids-on-qamishli-airport-and,22720264,4 الشهر منذ
08.12.2024,غارات جوية إسرائيليعنيفة تستهدف مدينة جبلة بريف اللاذقية السورية,https://syria.liveuamap.com/ar/2024/9-december-19-violent-israeli-airstrikes-target-the-city,22720262,4 الشهر منذ
08.12.2024,مصادر العربية: الغارات على دمشق استهدفت منطقة يعفور ومقر إدارة الحرب الإلكترونية,https://syria.liveuamap.com/ar/2024/9-december-19-the-raids-on-damascus-targeted-the-yafour-area,22720297,4 الشهر منذ
08.12.2024,أفادت تقارير عن غارات جوية إسرائيلية إضافية في دمشق، على فرع لمركز الدراسات والبحوث العلمية السوري، الذي ارتبط بالأسلحة الكيميائية للأسد.,https://syria.liveuamap.com/ar/2024/9-december-19-additional-israeli-airstrikes-are-reported,22720266,4 الشهر منذ
08.12.2024,مراسل  عدوان إسرائيلي استهدف منطقة شنشار جنوبي حمص السورية,https://syria.liveuamap.com/ar/2024/9-december-19-reporter-of-israeli-aggression-targeting-shinshar,22720279,4 الشهر منذ
08.12.2024,"مصادر العربية: غارات إسرائيلية متتالية على مطار ""عقربة"" على طريق مطار دمشق الدولي",https://syria.liveuamap.com/ar/2024/9-december-18-successive-israeli-raids-on-aqraba-airport,22720320,4 الشهر منذ
08.12.2024,اليوم، 9 ديسمبر، التقى قائد القيادة المركزية الأمريكية الجنرال كوريلا مع اللواء يوسف الحنيطي، رئيس هيئة الأركان المشتركة الأردنية، في عمان، الأردن، وناقشا الجهود الرامية إلى تعزيز التعاون الإقليمي والأمن، وتعزيز التعاون العسكري بين الولايات المتحدة والأردن، فضلاً عن الوضع المتغير بسرعة على الأرض في سوريا. لطالما كان الأردن شريكًا استراتيجيًا موثوقًا به للسلام والاستقرار في المنطقة، وأكد الجنرال كوريلا التزام الولايات المتحدة بدعم الأردن في حالة ظهور أي تهديدات من سوريا خلال فترة الانتقال الحالية.,https://syria.liveuamap.com/ar/2024/9-december-18-today-dec-9-uscentcom-commander-gen-kurilla,22720361,4 الشهر منذ
08.12.2024,الأمم المتحدة: إسرائيل انتهكت اتفاق 1974 بسيطرتها على المنطقة العازلة في الجولان,https://syria.liveuamap.com/ar/2024/9-december-18-un-israel-violated-1974-agreement-by-controlling,22720328,4 الشهر منذ
08.12.2024,قال مصدر في المعارضة السورية لرويترز إن الولايات المتحدة وتركيا توصلتا إلى اتفاق يقضي بانسحاب القوات الكردية المدعومة من الولايات المتحدة، والمعروفة باسم قوات سوريا الديمقراطية (قسد)، من مدينة منبج المحاصرة.,https://syria.liveuamap.com/ar/2024/9-december-18-a-syrian-opposition-source-has-told-reuters,22720345,4 الشهر منذ
08.12.2024,المعارضة تسيطر رسمياََ على مخيم اليرموك..النظام غير اسم المخيم الى شارع بمحاولة لانهاء الوجود الفلسطيني بالجنوب الدمشقي عموماََ و بمخيم اليرموك خصوصاََ,https://syria.liveuamap.com/ar/2024/9-december-17-the-opposition-officially-controls-yarmouk,22720332,4 الشهر منذ
08.12.2024,غارات إسرائيلية تستهدف مواقع عسكرية في مدينة اللاذقية تزامنا مع سيطرة إدارة العمليات العسكرية على المدينة,https://syria.liveuamap.com/ar/2024/9-december-17-israeli-raids-target-military-sites-in-latakia,22720254,4 الشهر منذ
08.12.2024,عثر مراسلو الأناضول، الذين يتابعون فرق الإنقاذ التابعة للخوذ البيضاء السورية، على غرف مليئة بمئات الأحذية المهملة وغيرها من الملابس في سجن صيدنايا التابع للأسد.,https://syria.liveuamap.com/ar/2024/9-december-17-reporters-from-anadolu-following-syrian-white,22720329,4 الشهر منذ
08.12.2024,الخارجية العراقية: استيلاء إسرائيل على المنطقة العازلة في سوريا يمثل انتهاكا للقانون الدولي,https://syria.liveuamap.com/ar/2024/9-december-17-iraqi-foreign-ministry-israels-seizure-of-buffer,22720252,4 الشهر منذ
08.12.2024,تعلن إدارة العمليات العسكرية العفو العام عن جميع العسكريين المجندين تحت الخدمة الإلزامية، فلهم الأمان على أرواحهم ويُمنع التعدي عليهم.إدارة_العمليات_العسكرية ردع_العدوان,https://syria.liveuamap.com/ar/2024/9-december-17-the-military-operations-department-announces,22720249,4 الشهر منذ
08.12.2024,الرئيس التركي أردوغان بشأن عودة اللاجئين السوريين: نفتح معبر يايلاداغ الحدودي أمام المعابر من أجل منع الازدحام وتسهيل حركة المرور,https://syria.liveuamap.com/ar/2024/9-december-16-turkish-president-erdoan-on-return-of-syrian,22720244,4 الشهر منذ
08.12.2024,"الرئيس التركي أردوغان: ""مع استقرار سوريا ستزداد أيضًا العودة الطوعية والآمنة والشرفية والمنتظمة للاجئين""",https://syria.liveuamap.com/ar/2024/9-december-16-president-of-turkiye-erdoan-as-syria-gains,22720246,4 الشهر منذ
08.12.2024,الرئيس التركي أردوغان: نرحب بتطهير تل رفعت ومنبج من المسلحين، اللتين ظلتا تحت احتلال المنظمة الانفصالية لسنوات رغم الوعود التي قدمت لها.,https://syria.liveuamap.com/ar/2024/9-december-16-turkish-president-erdoan-we-welcome-the-clearing,22720240,4 الشهر منذ
08.12.2024,الثوار من وسط طرطوس الان …,https://syria.liveuamap.com/ar/2024/9-december-16-rebels-are-in-the-center-of-tartous-now,22720239,4 الشهر منذ
08.12.2024,إذاعة الجيش الإسرائيلي: سلاح الجو شن اليوم أكثر من 150 غارة داخل الأراضي السورية,https://syria.liveuamap.com/ar/2024/9-december-16-israeli-army-radio-the-air-force-launched-more,22720235,4 الشهر منذ
08.12.2024,قوات خاصة من قوات سوريا الديمقراطية تنفذ مداهمات في مدينة دير الزور,https://syria.liveuamap.com/ar/2024/9-december-16-sdf-special-forces-is-carrying-raids-in-deir,22720237,4 الشهر منذ
08.12.2024,جنوب سوريا: مقتل شخصين على الأقل في الغارات الجوية الإسرائيلية على محافظة السويداء، بينهم شيخ محلي قُتل داخل مطار خلخلة، ويبدو أنه كان في ملجأ الطائرات الذي تعرض للقصف.,https://syria.liveuamap.com/ar/2024/9-december-15-south-syria-at-least-2-people-were-killed-in,22720228,4 الشهر منذ
08.12.2024,وزارة الداخلية الفرنسية: نعمل على تعليق طلبات اللجوء المقدمة من السوريين بعد سقوط الأسد,https://syria.liveuamap.com/ar/2024/9-december-15-french-interior-ministry-we-are-working-to,22720225,4 الشهر منذ
08.12.2024,الولايات المتحدة تفرض عقوبات على فواز الأخرة والد زوجة الأسد المقيم في لندن,https://syria.liveuamap.com/ar/2024/9-december-15-us-sanctions-assads-londonbased-fatherinlaw,22720223,4 الشهر منذ
08.12.2024,غارة إسرائيلية تستهدف منطقة التل في ريف دمشق (الجزيرة),https://syria.liveuamap.com/ar/2024/9-december-15-israeli-raid-targets-altall-area-in-the-damascus,22720218,4 الشهر منذ
08.12.2024,لقاء قيادات المعارضة (الجيش الوطني السوري) مع قيادات مسيحية في محردة والسقيلبية - بلدتين مسيحيتين في ريف حماة,https://syria.liveuamap.com/ar/2024/9-december-14-opposition-leaders-sna-meeting-with-christian,22720210,4 الشهر منذ
08.12.2024,"""اشتباكات عنيفة في دير الزور بين قوات سوريا الديمقراطية (قسد) ومتظاهرين، وسط تصاعد التوتر في المنطقة، والأوضاع تزداد تعقيداً",https://syria.liveuamap.com/ar/2024/9-december-14-violent-clashes-in-deir-ezzor-between-the-syrian,22720215,4 الشهر منذ
08.12.2024,الحدث: غارة جوية جديدة لمواقع عسكرية بمحيط سجن_صيدنايا,https://syria.liveuamap.com/ar/2024/9-december-14-new-airstrike-on-military-sites-around-sednaya,22720208,4 الشهر منذ
08.12.2024,مراسل حلب اليوم: مقتل الشاب حمزة أنور الجاسم برصاص قسد في بلدة تل الكرامة شرق الرقة لترتفع حصيلة الضحايا الذين قتلوا برصاص قسد في بلدة تل الكرامة إلى 4 أشخاص,https://syria.liveuamap.com/ar/2024/9-december-14-the-young-man-hamza-anwar-aljassem-was-killed,22720205,4 الشهر منذ
08.12.2024,مصادر خاصة: غارات إسرائيلية على معسكرات خاصة بتخزين الأسلحة بتل منين في ريف دمشق  سقوط_الأسد سوريا_حرة,https://syria.liveuamap.com/ar/2024/9-december-14-israeli-raids-on-weapons-storage-camps-in-tal,22720201,4 الشهر منذ
08.12.2024,سورياادارة العمليات العسكرية تسيطر على كباجب جنوبي دير الزور وتتجه للشولا,https://syria.liveuamap.com/ar/2024/9-december-14-rebels-took-control-of-kabajib-south-of-deir,22720198,4 الشهر منذ
08.12.2024,غارة إسرائيلية على مقر اللواء 55 دفاع جوي في ريف دمشق,https://syria.liveuamap.com/ar/2024/9-december-14-israeli-raid-on-the-headquarters-of-the-55th,22720209,4 الشهر منذ
08.12.2024,الإسرائيلي يشن غارات جوية على اللواء 112 شرقي نوى بـ درعا,https://syria.liveuamap.com/ar/2024/9-december-13-israeli-airstrikes-on-112th-brigade-east-of,22720212,4 الشهر منذ
08.12.2024,انتشر على تطبيق واتساب السوري فيديو صادم لإعدام سليمان الأسد ابن عم بشار الأسد في إحدى الساحات العامة في اللاذقية.,https://syria.liveuamap.com/ar/2024/9-december-13-a-graphic-video-of-soluiman-al-assad-bashars,22720243,4 الشهر منذ
08.12.2024,في يوم سقوط نظام الأسد، انتشرت أنباء عن اقتياد مجموعة من المعتقلين من صيدنايا إلى جهة مجهولة، واليوم، عثرت مجموعة من الثوار على غرفة سرية في مشفى حرستا الواقع في ريف دمشق، حيث عثروا على جثث هؤلاء المعتقلين، وكل منهم يحمل بطاقة هوية.,https://syria.liveuamap.com/ar/2024/9-december-13-on-the-day-the-assad-regime-fell-news-circulated,22720192,4 الشهر منذ
08.12.2024,جنوب سوريا: غارات جوية إسرائيلية عنيفة تستهدف اللواء 121 في كناكر جنوب غرب دمشق,https://syria.liveuamap.com/ar/2024/9-december-13-south-syria-heavy-israeli-airstrikes-against,22720189,4 الشهر منذ
08.12.2024,"مراسل درعا 24: مقتل كلاً من ""هاني صالح مخلوف"" و""صالح أحمد مخلوف"" وإصابة ""أحمد صالح مخلوف"" بحروق من الدرجة الثالثة، جراء الغارات الإسرائيلية التي استهدفت اللواء 12 في محيط مدينة إزرع في الريف الأوسط من محافظة درعا، حيث كانوا يتواجدون هناك، وهم مدنيون وينحدرون من إزرع.درعا إزرع…",https://syria.liveuamap.com/ar/2024/9-december-13-both-hani-saleh-makhlouf-and-saleh-ahmed-makhlouf,22720187,4 الشهر منذ
08.12.2024,المرصد السوري: إسرائيل شنت غارات على مستودعات ذخيرة في طرطوس واللاذقية,https://syria.liveuamap.com/ar/2024/9-december-13-israel-launched-raids-on-ammunition-depots,22720191,4 الشهر منذ
08.12.2024,غارة إسرائيلية جديدة في محيط سجن_صيدناياسوريا,https://syria.liveuamap.com/ar/2024/9-december-13-new-israeli-raid-in-the-vicinity-of-sednaya,22720188,4 الشهر منذ
08.12.2024,كثافة كبيرة من النازحين السوريين على معبر المصنع الحدودي مع لبنان,https://syria.liveuamap.com/ar/2024/9-december-13-a-large-number-of-displaced-syrians-at-the,22720185,4 الشهر منذ
08.12.2024,مقاتلون من الفصائل المدعومة من تركيا وصلوا إلى منطقة جسر قره قوزاق,https://syria.liveuamap.com/ar/2024/9-december-13-fighters-from-turkishbacked-factions-have-reached,22720200,4 الشهر منذ
08.12.2024,أسرى مليشيات النظام من معسكر جورين الارهابي بيد الثوارمعسكر جورين كان سبباً بقتل وتهجير ألالف المدنيين وتدمير مئات البيوت في جبل الزاويةسورياحرة,https://syria.liveuamap.com/ar/2024/9-december-12-rebels-have-released-prisonesr-from-jorin-camp,22720186,4 الشهر منذ
08.12.2024,"إسرائيل تشن غارات على المعابر الحدودية بين لبنان وسوريا بزعم استهداف ""أنفاق لتهريب السلاح""",https://syria.liveuamap.com/ar/2024/9-december-12-israel-launches-raids-on-border-crossings-between,22720166,4 الشهر منذ
08.12.2024,الجيش الإسرائيلي: قوات المظلات تدخل المنطقة العازلة في سوريا,https://syria.liveuamap.com/ar/2024/9-december-12-israeli-army-paratroopers-enter-buffer-zone,22720160,4 الشهر منذ
08.12.2024,دخول ارتال إدارة العمليات العسكرية إلى مدينة #الميادين في محافظة #دير_الزور وسط استقبال كبير من الأهالي في المدينة بعد طرد ميليشيات #إيران و #قسد أسد,https://syria.liveuamap.com/ar/2024/9-december-12-military-operations-administration-convoys,22720153,4 الشهر منذ
08.12.2024,سورياnالمعارضة السورية تكلف رئيس وزراء حكومة الانقذا المهندس محمد البشير بتشكيل حكومة انتقالية,https://syria.liveuamap.com/ar/2024/9-december-12-the-syrian-opposition-assigns-the-prime-minister,22720149,4 الشهر منذ
08.12.2024,ديرالزور المتظاهرون يهتفون بوجه ميليشيات الكرد الإنفصالية قسد الشعب يريد دخول الجيش الحر,https://syria.liveuamap.com/ar/2024/9-december-12-deir-ezzor-protesters-chant-against-sdf-the,22720141,4 الشهر منذ
08.12.2024,"أصدر الجيش الإسرائيلي لقطات جديدة تظهر انتشار لواء المظليين في المنطقة العازلة على الحدود بين إسرائيل وسوريا. بالأمس، بدأت فرقة ""باشان"" الإقليمية 210 التابعة للجيش الإسرائيلي، والمكلفة بمنطقة مرتفعات الجولان، في نشر قوات في المنطقة العازلة داخل الأراضي السورية، بما في ذلك أعلى الجانب السوري من جبل الشيخ.",https://syria.liveuamap.com/ar/2024/9-december-12-the-israeli-army-releases-new-footage-showing,22720139,4 الشهر منذ
08.12.2024,الخارجية المصرية: ندين استمرار احتلال إسرائيل للأراضي السورية,https://syria.liveuamap.com/ar/2024/9-december-11-egyptian-foreign-ministry-we-condemn-israels,22720137,4 الشهر منذ
08.12.2024,قال متحدث باسم المكتب الاتحادي للهجرة واللاجئين في ألمانيا لوكالة الأنباء الألمانية (د.ب.أ) إن ألمانيا أوقفت اتخاذ القرارات بشأن طلبات اللجوء المقدمة من المواطنين السوريين بعد فرار الرئيس السوري السابق بشار الأسد من البلاد.,https://syria.liveuamap.com/ar/2024/9-december-11-germany-is-halting-decisions-on-asylum-applications,22720145,4 الشهر منذ
08.12.2024,المرصد السوري: غارات إسرائيلية تستهدف مواقع شمال مدينة قارة في القلمون بريف دمشق,https://syria.liveuamap.com/ar/2024/9-december-11-israeli-raids-target-sites-north-of-qara-city,22720142,4 الشهر منذ
08.12.2024,المرصد السوري: غارات إسرائيلية تستهدف مستودعات أسلحة بقرية عين منين التابعة لمنطقة التل شمال دمشق,https://syria.liveuamap.com/ar/2024/9-december-11-israeli-raids-target-weapons-depots-in-ain,22720136,4 الشهر منذ
08.12.2024,طائرات بدون طيار تابعة للقوات المسلحة التركية تقصف أهدافاً لقوات سوريا الديمقراطية في ريف كوباني,https://syria.liveuamap.com/ar/2024/9-december-11-turkish-armed-forces-uavs-hit-sdf-targets-in,22720133,4 الشهر منذ
08.12.2024,غارة جوية على كتيبة الدفاع الجوي في منطقة معلولا بريف دمشق,https://syria.liveuamap.com/ar/2024/9-december-11-an-air-strike-on-the-air-defense-battalion,22720134,4 الشهر منذ
08.12.2024,وثورة شعبية في مدينة مسكنة شرق حلب لطرد ميليشيا قسد من المنطقة,https://syria.liveuamap.com/ar/2024/9-december-11-clashes-in-the-city-of-maskanah-east-of-aleppo,22720128,4 الشهر منذ
08.12.2024,غارة اسرائيلية في محيط صيدانيا,https://syria.liveuamap.com/ar/2024/9-december-11-israeli-raid-in-the-vicinity-of-saidaniya,22720129,4 الشهر منذ
08.12.2024,تمشيط الربيعة ومصياف، واستمرار عملية تحرير جبال اللاذقية وصولاً للقرداحة ولقبر الملعون حافظ الاسد,https://syria.liveuamap.com/ar/2024/9-december-11-combing-rabia-and-masyaf-and-continuing-the,22720124,4 الشهر منذ
08.12.2024,مسؤول إدارة النقل بدمشق: سيتم تشغيل مطاري دمشق وحلب الدوليين خلال أيام للرحلات الداخلية,https://syria.liveuamap.com/ar/2024/9-december-11-damascus-transport-department-official-damascus,22720130,4 الشهر منذ
08.12.2024,ألقى جنود موالون للأسد في منطقة عين عيسى أسلحتهم وتوجهوا نحو الرقة بملابس مدنية.,https://syria.liveuamap.com/ar/2024/9-december-10-proassad-soldiers-in-the-ayn-issa-region-laid,22720109,4 الشهر منذ
08.12.2024,الخارجية الألمانية: معاملة هيئة تحرير الشام للأقليات في سوريا ستحدد موقفنا منها,https://syria.liveuamap.com/ar/2024/9-december-10-german-foreign-ministry-htss-treatment-of-minorities,22720106,4 الشهر منذ
08.12.2024,جنوب سوريا: تقدمت قوات  الإسرائيلي صباح اليوم في محافظة القنيطرة، ووصلت إلى مشارف بلدة حضر (على بعد حوالي 2 كم من السياج الحدودي). كما نفذ الجيش الإسرائيلي موجات جديدة من الغارات الجوية في محافظات درعا ودمشق والسويداء.,https://syria.liveuamap.com/ar/2024/9-december-10-south-syria-israeli-troops-advanced-this-morning,22720103,4 الشهر منذ
08.12.2024,مشاهد للحدث من مكان الغارة الإسرائيلية قبل قليل على منطقة عسكرية قرب سجن صيدنايا,https://syria.liveuamap.com/ar/2024/9-december-10-israeli-raid-a-short-while-ago-on-a-military,22720100,4 الشهر منذ
08.12.2024,مشاهد من غارات إسرائيلية على مستودعات الكم العسكرية، في محيط بلدة محجة في ريف درعا الشمالي.درعا قصف محجة الكم درعا24,https://syria.liveuamap.com/ar/2024/9-december-10-israeli-raids-on-military-warehouses-in-the,22720108,4 الشهر منذ
08.12.2024,دبابات إسرائيلية تتوغل داخل الأراضي السورية في القنيطرة بعمق كيلومترين ونصف إلى 3 كيلومترات,https://syria.liveuamap.com/ar/2024/9-december-10-israeli-tanks-penetrate-syrian-territory-in,22720099,4 الشهر منذ
08.12.2024,تجدد غارات طيران  الإسرائيلي على اللواء 15 شرق مدينة إنخل وثكنات عسكرية أخرى بريف درعا الغربيدرعا سوريا,https://syria.liveuamap.com/ar/2024/9-december-10-israeli-airstrikes-resume-on-the-15th-brigade,22720095,4 الشهر منذ
08.12.2024,أكسيوس: واشنطن تعمل مع حلفائها لتأمين أو تدمير الأسلحة الكيميائية في سوريا,https://syria.liveuamap.com/ar/2024/9-december-10-axios-washington-working-with-allies-to-secure,22720094,4 الشهر منذ
08.12.2024,"عدسة المرصد_السوري: حاجز تابع لـ ""قسد"" يعترض طريق رتل روسي ويجبره على العودة إلى  قاعدة صرين بريف عين_عيسى شمال الرقةnn",https://syria.liveuamap.com/ar/2024/9-december-10-a-checkpoint-affiliated-with-the-sdf-blocks,22720132,4 الشهر منذ
08.12.2024,"منعت هيئة تحرير الشام عناصرها من التدخل في ملابس النساء ومظهرهن ""بما في ذلك مطالبتهن بالتستر""، كما أكد البيان أن الحرية الشخصية حق مكفول.",https://syria.liveuamap.com/ar/2024/9-december-10-hts-has-prohibited-its-members-from-interfering,22720342,4 الشهر منذ
08.12.2024,"خروج أهالي مدينة مسكنة في ريف حلب الشرقي بمظاهرة احتجاجية ضد ميليشيا ""قسد"" حيث قاموا بحرق الإطارات وقطعوا الطرقات تعبيرا عن غضبهم",https://syria.liveuamap.com/ar/2024/9-december-09-residents-of-maskanah-city-in-the-eastern-countryside,22720096,4 الشهر منذ
08.12.2024,وكالة فيدنغ: تمكنت قوات مجلس منبج العسكري خلال الليلة الماضية وحتى فجر اليوم من استعادة السيطرة على طريق الجزيرة وتطهيره من القوات المدعومة من تركيا، ولا تزال الاشتباكات العنيفة مستمرة داخل مدينة منبج وتحديداً في الأطراف الشمالية والغربية,https://syria.liveuamap.com/ar/2024/9-december-09-vedeng-agency-during-last-night-and-until-dawn,22720105,4 الشهر منذ
08.12.2024,سوريا @sednayamissing أصدرت جمعية المعتقلين والمفقودين في سجن صيدنايا والتي تضم معتقلين سابقين هذا البيان: يرجى الانتباه من تداول مقاطع فيديو قديمة وخارج السياق وشائعات. لم يتبق أي معتقل داخل سجن صيدنايا,https://syria.liveuamap.com/ar/2024/9-december-09-syria-sednayamissing-the-association-of-detainees,22720107,4 الشهر منذ
08.12.2024,"أعلن وزير الأمن الإسرائيلي، يسرائيل كاتس، اليوم الإثنين، أنه وجه الجيش لإنشاء ""منطقة آمنة"" في الجانب السوري، تكون خالية من السلاح والبنى التحتية ""الإرهابية"" وفق تعبيره.وجاءت تصريحات كاتس بعد ساعات من شن جيش  غارات جوية على مواقع مختلفة داخل سوريا، إلى جانب توجيه إنذارات…",https://syria.liveuamap.com/ar/2024/9-december-08-israeli-defense-minister-yisrael-katz-announced,22720073,4 الشهر منذ
08.12.2024,"شام مدرعات عسكرية روسية تغادر قاعدة ""الإذاعة"" في مدينة ""عين العرب وصرين"" شرقي حلب باتجاه القامشلي",https://syria.liveuamap.com/ar/2024/9-december-08-russian-military-armored-vehicles-leave-the,22720069,4 الشهر منذ
08.12.2024,إدارة الشؤون السياسية في سوريا تدعو اللاجئين في الخارج إلى العودة,https://syria.liveuamap.com/ar/2024/9-december-08-syrias-political-affairs-department-calls-on,22720068,4 الشهر منذ
08.12.2024,وزير الخارجية التركي: السلام الدائم في سوريا يتحقق عبر تسوية وطنية بين الأطراف السورية,https://syria.liveuamap.com/ar/2024/9-december-08-turkish-foreign-minister-permanent-peace-in,22720066,4 الشهر منذ
08.12.2024,إعلام سوري: قصف تركي على مناطق في محافظة الرقة يقتل 11 شخصا,https://syria.liveuamap.com/ar/2024/9-december-08-turkish-shelling-of-areas-in-raqqa-province,22720170,4 الشهر منذ
08.12.2024,أفاد مراسل وكالة تاس الروسية للأنباء أن علم المعارضة السورية تم رفعه فوق السفارة السورية في روسيا.,https://syria.liveuamap.com/ar/2024/9-december-08-the-flag-of-the-syrian-opposition-has-been,22720064,4 الشهر منذ
09.12.2024,ديرالزور  اشتباكات بين الثوار وميليشيا قسد على محور  القرى السبعة شمالي ديرالزور,https://syria.liveuamap.com/ar/2024/10-december-21-deir-ezzor-clashes-reported-between-rebels,22720678,4 الشهر منذ
09.12.2024,إدارة الشؤون السياسية التابعة لهيئة تحرير الشام: لن يسمح بحمل السلاح خارج نطاق الدولة,https://syria.liveuamap.com/ar/2024/10-december-21-hts-political-affairs-department-carrying,22720676,4 الشهر منذ
09.12.2024,انفجارات تهز أطراف معسكر الطلائع بريف دير_الزور وسط تحليق مكثف لطيران التحالف الدولي.  شرق_سوريا,https://syria.liveuamap.com/ar/2024/10-december-21-explosions-rock-outskirts-of-altalaea-camp,22720674,4 الشهر منذ
09.12.2024,إن بي سي عن مسؤولين أمريكيين: مناقشات رفع هيئة تحرير الشام بمراحلها الأولى وإدارة بايدن تتطلع إلى رفعها قريبا,https://syria.liveuamap.com/ar/2024/10-december-21-nbc-quoting-us-officials-discussions-to-lift,22720670,4 الشهر منذ
09.12.2024,إدارة العمليات العسكر ية تسيطر على حقل التيم النفـ طي في بادية ديرالزور الذي ينتج 5 ألاف برميل بشكل يومي,https://syria.liveuamap.com/ar/2024/10-december-20-the-military-operations-department-takes-control,22720666,4 الشهر منذ
09.12.2024,البيت الأبيض: سوليفان سيجري محادثات خلال زيارته للمنطقة بشأن اتفاق وقف إطلاق النار في غزة والوضع في سوريا,https://syria.liveuamap.com/ar/2024/10-december-20-white-house-sullivan-to-hold-talks-during,22720664,4 الشهر منذ
09.12.2024,إدارة العمليات العسكرية تعلن سيطرتها على مدينة البوكمال بشكل كامل مع ريفها الممتد إلى بلدة الصالحية,https://syria.liveuamap.com/ar/2024/10-december-20-the-military-operations-department-announces,22720657,4 الشهر منذ
09.12.2024,إدارة العمليات العسكرية تعلن سيطرتها على مدينة دير الزور بعد انسحاب قوات النظام وقسد منها,https://syria.liveuamap.com/ar/2024/10-december-20-the-military-operations-department-announces,22720653,4 الشهر منذ
09.12.2024,مقاتلو قوات سوريا الديمقراطية يخوضون اشتباكات عنيفة مع القوات المدعومة من تركيا بالقرب من جسر قره قوزاق وكوباني وسد تشرين - مظلوم عبدي,https://syria.liveuamap.com/ar/2024/10-december-20-sdf-fighters-are-engaged-in-heavy-clashes,22720652,4 الشهر منذ
09.12.2024,الخارجية الأمريكية: لا نخطط  لفتح سفارتنا في دمشق وأوضحنا للقيادة الجديدة أن هناك خطوات مطلوبة لذلك,https://syria.liveuamap.com/ar/2024/10-december-20-us-state-department-we-do-not-plan-to-open,22720659,4 الشهر منذ
09.12.2024,وزير الخارجية الإماراتي يبحث هاتفيا مع نظيره الأمريكي مجمل التطورات الإقليمية ومنها الأوضاع في سوريا ولبنان,https://syria.liveuamap.com/ar/2024/10-december-19-uae-foreign-minister-discusses-regional-developments,22720645,4 الشهر منذ
09.12.2024,قائد قوات سوريا الديمقراطية: نحن مستعدون للتواصل مع السلطة الجديدة في دمشق. قائد قوات سوريا الديمقراطية: نحاول التعاون مع القوى الجديدة في العملية السياسية. قائد قوات سوريا الديمقراطية: القوى الدولية التي كانت موجودة في سوريا تغيرت. قائد قوات سوريا الديمقراطية: سوريا تعيش وضعاً جديداً بتطورات لم نتوقعها,https://syria.liveuamap.com/ar/2024/10-december-19-sdf-commander-we-are-ready-to-communicate,22720642,4 الشهر منذ
09.12.2024,قررت قوات سوريا الديمقراطية الانسحاب من الجزء الجنوبي من دير الزور، وبعد إخلاء مطار دير الزور والمدينة من قبل قوات سوريا الديمقراطية، استولى الثوار المحليون على المستودعات الضخمة في دير الزور المليئة بالذخيرة والمعدات العسكرية.,https://syria.liveuamap.com/ar/2024/10-december-19-the-sdf-has-decided-to-withdraw-from-the-southern,22720643,4 الشهر منذ
09.12.2024,أعلنت هيئة الطاقة في شمال وشرق سوريا خروج سد تشرين عن الخدمة بسبب قصف الطائرات المسيرة التركية: ANHA,https://syria.liveuamap.com/ar/2024/10-december-19-energy-authority-in-the-north-and-east-of,22720644,4 الشهر منذ
09.12.2024,الخارجية الأميركية: نفوذ إيران ضعف بشكل كبير في سوريا لكن تهديداتها ما تزال قائمة,https://syria.liveuamap.com/ar/2024/10-december-19-us-state-department-irans-influence-has-weakened,22720639,4 الشهر منذ
09.12.2024,الخارجية الأمريكية: سنناقش مع الإسرائيليين عملياتهم في سوريا ولا نريد أي معوقات للعملية الانتقالية هناك,https://syria.liveuamap.com/ar/2024/10-december-19-us-state-department-we-will-discuss-with-the,22720665,4 الشهر منذ
09.12.2024,nدير_الزور :nسماع أصوات اشـ.ـتباكات دوي إنفجـ.ـارات في مدينة دير الزور ، فيما لا تزال شبكة الإنترنت مـ,https://syria.liveuamap.com/ar/2024/10-december-19-deir-ezzor-sounds-of-clashes-and-explosions,22720610,4 الشهر منذ
09.12.2024,زار الجنرال كوريلا من القيادة المركزية الأمريكية القادة العسكريين وأفراد الخدمة الأمريكيين، وكذلك شركائنا في هزيمة داعش، قوات سوريا الديمقراطية، في العديد من القواعد في سوريا. وقد تلقى تقييمًا ًا لتدابير حماية القوات، والوضع المتطور بسرعة، والجهود الجارية لمنع داعش من استغلال الوضع الحالي. بعد زيارة سوريا، زار الجنرال كوريلا بغداد حيث التقى برئيس الوزراء العراقي محمد شياع السوداني، ورئيس الأركان الفريق أول عبد الأمير رشيد يار الله، ونائب قائد العمليات المشتركة العراقية الفريق أول قيس المحمداوي. ناقش القادة تعزيز التعاون الثنائي والأمن الإقليمي، والوضع المتغير بسرعة في سوريا، فضلاً عن عمليات هزيمة داعش في العراق.,https://syria.liveuamap.com/ar/2024/10-december-19-uscentcom-gen-kurilla-visited-us-military,22720589,4 الشهر منذ
09.12.2024,طائرات  الحربية تقصف مطار دير الزور العسكري في سوريا,https://syria.liveuamap.com/ar/2024/10-december-18-warplanes-bomb-deir-ezzor-military-airport,22720648,4 الشهر منذ
09.12.2024,المتحدث باسم الأمين العام للأمم المتحدة: نرفض أي انتهاك لسلامة الأراضي السورية,https://syria.liveuamap.com/ar/2024/10-december-17-un-secretarygenerals-spokesman-we-reject-any,22720585,4 الشهر منذ
09.12.2024,نتنياهو: نريد علاقات مع النظام الجديد في سوريا لكن إذا سمح لإيران بترسيخ وجودها فسنرد بقوة,https://syria.liveuamap.com/ar/2024/10-december-17-netanyahu-we-want-relations-with-the-new-government,22720583,4 الشهر منذ
09.12.2024,مسؤولة السياسة الخارجية بالاتحاد الأوروبي: سقوط نظام الأسد ضربة قاصمة لبوتين والنظام الإيراني,https://syria.liveuamap.com/ar/2024/10-december-16-eu-foreign-policy-chief-fall-of-assad-regime,22720578,4 الشهر منذ
09.12.2024,الجيش الإسرائيلي: إصابة 320 هدفا خلال الغارات على سوريا أمس,https://syria.liveuamap.com/ar/2024/10-december-16-israeli-army-320-targets-hit-during-raids,22720572,4 الشهر منذ
09.12.2024,الجيش الإسرائيلي: قواتنا البرية لا تزال تعمل في المنطقة العازلة بسوريا,https://syria.liveuamap.com/ar/2024/10-december-16-israeli-army-our-ground-forces-are-still-operating,22720573,4 الشهر منذ
09.12.2024,البيت الأبيض: الولايات المتحدة على اتصال وثيق مع تركيا وقوات سوريا الديمقراطية بشأن منطقة منبج,https://syria.liveuamap.com/ar/2024/10-december-16-white-house-us-in-close-contact-with-trkiye,22720575,4 الشهر منذ
09.12.2024,شمال شرق سوريا: الانفجارات التي وقعت ليلة أمس في منطقة القامشلي، والتي اعتقد البعض في البداية أنها غارات إسرائيلية، كانت في الواقع غارات جوية تركية. وقد دمرت القوات التركية معدات (مركبات وذخيرة وأسلحة) استولت عليها قوات سوريا الديمقراطية/وحدات حماية الشعب من مخازن الجيش العربي السوري.,https://syria.liveuamap.com/ar/2024/10-december-16-northeast-syria-the-explosions-which-happened,22720576,4 الشهر منذ
09.12.2024,يقول @SecBlinken صراحة إن الولايات المتحدة ستعترف بالحكومة السورية الجديدة إذا التزمت بأربعة مبادئ: احترام حقوق الأقليات، وتسهيل تدفق المساعدات الإنسانية، ومنع استخدام سوريا كقاعدة للإرهاب أو تشكيل تهديد لجيرانها، وضمان تأمين الأسلحة الكيميائية أو البيولوجية وتدميرها بشكل آمن.,https://syria.liveuamap.com/ar/2024/10-december-15-secblinken-says-explicitly-the-us-will-recognize,22720581,4 الشهر منذ
09.12.2024,تستعد النمسا لبرنامج ترحيل للسوريين، حيث تعيد تقييم وضع 40 ألف سوري حصلوا على حق اللجوء خلال السنوات الخمس الماضية. وقال وزير الداخلية جيرهارد كارنر إن عملية الترحيل ستتم بطريقة منظمة.,https://syria.liveuamap.com/ar/2024/10-december-15-austria-is-preparing-a-deportation-programme,22720675,4 الشهر منذ
09.12.2024,دمر جهاز الاستخبارات التركي 12 شاحنة ودبابتين ومستودعين للذخيرة محملين بالصواريخ والأسلحة الثقيلة والذخيرة التي استولى عليها مقاتلو قوات سوريا الديمقراطية من نظام الأسد في القامشلي بسوريا.,https://syria.liveuamap.com/ar/2024/10-december-15-turkish-mit-destroyed-12-trucks-2-tanks-and,22720577,4 الشهر منذ
09.12.2024,قادة مجلس دير_الزور العسكري التابع لقسد يعلنون انشقاق قواتهم وانضمامها إلى فصائل ردع العدوان,https://syria.liveuamap.com/ar/2024/10-december-15-leaders-of-the-deir-ezzor-military-council,22720588,4 الشهر منذ
09.12.2024,مقتل 8 أشخاص بغارة لطائرة مسيرة على قرية صفية غرب عين عيسى,https://syria.liveuamap.com/ar/2024/10-december-14-8-people-killed-in-a-drone-strike-in-the-village,22720566,4 الشهر منذ
09.12.2024,يصور هذا الفيديو قافلة من الجيش الوطني السوري تحاول عبور جسر قره قوزاك ولكن في النهاية يتم صدها مما يجبرها على التخلي عن مركبتها المدرعة,https://syria.liveuamap.com/ar/2024/10-december-14-this-video-captures-an-sna-convoy-attempting,22720560,4 الشهر منذ
09.12.2024,تحديث - مشاهد من إسقاط طائرة تركية مسيرة نوع AKSUNGUR في سماء مدينة الدرباسية من قبل قواتنا، قوات سوريا الديمقراطية.  10 كانون الأول 2024 Footage shows a Turkish UCAV type (AKSUNGUR) falling in the al-Derbasiya after it was shot down by our SDF forces,https://syria.liveuamap.com/ar/2024/10-december-14-turkish-drone-was-reportedly-shot-down-in,22720561,4 الشهر منذ
09.12.2024,رئيس الحكومة السورية المكلف للجزيرة: استلام البيانات لتسيير الأعمال خلال الفترة الانتقالية وحتى يوضع الدستور,https://syria.liveuamap.com/ar/2024/10-december-13-syrian-prime-ministerdesignate-we-are-receiving,22720558,4 الشهر منذ
09.12.2024,"كوباني ""تلة مشتنور"" - الطيران التركي ينفذ غارات جوية على كوباني",https://syria.liveuamap.com/ar/2024/10-december-12-kobane-mishtenur-hill--the-turkish-airforce,22720553,4 الشهر منذ
09.12.2024,غارات جوية على مركز مدينة كوباني وغارة جوية على جبهة جسر قره قوزاق,https://syria.liveuamap.com/ar/2024/10-december-12-airstrikes-on-kobane-citycenter-and-airstrike,22720551,4 الشهر منذ
09.12.2024,الرئيس التركي أردوغان: لا يمكننا أن نسمح بتقسيم سوريا مرة أخرى من  فصاعدًا. لا يمكننا أبدًا أن نوافق على أن تصبح أراضي البلاد منطقة صراع مرة أخرى. كما سيتم سحق المنظمات مثل داعش وحزب العمال الكردستاني/حزب الاتحاد الديمقراطي في أجزاء أخرى من البلاد في أقرب وقت ممكن.,https://syria.liveuamap.com/ar/2024/10-december-12-turkiye-president-erdoan-we-cannot-allow,22720548,4 الشهر منذ
09.12.2024,أعضاء قوات سوريا الديمقراطية المدعومة من الأكراد يطالبون بالمساعدة من الولايات المتحدة مع بدء تحرك الجيش التركي نحو كوباني,https://syria.liveuamap.com/ar/2024/10-december-12-members-of-kurdish-backed-sdf-demand-help,22720565,4 الشهر منذ
09.12.2024,صور للسفن الحربية السورية الغارقة بعد الغارة التي شنتها البحرية الإسرائيلية الليلة الماضية على اللاذقية، سوريا. 6 زوارق صواريخ قديمة من طراز OSA-II,https://syria.liveuamap.com/ar/2024/10-december-12-images-of-sunken-syrian-navy-ships-following,22720542,4 الشهر منذ
09.12.2024,الحكومة السورية الانتقالية برئاسة محمد البشير تتسلم رسميا مقاليد السلطة,https://syria.liveuamap.com/ar/2024/10-december-12-the-syrian-transitional-government-headed,22720541,4 الشهر منذ
09.12.2024,قوات سوريا الديمقراطية تستقدم أربعة أنظمة دفاع جوي وصواريخ من طراز 2K12 KUB من مطار دير الزور باتجاه الحدود التركية,https://syria.liveuamap.com/ar/2024/10-december-12-the-sdf-is-bringing-four-2k12-kub-air-defense,22720550,4 الشهر منذ
09.12.2024,وتقدمت قوات الجيش الوطني السوري بقيادة تركيا بدعم جوي من الجيش التركي عند جسر قره قوزاق وسيطرت على قرية خط المواجهة بالقرب من محطة وقود فرج، في الوقت الذي تتعرض فيه ريف كوباني لقصف عنيف من قبل سلاح الجو والجيش التركي.,https://syria.liveuamap.com/ar/2024/10-december-11-the-turkish-led-sna-advanced-with-air-support,22720539,4 الشهر منذ
09.12.2024,ANHA: الجيش التركي يقصف حالياً قرية زورماغار في ريف كوباني الغربي بالأسلحة الثقيلة,https://syria.liveuamap.com/ar/2024/10-december-11-anha-turkish-army-is-currently-shelling-the,22720547,4 الشهر منذ
09.12.2024,"ردع العدوان تشتبك مع مجموعة ضباط بعد تطويق ""مزرعة محصنة"" في بلدة الربيعة بريف حماة",https://syria.liveuamap.com/ar/2024/10-december-11-aggression-deterrence-forces-clash-with-a,22720532,4 الشهر منذ
09.12.2024,Ll الجيش  الإسرائيلي يطلب من أهالي بلدة الحرية بريف القنيطرة الشمالي إخلاءها,https://syria.liveuamap.com/ar/2024/10-december-11-the-israeli-army-asks-the-residents-of-the,22720527,4 الشهر منذ
09.12.2024,تجمع أحرار حوران: الجيش الإسرائيلي يستهدف طريق مدينة البعث - الحميدية بالرصاص الحي بشكل متواصل,https://syria.liveuamap.com/ar/2024/10-december-11-houran-free-gathering-the-israeli-army-is,22720507,4 الشهر منذ
09.12.2024,معبر باب السلامة: العودة إلى سوريا أصبحت على مدار 24 ساعة مع السماح بإدخال الأثاث المنزلي بالكامل,https://syria.liveuamap.com/ar/2024/10-december-10-bab-alsalam-crossing-return-to-syria-is-now,22720506,4 الشهر منذ
09.12.2024,"قال مبعوث الأمم المتحدة لسوريا جير بيدرسون إنه لم يكن هناك أحد على الإطلاق بما في ذلك الفصائل المسلحة التي تسيطر  على دمشق يتوقع ما حدث خلال الأيام الماضية.وأضاف أن هيئة تحرير الشام هي الجماعة المهيمنة في دمشق حالياً لكنها ""ليست الوحيدة""",https://syria.liveuamap.com/ar/2024/10-december-10-un-envoy-to-syria-geir-pedersen-said-that,22720531,4 الشهر منذ
09.12.2024,الخارجية التركية تندد بشدة بالتوغل الإسرائيلي في الأراضي السورية,https://syria.liveuamap.com/ar/2024/10-december-10-turkish-foreign-ministry-strongly-condemns,22720502,4 الشهر منذ
09.12.2024,المتحدث باسم الخارجية القطرية: من غير المقبول أن تستغل إسرائيل الوضع الراهن في سوريا وتنتهك سيادتها,https://syria.liveuamap.com/ar/2024/10-december-10-qatari-foreign-ministry-spokesperson-it-is,22720497,4 الشهر منذ
09.12.2024,وأكد المتحدث باسم الحكومة العراقية، العوادي، أن العراق لن يتسامح مع أي قوة تحاول التقدم نحو حدوده، وأكد التزام البلاد بالرد على أي خطوات إيجابية من سوريا بمزيد من حسن النية.,https://syria.liveuamap.com/ar/2024/10-december-10-iraqi-government-spokesperson-alawadi-emphasized,22720533,4 الشهر منذ
09.12.2024,منذ ساعات الصباح الأولى تستمر الاشتباكات في ريف منبج الشرقي، حيث نفذ الطيران التركي 15 غارة جوية وعشرات الضربات المدفعية على جسر قره قوزاق ومحيطه بين منبج وكوباني.,https://syria.liveuamap.com/ar/2024/10-december-09-since-the-early-morning-hours-clashes-continue,22720496,4 الشهر منذ
09.12.2024,المبعوث الأممي إلى سوريا: توحيد الفصائل والمجتمعات المختلفة سيكون نقطة انطلاقة جديدة للبلاد,https://syria.liveuamap.com/ar/2024/10-december-09-un-envoy-to-syria-unifying-different-factions,22720492,4 الشهر منذ
09.12.2024,المبعوث الأممي إلى سوريا: نشهد لحظة تاريخية في سوريا مع سقوط نظام بشار الأسدالغارات الإسرائيلية على سوريا يجب أن تتوقفمن الضروري ألا تنشب صراعات بين الجماعات المسلحة في سورياينبغي التركيز على ترتيبات منظمة تضمن الأمن والنظام في سورياسنواجه خطر اندلاع صراع…,https://syria.liveuamap.com/ar/2024/10-december-09-un-envoy-to-syria-we-are-witnessing-a-historic,22720491,4 الشهر منذ
09.12.2024,التقارير المتداولة في بعض وسائل الإعلام والتي تزعم تقدم أو اقتراب قوات جيش الدفاع نحو دمشق غير صحيحة على الإطلاق. قوات جيش الدفاع تتواجد داخل المنطقة العازلة وفي نقاط دفاعية قريبة من الحدود بهدف حماية الحدود الاسرائيلية,https://syria.liveuamap.com/ar/2024/10-december-08-idf-spokesperson-reports-circulating-in-some,22720489,4 الشهر منذ
09.12.2024,أكد الرئيس التركي رجب طيب أردوغان خلال لقائه مع مارك روته، أن سوريا يجب أن يحكمها شعبها، وأن تركيا ستبذل قصارى جهدها لبناء سوريا كاملة خالية من الإرهاب.,https://syria.liveuamap.com/ar/2024/10-december-08-president-erdoan-stated-during-talk-with,22720487,4 الشهر منذ
09.12.2024,ANHA: تتصدى قوات سوريا الديمقراطية لهجمات شنتها فصائل الجيش الوطني على سد تشرين منذ ليل أمس وحتى ، وبحسب المعلومات الأولية فإن هذه الاشتباكات أسفرت عن مقتل العشرات من عناصر الجيش الوطني وتدمير عدد من آلياتهم.,https://syria.liveuamap.com/ar/2024/10-december-07-anha-the-sdf-have-been-repelling-attacks-launched,22720484,4 الشهر منذ
09.12.2024,إذاعة الجيش الإسرائيلي عن مصدر أمني كبير: دمرنا مقدرات الجيش السوري بأكبر عملية جوية قمنا بها في تاريخنا,https://syria.liveuamap.com/ar/2024/10-december-07-israeli-army-radio-citing-a-senior-security,22720403,4 الشهر منذ
09.12.2024,آثار الغارات الجوية التي ضربت مطار القامشلي الدولي في شمال شرق سوريا,https://syria.liveuamap.com/ar/2024/10-december-06-impacts-of-airstrikes-that-hit-qamishli-international,22720402,4 الشهر منذ
09.12.2024,إذاعة الجيش الإسرائيلي: الجيش ما زال يعمل فقط في المنطقة العازلة التي تبعد نحو 30 كلم عن دمشق,https://syria.liveuamap.com/ar/2024/10-december-06-israeli-army-radio-the-army-is-still-operating,22720400,4 الشهر منذ
09.12.2024,غارات إسرائيلية تستهدف أطراف ضاحية قدسيا وجبال القلمون بريف دمشق وأطراف تلبيسة بريف حمص وجبال اللاذقية,https://syria.liveuamap.com/ar/2024/10-december-05-israeli-raids-target-the-outskirts-of-qudsaya,22720384,4 الشهر منذ
09.12.2024,أكد مسؤول كبير في قوات سوريا الديمقراطية لرووداو أنهم فقدوا السيطرة على مدينة منبج شمال سوريا لصالح الجيش الوطني السوري بعد أسبوعين من الاشتباكات المستمرة,https://syria.liveuamap.com/ar/2024/10-december-05-senior-sdf-official-confirms-to-rudaw-english,22720401,4 الشهر منذ
09.12.2024,سوري يوثق ،من طريق حمص - دمشق، غارة إسرائيلية عنيفة على أحد الأهداف في سوريا فيديو الجزيرة_سوريا,https://syria.liveuamap.com/ar/2024/10-december-04-a-violent-israeli-raid-on-the-vicinity-of,22720378,4 الشهر منذ
09.12.2024,وتشير التقارير إلى أن الدبابات الإسرائيلية أصبحت على بعد أقل من 3 كيلومترات من مدينة قطنا التي تبعد 15-20 كيلومترا عن دمشق.,https://syria.liveuamap.com/ar/2024/10-december-03-israeli-tanks-are-reportedly-less-than-3-km,22720381,4 الشهر منذ
09.12.2024,فيديو لغارات اسرائيلية على ثكنات عسكرية في الصبورة والبجع بريف دمشق . سورية,https://syria.liveuamap.com/ar/2024/10-december-03-israeli-raids-on-military-barracks-in-saboura,22720373,4 الشهر منذ
09.12.2024,القصف على حمص عنيف جدا جدا، الأرض تهتز,https://syria.liveuamap.com/ar/2024/10-december-03-the-bombing-of-homs-is-very-violent-the-ground,22720377,4 الشهر منذ
09.12.2024,انفجارات في العاصمة السورية دمشق ومحيطها جراء غارات إسرائيلية,https://syria.liveuamap.com/ar/2024/10-december-03-explosions-in-the-syrian-capital-damascus,22720375,4 الشهر منذ
09.12.2024,الدفاع المدني السوري: أخمدنا حريقا في دمشق بعد القصف الإسرائيلي على مراكز البحوث العملية على أطراف المدينة,https://syria.liveuamap.com/ar/2024/10-december-01-syrian-civil-defense-we-put-out-a-fire-in,22720372,4 الشهر منذ
09.12.2024,مصدر محلي للميادين: الجيش الاسرائيلي احتل قرى وبلدات عرنة / بقعسم/ الريمة / حينة / قلعة جندل / حينة / الحسينية و جياتا الخشب في ريف دمشق الجنوبي,https://syria.liveuamap.com/ar/2024/9-december-23-a-local-source-for-almayadeen-the-israeli-army,22720382,4 الشهر منذ
09.12.2024,قصف عنيف يعتقد أنه إسرائيلي يستهدف مستودعات ذخيرة بالقرب من سلمية بريف حماة الشرقي,https://syria.liveuamap.com/ar/2024/9-december-22-heavy-shelling-believed-to-be-israeli-targets,22720366,4 الشهر منذ
09.12.2024,بيان الخوذ البيضاء حول انتهاء عمليات البحث عن المعتقلين المتبقين المحتملين في الزنازين والأقبية السرية في سجن صيدنايا,https://syria.liveuamap.com/ar/2024/9-december-22-white-helmets-statement-on-the-conclusion-of,22720365,4 الشهر منذ
09.12.2024,ثوار سوريون يسلمون السيطرة على مدينة منبج للجيش والشرطة المدنية,https://syria.liveuamap.com/ar/2024/9-december-22-syrian-rebels-hand-over-the-control-of-the,22720364,4 الشهر منذ
09.12.2024,حزب الله: ندعو العالمين العربي والإسلامي للوقوف بوجه الاعتداءات الإسرائيلية,https://syria.liveuamap.com/ar/2024/9-december-22-hezbollah-we-call-on-the-arab-and-islamic-worlds,22720363,4 الشهر منذ
09.12.2024,الغارات الإسرائيلية لا تتوقف على محافظة حمص مع تحليق مكثف للطيران,https://syria.liveuamap.com/ar/2024/9-december-22-israeli-raids-do-not-stop-in-homs-province,22720362,4 الشهر منذ
09.12.2024,الطائرات الإسرائيلية تقصف اللواء 90 شمالي القنيطرة,https://syria.liveuamap.com/ar/2024/9-december-21-israeli-aircraft-bomb-the-90th-brigade-north,22720343,4 الشهر منذ
09.12.2024,رتل من المعارضة المسلحة يصل إلى الجانب السوري من معبر جوسية مع لبنانnفيديو,https://syria.liveuamap.com/ar/2024/9-december-21-a-convoy-of-armed-opposition-arrives-at-the,22720341,4 الشهر منذ
09.12.2024,البيت الأبيض: الرئيس بايدن وإدارته يعملون على دعم الشعب السوري في انتقاله من نظام وحشي إلى سوريا مستقلة,https://syria.liveuamap.com/ar/2024/9-december-21-white-house-president-biden-and-his-administration,22720339,4 الشهر منذ
09.12.2024,فيديو يظهر محاولات البحث عن مناطق جديدة في سجن صيدنايا، كما تم إرسال فريق تركي من الخبراء في عمليات البحث والإنقاذ إلى الموقع,https://syria.liveuamap.com/ar/2024/9-december-20-attempts-to-find-new-areas-in-saydnayah-prison,22720338,4 الشهر منذ
09.12.2024,الخارجية السعودية: الاعتداءات الإسرائيلية على الأراضي السورية تهدد فرص استعادة الأمن والاستقرار ووحدة الأراضي السورية,https://syria.liveuamap.com/ar/2024/9-december-20-saudi-foreign-ministry-israeli-attacks-on-syrian,22720334,4 الشهر منذ
09.12.2024,"الولايات المتحدة: توغل إسرائيل داخل المنطقة العازلة في الجولان ينبغي أن يكون ""موقتا""",https://syria.liveuamap.com/ar/2024/9-december-20-us-israeli-incursion-into-golan-buffer-zone,22720335,4 الشهر منذ
09.12.2024,الخارجية السعودية: إسرائيل مستمرة في انتهاك قواعد القانون الدولي,https://syria.liveuamap.com/ar/2024/9-december-20-saudi-foreign-ministry-israel-continues-to,22720331,4 الشهر منذ
09.12.2024,عُثر في سجن صيدنايا على جثة الناشط السوري الشهير مازن الحمادة، والذي تعرض للتعذيب في عام 2012 قبل إطلاق سراحه ومغادرته سوريا، واختفى مازن في عام 2020 بعد إرغامه من قبل حكومة الأسد على العودة إلى سوريا,https://syria.liveuamap.com/ar/2024/9-december-20-the-body-of-famous-syrian-activist-mazen-alhamada,22720340,4 الشهر منذ
09.12.2024,إصابة شخص بجروح خطيرة في القامشلي جراء قصف إسرائيليطائرات إسرائيلية تستهدف بعدة غارات جوية أنظمة دفاع جوي في مطار القامشلي شمال الحسكة شمال شرق سوريا,https://syria.liveuamap.com/ar/2024/9-december-20-a-person-was-seriously-injured-in-qamishli,22720326,4 الشهر منذ
09.12.2024,"إسرائيل تبلغ الأمم المتحدة أنها اتخذت ""إجراءات مؤقتة ومحدودة"" في سوريا لمواجهة أي تهديد على مواطنيها خاصة في الجولان",https://syria.liveuamap.com/ar/2024/9-december-19-israel-tells-un-it-has-taken-temporary-and,22720318,4 الشهر منذ
09.12.2024,غارات جوية عنيفة تستهدف مقر الفوج 54 (فوج طرطب) بمحيط مدينة القامشلي بمحافظة الحسكة شمال شرق سوريا الحسكة   سوريا,https://syria.liveuamap.com/ar/2024/9-december-19-violent-air-strikes-target-the-headquarters,22720311,4 الشهر منذ
09.12.2024,إسرائيل تقصف مستودعات عسكرية سورية في القامشلي,https://syria.liveuamap.com/ar/2024/9-december-19-israel-bombed-syrian-military-warehouses-in,22720319,4 الشهر منذ
09.12.2024,طيران العدو الإسرائيلي يشن للمرة الثالثة غارات جوية تستهدف المعسكرات في بلدة منين بريف دمشق,https://syria.liveuamap.com/ar/2024/9-december-19-israeli-aircraft-launch-air-strikes-for-the,22720300,4 الشهر منذ
09.12.2024,مصادر سورية: طيران العدو الإسرائيلي يشن غارات على معامل الدفاع الجوي في مصياف شمال سوريا,https://syria.liveuamap.com/ar/2024/9-december-19-israeli-aircraft-launch-raids-on-air-defense,22720267,4 الشهر منذ
09.12.2024,غارات إسرائيلية على سوريا تستهدف مطار الشعيرات بريف حمص,https://syria.liveuamap.com/ar/2024/9-december-19-israeli-strikes-on-syria-target-alshairat-airport,22720265,4 الشهر منذ
09.12.2024,غارات إسرائيلية على سوريا تستهدف معامل دفاعية في مدينة مصياف بريف حماة,https://syria.liveuamap.com/ar/2024/9-december-19-israeli-strikes-on-syria-target-defense-factories,22720259,4 الشهر منذ
09.12.2024,قصف إسرائيلي يستهدف قطعا بحرية سورية في ميناء اللاذقيةسورياالعربية,https://syria.liveuamap.com/ar/2024/9-december-19-israeli-bombing-targets-syrian-naval-vessels,22720263,4 الشهر منذ
09.12.2024,أفادت تقارير أن غارات جوية إسرائيلية استهدفت مواقع تابعة لمركز الدراسات والبحوث العلمية السوري مرتبطة بتطوير الأسلحة الكيميائية والصواريخ الباليستية في برزة بدمشق ومصياف بحماة.,https://syria.liveuamap.com/ar/2024/9-december-19-israeli-airstrikes-reportedly-hit-syrian-scientific,22720261,4 الشهر منذ
09.12.2024,الجزيرة: قصفت طائرات حربية إسرائيلية، الليلة الماضية، مناطق متفرقة من سوريا، بما في ذلك ميناء اللاذقية وحمص وحماة وطرطوس، بالإضافة إلى منطقتي الزينبية وبرزة في دمشق.,https://syria.liveuamap.com/ar/2024/9-december-19-al-jazeera-tonight-israeli-warplanes-bombed,22720257,4 الشهر منذ
09.12.2024,مصادر خاصة لـ  : غارات إسرائيلية عنيفة على مطار القامشلي ومحيطه سوريا_حرة سقوط_الأسد,https://syria.liveuamap.com/ar/2024/9-december-19-violent-israeli-raids-on-qamishli-airport-and,22720264,4 الشهر منذ
09.12.2024,غارات جوية إسرائيليعنيفة تستهدف مدينة جبلة بريف اللاذقية السورية,https://syria.liveuamap.com/ar/2024/9-december-19-violent-israeli-airstrikes-target-the-city,22720262,4 الشهر منذ
09.12.2024,مصادر العربية: الغارات على دمشق استهدفت منطقة يعفور ومقر إدارة الحرب الإلكترونية,https://syria.liveuamap.com/ar/2024/9-december-19-the-raids-on-damascus-targeted-the-yafour-area,22720297,4 الشهر منذ
09.12.2024,أفادت تقارير عن غارات جوية إسرائيلية إضافية في دمشق، على فرع لمركز الدراسات والبحوث العلمية السوري، الذي ارتبط بالأسلحة الكيميائية للأسد.,https://syria.liveuamap.com/ar/2024/9-december-19-additional-israeli-airstrikes-are-reported,22720266,4 الشهر منذ
09.12.2024,مراسل  عدوان إسرائيلي استهدف منطقة شنشار جنوبي حمص السورية,https://syria.liveuamap.com/ar/2024/9-december-19-reporter-of-israeli-aggression-targeting-shinshar,22720279,4 الشهر منذ
09.12.2024,"مصادر العربية: غارات إسرائيلية متتالية على مطار ""عقربة"" على طريق مطار دمشق الدولي",https://syria.liveuamap.com/ar/2024/9-december-18-successive-israeli-raids-on-aqraba-airport,22720320,4 الشهر منذ
09.12.2024,اليوم، 9 ديسمبر، التقى قائد القيادة المركزية الأمريكية الجنرال كوريلا مع اللواء يوسف الحنيطي، رئيس هيئة الأركان المشتركة الأردنية، في عمان، الأردن، وناقشا الجهود الرامية إلى تعزيز التعاون الإقليمي والأمن، وتعزيز التعاون العسكري بين الولايات المتحدة والأردن، فضلاً عن الوضع المتغير بسرعة على الأرض في سوريا. لطالما كان الأردن شريكًا استراتيجيًا موثوقًا به للسلام والاستقرار في المنطقة، وأكد الجنرال كوريلا التزام الولايات المتحدة بدعم الأردن في حالة ظهور أي تهديدات من سوريا خلال فترة الانتقال الحالية.,https://syria.liveuamap.com/ar/2024/9-december-18-today-dec-9-uscentcom-commander-gen-kurilla,22720361,4 الشهر منذ
10.12.2024,إدارة العمليات العسكرية في سوريا: غارات إسرائيلية تستهدف ميناء اللاذقية,https://syria.liveuamap.com/ar/2024/11-december-21-military-operations-command-in-syria-israeli,22721000,4 الشهر منذ
10.12.2024,"مخاوف الولايات المتحدة بشأن سوريا - البنتاجون يحافظ على وضعه العسكري الحالي بحوالي 900 جندي مخصصين لمهمة هزيمة داعش. ""من مصلحتنا الأمنية الوطنية ألا يتمكن داعش من استغلال الوضع المستمر على الأرض"" حسب @DepPentPressSec Sabrina Singh",https://syria.liveuamap.com/ar/2024/11-december-21-us-concerns-about-syria--pentagon-maintaining,22720998,4 الشهر منذ
10.12.2024,أهالي بلدة مراط شمالي ديرالزور يمنعون دورية عسكرية من قسد حاولت سرقة محطة مياه مراط، مع إطـ.ـلاق قسد النار من أسلحة ثقيلة في الهواء لتفريق المحتجين، وطالب الأهالي بدخول قوات إدارة العمليات العسكرية إلى المنطقة.نهر_ميدياالفيديو في قناتنا على التلغرام:,https://syria.liveuamap.com/ar/2024/11-december-21-residents-of-the-town-of-marat-north-of-deir,22721082,4 الشهر منذ
10.12.2024,قيادة حزب البعث تعلق نشاطاتها في سوريا,https://syria.liveuamap.com/ar/2024/11-december-21-baath-party-leadership-suspends-all-activities,22720999,4 الشهر منذ
10.12.2024,قائد قوات سوريا الديمقراطية لسكاي نيوز البريطانية: أوقفنا عمليات مكافحة داعش بسبب التهديد من المتمردين المدعومين من تركيا,https://syria.liveuamap.com/ar/2024/11-december-20-sdf-commander-to-sky-news-we-halted-antiisis,22720996,4 الشهر منذ
10.12.2024,"""نيوزويك"" عن دبلوماسي أممي: الجيش الإسرائيلي نقل قوات للمنطقة مما قيد حركة قوات حفظ السلام في الجولان",https://syria.liveuamap.com/ar/2024/11-december-20-newsweek-citing-a-un-diplomat-the-israeli,22720990,4 الشهر منذ
10.12.2024,تعرضت نقاط عسكرية سابقة للنظام السوري في القامشلي للقصف مجددا، وتستمر هذه الهجمات على نقاط النظام في المنطقة,https://syria.liveuamap.com/ar/2024/11-december-20-former-syrian-regime-military-points-in-qamishli,22721001,4 الشهر منذ
10.12.2024,"قال البنتاغون إن وزير الدفاع الإسرائيلي يسرائيل كاتس أوستن ""أكد على أهمية التشاور الوثيق بين الولايات المتحدة وإسرائيل مع تطور الأحداث"" بحسب @DepPentPressSec",https://syria.liveuamap.com/ar/2024/11-december-20-more-us-outreach-to-middle-east-allies-about,22720985,4 الشهر منذ
10.12.2024,وزير الخارجية الأمريكي: لست واثقا أن زعيم هيئة تحرير الشام سيحمي الأقليات في سوريا,https://syria.liveuamap.com/ar/2024/11-december-20-us-secretary-of-state-i-am-not-confident-that,22720982,4 الشهر منذ
10.12.2024,البنتاغون: سجون داعش في سوريا لا تزال تحت سيطرة قوات سوريا الديمقراطية,https://syria.liveuamap.com/ar/2024/11-december-19-isis-prisons-in-syria-remain-under-sdf-control,22720978,4 الشهر منذ
10.12.2024,أحمد الشرع: أنقذنا سوريا والمنطقة من خطر استراتيجي وتهديد وجودي لمكونات كبيرة بسوريا,https://syria.liveuamap.com/ar/2024/11-december-18-ahmed-alsharaajolani-we-saved-syria-and-the,22720922,4 الشهر منذ
10.12.2024,أحمد الشرع: لم تدعم أي دولة معركتنا ولا أحد شجعها وكنا واثقين بالانتصار,https://syria.liveuamap.com/ar/2024/11-december-18-ahmed-alsharaaaljolani-no-country-supported,22720921,4 الشهر منذ
10.12.2024,"""الوكالة الوطنية"": جرافة للجيش الإسرائيلي عملت على شق وتوسيع طريق عند قمة جبل الشيخ من الجهة اللبنانية",https://syria.liveuamap.com/ar/2024/11-december-18-an-israeli-army-bulldozer-worked-to-pave-and,22720923,4 الشهر منذ
10.12.2024,وفي وقت سابق من الأسبوع، قال مسؤولون إن قوات سوريا الديمقراطية أسقطت عن طريق الخطأ طائرة أمريكية بدون طيار من طراز MQ-9 Reaper بعد أن أخطأت في الاعتقاد بأنها طائرة تركية بدون طيار. ومع وجود حوالي 900 جندي أمريكي متمركزين في سوريا، أجرت القوات الأمريكية وقوات سوريا الديمقراطية لسنوات غارات مشتركة ضد أهداف داعش والمتشددين.,https://syria.liveuamap.com/ar/2024/11-december-18-earlier-in-the-week-officials-said-the-sdf,22720976,4 الشهر منذ
10.12.2024,فرنسا تدعو إسرائيل إلى الانسحاب من المنطقة العازلة في سوريا,https://syria.liveuamap.com/ar/2024/11-december-17-france-calls-israel-to-withdraw-from-the-buffer,22720919,4 الشهر منذ
10.12.2024,قوات  الاسرائيلي تجبر اهالي قريتي الحميدية والحرية في ريف القنيطرة على اخلاء منازلهم,https://syria.liveuamap.com/ar/2024/11-december-17-israeli-forces-force-residents-of-alhamidiyah,22720918,4 الشهر منذ
10.12.2024,تمكن مجلس الطبقة العسكري التابع لقوات سوريا الديمقراطية من أسر 6 مسلحين من الفصائل الموالية لتركيا في منطقة دير حافر بريف منبج الجنوبي.,https://syria.liveuamap.com/ar/2024/11-december-16-the-tabqa-military-council-affiliated-with,22720975,4 الشهر منذ
10.12.2024,تحدث قائد عسكري أمريكي كبير مع رئيس الأركان التركي الليلة الماضية لمناقشة الوضع في سوريا. وحذرت واشنطن أنقرة مرة أخرى من تهديد قوات سوريا الديمقراطية، وهي حليف رئيسي للولايات المتحدة في الحرب ضد داعش.,https://syria.liveuamap.com/ar/2024/11-december-15-top-us-general-spoke-to-turkeys-military,22720911,4 الشهر منذ
10.12.2024,فرنسا وألمانيا ترفضان الاعتداءات الإسرائيلية على سورياطالبت فرنسا و ألمانيا اليوم العدو الإسرائيلي بعدم تهديد سيادة الدولة السورية، بعد توغلها البري في المنطقة العازلة جنوبي سوريا، وشنّها مئات الغارات الجوية على الأصول العسكرية للجيش السوري.لقراءة الخبر كاملاً…,https://syria.liveuamap.com/ar/2024/11-december-15-france-and-germany-reject-israeli-attacks,22720892,4 الشهر منذ
10.12.2024,المبعوث الأممي إلى سوريا للعربية: النزاع في سوريا لم ينته بعد,https://syria.liveuamap.com/ar/2024/11-december-15-un-envoy-to-syria-the-conflict-in-syria-is,22720889,4 الشهر منذ
10.12.2024,بلومبرغ عن غروسي: تحقيق وكالة الطاقة الذرية في أنشطة الأسلحة النووية السورية المحتملة توقف بعد الإطاحة بالأسد,https://syria.liveuamap.com/ar/2024/11-december-13-bloomberg-citing-grossi-iaea-investigation,22720876,4 الشهر منذ
10.12.2024,إدارة العمليات العسكرية تعلن إلغاء حظر التجوال في العاصمة دمشق,https://syria.liveuamap.com/ar/2024/11-december-13-military-operations-department-announces-the,22720874,4 الشهر منذ
10.12.2024,موجة جديدة من الغارات الجوية التركية على شمال سوريا والإدارة الذاتية تستهدف البنية التحتية المدنية في شمال سوريا، حيث نفذ سلاح الجو التركي غارة جوية على معمل لافارج للإسمنت بين كوباني وعين عيسى,https://syria.liveuamap.com/ar/2024/11-december-13-new-wave-of-turkish-airstrikes-across-northern,22720861,4 الشهر منذ
10.12.2024,"غارة جوية تركية تستهدف مبنى استخبارات ""الأمن العام"" التابع لميليشيا قسد في مدينة الرقة، وهي الغارة الأولى من نوعها على مدينة الرقة، وأول غارة جوية منذ عام 2017",https://syria.liveuamap.com/ar/2024/11-december-12-a-turkish-airstrike-targets-the-general-security,22720849,4 الشهر منذ
10.12.2024,انفجار كبير وسط مدينة الرقة - أفادت الأنباء أن الانفجار ضرب مبنى قوات الأمن (الشرطة؛ الآسايش) في الرقة,https://syria.liveuamap.com/ar/2024/11-december-12-a-large-scale-explosion-reported-in-the-city,22720848,4 الشهر منذ
10.12.2024,قوات التحالف الأمريكي تتجه نحو الرقة,https://syria.liveuamap.com/ar/2024/11-december-12-us-coalition-forces-are-moving-into-raqqah,22720846,4 الشهر منذ
10.12.2024,"وزيرة الخارجية الألمانية: الهدنة بين الأكراد وتركيا ""نبأ سار""",https://syria.liveuamap.com/ar/2024/11-december-12-german-foreign-minister-truce-between-kurds,22720845,4 الشهر منذ
10.12.2024,أحمد الشرع: الخوف كان من وجود نظام الأسد وهو  سقط والبلاد تتجه نحو التنمية وإعادة الإعمار والاستقرار,https://syria.liveuamap.com/ar/2024/11-december-12-ahmed-alsharaa-the-fear-was-of-the-assad-regime,22720843,4 الشهر منذ
10.12.2024,مصادر العربية: قصف إسرائيلي على مطار المزة العسكري في دمشق,https://syria.liveuamap.com/ar/2024/11-december-11-israeli-bombing-of-mezzeh-military-airport,22720833,4 الشهر منذ
10.12.2024,الرقة الطيران المسير التركي يستهدف بغارة جوية نقطة عسكرية تابعة لميليشيات PKK/PYD الكردية الإنفصالية في محيط مدينة الرقة,https://syria.liveuamap.com/ar/2024/11-december-10-raqqa-turkish-drones-target-a-military-point,22720820,4 الشهر منذ
10.12.2024,نتنياهو: نخوض حربا على 7 جبهات وربما تنضم إليها جبهة أخرى,https://israelpalestine.liveuamap.com/ar/2024/11-december-10-netanyahu-we-are-fighting-a-war-on-7-fronts,22720814,4 الشهر منذ
10.12.2024,سوريا: قوات  الإسرائيلي تتقدم اليوم باتجاه التلال الحمراء قرب بلدة حضر (محافظة القنيطرة) وفجرت عدة مواقع سابقة للجيش العربي السوري,https://syria.liveuamap.com/ar/2024/11-december-10-syria-israeli-troops-moved-today-towards-the,22720844,4 الشهر منذ
10.12.2024,مراسل التلفزيون العربي: جيش  الإسرائيلي يطلق النار تجاه طاقم التفزيون العربي في القنيطرة,https://syria.liveuamap.com/ar/2024/11-december-10-israeli-army-fires-at-al-arabiya-tv-crew-in,22720836,4 الشهر منذ
10.12.2024,العاهل الأردني يبحث مع رئيس وزراء العراق تطورات سوريا,https://syria.liveuamap.com/ar/2024/11-december-09-jordanian-monarch-discusses-developments-in,22720841,4 الشهر منذ
10.12.2024,رئيس حكومة تصريف الأعمال السورية: ورثنا من نظام الأسد تركة إدارية ضخمة فاسدة ونحن في وضع سيء للغاية مالياً,https://syria.liveuamap.com/ar/2024/11-december-09-syrian-caretaker-prime-minister-we-inherited,22720838,4 الشهر منذ
10.12.2024,رئيس حكومة تصريف الأعمال السورية: هدفنا إعادة الأمن والاستقرار لكل مدن سوريا وإعادة ملايين اللاجئين السوريين,https://syria.liveuamap.com/ar/2024/11-december-09-syrian-caretaker-prime-minister-our-goal-is,22720839,4 الشهر منذ
10.12.2024,"وزارة الخارجية القطرية تقول إنها ""ستعيد فتح سفارتها في سوريا قريبا""",https://syria.liveuamap.com/ar/2024/11-december-09-qatars-foreign-ministry-says-it-will-reopen,22720853,4 الشهر منذ
10.12.2024,رئيس الحكومة السورية الانتقالية: ندعو السوريين في الخارج إلى العودة، وحقوق جميع الطوائف في سوريا ستكون مضمونة,https://syria.liveuamap.com/ar/2024/11-december-09-head-of-the-syrian-transitional-government,22720855,4 الشهر منذ
10.12.2024,الخارجية الروسية: نحافظ على اتصالات مع جميع القوى السياسية الموجودة حاليا في سوريا,https://syria.liveuamap.com/ar/2024/11-december-08-russian-foreign-ministry-we-maintain-contacts,22720783,4 الشهر منذ
10.12.2024,الخارجية الروسية: نعقد اجتماعا لمقر العمليات بشأن أمن المواطنين الروس والمنشآت الروسية في سوريا,https://syria.liveuamap.com/ar/2024/11-december-08-russian-foreign-ministry-we-are-holding-a,22720784,4 الشهر منذ
10.12.2024,حكومة تصريف الأعمال السورية: بدء عودة النازحين من المخيمات على حدود تركيا,https://syria.liveuamap.com/ar/2024/11-december-08-syrian-caretaker-government-return-of-displaced,22720781,4 الشهر منذ
10.12.2024,خامنئي: ما حدث في سوريا نتيجة لخطة أميركية وإسرائيلية مشتركة,https://syria.liveuamap.com/ar/2024/11-december-07-khamenei-what-happened-in-syria-is-the-result,22720710,4 الشهر منذ
10.12.2024,ويقول المرصد السوري إن هناك تقارير عن أعمال عنف من قبل ملثمين في دمشق واللاذقية,https://syria.liveuamap.com/ar/2024/11-december-06-the-syrian-observatory-says-that-there-are,22720708,4 الشهر منذ
10.12.2024,الدفاع المدني السوري يدعو روسيا للضغط على الأسد للكشف عن مواقع السجون السرية,https://syria.liveuamap.com/ar/2024/11-december-01-syrian-civil-defense-calls-on-russia-to-pressure,22720703,4 الشهر منذ
10.12.2024,مصادر  تنفي انسحاب قسد من بلدة الكرامة بريف الرقة وتؤكد تنفيذها اعتقالات فيها  سقوط_الأسد سوريا_حرة,https://syria.liveuamap.com/ar/2024/11-december-00-sources-deny-sdf-withdrawal-from-alkaramah,22720705,4 الشهر منذ
10.12.2024,ديرالزور  اشتباكات بين الثوار وميليشيا قسد على محور  القرى السبعة شمالي ديرالزور,https://syria.liveuamap.com/ar/2024/10-december-21-deir-ezzor-clashes-reported-between-rebels,22720678,4 الشهر منذ
10.12.2024,إدارة الشؤون السياسية التابعة لهيئة تحرير الشام: لن يسمح بحمل السلاح خارج نطاق الدولة,https://syria.liveuamap.com/ar/2024/10-december-21-hts-political-affairs-department-carrying,22720676,4 الشهر منذ
10.12.2024,انفجارات تهز أطراف معسكر الطلائع بريف دير_الزور وسط تحليق مكثف لطيران التحالف الدولي.  شرق_سوريا,https://syria.liveuamap.com/ar/2024/10-december-21-explosions-rock-outskirts-of-altalaea-camp,22720674,4 الشهر منذ
10.12.2024,إن بي سي عن مسؤولين أمريكيين: مناقشات رفع هيئة تحرير الشام بمراحلها الأولى وإدارة بايدن تتطلع إلى رفعها قريبا,https://syria.liveuamap.com/ar/2024/10-december-21-nbc-quoting-us-officials-discussions-to-lift,22720670,4 الشهر منذ
10.12.2024,إدارة العمليات العسكر ية تسيطر على حقل التيم النفـ طي في بادية ديرالزور الذي ينتج 5 ألاف برميل بشكل يومي,https://syria.liveuamap.com/ar/2024/10-december-20-the-military-operations-department-takes-control,22720666,4 الشهر منذ
10.12.2024,البيت الأبيض: سوليفان سيجري محادثات خلال زيارته للمنطقة بشأن اتفاق وقف إطلاق النار في غزة والوضع في سوريا,https://syria.liveuamap.com/ar/2024/10-december-20-white-house-sullivan-to-hold-talks-during,22720664,4 الشهر منذ
10.12.2024,إدارة العمليات العسكرية تعلن سيطرتها على مدينة البوكمال بشكل كامل مع ريفها الممتد إلى بلدة الصالحية,https://syria.liveuamap.com/ar/2024/10-december-20-the-military-operations-department-announces,22720657,4 الشهر منذ
10.12.2024,إدارة العمليات العسكرية تعلن سيطرتها على مدينة دير الزور بعد انسحاب قوات النظام وقسد منها,https://syria.liveuamap.com/ar/2024/10-december-20-the-military-operations-department-announces,22720653,4 الشهر منذ
10.12.2024,مقاتلو قوات سوريا الديمقراطية يخوضون اشتباكات عنيفة مع القوات المدعومة من تركيا بالقرب من جسر قره قوزاق وكوباني وسد تشرين - مظلوم عبدي,https://syria.liveuamap.com/ar/2024/10-december-20-sdf-fighters-are-engaged-in-heavy-clashes,22720652,4 الشهر منذ
10.12.2024,الخارجية الأمريكية: لا نخطط  لفتح سفارتنا في دمشق وأوضحنا للقيادة الجديدة أن هناك خطوات مطلوبة لذلك,https://syria.liveuamap.com/ar/2024/10-december-20-us-state-department-we-do-not-plan-to-open,22720659,4 الشهر منذ
10.12.2024,وزير الخارجية الإماراتي يبحث هاتفيا مع نظيره الأمريكي مجمل التطورات الإقليمية ومنها الأوضاع في سوريا ولبنان,https://syria.liveuamap.com/ar/2024/10-december-19-uae-foreign-minister-discusses-regional-developments,22720645,4 الشهر منذ
10.12.2024,قائد قوات سوريا الديمقراطية: نحن مستعدون للتواصل مع السلطة الجديدة في دمشق. قائد قوات سوريا الديمقراطية: نحاول التعاون مع القوى الجديدة في العملية السياسية. قائد قوات سوريا الديمقراطية: القوى الدولية التي كانت موجودة في سوريا تغيرت. قائد قوات سوريا الديمقراطية: سوريا تعيش وضعاً جديداً بتطورات لم نتوقعها,https://syria.liveuamap.com/ar/2024/10-december-19-sdf-commander-we-are-ready-to-communicate,22720642,4 الشهر منذ
10.12.2024,قررت قوات سوريا الديمقراطية الانسحاب من الجزء الجنوبي من دير الزور، وبعد إخلاء مطار دير الزور والمدينة من قبل قوات سوريا الديمقراطية، استولى الثوار المحليون على المستودعات الضخمة في دير الزور المليئة بالذخيرة والمعدات العسكرية.,https://syria.liveuamap.com/ar/2024/10-december-19-the-sdf-has-decided-to-withdraw-from-the-southern,22720643,4 الشهر منذ
10.12.2024,أعلنت هيئة الطاقة في شمال وشرق سوريا خروج سد تشرين عن الخدمة بسبب قصف الطائرات المسيرة التركية: ANHA,https://syria.liveuamap.com/ar/2024/10-december-19-energy-authority-in-the-north-and-east-of,22720644,4 الشهر منذ
10.12.2024,الخارجية الأميركية: نفوذ إيران ضعف بشكل كبير في سوريا لكن تهديداتها ما تزال قائمة,https://syria.liveuamap.com/ar/2024/10-december-19-us-state-department-irans-influence-has-weakened,22720639,4 الشهر منذ
10.12.2024,الخارجية الأمريكية: سنناقش مع الإسرائيليين عملياتهم في سوريا ولا نريد أي معوقات للعملية الانتقالية هناك,https://syria.liveuamap.com/ar/2024/10-december-19-us-state-department-we-will-discuss-with-the,22720665,4 الشهر منذ
10.12.2024,nدير_الزور :nسماع أصوات اشـ.ـتباكات دوي إنفجـ.ـارات في مدينة دير الزور ، فيما لا تزال شبكة الإنترنت مـ,https://syria.liveuamap.com/ar/2024/10-december-19-deir-ezzor-sounds-of-clashes-and-explosions,22720610,4 الشهر منذ
10.12.2024,زار الجنرال كوريلا من القيادة المركزية الأمريكية القادة العسكريين وأفراد الخدمة الأمريكيين، وكذلك شركائنا في هزيمة داعش، قوات سوريا الديمقراطية، في العديد من القواعد في سوريا. وقد تلقى تقييمًا ًا لتدابير حماية القوات، والوضع المتطور بسرعة، والجهود الجارية لمنع داعش من استغلال الوضع الحالي. بعد زيارة سوريا، زار الجنرال كوريلا بغداد حيث التقى برئيس الوزراء العراقي محمد شياع السوداني، ورئيس الأركان الفريق أول عبد الأمير رشيد يار الله، ونائب قائد العمليات المشتركة العراقية الفريق أول قيس المحمداوي. ناقش القادة تعزيز التعاون الثنائي والأمن الإقليمي، والوضع المتغير بسرعة في سوريا، فضلاً عن عمليات هزيمة داعش في العراق.,https://syria.liveuamap.com/ar/2024/10-december-19-uscentcom-gen-kurilla-visited-us-military,22720589,4 الشهر منذ
10.12.2024,طائرات  الحربية تقصف مطار دير الزور العسكري في سوريا,https://syria.liveuamap.com/ar/2024/10-december-18-warplanes-bomb-deir-ezzor-military-airport,22720648,4 الشهر منذ
10.12.2024,المتحدث باسم الأمين العام للأمم المتحدة: نرفض أي انتهاك لسلامة الأراضي السورية,https://syria.liveuamap.com/ar/2024/10-december-17-un-secretarygenerals-spokesman-we-reject-any,22720585,4 الشهر منذ
10.12.2024,نتنياهو: نريد علاقات مع النظام الجديد في سوريا لكن إذا سمح لإيران بترسيخ وجودها فسنرد بقوة,https://syria.liveuamap.com/ar/2024/10-december-17-netanyahu-we-want-relations-with-the-new-government,22720583,4 الشهر منذ
10.12.2024,مسؤولة السياسة الخارجية بالاتحاد الأوروبي: سقوط نظام الأسد ضربة قاصمة لبوتين والنظام الإيراني,https://syria.liveuamap.com/ar/2024/10-december-16-eu-foreign-policy-chief-fall-of-assad-regime,22720578,4 الشهر منذ
10.12.2024,الجيش الإسرائيلي: إصابة 320 هدفا خلال الغارات على سوريا أمس,https://syria.liveuamap.com/ar/2024/10-december-16-israeli-army-320-targets-hit-during-raids,22720572,4 الشهر منذ
10.12.2024,الجيش الإسرائيلي: قواتنا البرية لا تزال تعمل في المنطقة العازلة بسوريا,https://syria.liveuamap.com/ar/2024/10-december-16-israeli-army-our-ground-forces-are-still-operating,22720573,4 الشهر منذ
10.12.2024,البيت الأبيض: الولايات المتحدة على اتصال وثيق مع تركيا وقوات سوريا الديمقراطية بشأن منطقة منبج,https://syria.liveuamap.com/ar/2024/10-december-16-white-house-us-in-close-contact-with-trkiye,22720575,4 الشهر منذ
10.12.2024,شمال شرق سوريا: الانفجارات التي وقعت ليلة أمس في منطقة القامشلي، والتي اعتقد البعض في البداية أنها غارات إسرائيلية، كانت في الواقع غارات جوية تركية. وقد دمرت القوات التركية معدات (مركبات وذخيرة وأسلحة) استولت عليها قوات سوريا الديمقراطية/وحدات حماية الشعب من مخازن الجيش العربي السوري.,https://syria.liveuamap.com/ar/2024/10-december-16-northeast-syria-the-explosions-which-happened,22720576,4 الشهر منذ
10.12.2024,يقول @SecBlinken صراحة إن الولايات المتحدة ستعترف بالحكومة السورية الجديدة إذا التزمت بأربعة مبادئ: احترام حقوق الأقليات، وتسهيل تدفق المساعدات الإنسانية، ومنع استخدام سوريا كقاعدة للإرهاب أو تشكيل تهديد لجيرانها، وضمان تأمين الأسلحة الكيميائية أو البيولوجية وتدميرها بشكل آمن.,https://syria.liveuamap.com/ar/2024/10-december-15-secblinken-says-explicitly-the-us-will-recognize,22720581,4 الشهر منذ
10.12.2024,تستعد النمسا لبرنامج ترحيل للسوريين، حيث تعيد تقييم وضع 40 ألف سوري حصلوا على حق اللجوء خلال السنوات الخمس الماضية. وقال وزير الداخلية جيرهارد كارنر إن عملية الترحيل ستتم بطريقة منظمة.,https://syria.liveuamap.com/ar/2024/10-december-15-austria-is-preparing-a-deportation-programme,22720675,4 الشهر منذ
10.12.2024,دمر جهاز الاستخبارات التركي 12 شاحنة ودبابتين ومستودعين للذخيرة محملين بالصواريخ والأسلحة الثقيلة والذخيرة التي استولى عليها مقاتلو قوات سوريا الديمقراطية من نظام الأسد في القامشلي بسوريا.,https://syria.liveuamap.com/ar/2024/10-december-15-turkish-mit-destroyed-12-trucks-2-tanks-and,22720577,4 الشهر منذ
10.12.2024,قادة مجلس دير_الزور العسكري التابع لقسد يعلنون انشقاق قواتهم وانضمامها إلى فصائل ردع العدوان,https://syria.liveuamap.com/ar/2024/10-december-15-leaders-of-the-deir-ezzor-military-council,22720588,4 الشهر منذ
10.12.2024,مقتل 8 أشخاص بغارة لطائرة مسيرة على قرية صفية غرب عين عيسى,https://syria.liveuamap.com/ar/2024/10-december-14-8-people-killed-in-a-drone-strike-in-the-village,22720566,4 الشهر منذ
10.12.2024,يصور هذا الفيديو قافلة من الجيش الوطني السوري تحاول عبور جسر قره قوزاك ولكن في النهاية يتم صدها مما يجبرها على التخلي عن مركبتها المدرعة,https://syria.liveuamap.com/ar/2024/10-december-14-this-video-captures-an-sna-convoy-attempting,22720560,4 الشهر منذ
10.12.2024,تحديث - مشاهد من إسقاط طائرة تركية مسيرة نوع AKSUNGUR في سماء مدينة الدرباسية من قبل قواتنا، قوات سوريا الديمقراطية.  10 كانون الأول 2024 Footage shows a Turkish UCAV type (AKSUNGUR) falling in the al-Derbasiya after it was shot down by our SDF forces,https://syria.liveuamap.com/ar/2024/10-december-14-turkish-drone-was-reportedly-shot-down-in,22720561,4 الشهر منذ
10.12.2024,رئيس الحكومة السورية المكلف للجزيرة: استلام البيانات لتسيير الأعمال خلال الفترة الانتقالية وحتى يوضع الدستور,https://syria.liveuamap.com/ar/2024/10-december-13-syrian-prime-ministerdesignate-we-are-receiving,22720558,4 الشهر منذ
10.12.2024,"كوباني ""تلة مشتنور"" - الطيران التركي ينفذ غارات جوية على كوباني",https://syria.liveuamap.com/ar/2024/10-december-12-kobane-mishtenur-hill--the-turkish-airforce,22720553,4 الشهر منذ
10.12.2024,غارات جوية على مركز مدينة كوباني وغارة جوية على جبهة جسر قره قوزاق,https://syria.liveuamap.com/ar/2024/10-december-12-airstrikes-on-kobane-citycenter-and-airstrike,22720551,4 الشهر منذ
10.12.2024,الرئيس التركي أردوغان: لا يمكننا أن نسمح بتقسيم سوريا مرة أخرى من  فصاعدًا. لا يمكننا أبدًا أن نوافق على أن تصبح أراضي البلاد منطقة صراع مرة أخرى. كما سيتم سحق المنظمات مثل داعش وحزب العمال الكردستاني/حزب الاتحاد الديمقراطي في أجزاء أخرى من البلاد في أقرب وقت ممكن.,https://syria.liveuamap.com/ar/2024/10-december-12-turkiye-president-erdoan-we-cannot-allow,22720548,4 الشهر منذ
10.12.2024,أعضاء قوات سوريا الديمقراطية المدعومة من الأكراد يطالبون بالمساعدة من الولايات المتحدة مع بدء تحرك الجيش التركي نحو كوباني,https://syria.liveuamap.com/ar/2024/10-december-12-members-of-kurdish-backed-sdf-demand-help,22720565,4 الشهر منذ
10.12.2024,صور للسفن الحربية السورية الغارقة بعد الغارة التي شنتها البحرية الإسرائيلية الليلة الماضية على اللاذقية، سوريا. 6 زوارق صواريخ قديمة من طراز OSA-II,https://syria.liveuamap.com/ar/2024/10-december-12-images-of-sunken-syrian-navy-ships-following,22720542,4 الشهر منذ
10.12.2024,الحكومة السورية الانتقالية برئاسة محمد البشير تتسلم رسميا مقاليد السلطة,https://syria.liveuamap.com/ar/2024/10-december-12-the-syrian-transitional-government-headed,22720541,4 الشهر منذ
10.12.2024,قوات سوريا الديمقراطية تستقدم أربعة أنظمة دفاع جوي وصواريخ من طراز 2K12 KUB من مطار دير الزور باتجاه الحدود التركية,https://syria.liveuamap.com/ar/2024/10-december-12-the-sdf-is-bringing-four-2k12-kub-air-defense,22720550,4 الشهر منذ
10.12.2024,وتقدمت قوات الجيش الوطني السوري بقيادة تركيا بدعم جوي من الجيش التركي عند جسر قره قوزاق وسيطرت على قرية خط المواجهة بالقرب من محطة وقود فرج، في الوقت الذي تتعرض فيه ريف كوباني لقصف عنيف من قبل سلاح الجو والجيش التركي.,https://syria.liveuamap.com/ar/2024/10-december-11-the-turkish-led-sna-advanced-with-air-support,22720539,4 الشهر منذ
10.12.2024,ANHA: الجيش التركي يقصف حالياً قرية زورماغار في ريف كوباني الغربي بالأسلحة الثقيلة,https://syria.liveuamap.com/ar/2024/10-december-11-anha-turkish-army-is-currently-shelling-the,22720547,4 الشهر منذ
10.12.2024,"ردع العدوان تشتبك مع مجموعة ضباط بعد تطويق ""مزرعة محصنة"" في بلدة الربيعة بريف حماة",https://syria.liveuamap.com/ar/2024/10-december-11-aggression-deterrence-forces-clash-with-a,22720532,4 الشهر منذ
10.12.2024,Ll الجيش  الإسرائيلي يطلب من أهالي بلدة الحرية بريف القنيطرة الشمالي إخلاءها,https://syria.liveuamap.com/ar/2024/10-december-11-the-israeli-army-asks-the-residents-of-the,22720527,4 الشهر منذ
10.12.2024,تجمع أحرار حوران: الجيش الإسرائيلي يستهدف طريق مدينة البعث - الحميدية بالرصاص الحي بشكل متواصل,https://syria.liveuamap.com/ar/2024/10-december-11-houran-free-gathering-the-israeli-army-is,22720507,4 الشهر منذ
10.12.2024,معبر باب السلامة: العودة إلى سوريا أصبحت على مدار 24 ساعة مع السماح بإدخال الأثاث المنزلي بالكامل,https://syria.liveuamap.com/ar/2024/10-december-10-bab-alsalam-crossing-return-to-syria-is-now,22720506,4 الشهر منذ
10.12.2024,"قال مبعوث الأمم المتحدة لسوريا جير بيدرسون إنه لم يكن هناك أحد على الإطلاق بما في ذلك الفصائل المسلحة التي تسيطر  على دمشق يتوقع ما حدث خلال الأيام الماضية.وأضاف أن هيئة تحرير الشام هي الجماعة المهيمنة في دمشق حالياً لكنها ""ليست الوحيدة""",https://syria.liveuamap.com/ar/2024/10-december-10-un-envoy-to-syria-geir-pedersen-said-that,22720531,4 الشهر منذ
10.12.2024,الخارجية التركية تندد بشدة بالتوغل الإسرائيلي في الأراضي السورية,https://syria.liveuamap.com/ar/2024/10-december-10-turkish-foreign-ministry-strongly-condemns,22720502,4 الشهر منذ
10.12.2024,المتحدث باسم الخارجية القطرية: من غير المقبول أن تستغل إسرائيل الوضع الراهن في سوريا وتنتهك سيادتها,https://syria.liveuamap.com/ar/2024/10-december-10-qatari-foreign-ministry-spokesperson-it-is,22720497,4 الشهر منذ
10.12.2024,وأكد المتحدث باسم الحكومة العراقية، العوادي، أن العراق لن يتسامح مع أي قوة تحاول التقدم نحو حدوده، وأكد التزام البلاد بالرد على أي خطوات إيجابية من سوريا بمزيد من حسن النية.,https://syria.liveuamap.com/ar/2024/10-december-10-iraqi-government-spokesperson-alawadi-emphasized,22720533,4 الشهر منذ
10.12.2024,منذ ساعات الصباح الأولى تستمر الاشتباكات في ريف منبج الشرقي، حيث نفذ الطيران التركي 15 غارة جوية وعشرات الضربات المدفعية على جسر قره قوزاق ومحيطه بين منبج وكوباني.,https://syria.liveuamap.com/ar/2024/10-december-09-since-the-early-morning-hours-clashes-continue,22720496,4 الشهر منذ
10.12.2024,المبعوث الأممي إلى سوريا: توحيد الفصائل والمجتمعات المختلفة سيكون نقطة انطلاقة جديدة للبلاد,https://syria.liveuamap.com/ar/2024/10-december-09-un-envoy-to-syria-unifying-different-factions,22720492,4 الشهر منذ
10.12.2024,المبعوث الأممي إلى سوريا: نشهد لحظة تاريخية في سوريا مع سقوط نظام بشار الأسدالغارات الإسرائيلية على سوريا يجب أن تتوقفمن الضروري ألا تنشب صراعات بين الجماعات المسلحة في سورياينبغي التركيز على ترتيبات منظمة تضمن الأمن والنظام في سورياسنواجه خطر اندلاع صراع…,https://syria.liveuamap.com/ar/2024/10-december-09-un-envoy-to-syria-we-are-witnessing-a-historic,22720491,4 الشهر منذ
10.12.2024,التقارير المتداولة في بعض وسائل الإعلام والتي تزعم تقدم أو اقتراب قوات جيش الدفاع نحو دمشق غير صحيحة على الإطلاق. قوات جيش الدفاع تتواجد داخل المنطقة العازلة وفي نقاط دفاعية قريبة من الحدود بهدف حماية الحدود الاسرائيلية,https://syria.liveuamap.com/ar/2024/10-december-08-idf-spokesperson-reports-circulating-in-some,22720489,4 الشهر منذ
11.12.2024,وأشار الرئيس أردوغان خلال لقائه أنتوني بلينكن إلى أن تركيا ستتخذ إجراءات من أجل أمنها القومي ضد المنظمات مثل PKK/PYD/YPG وداعش التي تعمل في سوريا.,https://syria.liveuamap.com/ar/2024/12-december-21-president-erdoan-in-his-meeting-with-anthony,22721381,4 الشهر منذ
11.12.2024,"غارة ""إسـ ـرائـ ـيلية"" استهدفت دفاعات جوية في وادي حنا عند الحدود السورية اللبنانية",https://syria.liveuamap.com/ar/2024/12-december-21-israeli-raid-targeted-air-defenses-in-wadi,22721386,4 الشهر منذ
11.12.2024,ديرالزور غارة من الطيران الامريكي تستهدف الجسر الترابي الواصل بين الشامية والجزيرة القرى السبعة وذلك لمنع دخول الثوار إلى قرى الريف الشرقي المحتل من قبل ميليشيا قسد الكردية الانفصاليةديرالزور غارة جوية  تستهدف مدينة دير الزور,https://syria.liveuamap.com/ar/2024/12-december-21-deir-ezzor-reportedly-an-american-airstrike,22721379,4 الشهر منذ
11.12.2024,متداول   إطلاق نـ.ـار من قبل قسد على متظاهرين في حي غويران بمدينة الحسكة,https://syria.liveuamap.com/ar/2024/12-december-21-shots-fired-on-demonstrators-in-ghwayran-neighborhood,22721374,4 الشهر منذ
11.12.2024,غارة جوية تستهدف مدينة دير الزور شرقي سوريا,https://syria.liveuamap.com/ar/2024/12-december-21-an-air-strike-targets-the-city-of-deir-ezzor,22721373,4 الشهر منذ
11.12.2024,القائد العام لقوات سوريا الديمقراطية: نحن مستعدون للحوار مع تركيا ونأمل أن يتحول اتفاق وقف إطلاق النار في منبج إلى اتفاق شامل ونأمل أن يدخل اتفاق منبج حيز التنفيذ غداً ولا يجوز وجود أي قوات عسكرية في منبج وفقاً لاتفاق وقف إطلاق النار,https://syria.liveuamap.com/ar/2024/12-december-20-sdf-commanderinchief-we-are-ready-for-dialogue,22721372,4 الشهر منذ
11.12.2024,تدور اشتباكات بين قوات الجيش الوطني وقوات سوريا الديمقراطية على خط عين عيسى/سكيرو شمال الرقة، حيث تقوم القوات المسلحة التركية حالياً بتقديم الدعم المدفعي.,https://syria.liveuamap.com/ar/2024/12-december-20-there-are-clashes-between-sna-and-sdf-forces,22721357,4 الشهر منذ
11.12.2024,قوات خاصة من قوات سوريا الديمقراطية (HAT) تنفذ مداهمات في مدينة الرقة,https://syria.liveuamap.com/ar/2024/12-december-20-special-forces-from-the-sdf-hat--carry-out,22721356,4 الشهر منذ
11.12.2024,"""لواء ثوار الرقة"" التابع لقسد يكلّف الهيئة السياسية لمحافظة الرقة بالتفاوض عن اللواء",https://syria.liveuamap.com/ar/2024/12-december-20-the-sdfaffiliated-raqqa-revolutionaries-brigade,22721352,4 الشهر منذ
11.12.2024,اشتباكات بين قوات الجيش الوطني وقوات سوريا الديمقراطية شرقي عين عيسى,https://syria.liveuamap.com/ar/2024/12-december-20-clashes-between-sna-and-sdf-forces-in-the,22721351,4 الشهر منذ
11.12.2024,الرئاسة التركية: أردوغان يلتقي وزير الخارجية الأمريكي في أنقرة,https://syria.liveuamap.com/ar/2024/12-december-19-turkish-presidency-erdogan-meets-us-secretary,22721296,4 الشهر منذ
11.12.2024,المدفعية التركية تستهدف قوات سوريا الديمقراطية في قريتي أم الكيف وتل جمعة على خط تل تمر بنيران المدفعية,https://syria.liveuamap.com/ar/2024/12-december-18-turkish-artillery-targets-sdf-in-the-villages,22721353,4 الشهر منذ
11.12.2024,"قال نائب وزير الخارجية الروسي ميخائيل بوغدانوف إن روسيا أقامت اتصالات ة مع اللجنة السياسية لهيئة تحرير الشام، وأضاف أن موسكو تهدف إلى الحفاظ على قواعدها العسكرية في سوريا لمواصلة ""محاربة الإرهاب الدولي"" في البلاد.",https://syria.liveuamap.com/ar/2024/12-december-18-russia-has-established-direct-contacts-with,22721292,4 الشهر منذ
11.12.2024,الأمين العام للأمم المتحدة قلق بشكل خاص بسبب مئات الغارات الإسرائيلية على عدد من المواقع في سوريا,https://syria.liveuamap.com/ar/2024/12-december-17-un-secretarygeneral-particularly-concerned,22721290,4 الشهر منذ
11.12.2024,ميليشيا قسد تعلن عن حظر للتجوال في مدينة الرقة,https://syria.liveuamap.com/ar/2024/12-december-16-the-sdf-announces-a-curfew-in-the-city-of,22721295,4 الشهر منذ
11.12.2024,تزعم مصادر كردية أنها ليست وراء إطلاق النار على المتظاهرين في الرقة ونشرت هذا الفيديو لإظهار أن أحد المتظاهرين يحمل رشاش بي كي سي ويطلق النار,https://syria.liveuamap.com/ar/2024/12-december-16-kurdish-sources-claim-that-they-are-not-behind,22721368,4 الشهر منذ
11.12.2024,نائبة المبعوث الأممي الخاص لسوريا للجزيرة: المبعوث الأممي غير بيدرسون سيزور سوريا قريبا,https://syria.liveuamap.com/ar/2024/12-december-16-deputy-un-special-envoy-for-syria-to-al-jazeera,22721288,4 الشهر منذ
11.12.2024,أجرى وزيرا خارجية إيران والإمارات اتصالا هاتفيا اليوم الخميس لبحث التطورات في سوريا ووقف الهجمات الإسرائيلية على سوريا، كما أكدا على الحفاظ على وحدة الأراضي السورية.,https://syria.liveuamap.com/ar/2024/12-december-16-foreign-ministers-of-iran-and-uae-had-a-phone,22721284,4 الشهر منذ
11.12.2024,"قال وزير الخارجية الأميركي بلينكن الخميس إن الغارات الجوية الإسرائيلية على سوريا منذ سقوط نظام الرئيس السوري بشار الأسد تهدف إلى إبعاد المعدات العسكرية عن ""الأيدي الخطأ"".",https://syria.liveuamap.com/ar/2024/12-december-15-us-secretary-of-state-blinken-said-thursday,22721269,4 الشهر منذ
11.12.2024,أنقرة تقول إن وزير الخارجية التركي موجود في تركيا بعد بيان لوزارة الإعلام السورية ذكر أنه موجود في دمشق,https://syria.liveuamap.com/ar/2024/12-december-15-ankara-says-turkish-foreign-minister-in-trkiye,22721278,4 الشهر منذ
11.12.2024,مستشار الأمن القومي الأميركي: نتوقع أن يكون احتلال إسرائيل للمنطقة العازلة في سوريا مؤقتا,https://syria.liveuamap.com/ar/2024/12-december-15-us-national-security-advisor-we-expect-israels,22721267,4 الشهر منذ
11.12.2024,سوليفان: نجري محادثات جادة ومكثفة مع تركيا بشأن سوريا,https://syria.liveuamap.com/ar/2024/12-december-15-sullivan-we-are-holding-serious-and-intensive,22721268,4 الشهر منذ
11.12.2024,تتجه الأوضاع في مدينة الرقة نحو الفوضى، حيث أطلقت قوات سوريا الديمقراطية النار على المدنيين، وتتواصل الاحتجاجات في مناطق متعددة من وسط المدينة، وتشير التقارير إلى مقتل شخصين على الأقل وإصابة العديد من الآخرين.,https://syria.liveuamap.com/ar/2024/12-december-15-the-situation-in-raqqa-city-is-becoming-chaotic,22721253,4 الشهر منذ
11.12.2024,روسيا تقترب من التوصل لاتفاق مع القيادة السورية الجديدة للاحتفاظ بقاعدتين في البلاد، بحسب مصدرين لوكالة بلومبرج,https://syria.liveuamap.com/ar/2024/12-december-15-russia-is-close-to-reaching-an-agreement-with,22721265,4 الشهر منذ
11.12.2024,"سوريا: مراسل  المتظاهرون طالبوا بخروج ""قسد"" من الحسكة ودخول قوات إدارة العمليات العسكرية المشتركة إلى المدينة",https://syria.liveuamap.com/ar/2024/12-december-15-protesters-demanded-the-sdf-leave-hasakah,22721248,4 الشهر منذ
11.12.2024,قوات قسد تفرض حظراً للتجوال في كامل مناطق سيطرتها في شمال شرق سوريا حتى صباح الغد  مصدر لستيب نيوز: مقتل مدني وإصابة آخرين جراء استهداف قوات قسد لمظاهرة سلمية في مدينة الرقة شمال شرق سوريا,https://syria.liveuamap.com/ar/2024/12-december-14-sdf-forces-impose-a-curfew-in-all-areas-under,22721238,4 الشهر منذ
11.12.2024,قال مصدران مطلعان لرويترز إن رئيس المخابرات التركية إبراهيم كالين زار العاصمة السورية دمشق اليوم الخميس.,https://syria.liveuamap.com/ar/2024/12-december-14-turkish-intelligence-chief-ibrahim-kalin-was,22721227,4 الشهر منذ
11.12.2024,أ ف ب عن برنامج الأغذية العالمي: نحتاج لتمويل بقيمة 250 مليون دولار خلال الأشهر الستة المقبلة في سوريا,https://syria.liveuamap.com/ar/2024/12-december-14-wfp-we-need-250-million-in-funding-over-the,22721221,4 الشهر منذ
11.12.2024,اتفاق وقف إطلاق النار بين الجيش الوطني السوري بقيادة تركيا وقوات سوريا الديمقراطية في منبج وسد تشرين 1. ستنسحب قوات سوريا الديمقراطية (مجلس منبج العسكري) بأمان من منبج 2. سيكون سد تشرين منطقة منزوعة السلاح وسيتولى موظفون مدنيون إدارة السد 3. هدنة تبدأ في الساعة 17:00 بالتوقيت المحلي,https://syria.liveuamap.com/ar/2024/12-december-14-ceasefire-agreement-between-the-turkish-led,22721235,4 الشهر منذ
11.12.2024,"أ ف ب: السلطة السورية الجديدة تعلن استعدادها التعاون مع واشنطن للبحث عن مواطنيها ""المغيبين""",https://syria.liveuamap.com/ar/2024/12-december-13-new-syrian-authority-announces-readiness-to,22721213,4 الشهر منذ
11.12.2024,الجيش التركي يقصف براجمات الصواريخ مواقع قوات قسد في ريف الحسكة الشمالي مع تحليق لطيران الاستطلاع التركي بأجواء المنطقة. سورية,https://syria.liveuamap.com/ar/2024/12-december-13-the-turkish-army-bombards-the-positions-of,22721193,4 الشهر منذ
11.12.2024,"""الجيش الوطني"": توصلنا إلى اتفاق لوقف إطلاق النار في منبج وريفها لمدة أربعة أيام من أجل تنفيذ التفاهمات الإنسانية والأمنية بما في ذلك انسحاب خلايا ""قسد"" مع عائلاتهم",https://syria.liveuamap.com/ar/2024/12-december-13-sna-we-reached-a-ceasefire-agreement-in-manbij,22721194,4 الشهر منذ
11.12.2024,"نتنياهو: ضرورة تقديم الدعم للأقليات في سوريا ومنع أي ""أنشطة إرهابية"" تهدد أمن إسرائيل",https://syria.liveuamap.com/ar/2024/12-december-13-netanyahu-need-to-support-minorities-in-syria,22721257,4 الشهر منذ
11.12.2024,أهالي مدينة منبج يخرجون في مظاهرات حاشدة ضد الجيش الوطني,https://syria.liveuamap.com/ar/2024/12-december-12-the-people-of-manbij-city-hold-large-protests,22721226,4 الشهر منذ
11.12.2024,المرصد: الغارات الإسرائيلية استهدفت مطار مروحيات في عقربا جنوب غرب دمشق,https://syria.liveuamap.com/ar/2024/12-december-12-israeli-raids-targeted-helicopter-airport,22721183,4 الشهر منذ
11.12.2024,الخارجية الروسية: العلاقات بين موسكو وأنقرة لم تتدهور بسبب الأزمة السورية,https://syria.liveuamap.com/ar/2024/12-december-12-russian-foreign-ministry-relations-between,22721181,4 الشهر منذ
11.12.2024,الحكومة السورية الجديدة تعلن تعليق العمل بالدستور والبرلمان لمدة ثلاثة أشهر - فرانس برس,https://syria.liveuamap.com/ar/2024/12-december-12-syrias-new-govt-says-to-suspend-constitution,22721180,4 الشهر منذ
11.12.2024,طيران حربي و استطلاع إسرائيلي  فوق محافظة القنيطرة جنوب غرب سوريا,https://syria.liveuamap.com/ar/2024/12-december-12-israeli-warplanes-and-reconnaissance-drones,22721176,4 الشهر منذ
11.12.2024,غارات إسرائيلية تستهدف مواقع عسكرية كانت تابعة لنظام الأسد في اللاذقية وطرطوس على الساحل السورياللاذقيةسوريا,https://syria.liveuamap.com/ar/2024/12-december-12-israeli-raids-target-military-sites-belonging,22721175,4 الشهر منذ
11.12.2024,أنباء عن غارة إسرائيلية في محيط العاصمة السورية دمشق,https://syria.liveuamap.com/ar/2024/12-december-11-news-of-an-israeli-raid-in-the-vicinity-of,22721173,4 الشهر منذ
11.12.2024,مراسل درعا 24: غارة إسرائيلية من قبل الطيران الحربي تستهدف إحدى المواقع في محيط دمشق، ومايزال الطيران في الأجواء.دمشق قصف درعا24,https://syria.liveuamap.com/ar/2024/12-december-11-an-israeli-airstrike-by-warplanes-targets,22721178,4 الشهر منذ
11.12.2024,الجيش الروسي يخلي قاعدة عين عيسى شمال الرقة,https://syria.liveuamap.com/ar/2024/12-december-11-russian-army-evacuates-ayn-issa-base-north,22721174,4 الشهر منذ
11.12.2024,مظاهرات بدعم من الجيش الوطني السوري في مدينة رأس العين (سري كانيه) الخاضعة لسيطرة تركيا تطالب الفصائل المدعومة من تركيا بفتح المزيد من الجبهات للسيطرة على منطقة الجزيرة/محافظة الحسكة من قوات سوريا الديمقراطية,https://syria.liveuamap.com/ar/2024/12-december-11-snabacked-protests-in-turkish-controlled-city,22721168,4 الشهر منذ
11.12.2024,"رفع علم الثورة السورية في كافة مناطق ""الإدارة الذاتية"" (مناطق سيطرة قوات سوريا الديمقراطية) شرقي سوريا (بيان رسمي)",https://syria.liveuamap.com/ar/2024/12-december-11-the-flag-of-the-syrian-revolution-will-be,22721169,4 الشهر منذ
11.12.2024,وزارة النقل السورية للحدث: ننسيق مع لبنان والأردن بشأن عودة السوريين عبر المعابر الحدودية,https://syria.liveuamap.com/ar/2024/12-december-11-syrian-ministry-of-transport-we-are-coordinating,22721160,4 الشهر منذ
11.12.2024,مراسل التلفزيون العربي: جيش  الإسرائيلي يعزز انتشار قواته في محيط مدينة البعث السورية,https://syria.liveuamap.com/ar/2024/12-december-11-the-israeli-army-is-strengthening-its-forces,22721158,4 الشهر منذ
11.12.2024,شبكة سي بي إس: العثور  على مواطن أمريكي في سوريا يعرف عن نفسه بأنه ترافيس تيمرمان من مواليد ولاية ميزوري,https://syria.liveuamap.com/ar/2024/12-december-11-cbs-us-citizen-found-in-syria-identifies-himself,22721166,4 الشهر منذ
11.12.2024,أهالي بلدة حطلة العرب يتظاهرون ضد تواجد قوات سوريا الديمقراطية في مدينتهم بدير الزور,https://syria.liveuamap.com/ar/2024/12-december-10-local-arab-people-in-the-town-of-hatla-are,22721154,4 الشهر منذ
11.12.2024,الخارجية القطرية: رئيس الوزراء وزير الخارجية تلقى اتصالا من وزير الخارجية الإيراني وبحثا الأوضاع في غزة و سوريا,https://syria.liveuamap.com/ar/2024/12-december-10-qatari-foreign-ministry-the-prime-minister,22721153,4 الشهر منذ
11.12.2024,الجيش الإسرائيلي: صادرنا دبابات ووسائل قتالية أخرى من الأراضي السورية,https://syria.liveuamap.com/ar/2024/12-december-10-israeli-army-we-confiscated-tanks-and-other,22721147,4 الشهر منذ
11.12.2024,"هاوار: صعدت الفصائل المدعومة من تركيا من هجماتها على محيط سد تشرين، ""رغم إعلان وقف إطلاق النار"".",https://syria.liveuamap.com/ar/2024/12-december-10-anha-turkish-backed-groups-have-escalated,22721145,4 الشهر منذ
11.12.2024,"مراسل الشؤون الخارجية لـ @MSNBC و @NBCNews مات برادلي: الأمريكي الذي عُثر عليه في سوريا ليس أوستن تايس. لقد قال إن اسمه ترافيس. ورفض إعطاء لقب. وقال إنه كان ""حاجًا"" وأنه عبر إلى سوريا سيرًا على الأقدام قبل اعتقاله. وقد احتُجز في السجن لمدة سبعة أشهر وقال إنه عومل بشكل جيد.",https://syria.liveuamap.com/ar/2024/12-december-10-foreign-correspondent-formsnbc-and-nbcnews,22721144,4 الشهر منذ
11.12.2024,قال العاهل الأردني الملك عبد الله الثاني في اتصال هاتفي مع المستشار الألماني أولاف شولتس إن على السوريين وضع مصلحة بلدهم في مقدمة أولوياتهم خلال المرحلة المقبلةوذكر الديوان الملكي الأردني أن الملك عبد الله شدد خلال الاتصال على أهمية الحفاظ على أمن سوريا واستقرارها ومؤسساتها,https://syria.liveuamap.com/ar/2024/12-december-10-jordanian-king-abdullah-ii-said-in-a-phone,22721157,4 الشهر منذ
11.12.2024,فيديو رصد لأول مرة لقاعدة حميميم الجوية الروسية، حيث شوهدت في الحظائر 14 طائرة حربية على الأقل، بالإضافة إلى مروحيات وطائرات أخرى,https://syria.liveuamap.com/ar/2024/12-december-10-video-of-monitoring-for-the-first-time-the,22721164,4 الشهر منذ
11.12.2024,ا.ف.ب: بلينكن يصل إلى العقبة في جنوب الأردن مستهلا جولته لبحث الأزمة في سوريا,https://syria.liveuamap.com/ar/2024/12-december-09-afp-blinken-arrives-in-aqaba-in-southern-jordan,22721139,4 الشهر منذ
11.12.2024,مراسلة شبكة CNN الدولية كلاريسا وارد عن مقطع الفيديو الذي انتشر على الإنترنت لصحفي أمريكي: هذا ليس أوستن تيس بنسبة 100%. ليس لدي أي فكرة عن هويته لكنه ليس أوستن,https://syria.liveuamap.com/ar/2024/12-december-09-cnn-chief-international-correspondent-clarissa,22721132,4 الشهر منذ
11.12.2024,الحكومة الانتقالية في سوريا تعرب عن شكرها للسعودية ومصر والإمارات والعراق والأردن والبحرين وعمان وإيطاليا لاستئناف عمل بعثاتها الدبلوماسية في سوريا، كما تؤكد أن قطر وتركيا وعدتا بفتح سفارة في سوريا.,https://syria.liveuamap.com/ar/2024/12-december-09-the-transitional-government-in-syria-expresses,22721131,4 الشهر منذ
11.12.2024,استمرار القصف المدفعي والغارات الجوية التركية على جبهة سد تشرين/قره قوزاق,https://syria.liveuamap.com/ar/2024/12-december-09-turkish-artillery-and-airstrikes-on-the-tishreen,22721126,4 الشهر منذ
11.12.2024,"شام صور تؤكد العثور على الصحفي الأمريكي ""أوستين تايس"" في دمشق بعد الإفراج عنه من سجون الأسد، وهو  موجود لدى أحد المدنيين في بلدة الذيابية",https://syria.liveuamap.com/ar/2024/12-december-09-photos-claiming-to-be-of-the-us-journalist,22721123,4 الشهر منذ
11.12.2024,الدفاع التركية تعلن أن الفصائل السورية الموالية لها سيطرت على كامل مدينة منبج,https://syria.liveuamap.com/ar/2024/12-december-09-turkish-defense-ministry-announces-that-factions,22721124,4 الشهر منذ
11.12.2024,"مكتب نتنياهو: الجيش الإسرائيلي سيحتفظ بسيطرته على المنطقة العازلة في الجولان إلى أن تظهر ""قوة"" في سوريا قادرة على ضمان الالتزام باتفاق فض الاشتباك وضمان أمننا على الحدود",https://syria.liveuamap.com/ar/2024/12-december-09-netanyahus-office-the-israeli-army-will-maintain,22721125,4 الشهر منذ
11.12.2024,خبراء أمميون يقولون إن الغارات الجوية التي شنّتها إسرائيل ضدّ مواقع عسكرية سورية أخيراً تتعارض مع القانون الدولي,https://syria.liveuamap.com/ar/2024/12-december-08-un-experts-say-recent-israeli-airstrikes-on,22721184,4 الشهر منذ
11.12.2024,رئيس الأركان العراقي: عززنا قوات الحدود مع سوريا بخط دفاعي من الجيش والحشد الشعبي,https://syria.liveuamap.com/ar/2024/12-december-07-iraqi-chief-of-staff-we-have-reinforced-the,22721271,4 الشهر منذ
11.12.2024,قال مسؤولون إن الغارات الجوية الأميركية في وسط سوريا الأحد أسفرت عن مقتل نحو 30 مقاتلا من تنظيم الدولة الإسلامية. واستُخدمت 140 قنبلة موجهة بالأقمار الصناعية لتدمير المعسكرات.,https://syria.liveuamap.com/ar/2024/12-december-07-us-airstrikes-in-central-syria-sunday-killed,22721276,4 الشهر منذ
11.12.2024,الحرس الثوري الإيراني: نؤكد ضرورة الحفاظ على وحدة الأراضي السورية وسيادتها,https://syria.liveuamap.com/ar/2024/12-december-07-iranian-revolutionary-guard-we-stress-the,22721030,4 الشهر منذ
11.12.2024,رئيس البرلمان الإيراني: سقوط الأسد يسبب اضطرابًا للمقاومة ولكنها ستتكيف مع الظروف الجديدة وتصبح أقوى  رئيس البرلمان الإيراني: مقتل قادة حزب الله كان أشد علينا من سقوط الأسد لكن الحزب أصبح أقوى,https://syria.liveuamap.com/ar/2024/12-december-06-iranian-parliament-speaker-assads-fall-causes,22721028,4 الشهر منذ
11.12.2024,إدارة العمليات العسكرية في سوريا: غارات إسرائيلية تستهدف ميناء اللاذقية,https://syria.liveuamap.com/ar/2024/11-december-21-military-operations-command-in-syria-israeli,22721000,4 الشهر منذ
11.12.2024,"مخاوف الولايات المتحدة بشأن سوريا - البنتاجون يحافظ على وضعه العسكري الحالي بحوالي 900 جندي مخصصين لمهمة هزيمة داعش. ""من مصلحتنا الأمنية الوطنية ألا يتمكن داعش من استغلال الوضع المستمر على الأرض"" حسب @DepPentPressSec Sabrina Singh",https://syria.liveuamap.com/ar/2024/11-december-21-us-concerns-about-syria--pentagon-maintaining,22720998,4 الشهر منذ
11.12.2024,أهالي بلدة مراط شمالي ديرالزور يمنعون دورية عسكرية من قسد حاولت سرقة محطة مياه مراط، مع إطـ.ـلاق قسد النار من أسلحة ثقيلة في الهواء لتفريق المحتجين، وطالب الأهالي بدخول قوات إدارة العمليات العسكرية إلى المنطقة.نهر_ميدياالفيديو في قناتنا على التلغرام:,https://syria.liveuamap.com/ar/2024/11-december-21-residents-of-the-town-of-marat-north-of-deir,22721082,4 الشهر منذ
11.12.2024,قيادة حزب البعث تعلق نشاطاتها في سوريا,https://syria.liveuamap.com/ar/2024/11-december-21-baath-party-leadership-suspends-all-activities,22720999,4 الشهر منذ
11.12.2024,قائد قوات سوريا الديمقراطية لسكاي نيوز البريطانية: أوقفنا عمليات مكافحة داعش بسبب التهديد من المتمردين المدعومين من تركيا,https://syria.liveuamap.com/ar/2024/11-december-20-sdf-commander-to-sky-news-we-halted-antiisis,22720996,4 الشهر منذ
11.12.2024,"""نيوزويك"" عن دبلوماسي أممي: الجيش الإسرائيلي نقل قوات للمنطقة مما قيد حركة قوات حفظ السلام في الجولان",https://syria.liveuamap.com/ar/2024/11-december-20-newsweek-citing-a-un-diplomat-the-israeli,22720990,4 الشهر منذ
11.12.2024,تعرضت نقاط عسكرية سابقة للنظام السوري في القامشلي للقصف مجددا، وتستمر هذه الهجمات على نقاط النظام في المنطقة,https://syria.liveuamap.com/ar/2024/11-december-20-former-syrian-regime-military-points-in-qamishli,22721001,4 الشهر منذ
11.12.2024,"قال البنتاغون إن وزير الدفاع الإسرائيلي يسرائيل كاتس أوستن ""أكد على أهمية التشاور الوثيق بين الولايات المتحدة وإسرائيل مع تطور الأحداث"" بحسب @DepPentPressSec",https://syria.liveuamap.com/ar/2024/11-december-20-more-us-outreach-to-middle-east-allies-about,22720985,4 الشهر منذ
11.12.2024,وزير الخارجية الأمريكي: لست واثقا أن زعيم هيئة تحرير الشام سيحمي الأقليات في سوريا,https://syria.liveuamap.com/ar/2024/11-december-20-us-secretary-of-state-i-am-not-confident-that,22720982,4 الشهر منذ
11.12.2024,البنتاغون: سجون داعش في سوريا لا تزال تحت سيطرة قوات سوريا الديمقراطية,https://syria.liveuamap.com/ar/2024/11-december-19-isis-prisons-in-syria-remain-under-sdf-control,22720978,4 الشهر منذ
11.12.2024,أحمد الشرع: أنقذنا سوريا والمنطقة من خطر استراتيجي وتهديد وجودي لمكونات كبيرة بسوريا,https://syria.liveuamap.com/ar/2024/11-december-18-ahmed-alsharaajolani-we-saved-syria-and-the,22720922,4 الشهر منذ
11.12.2024,أحمد الشرع: لم تدعم أي دولة معركتنا ولا أحد شجعها وكنا واثقين بالانتصار,https://syria.liveuamap.com/ar/2024/11-december-18-ahmed-alsharaaaljolani-no-country-supported,22720921,4 الشهر منذ
11.12.2024,"""الوكالة الوطنية"": جرافة للجيش الإسرائيلي عملت على شق وتوسيع طريق عند قمة جبل الشيخ من الجهة اللبنانية",https://syria.liveuamap.com/ar/2024/11-december-18-an-israeli-army-bulldozer-worked-to-pave-and,22720923,4 الشهر منذ
11.12.2024,وفي وقت سابق من الأسبوع، قال مسؤولون إن قوات سوريا الديمقراطية أسقطت عن طريق الخطأ طائرة أمريكية بدون طيار من طراز MQ-9 Reaper بعد أن أخطأت في الاعتقاد بأنها طائرة تركية بدون طيار. ومع وجود حوالي 900 جندي أمريكي متمركزين في سوريا، أجرت القوات الأمريكية وقوات سوريا الديمقراطية لسنوات غارات مشتركة ضد أهداف داعش والمتشددين.,https://syria.liveuamap.com/ar/2024/11-december-18-earlier-in-the-week-officials-said-the-sdf,22720976,4 الشهر منذ
11.12.2024,فرنسا تدعو إسرائيل إلى الانسحاب من المنطقة العازلة في سوريا,https://syria.liveuamap.com/ar/2024/11-december-17-france-calls-israel-to-withdraw-from-the-buffer,22720919,4 الشهر منذ
11.12.2024,قوات  الاسرائيلي تجبر اهالي قريتي الحميدية والحرية في ريف القنيطرة على اخلاء منازلهم,https://syria.liveuamap.com/ar/2024/11-december-17-israeli-forces-force-residents-of-alhamidiyah,22720918,4 الشهر منذ
11.12.2024,تمكن مجلس الطبقة العسكري التابع لقوات سوريا الديمقراطية من أسر 6 مسلحين من الفصائل الموالية لتركيا في منطقة دير حافر بريف منبج الجنوبي.,https://syria.liveuamap.com/ar/2024/11-december-16-the-tabqa-military-council-affiliated-with,22720975,4 الشهر منذ
11.12.2024,تحدث قائد عسكري أمريكي كبير مع رئيس الأركان التركي الليلة الماضية لمناقشة الوضع في سوريا. وحذرت واشنطن أنقرة مرة أخرى من تهديد قوات سوريا الديمقراطية، وهي حليف رئيسي للولايات المتحدة في الحرب ضد داعش.,https://syria.liveuamap.com/ar/2024/11-december-15-top-us-general-spoke-to-turkeys-military,22720911,4 الشهر منذ
11.12.2024,فرنسا وألمانيا ترفضان الاعتداءات الإسرائيلية على سورياطالبت فرنسا و ألمانيا اليوم العدو الإسرائيلي بعدم تهديد سيادة الدولة السورية، بعد توغلها البري في المنطقة العازلة جنوبي سوريا، وشنّها مئات الغارات الجوية على الأصول العسكرية للجيش السوري.لقراءة الخبر كاملاً…,https://syria.liveuamap.com/ar/2024/11-december-15-france-and-germany-reject-israeli-attacks,22720892,4 الشهر منذ
11.12.2024,المبعوث الأممي إلى سوريا للعربية: النزاع في سوريا لم ينته بعد,https://syria.liveuamap.com/ar/2024/11-december-15-un-envoy-to-syria-the-conflict-in-syria-is,22720889,4 الشهر منذ
11.12.2024,بلومبرغ عن غروسي: تحقيق وكالة الطاقة الذرية في أنشطة الأسلحة النووية السورية المحتملة توقف بعد الإطاحة بالأسد,https://syria.liveuamap.com/ar/2024/11-december-13-bloomberg-citing-grossi-iaea-investigation,22720876,4 الشهر منذ
11.12.2024,إدارة العمليات العسكرية تعلن إلغاء حظر التجوال في العاصمة دمشق,https://syria.liveuamap.com/ar/2024/11-december-13-military-operations-department-announces-the,22720874,4 الشهر منذ
11.12.2024,موجة جديدة من الغارات الجوية التركية على شمال سوريا والإدارة الذاتية تستهدف البنية التحتية المدنية في شمال سوريا، حيث نفذ سلاح الجو التركي غارة جوية على معمل لافارج للإسمنت بين كوباني وعين عيسى,https://syria.liveuamap.com/ar/2024/11-december-13-new-wave-of-turkish-airstrikes-across-northern,22720861,4 الشهر منذ
11.12.2024,"غارة جوية تركية تستهدف مبنى استخبارات ""الأمن العام"" التابع لميليشيا قسد في مدينة الرقة، وهي الغارة الأولى من نوعها على مدينة الرقة، وأول غارة جوية منذ عام 2017",https://syria.liveuamap.com/ar/2024/11-december-12-a-turkish-airstrike-targets-the-general-security,22720849,4 الشهر منذ
11.12.2024,انفجار كبير وسط مدينة الرقة - أفادت الأنباء أن الانفجار ضرب مبنى قوات الأمن (الشرطة؛ الآسايش) في الرقة,https://syria.liveuamap.com/ar/2024/11-december-12-a-large-scale-explosion-reported-in-the-city,22720848,4 الشهر منذ
11.12.2024,قوات التحالف الأمريكي تتجه نحو الرقة,https://syria.liveuamap.com/ar/2024/11-december-12-us-coalition-forces-are-moving-into-raqqah,22720846,4 الشهر منذ
11.12.2024,"وزيرة الخارجية الألمانية: الهدنة بين الأكراد وتركيا ""نبأ سار""",https://syria.liveuamap.com/ar/2024/11-december-12-german-foreign-minister-truce-between-kurds,22720845,4 الشهر منذ
11.12.2024,أحمد الشرع: الخوف كان من وجود نظام الأسد وهو  سقط والبلاد تتجه نحو التنمية وإعادة الإعمار والاستقرار,https://syria.liveuamap.com/ar/2024/11-december-12-ahmed-alsharaa-the-fear-was-of-the-assad-regime,22720843,4 الشهر منذ
11.12.2024,مصادر العربية: قصف إسرائيلي على مطار المزة العسكري في دمشق,https://syria.liveuamap.com/ar/2024/11-december-11-israeli-bombing-of-mezzeh-military-airport,22720833,4 الشهر منذ
11.12.2024,الرقة الطيران المسير التركي يستهدف بغارة جوية نقطة عسكرية تابعة لميليشيات PKK/PYD الكردية الإنفصالية في محيط مدينة الرقة,https://syria.liveuamap.com/ar/2024/11-december-10-raqqa-turkish-drones-target-a-military-point,22720820,4 الشهر منذ
11.12.2024,نتنياهو: نخوض حربا على 7 جبهات وربما تنضم إليها جبهة أخرى,https://israelpalestine.liveuamap.com/ar/2024/11-december-10-netanyahu-we-are-fighting-a-war-on-7-fronts,22720814,4 الشهر منذ
11.12.2024,سوريا: قوات  الإسرائيلي تتقدم اليوم باتجاه التلال الحمراء قرب بلدة حضر (محافظة القنيطرة) وفجرت عدة مواقع سابقة للجيش العربي السوري,https://syria.liveuamap.com/ar/2024/11-december-10-syria-israeli-troops-moved-today-towards-the,22720844,4 الشهر منذ
11.12.2024,مراسل التلفزيون العربي: جيش  الإسرائيلي يطلق النار تجاه طاقم التفزيون العربي في القنيطرة,https://syria.liveuamap.com/ar/2024/11-december-10-israeli-army-fires-at-al-arabiya-tv-crew-in,22720836,4 الشهر منذ
11.12.2024,العاهل الأردني يبحث مع رئيس وزراء العراق تطورات سوريا,https://syria.liveuamap.com/ar/2024/11-december-09-jordanian-monarch-discusses-developments-in,22720841,4 الشهر منذ
12.12.2024,حماة: قصف إسرائيلي يستهدف معامل الدفاع ومركز البحوث في مصياف بريف حماة,https://syria.liveuamap.com/ar/2024/13-december-20-hama-israeli-bombing-targets-defense-laboratories,22721634,4 الشهر منذ
12.12.2024,سقوط شظايا صاروخ اسرائيلي في منطقة ركن الدين في العاصمة دمشق دون  ورود معلومات عن تسجيل إصابات,https://syria.liveuamap.com/ar/2024/13-december-20-shrapnel-from-an-israeli-missile-fell-in-the,22721633,4 الشهر منذ
12.12.2024,طائرات حربية إسرائيلية تستهدف جبل قاسيون في العاصمة السورية دمشق,https://syria.liveuamap.com/ar/2024/13-december-20-israeli-warplanes-target-mount-qasioun-in,22721632,4 الشهر منذ
12.12.2024,تركيا تقول إن القضاء على قوات سوريا الديمقراطية/وحدات حماية الشعب في سوريا هدف استراتيجي - وزير الخارجية,https://syria.liveuamap.com/ar/2024/13-december-19-turkey-says-the-elimination-of-sdf--ypg-in,22721635,4 الشهر منذ
12.12.2024,وزير الخارجية التركي: سفارتنا في دمشق ستباشر عملها بدءا من يوم غد السبت,https://syria.liveuamap.com/ar/2024/13-december-19-turkish-foreign-minister-our-embassy-in-damascus,22721628,4 الشهر منذ
12.12.2024,وزير الخارجية التركية: نريد أن نرى حكومة شاملة في سوريا,https://syria.liveuamap.com/ar/2024/13-december-19-turkish-foreign-minister-we-want-to-see-an,22721627,4 الشهر منذ
12.12.2024,غارات إسرائيلية تستهدف مواقع للجيش السوري في طرطوس واللاذقية، بحسب تقارير محلية,https://syria.liveuamap.com/ar/2024/13-december-18--israeli-strikes-targeted-syrian-army-sites,22721620,4 الشهر منذ
12.12.2024,دير_الزور : عودة شبكة الاتصالات والأنترنت إلى مدينة ديرالزور، بعد انقطـ.ـاعها منذ ساعات الصباح الأولى,https://syria.liveuamap.com/ar/2024/13-december-16-deir-ezzor-the-communications-and-internet,22721585,4 الشهر منذ
12.12.2024,"صحيفة ""دير شبيغل"" عن تحليل عسكري ألماني داخلي: روسيا تجري كافة الاستعدادات لإخلاء قواعدها العسكرية في سورياn  سويا_الحرّة",https://syria.liveuamap.com/ar/2024/13-december-15-der-spiegel-newspaper-based-on-an-internal,22721582,4 الشهر منذ
12.12.2024,مجلس الجامعة العربية: القرار العربي يدين الغارات الإسرائيلية المستمرة على المواقع المدنية والعسكرية السورية,https://syria.liveuamap.com/ar/2024/13-december-14-arab-league-council-arab-resolution-condemns,22721580,4 الشهر منذ
12.12.2024,رئيس الوزراء القطري يبحث مع مستشار الأمن القومي الأمريكي الأوضاع في غزة والتطورات بسوريا,https://syria.liveuamap.com/ar/2024/13-december-14-qatari-pm-discusses-gaza-syria-developments,22721577,4 الشهر منذ
12.12.2024,رئيس وزراء العراق: ندعم سوريا في هذه المرحلة المهمة,https://syria.liveuamap.com/ar/2024/13-december-14-iraqi-prime-minister-we-support-syria-at-this,22721571,4 الشهر منذ
12.12.2024,أردوغان: سيتم تنظيف سوريا من الإرهابيين وسيكون هذا ردنا على من كان يسأل لماذا نحن موجودون في سوريا,https://syria.liveuamap.com/ar/2024/13-december-13-erdogan-syria-will-be-cleansed-of-terrorists,22721566,4 الشهر منذ
12.12.2024,قائد قوات سوريا الديمقراطية مازن عبدي يتعهد بالشفافية والمساءلة وسط تصاعد الاحتجاجات في الرقة، عقب دعوات انسحابها بعد انهيار حكومة الأسد,https://syria.liveuamap.com/ar/2024/13-december-11-sdf-commander-mazin-abdi-pledges-transparency,22721562,4 الشهر منذ
12.12.2024,يعمل الاتحاد الأوروبي على تكثيف الدعم لسوريا من خلال جسر جوي إنساني جديد لتقديم الرعاية الصحية الطارئة والإمدادات الأساسية. وقد تم حشد مبلغ إضافي قدره 4 ملايين يورو لتلبية الاحتياجات الإنسانية الة.,https://syria.liveuamap.com/ar/2024/13-december-11-the-eu-is-stepping-up-support-for-syria-with,22721541,4 الشهر منذ
12.12.2024,مظاهرة ضخمة من ساحة العاصي في مدينة حماة,https://syria.liveuamap.com/ar/2024/13-december-10-a-demonstration-at-alasi-square-in-hama-city,22721524,4 الشهر منذ
12.12.2024,حشود ضخمة عند جامع خالد بن الوليد في مدينة حمص,https://syria.liveuamap.com/ar/2024/13-december-10-huge-crowds-at-khalid-bin-alwalid-mosque-in,22721527,4 الشهر منذ
12.12.2024,وصلت صهاريج من كتيبة العز 77 الإسرائيلية التابعة للواء المدرع السابع إلى قرية أم باطنا السورية في منطقة القنيطرة، على بعد نحو 9 كيلومترات من الحدود الإسرائيلية.,https://syria.liveuamap.com/ar/2024/13-december-10-the-tankers-from-the-israli-77th-izz-battalion,22721536,4 الشهر منذ
12.12.2024,فصائل الجيش الوطني تسيطر على سد تشرين,https://syria.liveuamap.com/ar/2024/13-december-10-sna-factions-took-control-of-the-tishrin-dam,22721539,4 الشهر منذ
12.12.2024,وزير الدفاع الإسرائيلي يسرائيل كاتس: قمم جبل الشيخ السوري عادت للسيطرة الإسرائيلية في لحظة تاريخية مؤثرةأنا ونتنياهو زرنا هضبة الجولان ورأينا قمم جبل الشيخ السوري التي عادت لسيطرتنا بعد 51 سنة,https://syria.liveuamap.com/ar/2024/13-december-06-israeli-defense-minister-yisrael-katz-the,22721417,4 الشهر منذ
12.12.2024,المرصد السوري: غارات إسرائيلية على مواقع عسكرية للنظام السابق في مصياف وريف حمص,https://syria.liveuamap.com/ar/2024/13-december-05-israeli-raids-on-former-government-military,22721405,4 الشهر منذ
12.12.2024,غارات جوية اسرائيلية تستهدف مواقع عسكرية في مطار المزة العسكري و جبل قاسيون في العاصمة السورية دمشق,https://syria.liveuamap.com/ar/2024/13-december-02-israeli-air-strikes-target-military-sites,22721389,4 الشهر منذ
12.12.2024,وأشار الرئيس أردوغان خلال لقائه أنتوني بلينكن إلى أن تركيا ستتخذ إجراءات من أجل أمنها القومي ضد المنظمات مثل PKK/PYD/YPG وداعش التي تعمل في سوريا.,https://syria.liveuamap.com/ar/2024/12-december-21-president-erdoan-in-his-meeting-with-anthony,22721381,4 الشهر منذ
12.12.2024,"غارة ""إسـ ـرائـ ـيلية"" استهدفت دفاعات جوية في وادي حنا عند الحدود السورية اللبنانية",https://syria.liveuamap.com/ar/2024/12-december-21-israeli-raid-targeted-air-defenses-in-wadi,22721386,4 الشهر منذ
12.12.2024,ديرالزور غارة من الطيران الامريكي تستهدف الجسر الترابي الواصل بين الشامية والجزيرة القرى السبعة وذلك لمنع دخول الثوار إلى قرى الريف الشرقي المحتل من قبل ميليشيا قسد الكردية الانفصاليةديرالزور غارة جوية  تستهدف مدينة دير الزور,https://syria.liveuamap.com/ar/2024/12-december-21-deir-ezzor-reportedly-an-american-airstrike,22721379,4 الشهر منذ
12.12.2024,متداول   إطلاق نـ.ـار من قبل قسد على متظاهرين في حي غويران بمدينة الحسكة,https://syria.liveuamap.com/ar/2024/12-december-21-shots-fired-on-demonstrators-in-ghwayran-neighborhood,22721374,4 الشهر منذ
12.12.2024,غارة جوية تستهدف مدينة دير الزور شرقي سوريا,https://syria.liveuamap.com/ar/2024/12-december-21-an-air-strike-targets-the-city-of-deir-ezzor,22721373,4 الشهر منذ
12.12.2024,القائد العام لقوات سوريا الديمقراطية: نحن مستعدون للحوار مع تركيا ونأمل أن يتحول اتفاق وقف إطلاق النار في منبج إلى اتفاق شامل ونأمل أن يدخل اتفاق منبج حيز التنفيذ غداً ولا يجوز وجود أي قوات عسكرية في منبج وفقاً لاتفاق وقف إطلاق النار,https://syria.liveuamap.com/ar/2024/12-december-20-sdf-commanderinchief-we-are-ready-for-dialogue,22721372,4 الشهر منذ
12.12.2024,تدور اشتباكات بين قوات الجيش الوطني وقوات سوريا الديمقراطية على خط عين عيسى/سكيرو شمال الرقة، حيث تقوم القوات المسلحة التركية حالياً بتقديم الدعم المدفعي.,https://syria.liveuamap.com/ar/2024/12-december-20-there-are-clashes-between-sna-and-sdf-forces,22721357,4 الشهر منذ
12.12.2024,قوات خاصة من قوات سوريا الديمقراطية (HAT) تنفذ مداهمات في مدينة الرقة,https://syria.liveuamap.com/ar/2024/12-december-20-special-forces-from-the-sdf-hat--carry-out,22721356,4 الشهر منذ
12.12.2024,"""لواء ثوار الرقة"" التابع لقسد يكلّف الهيئة السياسية لمحافظة الرقة بالتفاوض عن اللواء",https://syria.liveuamap.com/ar/2024/12-december-20-the-sdfaffiliated-raqqa-revolutionaries-brigade,22721352,4 الشهر منذ
12.12.2024,اشتباكات بين قوات الجيش الوطني وقوات سوريا الديمقراطية شرقي عين عيسى,https://syria.liveuamap.com/ar/2024/12-december-20-clashes-between-sna-and-sdf-forces-in-the,22721351,4 الشهر منذ
12.12.2024,الرئاسة التركية: أردوغان يلتقي وزير الخارجية الأمريكي في أنقرة,https://syria.liveuamap.com/ar/2024/12-december-19-turkish-presidency-erdogan-meets-us-secretary,22721296,4 الشهر منذ
12.12.2024,المدفعية التركية تستهدف قوات سوريا الديمقراطية في قريتي أم الكيف وتل جمعة على خط تل تمر بنيران المدفعية,https://syria.liveuamap.com/ar/2024/12-december-18-turkish-artillery-targets-sdf-in-the-villages,22721353,4 الشهر منذ
12.12.2024,"قال نائب وزير الخارجية الروسي ميخائيل بوغدانوف إن روسيا أقامت اتصالات ة مع اللجنة السياسية لهيئة تحرير الشام، وأضاف أن موسكو تهدف إلى الحفاظ على قواعدها العسكرية في سوريا لمواصلة ""محاربة الإرهاب الدولي"" في البلاد.",https://syria.liveuamap.com/ar/2024/12-december-18-russia-has-established-direct-contacts-with,22721292,4 الشهر منذ
12.12.2024,الأمين العام للأمم المتحدة قلق بشكل خاص بسبب مئات الغارات الإسرائيلية على عدد من المواقع في سوريا,https://syria.liveuamap.com/ar/2024/12-december-17-un-secretarygeneral-particularly-concerned,22721290,4 الشهر منذ
12.12.2024,ميليشيا قسد تعلن عن حظر للتجوال في مدينة الرقة,https://syria.liveuamap.com/ar/2024/12-december-16-the-sdf-announces-a-curfew-in-the-city-of,22721295,4 الشهر منذ
12.12.2024,تزعم مصادر كردية أنها ليست وراء إطلاق النار على المتظاهرين في الرقة ونشرت هذا الفيديو لإظهار أن أحد المتظاهرين يحمل رشاش بي كي سي ويطلق النار,https://syria.liveuamap.com/ar/2024/12-december-16-kurdish-sources-claim-that-they-are-not-behind,22721368,4 الشهر منذ
12.12.2024,نائبة المبعوث الأممي الخاص لسوريا للجزيرة: المبعوث الأممي غير بيدرسون سيزور سوريا قريبا,https://syria.liveuamap.com/ar/2024/12-december-16-deputy-un-special-envoy-for-syria-to-al-jazeera,22721288,4 الشهر منذ
12.12.2024,أجرى وزيرا خارجية إيران والإمارات اتصالا هاتفيا اليوم الخميس لبحث التطورات في سوريا ووقف الهجمات الإسرائيلية على سوريا، كما أكدا على الحفاظ على وحدة الأراضي السورية.,https://syria.liveuamap.com/ar/2024/12-december-16-foreign-ministers-of-iran-and-uae-had-a-phone,22721284,4 الشهر منذ
12.12.2024,"قال وزير الخارجية الأميركي بلينكن الخميس إن الغارات الجوية الإسرائيلية على سوريا منذ سقوط نظام الرئيس السوري بشار الأسد تهدف إلى إبعاد المعدات العسكرية عن ""الأيدي الخطأ"".",https://syria.liveuamap.com/ar/2024/12-december-15-us-secretary-of-state-blinken-said-thursday,22721269,4 الشهر منذ
12.12.2024,أنقرة تقول إن وزير الخارجية التركي موجود في تركيا بعد بيان لوزارة الإعلام السورية ذكر أنه موجود في دمشق,https://syria.liveuamap.com/ar/2024/12-december-15-ankara-says-turkish-foreign-minister-in-trkiye,22721278,4 الشهر منذ
12.12.2024,مستشار الأمن القومي الأميركي: نتوقع أن يكون احتلال إسرائيل للمنطقة العازلة في سوريا مؤقتا,https://syria.liveuamap.com/ar/2024/12-december-15-us-national-security-advisor-we-expect-israels,22721267,4 الشهر منذ
12.12.2024,سوليفان: نجري محادثات جادة ومكثفة مع تركيا بشأن سوريا,https://syria.liveuamap.com/ar/2024/12-december-15-sullivan-we-are-holding-serious-and-intensive,22721268,4 الشهر منذ
12.12.2024,تتجه الأوضاع في مدينة الرقة نحو الفوضى، حيث أطلقت قوات سوريا الديمقراطية النار على المدنيين، وتتواصل الاحتجاجات في مناطق متعددة من وسط المدينة، وتشير التقارير إلى مقتل شخصين على الأقل وإصابة العديد من الآخرين.,https://syria.liveuamap.com/ar/2024/12-december-15-the-situation-in-raqqa-city-is-becoming-chaotic,22721253,4 الشهر منذ
12.12.2024,روسيا تقترب من التوصل لاتفاق مع القيادة السورية الجديدة للاحتفاظ بقاعدتين في البلاد، بحسب مصدرين لوكالة بلومبرج,https://syria.liveuamap.com/ar/2024/12-december-15-russia-is-close-to-reaching-an-agreement-with,22721265,4 الشهر منذ
12.12.2024,"سوريا: مراسل  المتظاهرون طالبوا بخروج ""قسد"" من الحسكة ودخول قوات إدارة العمليات العسكرية المشتركة إلى المدينة",https://syria.liveuamap.com/ar/2024/12-december-15-protesters-demanded-the-sdf-leave-hasakah,22721248,4 الشهر منذ
12.12.2024,قوات قسد تفرض حظراً للتجوال في كامل مناطق سيطرتها في شمال شرق سوريا حتى صباح الغد  مصدر لستيب نيوز: مقتل مدني وإصابة آخرين جراء استهداف قوات قسد لمظاهرة سلمية في مدينة الرقة شمال شرق سوريا,https://syria.liveuamap.com/ar/2024/12-december-14-sdf-forces-impose-a-curfew-in-all-areas-under,22721238,4 الشهر منذ
12.12.2024,قال مصدران مطلعان لرويترز إن رئيس المخابرات التركية إبراهيم كالين زار العاصمة السورية دمشق اليوم الخميس.,https://syria.liveuamap.com/ar/2024/12-december-14-turkish-intelligence-chief-ibrahim-kalin-was,22721227,4 الشهر منذ
12.12.2024,أ ف ب عن برنامج الأغذية العالمي: نحتاج لتمويل بقيمة 250 مليون دولار خلال الأشهر الستة المقبلة في سوريا,https://syria.liveuamap.com/ar/2024/12-december-14-wfp-we-need-250-million-in-funding-over-the,22721221,4 الشهر منذ
12.12.2024,اتفاق وقف إطلاق النار بين الجيش الوطني السوري بقيادة تركيا وقوات سوريا الديمقراطية في منبج وسد تشرين 1. ستنسحب قوات سوريا الديمقراطية (مجلس منبج العسكري) بأمان من منبج 2. سيكون سد تشرين منطقة منزوعة السلاح وسيتولى موظفون مدنيون إدارة السد 3. هدنة تبدأ في الساعة 17:00 بالتوقيت المحلي,https://syria.liveuamap.com/ar/2024/12-december-14-ceasefire-agreement-between-the-turkish-led,22721235,4 الشهر منذ
12.12.2024,"أ ف ب: السلطة السورية الجديدة تعلن استعدادها التعاون مع واشنطن للبحث عن مواطنيها ""المغيبين""",https://syria.liveuamap.com/ar/2024/12-december-13-new-syrian-authority-announces-readiness-to,22721213,4 الشهر منذ
12.12.2024,الجيش التركي يقصف براجمات الصواريخ مواقع قوات قسد في ريف الحسكة الشمالي مع تحليق لطيران الاستطلاع التركي بأجواء المنطقة. سورية,https://syria.liveuamap.com/ar/2024/12-december-13-the-turkish-army-bombards-the-positions-of,22721193,4 الشهر منذ
12.12.2024,"""الجيش الوطني"": توصلنا إلى اتفاق لوقف إطلاق النار في منبج وريفها لمدة أربعة أيام من أجل تنفيذ التفاهمات الإنسانية والأمنية بما في ذلك انسحاب خلايا ""قسد"" مع عائلاتهم",https://syria.liveuamap.com/ar/2024/12-december-13-sna-we-reached-a-ceasefire-agreement-in-manbij,22721194,4 الشهر منذ
12.12.2024,"نتنياهو: ضرورة تقديم الدعم للأقليات في سوريا ومنع أي ""أنشطة إرهابية"" تهدد أمن إسرائيل",https://syria.liveuamap.com/ar/2024/12-december-13-netanyahu-need-to-support-minorities-in-syria,22721257,4 الشهر منذ
12.12.2024,أهالي مدينة منبج يخرجون في مظاهرات حاشدة ضد الجيش الوطني,https://syria.liveuamap.com/ar/2024/12-december-12-the-people-of-manbij-city-hold-large-protests,22721226,4 الشهر منذ
12.12.2024,المرصد: الغارات الإسرائيلية استهدفت مطار مروحيات في عقربا جنوب غرب دمشق,https://syria.liveuamap.com/ar/2024/12-december-12-israeli-raids-targeted-helicopter-airport,22721183,4 الشهر منذ
12.12.2024,الخارجية الروسية: العلاقات بين موسكو وأنقرة لم تتدهور بسبب الأزمة السورية,https://syria.liveuamap.com/ar/2024/12-december-12-russian-foreign-ministry-relations-between,22721181,4 الشهر منذ
12.12.2024,الحكومة السورية الجديدة تعلن تعليق العمل بالدستور والبرلمان لمدة ثلاثة أشهر - فرانس برس,https://syria.liveuamap.com/ar/2024/12-december-12-syrias-new-govt-says-to-suspend-constitution,22721180,4 الشهر منذ
12.12.2024,طيران حربي و استطلاع إسرائيلي  فوق محافظة القنيطرة جنوب غرب سوريا,https://syria.liveuamap.com/ar/2024/12-december-12-israeli-warplanes-and-reconnaissance-drones,22721176,4 الشهر منذ
12.12.2024,غارات إسرائيلية تستهدف مواقع عسكرية كانت تابعة لنظام الأسد في اللاذقية وطرطوس على الساحل السورياللاذقيةسوريا,https://syria.liveuamap.com/ar/2024/12-december-12-israeli-raids-target-military-sites-belonging,22721175,4 الشهر منذ
12.12.2024,أنباء عن غارة إسرائيلية في محيط العاصمة السورية دمشق,https://syria.liveuamap.com/ar/2024/12-december-11-news-of-an-israeli-raid-in-the-vicinity-of,22721173,4 الشهر منذ
12.12.2024,مراسل درعا 24: غارة إسرائيلية من قبل الطيران الحربي تستهدف إحدى المواقع في محيط دمشق، ومايزال الطيران في الأجواء.دمشق قصف درعا24,https://syria.liveuamap.com/ar/2024/12-december-11-an-israeli-airstrike-by-warplanes-targets,22721178,4 الشهر منذ
12.12.2024,الجيش الروسي يخلي قاعدة عين عيسى شمال الرقة,https://syria.liveuamap.com/ar/2024/12-december-11-russian-army-evacuates-ayn-issa-base-north,22721174,4 الشهر منذ
12.12.2024,مظاهرات بدعم من الجيش الوطني السوري في مدينة رأس العين (سري كانيه) الخاضعة لسيطرة تركيا تطالب الفصائل المدعومة من تركيا بفتح المزيد من الجبهات للسيطرة على منطقة الجزيرة/محافظة الحسكة من قوات سوريا الديمقراطية,https://syria.liveuamap.com/ar/2024/12-december-11-snabacked-protests-in-turkish-controlled-city,22721168,4 الشهر منذ
12.12.2024,"رفع علم الثورة السورية في كافة مناطق ""الإدارة الذاتية"" (مناطق سيطرة قوات سوريا الديمقراطية) شرقي سوريا (بيان رسمي)",https://syria.liveuamap.com/ar/2024/12-december-11-the-flag-of-the-syrian-revolution-will-be,22721169,4 الشهر منذ
12.12.2024,وزارة النقل السورية للحدث: ننسيق مع لبنان والأردن بشأن عودة السوريين عبر المعابر الحدودية,https://syria.liveuamap.com/ar/2024/12-december-11-syrian-ministry-of-transport-we-are-coordinating,22721160,4 الشهر منذ
12.12.2024,مراسل التلفزيون العربي: جيش  الإسرائيلي يعزز انتشار قواته في محيط مدينة البعث السورية,https://syria.liveuamap.com/ar/2024/12-december-11-the-israeli-army-is-strengthening-its-forces,22721158,4 الشهر منذ
12.12.2024,شبكة سي بي إس: العثور  على مواطن أمريكي في سوريا يعرف عن نفسه بأنه ترافيس تيمرمان من مواليد ولاية ميزوري,https://syria.liveuamap.com/ar/2024/12-december-11-cbs-us-citizen-found-in-syria-identifies-himself,22721166,4 الشهر منذ
12.12.2024,أهالي بلدة حطلة العرب يتظاهرون ضد تواجد قوات سوريا الديمقراطية في مدينتهم بدير الزور,https://syria.liveuamap.com/ar/2024/12-december-10-local-arab-people-in-the-town-of-hatla-are,22721154,4 الشهر منذ
12.12.2024,الخارجية القطرية: رئيس الوزراء وزير الخارجية تلقى اتصالا من وزير الخارجية الإيراني وبحثا الأوضاع في غزة و سوريا,https://syria.liveuamap.com/ar/2024/12-december-10-qatari-foreign-ministry-the-prime-minister,22721153,4 الشهر منذ
12.12.2024,الجيش الإسرائيلي: صادرنا دبابات ووسائل قتالية أخرى من الأراضي السورية,https://syria.liveuamap.com/ar/2024/12-december-10-israeli-army-we-confiscated-tanks-and-other,22721147,4 الشهر منذ
12.12.2024,"هاوار: صعدت الفصائل المدعومة من تركيا من هجماتها على محيط سد تشرين، ""رغم إعلان وقف إطلاق النار"".",https://syria.liveuamap.com/ar/2024/12-december-10-anha-turkish-backed-groups-have-escalated,22721145,4 الشهر منذ
12.12.2024,"مراسل الشؤون الخارجية لـ @MSNBC و @NBCNews مات برادلي: الأمريكي الذي عُثر عليه في سوريا ليس أوستن تايس. لقد قال إن اسمه ترافيس. ورفض إعطاء لقب. وقال إنه كان ""حاجًا"" وأنه عبر إلى سوريا سيرًا على الأقدام قبل اعتقاله. وقد احتُجز في السجن لمدة سبعة أشهر وقال إنه عومل بشكل جيد.",https://syria.liveuamap.com/ar/2024/12-december-10-foreign-correspondent-formsnbc-and-nbcnews,22721144,4 الشهر منذ
12.12.2024,قال العاهل الأردني الملك عبد الله الثاني في اتصال هاتفي مع المستشار الألماني أولاف شولتس إن على السوريين وضع مصلحة بلدهم في مقدمة أولوياتهم خلال المرحلة المقبلةوذكر الديوان الملكي الأردني أن الملك عبد الله شدد خلال الاتصال على أهمية الحفاظ على أمن سوريا واستقرارها ومؤسساتها,https://syria.liveuamap.com/ar/2024/12-december-10-jordanian-king-abdullah-ii-said-in-a-phone,22721157,4 الشهر منذ
12.12.2024,فيديو رصد لأول مرة لقاعدة حميميم الجوية الروسية، حيث شوهدت في الحظائر 14 طائرة حربية على الأقل، بالإضافة إلى مروحيات وطائرات أخرى,https://syria.liveuamap.com/ar/2024/12-december-10-video-of-monitoring-for-the-first-time-the,22721164,4 الشهر منذ
12.12.2024,ا.ف.ب: بلينكن يصل إلى العقبة في جنوب الأردن مستهلا جولته لبحث الأزمة في سوريا,https://syria.liveuamap.com/ar/2024/12-december-09-afp-blinken-arrives-in-aqaba-in-southern-jordan,22721139,4 الشهر منذ
12.12.2024,مراسلة شبكة CNN الدولية كلاريسا وارد عن مقطع الفيديو الذي انتشر على الإنترنت لصحفي أمريكي: هذا ليس أوستن تيس بنسبة 100%. ليس لدي أي فكرة عن هويته لكنه ليس أوستن,https://syria.liveuamap.com/ar/2024/12-december-09-cnn-chief-international-correspondent-clarissa,22721132,4 الشهر منذ
12.12.2024,الحكومة الانتقالية في سوريا تعرب عن شكرها للسعودية ومصر والإمارات والعراق والأردن والبحرين وعمان وإيطاليا لاستئناف عمل بعثاتها الدبلوماسية في سوريا، كما تؤكد أن قطر وتركيا وعدتا بفتح سفارة في سوريا.,https://syria.liveuamap.com/ar/2024/12-december-09-the-transitional-government-in-syria-expresses,22721131,4 الشهر منذ
12.12.2024,استمرار القصف المدفعي والغارات الجوية التركية على جبهة سد تشرين/قره قوزاق,https://syria.liveuamap.com/ar/2024/12-december-09-turkish-artillery-and-airstrikes-on-the-tishreen,22721126,4 الشهر منذ
12.12.2024,"شام صور تؤكد العثور على الصحفي الأمريكي ""أوستين تايس"" في دمشق بعد الإفراج عنه من سجون الأسد، وهو  موجود لدى أحد المدنيين في بلدة الذيابية",https://syria.liveuamap.com/ar/2024/12-december-09-photos-claiming-to-be-of-the-us-journalist,22721123,4 الشهر منذ
12.12.2024,الدفاع التركية تعلن أن الفصائل السورية الموالية لها سيطرت على كامل مدينة منبج,https://syria.liveuamap.com/ar/2024/12-december-09-turkish-defense-ministry-announces-that-factions,22721124,4 الشهر منذ
12.12.2024,"مكتب نتنياهو: الجيش الإسرائيلي سيحتفظ بسيطرته على المنطقة العازلة في الجولان إلى أن تظهر ""قوة"" في سوريا قادرة على ضمان الالتزام باتفاق فض الاشتباك وضمان أمننا على الحدود",https://syria.liveuamap.com/ar/2024/12-december-09-netanyahus-office-the-israeli-army-will-maintain,22721125,4 الشهر منذ
12.12.2024,خبراء أمميون يقولون إن الغارات الجوية التي شنّتها إسرائيل ضدّ مواقع عسكرية سورية أخيراً تتعارض مع القانون الدولي,https://syria.liveuamap.com/ar/2024/12-december-08-un-experts-say-recent-israeli-airstrikes-on,22721184,4 الشهر منذ
12.12.2024,رئيس الأركان العراقي: عززنا قوات الحدود مع سوريا بخط دفاعي من الجيش والحشد الشعبي,https://syria.liveuamap.com/ar/2024/12-december-07-iraqi-chief-of-staff-we-have-reinforced-the,22721271,4 الشهر منذ
12.12.2024,قال مسؤولون إن الغارات الجوية الأميركية في وسط سوريا الأحد أسفرت عن مقتل نحو 30 مقاتلا من تنظيم الدولة الإسلامية. واستُخدمت 140 قنبلة موجهة بالأقمار الصناعية لتدمير المعسكرات.,https://syria.liveuamap.com/ar/2024/12-december-07-us-airstrikes-in-central-syria-sunday-killed,22721276,4 الشهر منذ
12.12.2024,الحرس الثوري الإيراني: نؤكد ضرورة الحفاظ على وحدة الأراضي السورية وسيادتها,https://syria.liveuamap.com/ar/2024/12-december-07-iranian-revolutionary-guard-we-stress-the,22721030,4 الشهر منذ
12.12.2024,رئيس البرلمان الإيراني: سقوط الأسد يسبب اضطرابًا للمقاومة ولكنها ستتكيف مع الظروف الجديدة وتصبح أقوى  رئيس البرلمان الإيراني: مقتل قادة حزب الله كان أشد علينا من سقوط الأسد لكن الحزب أصبح أقوى,https://syria.liveuamap.com/ar/2024/12-december-06-iranian-parliament-speaker-assads-fall-causes,22721028,4 الشهر منذ
13.12.2024,عدوان إسرائيلي على مستودعات الكم في محيط بلدة محجة بريف درعا الشرقي  سوريا_حرة سقوط_الأسد,https://syria.liveuamap.com/ar/2024/14-december-20-israeli-air-strike-on-the-ammunition-depots,22721919,4 الشهر منذ
13.12.2024,غارات جوية إسرائيلية تستهدف مواقع عسكرية في تل منين بمحيط العاصمة دمشقn,https://syria.liveuamap.com/ar/2024/14-december-19-israeli-air-strikes-target-military-sites,22721858,4 الشهر منذ
13.12.2024,غارات إسرائيلية تستهدف محيط دمشق,https://syria.liveuamap.com/ar/2024/14-december-19-israeli-raids-target-the-outskirts-of-damascus,22721856,4 الشهر منذ
13.12.2024,إعلام سوري: مدير ميناء طرطوس يقول إن المرفأ سيستأنف نشاطه غدا الأحد,https://syria.liveuamap.com/ar/2024/14-december-19-tartous-port-director-says-port-will-resume,22721852,4 الشهر منذ
13.12.2024,"""قسد"" تنفذ حملة مداهمات واسعة في مدينة الرقة أسفرت عن اعتقال نحو 50 شابًا وسط حالة من التوتر الأمني في المنطقة كما صادرت عددًا من الهواتف المحمولة الخاصة بمقاتليها لأسباب مجهولة وفق مراسل ""حلب اليوم""  سويا_الحرّة",https://syria.liveuamap.com/ar/2024/14-december-18-sdf-carried-out-a-widescale-raid-campaign,22721860,4 الشهر منذ
13.12.2024,الطيران الحربي الإسرائيلي يستهدف منطقة جبال القلمون بريف دمشق بعدد من الغارات الجوية,https://syria.liveuamap.com/ar/2024/14-december-18-israeli-warplanes-target-qalamoun-mountains,22721900,4 الشهر منذ
13.12.2024,المرصد السوري: غارات إسرائيلية على معسكرات في منطقة عين منين بريف دمشق,https://syria.liveuamap.com/ar/2024/14-december-16-israeli-raids-on-camps-in-ain-mneen-area-in,22721846,4 الشهر منذ
13.12.2024,أمين عام حزب الله: لا نستطيع الحكم على الحكومة الانتقالية في سوريا قبل استقرارها,https://syria.liveuamap.com/ar/2024/14-december-16-hezbollah-secretarygeneral-we-cannot-judge,22721847,4 الشهر منذ
13.12.2024,نعيم قاسم: لا نعتقد أن ما يجري في سوريا سيؤثر على لبنان ونأمل أن تخرج سوريا مستقرة وفق ما يريده شعبها,https://syria.liveuamap.com/ar/2024/14-december-16-naim-qassem-we-do-not-believe-that-what-is,22721845,4 الشهر منذ
13.12.2024,"قائد ميليشيا ""حزب الله"" نعيم قاسم: خسرنا في المرحلة الحالية طريق الإمداد القادم عبر سوريا لكن هذا تفصيل صغير وقد يتبدل مع الزمن",https://syria.liveuamap.com/ar/2024/14-december-16-hezbollah-militia-leader-naim-qassem-we-have,22721848,4 الشهر منذ
13.12.2024,الجولاني: الثورة السورية انتصرت ولكن يجب ألا تقاد سوريا بعقلية الثورة وهناك حاجة لقانون ومؤسسات,https://syria.liveuamap.com/ar/2024/14-december-14-aljolani-the-syrian-revolution-has-triumphed,22721839,4 الشهر منذ
13.12.2024,الجولاني: لسنا في وارد الدخول في أي صراع في ظل وضع سوريا المنهك ونتواصل مع المجتمع الدولي,https://syria.liveuamap.com/ar/2024/14-december-14-aljolani-we-are-not-about-to-enter-into-any,22721835,4 الشهر منذ
13.12.2024,الشرع: سنضع حدا لإنتاج الكبتاغون في سوريا,https://syria.liveuamap.com/ar/2024/14-december-14-alsharaajolani-we-will-put-an-end-to-the-production,22721832,4 الشهر منذ
13.12.2024,الجولاني: الحجج لدى إسرائيل انتهت والإسرائيليون تجاوزوا خطوط الاشتباك,https://syria.liveuamap.com/ar/2024/14-december-14-aljulani-israels-arguments-have-ended-and,22721836,4 الشهر منذ
13.12.2024,الجولاني: استطعنا إنهاء الوجود الإيراني ولا نكن العداء للشعب الإيراني,https://syria.liveuamap.com/ar/2024/14-december-14-aljulani-we-were-able-to-end-the-iranian-presence,22721834,4 الشهر منذ
13.12.2024,الجولاني: كان هناك استحالة للحل السياسي بكل معنى الكلمة ولم يكن لدينا إلا الخيار العسكري رغم تعقيده,https://syria.liveuamap.com/ar/2024/14-december-14-aljulani-there-was-no-political-solution-in,22721833,4 الشهر منذ
13.12.2024,أحمد الشرع: لسنا بصدد الخوض في صراع مع إسرائيل,https://syria.liveuamap.com/ar/2024/14-december-14-ahmed-alsharaajolani-we-are-not-going-to-engage,22721838,4 الشهر منذ
13.12.2024,أحمد الشرع: دمشق متأخرة بكل النواحي عما أنجزناه في محافظة إدلب,https://syria.liveuamap.com/ar/2024/14-december-13-ahmed-alsharaajolani-damascus-is-lagging-behind,22721837,4 الشهر منذ
13.12.2024,تركيا تعيد فتح سفارتها في دمشق بعد أكثر من 12 عاماً,https://syria.liveuamap.com/ar/2024/14-december-13-turkiye-reopens-its-embassy-in-damascus-after,22721824,4 الشهر منذ
13.12.2024,قوات التحالف الدولي تصل إلى مفرق صرين وتتقدم باتجاه مدينة كوباني شمال سوريا,https://syria.liveuamap.com/ar/2024/14-december-13-international-coalition-forces-reach-sarrin,22721817,4 الشهر منذ
13.12.2024,أفادت الأنباء أن قوات إسرائيلية دخلت بلدة بيت جن على سفوح جبل الشيخ في سوريا,https://syria.liveuamap.com/ar/2024/14-december-12-israeli-forces-are-reportedly-entered-the,22721810,4 الشهر منذ
13.12.2024,البيان الختامي للجنة الاتصال العربية بشأن سوريا: ندعم عملية انتقالية سلمية تمثل كل القوى السياسية والاجتماعية,https://syria.liveuamap.com/ar/2024/14-december-12-final-statement-of-the-arab-contact-committee,22721799,4 الشهر منذ
13.12.2024,البيان الختامي لاجتماع لجنة الاتصال العربية بشأن سوريا: ندين توغل إسرائيل داخل المنطقة العازلة مع سوريا ومواقع في جبل الشيخ ومحافظتي القنيطرة وريف دمشق,https://syria.liveuamap.com/ar/2024/14-december-12-final-statement-of-the-meeting-of-the-arab,22721798,4 الشهر منذ
13.12.2024,"بيان ""العقبة"" بشأن سوريا يؤكد الالتزام بتعزيز مكافحة الإرهاب ومنع خطره على أمن سوريا والمنطقة والعالم ويشكل دحره أولوية جامعة",https://syria.liveuamap.com/ar/2024/14-december-12-the-aqaba-statement-on-syria-affirms-the-commitment,22721797,4 الشهر منذ
13.12.2024,البيان الختامي لاجتماع العقبة بشأن سوريا يؤكد الوقوف إلى جانب الشعب السوري وتقديم كل العون له واحترام إرادته,https://syria.liveuamap.com/ar/2024/14-december-12-the-final-statement-of-the-aqaba-meeting-on,22721796,4 الشهر منذ
13.12.2024,قوات تحالف الدولي تدخل مدينة كوباني لتمركز فيهاnSyria nسوريا_الجديدة nشمال_شرق_سورياnNorthern Syria,https://syria.liveuamap.com/ar/2024/14-december-12-international-coalition-forces-enter-kobani,22721818,4 الشهر منذ
13.12.2024,اكتشاف 150 مقبرة جماعية تحوي نحو 75 ألف جثمان معتقل موجودة في منطقة واحدة، هي منطقة الحسينية بريف دمشق خلف قصر المؤتمرات، كل حفرة بعمق 20 مترا,https://syria.liveuamap.com/ar/2024/14-december-11-150-mass-graves-containing-about-75000-bodies,22721791,4 الشهر منذ
13.12.2024,العربية: بدء الاجتماع الوزاري العربي بشأن سوريا في العقبة الأردنية,https://syria.liveuamap.com/ar/2024/14-december-11-arab-ministerial-meeting-on-syria-begins-in,22721781,4 الشهر منذ
13.12.2024,; إدارة العمليات العسكرية تتوجه إلى مدينة درعا لاستلام إدارة المدينة ومعبر نصيب الحدودي مع الأردن,https://syria.liveuamap.com/ar/2024/14-december-10-the-military-operations-department-heads-to,22721780,4 الشهر منذ
13.12.2024,قوات التحالف تجري جولة بريف كوباني الجنوبيnالصور والتفاصيل في الرابط n,https://syria.liveuamap.com/ar/2024/14-december-09-coalition-forces-conduct-a-tour-in-the-southern,22721778,4 الشهر منذ
13.12.2024,وزير خارجية إيران: الاعتداءات الإسرائيلية في سوريا هدفها هدم القدرات الدفاعية,https://syria.liveuamap.com/ar/2024/14-december-07-iranian-foreign-minister-israeli-attacks-in,22721682,4 الشهر منذ
13.12.2024,مراسل النيران مازالت مشتعلة في مناطق بالناصرية وجيرود من جراء غارات إسرائيلية فجرا على مواقع ومخازن عسكرية,https://syria.liveuamap.com/ar/2024/14-december-06-fires-are-still-burning-in-areas-of-nasiriyah,22721678,4 الشهر منذ
13.12.2024,مراسلة حلب اليوم: غارات إسرائيلية تستهدف مواقع عديدة في ريف السويداء غالبيتها استهدفت مواقع في محيط بلدة الكفرالغارات على محافظة السويداء استمرت منذ منتصف الليل وحتى ساعات فجر اليوم السبتالغارات الإسرائيلية استهدفت أيضًا مواقع في دمشق وريفها والقلمون ومصياف واللاذقية وطرطوس…,https://syria.liveuamap.com/ar/2024/14-december-05-israeli-raids-targeted-several-locations-in,22721844,4 الشهر منذ
13.12.2024,مراسل حلب اليوم: قسد تستمر بقطع الإنترنت عن مدينة الرقة,https://syria.liveuamap.com/ar/2024/14-december-05-sdf-continues-to-cut-off-the-internet-in-the,22721679,4 الشهر منذ
13.12.2024,حماة: قصف إسرائيلي يستهدف معامل الدفاع ومركز البحوث في مصياف بريف حماة,https://syria.liveuamap.com/ar/2024/13-december-20-hama-israeli-bombing-targets-defense-laboratories,22721634,4 الشهر منذ
13.12.2024,سقوط شظايا صاروخ اسرائيلي في منطقة ركن الدين في العاصمة دمشق دون  ورود معلومات عن تسجيل إصابات,https://syria.liveuamap.com/ar/2024/13-december-20-shrapnel-from-an-israeli-missile-fell-in-the,22721633,4 الشهر منذ
13.12.2024,طائرات حربية إسرائيلية تستهدف جبل قاسيون في العاصمة السورية دمشق,https://syria.liveuamap.com/ar/2024/13-december-20-israeli-warplanes-target-mount-qasioun-in,22721632,4 الشهر منذ
13.12.2024,تركيا تقول إن القضاء على قوات سوريا الديمقراطية/وحدات حماية الشعب في سوريا هدف استراتيجي - وزير الخارجية,https://syria.liveuamap.com/ar/2024/13-december-19-turkey-says-the-elimination-of-sdf--ypg-in,22721635,4 الشهر منذ
13.12.2024,وزير الخارجية التركي: سفارتنا في دمشق ستباشر عملها بدءا من يوم غد السبت,https://syria.liveuamap.com/ar/2024/13-december-19-turkish-foreign-minister-our-embassy-in-damascus,22721628,4 الشهر منذ
13.12.2024,وزير الخارجية التركية: نريد أن نرى حكومة شاملة في سوريا,https://syria.liveuamap.com/ar/2024/13-december-19-turkish-foreign-minister-we-want-to-see-an,22721627,4 الشهر منذ
13.12.2024,غارات إسرائيلية تستهدف مواقع للجيش السوري في طرطوس واللاذقية، بحسب تقارير محلية,https://syria.liveuamap.com/ar/2024/13-december-18--israeli-strikes-targeted-syrian-army-sites,22721620,4 الشهر منذ
13.12.2024,دير_الزور : عودة شبكة الاتصالات والأنترنت إلى مدينة ديرالزور، بعد انقطـ.ـاعها منذ ساعات الصباح الأولى,https://syria.liveuamap.com/ar/2024/13-december-16-deir-ezzor-the-communications-and-internet,22721585,4 الشهر منذ
13.12.2024,"صحيفة ""دير شبيغل"" عن تحليل عسكري ألماني داخلي: روسيا تجري كافة الاستعدادات لإخلاء قواعدها العسكرية في سورياn  سويا_الحرّة",https://syria.liveuamap.com/ar/2024/13-december-15-der-spiegel-newspaper-based-on-an-internal,22721582,4 الشهر منذ
13.12.2024,مجلس الجامعة العربية: القرار العربي يدين الغارات الإسرائيلية المستمرة على المواقع المدنية والعسكرية السورية,https://syria.liveuamap.com/ar/2024/13-december-14-arab-league-council-arab-resolution-condemns,22721580,4 الشهر منذ
13.12.2024,رئيس الوزراء القطري يبحث مع مستشار الأمن القومي الأمريكي الأوضاع في غزة والتطورات بسوريا,https://syria.liveuamap.com/ar/2024/13-december-14-qatari-pm-discusses-gaza-syria-developments,22721577,4 الشهر منذ
13.12.2024,رئيس وزراء العراق: ندعم سوريا في هذه المرحلة المهمة,https://syria.liveuamap.com/ar/2024/13-december-14-iraqi-prime-minister-we-support-syria-at-this,22721571,4 الشهر منذ
13.12.2024,أردوغان: سيتم تنظيف سوريا من الإرهابيين وسيكون هذا ردنا على من كان يسأل لماذا نحن موجودون في سوريا,https://syria.liveuamap.com/ar/2024/13-december-13-erdogan-syria-will-be-cleansed-of-terrorists,22721566,4 الشهر منذ
13.12.2024,قائد قوات سوريا الديمقراطية مازن عبدي يتعهد بالشفافية والمساءلة وسط تصاعد الاحتجاجات في الرقة، عقب دعوات انسحابها بعد انهيار حكومة الأسد,https://syria.liveuamap.com/ar/2024/13-december-11-sdf-commander-mazin-abdi-pledges-transparency,22721562,4 الشهر منذ
13.12.2024,يعمل الاتحاد الأوروبي على تكثيف الدعم لسوريا من خلال جسر جوي إنساني جديد لتقديم الرعاية الصحية الطارئة والإمدادات الأساسية. وقد تم حشد مبلغ إضافي قدره 4 ملايين يورو لتلبية الاحتياجات الإنسانية الة.,https://syria.liveuamap.com/ar/2024/13-december-11-the-eu-is-stepping-up-support-for-syria-with,22721541,4 الشهر منذ
13.12.2024,مظاهرة ضخمة من ساحة العاصي في مدينة حماة,https://syria.liveuamap.com/ar/2024/13-december-10-a-demonstration-at-alasi-square-in-hama-city,22721524,4 الشهر منذ
13.12.2024,حشود ضخمة عند جامع خالد بن الوليد في مدينة حمص,https://syria.liveuamap.com/ar/2024/13-december-10-huge-crowds-at-khalid-bin-alwalid-mosque-in,22721527,4 الشهر منذ
13.12.2024,وصلت صهاريج من كتيبة العز 77 الإسرائيلية التابعة للواء المدرع السابع إلى قرية أم باطنا السورية في منطقة القنيطرة، على بعد نحو 9 كيلومترات من الحدود الإسرائيلية.,https://syria.liveuamap.com/ar/2024/13-december-10-the-tankers-from-the-israli-77th-izz-battalion,22721536,4 الشهر منذ
13.12.2024,فصائل الجيش الوطني تسيطر على سد تشرين,https://syria.liveuamap.com/ar/2024/13-december-10-sna-factions-took-control-of-the-tishrin-dam,22721539,4 الشهر منذ
13.12.2024,وزير الدفاع الإسرائيلي يسرائيل كاتس: قمم جبل الشيخ السوري عادت للسيطرة الإسرائيلية في لحظة تاريخية مؤثرةأنا ونتنياهو زرنا هضبة الجولان ورأينا قمم جبل الشيخ السوري التي عادت لسيطرتنا بعد 51 سنة,https://syria.liveuamap.com/ar/2024/13-december-06-israeli-defense-minister-yisrael-katz-the,22721417,4 الشهر منذ
13.12.2024,المرصد السوري: غارات إسرائيلية على مواقع عسكرية للنظام السابق في مصياف وريف حمص,https://syria.liveuamap.com/ar/2024/13-december-05-israeli-raids-on-former-government-military,22721405,4 الشهر منذ
13.12.2024,غارات جوية اسرائيلية تستهدف مواقع عسكرية في مطار المزة العسكري و جبل قاسيون في العاصمة السورية دمشق,https://syria.liveuamap.com/ar/2024/13-december-02-israeli-air-strikes-target-military-sites,22721389,4 الشهر منذ
14.12.2024,نفذت طائرات  الإسرائيلي غارات جوية مكثفة استهدفت مواقع متعددة في ريفي طرطوس واللاذقية، بينها مستودعات وقواعد دفاع جوي.,https://syria.liveuamap.com/ar/2024/15-december-21-israeli-warplanes-have-carried-out-intense,22722250,4 الشهر منذ
14.12.2024,الجولاني يلتقي المبعوث الأممي الخاص جير بيدرسون,https://syria.liveuamap.com/ar/2024/15-december-20-aljoulani-met-with-un-special-envoy-geir-pederson,22722159,4 الشهر منذ
14.12.2024,الخارجية الإماراتية: الإمارات تدين قرار الحكومة الإسرائيلية التوسع بالاستيطان في الجولان المحتل,https://syria.liveuamap.com/ar/2024/15-december-20-uae-foreign-ministry-uae-condemns-israeli,22722151,4 الشهر منذ
14.12.2024,السفير الإيراني في سوريا: هيئة تحرير الشام تقوم بتأمين سفارتنا ووعدت باستئناف عملنا القنصلي بدمشق,https://syria.liveuamap.com/ar/2024/15-december-19-iranian-ambassador-to-syria-hayat-tahrir-alsham,22722158,4 الشهر منذ
14.12.2024,مراسل نهر_ميديا انفـ ـجاران كبيران سمعا في مدينة ديرالزور، ناتجة عن غارة من طـ ـيران إسرائـ ـيلي على مطار دير الزور العسكـ ـري,https://syria.liveuamap.com/ar/2024/15-december-18-two-large-explosions-were-heard-in-the-city,22722135,4 الشهر منذ
14.12.2024,دوي انفجار عنيف يهز مدينة ديرالزور السورية,https://syria.liveuamap.com/ar/2024/15-december-18-a-violent-explosion-rocks-the-syrian-city,22722132,4 الشهر منذ
14.12.2024,قطر تدين مصادقة إسرائيل على خطة لتوسيع المستوطنات الإسرائيلية في الجولان,https://syria.liveuamap.com/ar/2024/15-december-17-qatar-condemns-israels-approval-of-plan-to,22722094,4 الشهر منذ
14.12.2024,"روسيا تعلن أنها أجلت جوا ""قسما"" من طاقمها الدبلوماسي في سوريا الأحد",https://syria.liveuamap.com/ar/2024/15-december-17-russia-says-it-airlifted-part-of-its-diplomatic,22722093,4 الشهر منذ
14.12.2024,نتنياهو: سنواصل التمسك بالجولان من أجل ازدهاره والاستيطان فيه,https://syria.liveuamap.com/ar/2024/15-december-13-netanyahu-we-will-continue-to-hold-on-to-the,22722082,4 الشهر منذ
14.12.2024,إسرائيل توافق على خطة لزيادة عدد السكان في مرتفعات الجولان، بحسب مكتب رئيس الوزراء,https://syria.liveuamap.com/ar/2024/15-december-13-israel-approves-plan-to-increase-population,22722081,4 الشهر منذ
14.12.2024,سوريا مصر والأردن والعراق والإمارات يقودون جهودا ديبلوماسية قوية لعرقلة اعتراف أمريكا بالسلطة الجديدة في دمشق، بحسب مصادر في الخارجية الأمريكية,https://syria.liveuamap.com/ar/2024/15-december-12-syria-egypt-jordan-iraq-and-the-uae-are-leading,22722074,4 الشهر منذ
14.12.2024,الديوان الملكي الأردني: الملك عبدالله الثاني يستقبل وزير الدفاع السعودي ويبحث معه المستجدات في المنطقة,https://syria.liveuamap.com/ar/2024/15-december-12-jordanian-royal-court-king-abdullah-ii-receives,22722073,4 الشهر منذ
14.12.2024,وزير الدفاع التركي: تركيا مستعدة لتقديم الدعم والتدريب العسكري إذا طلبت الحكومة السورية الجديدة ذلك,https://syria.liveuamap.com/ar/2024/15-december-09-turkey-is-ready-to-provide-military-support,22722022,4 الشهر منذ
14.12.2024,nnإدارة العـ.ـمليات العسـ.ـكرية تعلن عن افتـ.ـتاح مراكز تسـ.ـوية لعناصر النـ.ـظام في محافظة اللاذقيةn,https://syria.liveuamap.com/ar/2024/15-december-08-the-military-operations-department-announces,22722018,4 الشهر منذ
14.12.2024,تحدث رئيس الوزراء الإسرائيلي نتنياهو مع الرئيس المنتخب ترامب حول التطورات في غزة ولبنان وإيران، بحسب وسائل إعلام إسرائيلية.,https://israelpalestine.liveuamap.com/ar/2024/15-december-07-israel-pm-netanyahu-spoke-with-presidentelect,22721939,4 الشهر منذ
14.12.2024,"رفع العلم الأميركي فوق مبنى المجلس التنفيذي في مدينة كوباني ""عين العرب"" بشمالي سوريا",https://syria.liveuamap.com/ar/2024/15-december-07-the-american-flag-was-raised-over-the-executive,22721938,4 الشهر منذ
14.12.2024,فيديو آخر لحريق في مستودع ذخيرة  بثكنة المهلب بحلب .nحلب سورية سوريا,https://syria.liveuamap.com/ar/2024/15-december-06-fire-in-an-ammunition-depot-at-almuhallab,22722021,4 الشهر منذ
14.12.2024,وزيرة خارجية ألمانيا: نحذر جميع مؤيدي الأسد من محاولة الاختباء في ألمانيا,https://syria.liveuamap.com/ar/2024/15-december-06-german-foreign-minister-we-warn-all-assad,22721932,4 الشهر منذ
14.12.2024,غارة إسرائيلية على مستودعات الفرقة18 بريف حمص الشرقي.nسورية سوريا,https://syria.liveuamap.com/ar/2024/15-december-03-israeli-raid-on-the-warehouses-of-the-18th,22722014,4 الشهر منذ
14.12.2024,الأناضول تعلن عن نية تركيا و قطر تفعيل خط الغاز القطري إلى أوروبا مرورا بسورية .nسورية سوريا,https://syria.liveuamap.com/ar/2024/15-december-02-anadolu-announces-trkiye-and-qatars-intention,22722008,4 الشهر منذ
14.12.2024,وسائل إعلام إسرائيلية: سلاح الجو دمّر مستودعات صواريخ وراجمات حديثة قرب بلدة القسطل في منطقة القلمون بريف دمشق,https://syria.liveuamap.com/ar/2024/15-december-00-israeli-media-the-air-force-destroyed-warehouses,22721925,4 الشهر منذ
14.12.2024,عدوان إسرائيلي على مستودعات الكم في محيط بلدة محجة بريف درعا الشرقي  سوريا_حرة سقوط_الأسد,https://syria.liveuamap.com/ar/2024/14-december-20-israeli-air-strike-on-the-ammunition-depots,22721919,4 الشهر منذ
14.12.2024,غارات جوية إسرائيلية تستهدف مواقع عسكرية في تل منين بمحيط العاصمة دمشقn,https://syria.liveuamap.com/ar/2024/14-december-19-israeli-air-strikes-target-military-sites,22721858,4 الشهر منذ
14.12.2024,غارات إسرائيلية تستهدف محيط دمشق,https://syria.liveuamap.com/ar/2024/14-december-19-israeli-raids-target-the-outskirts-of-damascus,22721856,4 الشهر منذ
14.12.2024,إعلام سوري: مدير ميناء طرطوس يقول إن المرفأ سيستأنف نشاطه غدا الأحد,https://syria.liveuamap.com/ar/2024/14-december-19-tartous-port-director-says-port-will-resume,22721852,4 الشهر منذ
14.12.2024,"""قسد"" تنفذ حملة مداهمات واسعة في مدينة الرقة أسفرت عن اعتقال نحو 50 شابًا وسط حالة من التوتر الأمني في المنطقة كما صادرت عددًا من الهواتف المحمولة الخاصة بمقاتليها لأسباب مجهولة وفق مراسل ""حلب اليوم""  سويا_الحرّة",https://syria.liveuamap.com/ar/2024/14-december-18-sdf-carried-out-a-widescale-raid-campaign,22721860,4 الشهر منذ
14.12.2024,الطيران الحربي الإسرائيلي يستهدف منطقة جبال القلمون بريف دمشق بعدد من الغارات الجوية,https://syria.liveuamap.com/ar/2024/14-december-18-israeli-warplanes-target-qalamoun-mountains,22721900,4 الشهر منذ
14.12.2024,المرصد السوري: غارات إسرائيلية على معسكرات في منطقة عين منين بريف دمشق,https://syria.liveuamap.com/ar/2024/14-december-16-israeli-raids-on-camps-in-ain-mneen-area-in,22721846,4 الشهر منذ
14.12.2024,أمين عام حزب الله: لا نستطيع الحكم على الحكومة الانتقالية في سوريا قبل استقرارها,https://syria.liveuamap.com/ar/2024/14-december-16-hezbollah-secretarygeneral-we-cannot-judge,22721847,4 الشهر منذ
14.12.2024,نعيم قاسم: لا نعتقد أن ما يجري في سوريا سيؤثر على لبنان ونأمل أن تخرج سوريا مستقرة وفق ما يريده شعبها,https://syria.liveuamap.com/ar/2024/14-december-16-naim-qassem-we-do-not-believe-that-what-is,22721845,4 الشهر منذ
14.12.2024,"قائد ميليشيا ""حزب الله"" نعيم قاسم: خسرنا في المرحلة الحالية طريق الإمداد القادم عبر سوريا لكن هذا تفصيل صغير وقد يتبدل مع الزمن",https://syria.liveuamap.com/ar/2024/14-december-16-hezbollah-militia-leader-naim-qassem-we-have,22721848,4 الشهر منذ
14.12.2024,الجولاني: الثورة السورية انتصرت ولكن يجب ألا تقاد سوريا بعقلية الثورة وهناك حاجة لقانون ومؤسسات,https://syria.liveuamap.com/ar/2024/14-december-14-aljolani-the-syrian-revolution-has-triumphed,22721839,4 الشهر منذ
14.12.2024,الجولاني: لسنا في وارد الدخول في أي صراع في ظل وضع سوريا المنهك ونتواصل مع المجتمع الدولي,https://syria.liveuamap.com/ar/2024/14-december-14-aljolani-we-are-not-about-to-enter-into-any,22721835,4 الشهر منذ
14.12.2024,الشرع: سنضع حدا لإنتاج الكبتاغون في سوريا,https://syria.liveuamap.com/ar/2024/14-december-14-alsharaajolani-we-will-put-an-end-to-the-production,22721832,4 الشهر منذ
14.12.2024,الجولاني: الحجج لدى إسرائيل انتهت والإسرائيليون تجاوزوا خطوط الاشتباك,https://syria.liveuamap.com/ar/2024/14-december-14-aljulani-israels-arguments-have-ended-and,22721836,4 الشهر منذ
14.12.2024,الجولاني: استطعنا إنهاء الوجود الإيراني ولا نكن العداء للشعب الإيراني,https://syria.liveuamap.com/ar/2024/14-december-14-aljulani-we-were-able-to-end-the-iranian-presence,22721834,4 الشهر منذ
14.12.2024,الجولاني: كان هناك استحالة للحل السياسي بكل معنى الكلمة ولم يكن لدينا إلا الخيار العسكري رغم تعقيده,https://syria.liveuamap.com/ar/2024/14-december-14-aljulani-there-was-no-political-solution-in,22721833,4 الشهر منذ
14.12.2024,أحمد الشرع: لسنا بصدد الخوض في صراع مع إسرائيل,https://syria.liveuamap.com/ar/2024/14-december-14-ahmed-alsharaajolani-we-are-not-going-to-engage,22721838,4 الشهر منذ
14.12.2024,أحمد الشرع: دمشق متأخرة بكل النواحي عما أنجزناه في محافظة إدلب,https://syria.liveuamap.com/ar/2024/14-december-13-ahmed-alsharaajolani-damascus-is-lagging-behind,22721837,4 الشهر منذ
14.12.2024,تركيا تعيد فتح سفارتها في دمشق بعد أكثر من 12 عاماً,https://syria.liveuamap.com/ar/2024/14-december-13-turkiye-reopens-its-embassy-in-damascus-after,22721824,4 الشهر منذ
14.12.2024,قوات التحالف الدولي تصل إلى مفرق صرين وتتقدم باتجاه مدينة كوباني شمال سوريا,https://syria.liveuamap.com/ar/2024/14-december-13-international-coalition-forces-reach-sarrin,22721817,4 الشهر منذ
14.12.2024,أفادت الأنباء أن قوات إسرائيلية دخلت بلدة بيت جن على سفوح جبل الشيخ في سوريا,https://syria.liveuamap.com/ar/2024/14-december-12-israeli-forces-are-reportedly-entered-the,22721810,4 الشهر منذ
14.12.2024,البيان الختامي للجنة الاتصال العربية بشأن سوريا: ندعم عملية انتقالية سلمية تمثل كل القوى السياسية والاجتماعية,https://syria.liveuamap.com/ar/2024/14-december-12-final-statement-of-the-arab-contact-committee,22721799,4 الشهر منذ
14.12.2024,البيان الختامي لاجتماع لجنة الاتصال العربية بشأن سوريا: ندين توغل إسرائيل داخل المنطقة العازلة مع سوريا ومواقع في جبل الشيخ ومحافظتي القنيطرة وريف دمشق,https://syria.liveuamap.com/ar/2024/14-december-12-final-statement-of-the-meeting-of-the-arab,22721798,4 الشهر منذ
14.12.2024,"بيان ""العقبة"" بشأن سوريا يؤكد الالتزام بتعزيز مكافحة الإرهاب ومنع خطره على أمن سوريا والمنطقة والعالم ويشكل دحره أولوية جامعة",https://syria.liveuamap.com/ar/2024/14-december-12-the-aqaba-statement-on-syria-affirms-the-commitment,22721797,4 الشهر منذ
14.12.2024,البيان الختامي لاجتماع العقبة بشأن سوريا يؤكد الوقوف إلى جانب الشعب السوري وتقديم كل العون له واحترام إرادته,https://syria.liveuamap.com/ar/2024/14-december-12-the-final-statement-of-the-aqaba-meeting-on,22721796,4 الشهر منذ
14.12.2024,قوات تحالف الدولي تدخل مدينة كوباني لتمركز فيهاnSyria nسوريا_الجديدة nشمال_شرق_سورياnNorthern Syria,https://syria.liveuamap.com/ar/2024/14-december-12-international-coalition-forces-enter-kobani,22721818,4 الشهر منذ
14.12.2024,اكتشاف 150 مقبرة جماعية تحوي نحو 75 ألف جثمان معتقل موجودة في منطقة واحدة، هي منطقة الحسينية بريف دمشق خلف قصر المؤتمرات، كل حفرة بعمق 20 مترا,https://syria.liveuamap.com/ar/2024/14-december-11-150-mass-graves-containing-about-75000-bodies,22721791,4 الشهر منذ
14.12.2024,العربية: بدء الاجتماع الوزاري العربي بشأن سوريا في العقبة الأردنية,https://syria.liveuamap.com/ar/2024/14-december-11-arab-ministerial-meeting-on-syria-begins-in,22721781,4 الشهر منذ
14.12.2024,; إدارة العمليات العسكرية تتوجه إلى مدينة درعا لاستلام إدارة المدينة ومعبر نصيب الحدودي مع الأردن,https://syria.liveuamap.com/ar/2024/14-december-10-the-military-operations-department-heads-to,22721780,4 الشهر منذ
14.12.2024,قوات التحالف تجري جولة بريف كوباني الجنوبيnالصور والتفاصيل في الرابط n,https://syria.liveuamap.com/ar/2024/14-december-09-coalition-forces-conduct-a-tour-in-the-southern,22721778,4 الشهر منذ
14.12.2024,وزير خارجية إيران: الاعتداءات الإسرائيلية في سوريا هدفها هدم القدرات الدفاعية,https://syria.liveuamap.com/ar/2024/14-december-07-iranian-foreign-minister-israeli-attacks-in,22721682,4 الشهر منذ
14.12.2024,مراسل النيران مازالت مشتعلة في مناطق بالناصرية وجيرود من جراء غارات إسرائيلية فجرا على مواقع ومخازن عسكرية,https://syria.liveuamap.com/ar/2024/14-december-06-fires-are-still-burning-in-areas-of-nasiriyah,22721678,4 الشهر منذ
14.12.2024,مراسلة حلب اليوم: غارات إسرائيلية تستهدف مواقع عديدة في ريف السويداء غالبيتها استهدفت مواقع في محيط بلدة الكفرالغارات على محافظة السويداء استمرت منذ منتصف الليل وحتى ساعات فجر اليوم السبتالغارات الإسرائيلية استهدفت أيضًا مواقع في دمشق وريفها والقلمون ومصياف واللاذقية وطرطوس…,https://syria.liveuamap.com/ar/2024/14-december-05-israeli-raids-targeted-several-locations-in,22721844,4 الشهر منذ
14.12.2024,مراسل حلب اليوم: قسد تستمر بقطع الإنترنت عن مدينة الرقة,https://syria.liveuamap.com/ar/2024/14-december-05-sdf-continues-to-cut-off-the-internet-in-the,22721679,4 الشهر منذ
15.12.2024,الرقة: تحليق طيران حـ.ـربي مجهـ.ـول التبعية في أجواء ريف الرقة الشمالي,https://syria.liveuamap.com/ar/2024/16-december-22-raqqa-unknown-warplanes-fly-over-northern,22722432,4 الشهر منذ
15.12.2024,قصف عنيف متبادل بين الجيش الوطني وقسد غربي الجرن الأسود بريف عين عيسى الشمالي,https://syria.liveuamap.com/ar/2024/16-december-21-violent-exchange-of-shelling-between-the-sna,22722431,4 الشهر منذ
15.12.2024,عودت حركة الطيران الحربي للعدو الإسرائيلي فوق العاصمة دمشق  مع أستمرار الغارات الجوية العنيفة على محيط منطقة السيدة زينب,https://syria.liveuamap.com/ar/2024/16-december-21-the-israelis-warplanes-have-returned-over,22722430,4 الشهر منذ
15.12.2024,الداخلية العراقية تنفي وجود ماهر الأسد على أراضيها,https://syria.liveuamap.com/ar/2024/16-december-21-iraqi-interior-ministry-denies-maher-alassads,22722424,4 الشهر منذ
15.12.2024,مقاتلات حربية إسرائيلية تحلق فوق محافظات حمص واللاذقية والعاصمة السورية دمشق,https://syria.liveuamap.com/ar/2024/16-december-20-israeli-warplanes-fly-over-homs-latakia-and,22722423,4 الشهر منذ
15.12.2024,قوات سوريا الديمقراطية: جهود الوساطة الأميركية للتوصل إلى هدنة دائمة في منطقتي منبج وكوباني لم تنجح بسبب النهج التركي,https://syria.liveuamap.com/ar/2024/16-december-19-sdf-the-us-mediation-efforts-to-reach-a-permanent,22722399,4 الشهر منذ
15.12.2024,مصادر خاصة لـ #تلفزيون_سوريا: الجيش التركي يزيل الجدار الفاصل بين عين العرب و #تركيا,https://syria.liveuamap.com/ar/2024/16-december-19-the-turkish-army-removes-the-separation-wall,22722400,4 الشهر منذ
15.12.2024,الغارات الجوية الأمريكية ضد داعش في سوريا - استهدفت معسكرات وعملاء يوم الاثنين. التقييم الأولي - مقتل 12 مقاتلاً من داعش، ولا إصابات بين المدنيين، حسب @PentagonPresSec MajeGen Par Ryder,https://syria.liveuamap.com/ar/2024/16-december-17-us-airstrikes-vs-isis-in-syria--targeted-camps,22722344,4 الشهر منذ
15.12.2024,"ترامب يصف التمرد في سوريا بـ""الاستيلاء غير الودي"" من قبل تركيا — فرانس برس",https://syria.liveuamap.com/ar/2024/16-december-17-trump-calls-rebellion-in-syria-unfriendly,22722343,4 الشهر منذ
15.12.2024,قال ديفيد لامي إن بريطانيا أرسلت وفدا من كبار المسؤولين البريطانيين إلى دمشق لعقد اجتماعات مع الحكومة السورية المؤقتة الجديدة وأعضاء المجتمع المدني. يأتي ذلك بعد أن قال إن المملكة المتحدة يمكنها التواصل مع هيئة تحرير الشام - على الرغم من أنها لا تزال مدرجة على قائمة الجماعات الإرهابية,https://syria.liveuamap.com/ar/2024/16-december-17-britain-has-sent-a-delegation-of-senior-uk,22722345,4 الشهر منذ
15.12.2024,قوات سوريا الديمقراطية: الجيش التركي يستعد لشن هجوم على كوباني وعين عيسى شمال سوريا,https://syria.liveuamap.com/ar/2024/16-december-14-syrian-democratic-forces-turkish-army-is-preparing,22722346,4 الشهر منذ
15.12.2024,مراسل درعا 24: فتشتْ قوات الاحتـلال الإسـ..ـرائيلي العديد من السكّان من الرجال في قرية معرية في منطقة حوض اليرموك في الريف الغربي من محافظة درعا، أثناء انتشارها في شوارع القرية.  المراسل نقلاً عن أحد الأهالي: بعض عمليات التفتيش كانت غير لائقة، حيث طلب الجنود من بعض,https://syria.liveuamap.com/ar/2024/16-december-13-the-israeli-forces-searched-many-male-residents,22722544,4 الشهر منذ
15.12.2024,الأسد في بيان منسوب له: غادرت قاعدة حميميم باللاذقية عندما طلب الروس إخلاءها كليا,https://syria.liveuamap.com/ar/2024/16-december-12-assad-in-a-statement-attributed-to-him-i-left,22722324,4 الشهر منذ
15.12.2024,البيان الكامل للأسد باللغة الإنجليزية، تم نشره على قناة الرئاسة السورية (السابقة) على تيليجرام,https://syria.liveuamap.com/ar/2024/16-december-12-assad-full-english-statement-shared-on-the,22722322,4 الشهر منذ
15.12.2024,"رئيس الشيشان الروسي قديروف يقترح إزالة هيئة تحرير الشام من قائمة ""المنظمات الإرهابية"" الروسية",https://syria.liveuamap.com/ar/2024/16-december-12-head-of-russias-chechnya-kadyrov-suggests,22722325,4 الشهر منذ
15.12.2024,رتل أميركي يصل إلى بلدة عين عيسى شمال الرقة ويتجه نحو مدينة كوباني,https://syria.liveuamap.com/ar/2024/16-december-12-a-us-convoy-arrives-in-the-town-of-ain-issa,22722321,4 الشهر منذ
15.12.2024,الخارجية الألمانية: على الجهات الفاعلة في المنطقة أخذ سلامة أراضي سوريا بالاعتبار,https://syria.liveuamap.com/ar/2024/16-december-11-german-foreign-ministry-regional-actors-must,22722311,4 الشهر منذ
15.12.2024,الخارجية الألمانية: توطين إسرائيل سكانا في المناطق التي احتلتها في سوريا مخالف للقانون,https://syria.liveuamap.com/ar/2024/16-december-11-german-foreign-ministry-israels-settlement,22722310,4 الشهر منذ
15.12.2024,رويترز: ميناء اللاذقية السوري يعمل بشكل طبيعي والسفن تفرغ بضائعها,https://syria.liveuamap.com/ar/2024/16-december-10-reuters-syrian-latakia-port-operating-normally,22722283,4 الشهر منذ
15.12.2024,نائب وزير الخارجية الروسي: نحذر إسرائيل من ضم مرتفعات الجولان وهذا أمر غير مقبول,https://syria.liveuamap.com/ar/2024/16-december-10-russian-deputy-foreign-minister-we-warn-israel,22722282,4 الشهر منذ
15.12.2024,مراسل التلفزيون العربي: قوات  الإسرائيلي تفجر مستودعات أسلحة وذخائر في أطراف مدينة البعث السورية,https://syria.liveuamap.com/ar/2024/16-december-09-israeli-forces-blow-up-weapons-and-ammunition,22722274,4 الشهر منذ
15.12.2024,"مراسل ""حلب اليوم"": وصول أرتال من قوات إدارة العمليات العسكرية إلى مدينة دير الزور",https://syria.liveuamap.com/ar/2024/16-december-09-convoys-of-military-operations-administration,22722275,4 الشهر منذ
15.12.2024,وزير الخارجية الهولندي: إغلاق القواعد الروسية في سوريا سيكون من بين الشروط الأوروبية لدعم دمشق,https://syria.liveuamap.com/ar/2024/16-december-08-dutch-foreign-minister-says-closure-of-russian,22722262,4 الشهر منذ
15.12.2024,مصادر محلية في ريف طرطوس: أضرار مادية كبيرة في قرى بملكه والبكرية ومعرشين والجوبة وبدرية والواسطات وبيت الخطيب وحبابة بريف محافظة طرطوس نتيجة الغارات الجوية الإسرائيلية منتصف ليل الاثنين.,https://syria.liveuamap.com/ar/2024/16-december-08-local-sources-in-rural-tartous-significant,22722271,4 الشهر منذ
15.12.2024,إعلام سوري: سماع دوي انفجارات في منطقة البوكمال قرب الحدود مع العراق,https://syria.liveuamap.com/ar/2024/16-december-07-explosions-heard-in-albukamal-area-near-the,22722249,4 الشهر منذ
15.12.2024,مسؤولة السياسة الخارجية بالاتحاد الأوروبي: سنحدد في اجتماع اليوم مستوى تعاملنا مع النظام الجديد في دمشق,https://syria.liveuamap.com/ar/2024/16-december-07-eu-foreign-policy-chief-we-will-determine,22722236,4 الشهر منذ
15.12.2024,تشير بيانات وكالة ناسا إلى اكتشاف شذوذ حراري كبير في أعقاب ضربات الجيش الإسرائيلي على موقع تخزين ذخيرة كان تابعًا سابقًا لنظام الأسد,https://syria.liveuamap.com/ar/2024/16-december-05-nasa-firms-indicates-significant-thermal-anomalies,22722169,4 الشهر منذ
15.12.2024,الخارجية الأمريكية: يجب على المواطنين الأمريكيين مغادرة سوريا,https://syria.liveuamap.com/ar/2024/16-december-03-us-state-department-us-citizens-must-leave,22722168,4 الشهر منذ
15.12.2024,نفذت طائرات  الإسرائيلي غارات جوية مكثفة استهدفت مواقع متعددة في ريفي طرطوس واللاذقية، بينها مستودعات وقواعد دفاع جوي.,https://syria.liveuamap.com/ar/2024/15-december-21-israeli-warplanes-have-carried-out-intense,22722250,4 الشهر منذ
15.12.2024,الجولاني يلتقي المبعوث الأممي الخاص جير بيدرسون,https://syria.liveuamap.com/ar/2024/15-december-20-aljoulani-met-with-un-special-envoy-geir-pederson,22722159,4 الشهر منذ
15.12.2024,الخارجية الإماراتية: الإمارات تدين قرار الحكومة الإسرائيلية التوسع بالاستيطان في الجولان المحتل,https://syria.liveuamap.com/ar/2024/15-december-20-uae-foreign-ministry-uae-condemns-israeli,22722151,4 الشهر منذ
15.12.2024,السفير الإيراني في سوريا: هيئة تحرير الشام تقوم بتأمين سفارتنا ووعدت باستئناف عملنا القنصلي بدمشق,https://syria.liveuamap.com/ar/2024/15-december-19-iranian-ambassador-to-syria-hayat-tahrir-alsham,22722158,4 الشهر منذ
15.12.2024,مراسل نهر_ميديا انفـ ـجاران كبيران سمعا في مدينة ديرالزور، ناتجة عن غارة من طـ ـيران إسرائـ ـيلي على مطار دير الزور العسكـ ـري,https://syria.liveuamap.com/ar/2024/15-december-18-two-large-explosions-were-heard-in-the-city,22722135,4 الشهر منذ
15.12.2024,دوي انفجار عنيف يهز مدينة ديرالزور السورية,https://syria.liveuamap.com/ar/2024/15-december-18-a-violent-explosion-rocks-the-syrian-city,22722132,4 الشهر منذ
15.12.2024,قطر تدين مصادقة إسرائيل على خطة لتوسيع المستوطنات الإسرائيلية في الجولان,https://syria.liveuamap.com/ar/2024/15-december-17-qatar-condemns-israels-approval-of-plan-to,22722094,4 الشهر منذ
15.12.2024,"روسيا تعلن أنها أجلت جوا ""قسما"" من طاقمها الدبلوماسي في سوريا الأحد",https://syria.liveuamap.com/ar/2024/15-december-17-russia-says-it-airlifted-part-of-its-diplomatic,22722093,4 الشهر منذ
15.12.2024,نتنياهو: سنواصل التمسك بالجولان من أجل ازدهاره والاستيطان فيه,https://syria.liveuamap.com/ar/2024/15-december-13-netanyahu-we-will-continue-to-hold-on-to-the,22722082,4 الشهر منذ
15.12.2024,إسرائيل توافق على خطة لزيادة عدد السكان في مرتفعات الجولان، بحسب مكتب رئيس الوزراء,https://syria.liveuamap.com/ar/2024/15-december-13-israel-approves-plan-to-increase-population,22722081,4 الشهر منذ
15.12.2024,سوريا مصر والأردن والعراق والإمارات يقودون جهودا ديبلوماسية قوية لعرقلة اعتراف أمريكا بالسلطة الجديدة في دمشق، بحسب مصادر في الخارجية الأمريكية,https://syria.liveuamap.com/ar/2024/15-december-12-syria-egypt-jordan-iraq-and-the-uae-are-leading,22722074,4 الشهر منذ
15.12.2024,الديوان الملكي الأردني: الملك عبدالله الثاني يستقبل وزير الدفاع السعودي ويبحث معه المستجدات في المنطقة,https://syria.liveuamap.com/ar/2024/15-december-12-jordanian-royal-court-king-abdullah-ii-receives,22722073,4 الشهر منذ
15.12.2024,وزير الدفاع التركي: تركيا مستعدة لتقديم الدعم والتدريب العسكري إذا طلبت الحكومة السورية الجديدة ذلك,https://syria.liveuamap.com/ar/2024/15-december-09-turkey-is-ready-to-provide-military-support,22722022,4 الشهر منذ
15.12.2024,nnإدارة العـ.ـمليات العسـ.ـكرية تعلن عن افتـ.ـتاح مراكز تسـ.ـوية لعناصر النـ.ـظام في محافظة اللاذقيةn,https://syria.liveuamap.com/ar/2024/15-december-08-the-military-operations-department-announces,22722018,4 الشهر منذ
15.12.2024,تحدث رئيس الوزراء الإسرائيلي نتنياهو مع الرئيس المنتخب ترامب حول التطورات في غزة ولبنان وإيران، بحسب وسائل إعلام إسرائيلية.,https://israelpalestine.liveuamap.com/ar/2024/15-december-07-israel-pm-netanyahu-spoke-with-presidentelect,22721939,4 الشهر منذ
15.12.2024,"رفع العلم الأميركي فوق مبنى المجلس التنفيذي في مدينة كوباني ""عين العرب"" بشمالي سوريا",https://syria.liveuamap.com/ar/2024/15-december-07-the-american-flag-was-raised-over-the-executive,22721938,4 الشهر منذ
15.12.2024,فيديو آخر لحريق في مستودع ذخيرة  بثكنة المهلب بحلب .nحلب سورية سوريا,https://syria.liveuamap.com/ar/2024/15-december-06-fire-in-an-ammunition-depot-at-almuhallab,22722021,4 الشهر منذ
15.12.2024,وزيرة خارجية ألمانيا: نحذر جميع مؤيدي الأسد من محاولة الاختباء في ألمانيا,https://syria.liveuamap.com/ar/2024/15-december-06-german-foreign-minister-we-warn-all-assad,22721932,4 الشهر منذ
15.12.2024,غارة إسرائيلية على مستودعات الفرقة18 بريف حمص الشرقي.nسورية سوريا,https://syria.liveuamap.com/ar/2024/15-december-03-israeli-raid-on-the-warehouses-of-the-18th,22722014,4 الشهر منذ
15.12.2024,الأناضول تعلن عن نية تركيا و قطر تفعيل خط الغاز القطري إلى أوروبا مرورا بسورية .nسورية سوريا,https://syria.liveuamap.com/ar/2024/15-december-02-anadolu-announces-trkiye-and-qatars-intention,22722008,4 الشهر منذ
15.12.2024,وسائل إعلام إسرائيلية: سلاح الجو دمّر مستودعات صواريخ وراجمات حديثة قرب بلدة القسطل في منطقة القلمون بريف دمشق,https://syria.liveuamap.com/ar/2024/15-december-00-israeli-media-the-air-force-destroyed-warehouses,22721925,4 الشهر منذ
16.12.2024,تحديث - يقصف جيش  التركي في هذه اللحظات قرية بير حسو ومحيط جسر قرقوزاق جنوبي كوباني بالأسلحة الثقيلة,https://syria.liveuamap.com/ar/2024/17-december-20-the-turkish-army-is-currently-shelling-the,22722719,4 الشهر منذ
16.12.2024,قوات سوريا الديمقراطية تقول إن تركيا تهاجم جنوب كوباني بالأسلحة الثقيلة رغم وقف إطلاق النار - بيان,https://syria.liveuamap.com/ar/2024/17-december-20-sdf-says-turkey-is-attacking-southern-kobane,22722717,4 الشهر منذ
16.12.2024,?طيران مجهول يشن غارتين جويتين استهدفتا موقع عسكري في الجبل المطل على مدينة ديرالزور,https://syria.liveuamap.com/ar/2024/17-december-20-unknown-aircraft-launched-two-airstrikes-targeting,22722721,4 الشهر منذ
16.12.2024,الخارجية الأميركية: ندرس إرسال عسكريين لسوريا,https://syria.liveuamap.com/ar/2024/17-december-20-us-state-department-we-are-considering-sending,22722709,4 الشهر منذ
16.12.2024,البنتاغون: تصريحات وزير الخارجية التركي بشأن ضرورة حل قوات سوريا الديمقراطية تثير القلق,https://syria.liveuamap.com/ar/2024/17-december-20-pentagon-turkish-foreign-ministers-statements,22722705,4 الشهر منذ
16.12.2024,نائب الرئيس التركي: ممارسات إسرائيل غير شرعية ولا ينبغي لأي قوة أجنبية زعزعة استقرار سوريا,https://syria.liveuamap.com/ar/2024/17-december-19-turkish-vice-president-israels-actions-are,22722681,4 الشهر منذ
16.12.2024,"قائد ""قسد"" مظلوم عبدي: نعلن استعدادنا لإنشاء منطقة منزوعة السلاح في عين_العرب بريف حلب شمالي سوريا",https://syria.liveuamap.com/ar/2024/17-december-19-sdf-commander-mazloum-abdi-we-announce-our,22722680,4 الشهر منذ
16.12.2024,الخارجية الأمريكية: نريد تمديد وقف إطلاق النار في منبج لأطول مدة ممكنة,https://syria.liveuamap.com/ar/2024/17-december-18-us-state-department-we-want-to-extend-the,22722642,4 الشهر منذ
16.12.2024,قالت وزارة الخارجية الأميركية إن وقف إطلاق النار بين تركيا وقوات سوريا الديمقراطية المدعومة من الولايات المتحدة في شمال سوريا تم تمديده حتى نهاية هذا الأسبوع.,https://syria.liveuamap.com/ar/2024/17-december-18-a-ceasefire-between-turkey-and-the-usbacked,22722644,4 الشهر منذ
16.12.2024,"دعت إيران مجلس الأمن التابع للأمم المتحدة إلى وقف الغارات الجوية الإسرائيلية على سوريا بعد سقوط بشار الأسد. وقال مبعوث إيران لدى الأمم المتحدة أمير سعيد إيرفاني يوم الثلاثاء: ""استغلت إسرائيل الوضع الحالي لتدمير البنية التحتية السورية بشكل أكبر"".",https://syria.liveuamap.com/ar/2024/17-december-18-iran-called-on-the-un-security-council-to,22722657,4 الشهر منذ
16.12.2024,"رئيس الوزراء اللبناني: المعطيات التي وصلتنا من السلطات السورية حول قضية اللبنانيين المخفيين قسرا في سجون سوريا ""غير مشجعة""",https://syria.liveuamap.com/ar/2024/17-december-17-lebanese-prime-minister-the-information-we,22722637,4 الشهر منذ
16.12.2024,الانفجارات التي سمعت قبل قليل على طريق #أرمناز #كفرتخاريم غربي #إدلب. أنباء تقول استهداف طيران مسير تابع للتحالف بثلاث صواريخ نينجا أحد الصواريخ أصابت أسلاك التوتر العالي ما أدى لانقطاع الكهرباء في المنطقة,https://syria.liveuamap.com/ar/2024/17-december-17-explosions-heard-a-short-while-ago-on-the,22722645,4 الشهر منذ
16.12.2024,الجيش التركي يقصف برياً قرية في ناحية تل تمر,https://syria.liveuamap.com/ar/2024/17-december-16-turkey-army-launches-ground-shelling-on-a,22722634,4 الشهر منذ
16.12.2024,قصف مدفعي تركي يستهدف الريف الشمالي الغربي لمدينة عين عيسى,https://syria.liveuamap.com/ar/2024/17-december-16-turkish-artillery-shelling-targets-the-northwestern,22722625,4 الشهر منذ
16.12.2024,زار رئيس الوزراء الإسرائيلي بنيامين نتنياهو ووزير الدفاع يسرائيل كاتس، في وقت سابق اليوم، قمة جبل الشيخ على الجانب السوري من الحدود، بعد أن سيطر الجيش الإسرائيلي على الموقع الأسبوع الماضي.,https://syria.liveuamap.com/ar/2024/17-december-15-israeli-prime-minister-benjamin-and-defense,22722608,4 الشهر منذ
16.12.2024,المبعوث الدولي لسوريا: إسرائيل شنت أكثر من 350 غارة على مواقع سورية منذ سقوط الأسد,https://syria.liveuamap.com/ar/2024/17-december-15-un-envoy-to-syria-israel-has-launched-more,22722604,4 الشهر منذ
16.12.2024,مراسل حلب اليوم: خروج رتل يضم دبابات وناقلات جند تابع لقسد من بلدة المنصورة غرب الرقة إلى مدينة الرقة,https://syria.liveuamap.com/ar/2024/17-december-13-a-convoy-of-tanks-and-personnel-carriers-belonging,22722586,4 الشهر منذ
16.12.2024,تحليق لطائرات حربية تابعة للتحالف الدولي جنوب مدينة الطبقة بريف الرقة بعد تنفيذ عدة غارات على مواقع لتنظيم داعـ.ـش في البادية السورية سوريا,https://syria.liveuamap.com/ar/2024/17-december-13-international-coalition-warplanes-fly-south,22722583,4 الشهر منذ
16.12.2024,قناصة قوات سوريا الديمقراطية ووحدات حماية المرأة يتصدون لمقاتلي الجيش الوطني السوري الذين حاولوا التسلل إلى سد تشرين,https://syria.liveuamap.com/ar/2024/17-december-12-sdfypj-snipers-engaged-sna-fighters-trying,22722577,4 الشهر منذ
16.12.2024,طيران مسيّر تركي يستهدف مواقع قسد في مقرّ الفرقة 17 في محيط الرقة.نهر_ميديا,https://syria.liveuamap.com/ar/2024/17-december-12-turkish-drone-targets-sdf-positions-at-the,22722575,4 الشهر منذ
16.12.2024,مصادر محلية سورية: الطيران التركي يستهدف بغارة جوية مواقع لقوات قسد شمال مدينة الرقة  شمال شرق سوريا,https://syria.liveuamap.com/ar/2024/17-december-11-local-syrian-sources-turkish-aircraft-target,22722573,4 الشهر منذ
16.12.2024,دوريات عسكرية تابعة لقوات التحالف الدولي تتجول في قرية الحسينية وبلدة محيميدة بريف ديرالزور الغربي. ديرالزور_24,https://syria.liveuamap.com/ar/2024/17-december-11-military-patrols-of-the-international-coalition,22722578,4 الشهر منذ
16.12.2024,يسعى قائد قوات سوريا الديمقراطية @مظلوم عبدي إلى التوصل إلى وقف دائم لإطلاق النار في شمال شرق سوريا من خلال محادثات مع التحالف الدولي وتركيا,https://syria.liveuamap.com/ar/2024/17-december-11-sdfsyria-commander-mazloumabdi-is-pushing,22722572,4 الشهر منذ
16.12.2024,تركيا تقصف قرية بركات في كري سبي شمال سوريا 5 مرات بطائرات مسيرة,https://syria.liveuamap.com/ar/2024/17-december-11-turkey-has-bombed-the-village-of-birxat-in,22722567,4 الشهر منذ
16.12.2024,الأمم المتحدة: نتوقع عودة حوالي مليون لاجئ سوري بين يناير ويونيو من العام المقبل,https://syria.liveuamap.com/ar/2024/17-december-10-un-we-expect-about-one-million-syrian-refugees,22722558,4 الشهر منذ
16.12.2024,الاتحاد الأوروبي: بعثتنا في سوريا سيعاد فتحها,https://syria.liveuamap.com/ar/2024/17-december-10-eu-our-mission-in-syria-will-reopen,22722548,4 الشهر منذ
16.12.2024,أفادت وسائل إعلام محلية أن قوات إسرائيلية نفذت عمليات في عدة قرى سورية خارج المنطقة العازلة في جنوب سوريا خلال اليوم الماضي. وأفاد موقع درعا 24 أمس أن جنودا من الجيش الإسرائيلي دخلوا قرية معرية الواقعة على بعد مئات الأمتار شرق المنطقة العازلة في جنوب مرتفعات الجولان، واستجوبوا السكان المحليين. وقال الموقع إن دبابات الجيش الإسرائيلي دخلت اليوم بلدة صيدا الواقعة أيضا على حافة المنطقة العازلة. وقال الجيش الإسرائيلي إن انتشاره في المنطقة العازلة والمواقع الاستراتيجية في المنطقة هو إجراء دفاعي ومؤقت وسط الوضع في سوريا، وسيبقى هناك حتى تتضح الأمور.,https://syria.liveuamap.com/ar/2024/17-december-10-israeli-troops-have-been-operating-in-several,22722545,4 الشهر منذ
16.12.2024,مراسل درعا 24: دبابات إسـ.ـرائيلـ.ـية تتوغل في قرية صيدا الجولان على الحدود الإدارية بين محافظتي درعا والقنيطرة.    صيدا_الجولان إسرائيل توغل درعا24,https://syria.liveuamap.com/ar/2024/17-december-09-israeli-tanks-penetrate-the-village-of-saida,22722540,4 الشهر منذ
16.12.2024,- قوات العدو الاسرائيلي باتت تسيطر على مجرى نهر اليرموك وسد الوحدة جنوب سوريا,https://syria.liveuamap.com/ar/2024/17-december-09-the-israeli-forces-now-control-the-yarmouk,22722542,4 الشهر منذ
16.12.2024,المرشد الإيراني: إسرائيل تعد نفسها عبر سوريا لمحاصرة حزب_الله والقضاء عليه لكنها في النهاية هي التي ستزول,https://iran.liveuamap.com/ar/2024/17-december-09-iranian-leader-israel-is-preparing-itself,22722618,4 الشهر منذ
16.12.2024,مسؤولة السياسة الخارجية في الاتحاد الأوروبي: سنواصل دعم السوريين في الداخل والخارج,https://syria.liveuamap.com/ar/2024/17-december-08-eu-foreign-policy-chief-we-will-continue-to,22722617,4 الشهر منذ
16.12.2024,الخارجية الإيرانية: نفضل عدم استخدام مصطلح وشيك بشأن فتح سفارتنا في سوريا لأن ذلك يتطلب تحضيرات,https://syria.liveuamap.com/ar/2024/17-december-07-iranian-foreign-ministry-we-prefer-not-to,22722623,4 الشهر منذ
16.12.2024,"وول ستريت جورنال نقلاً عن مسؤول أميركي: عملية تركية عبر الحدود مع سوريا ""قد تكون وشيكة""",https://syria.liveuamap.com/ar/2024/17-december-04-wall-street-journal-citing-a-us-official-a,22722445,4 الشهر منذ
16.12.2024,الرقة: تحليق طيران حـ.ـربي مجهـ.ـول التبعية في أجواء ريف الرقة الشمالي,https://syria.liveuamap.com/ar/2024/16-december-22-raqqa-unknown-warplanes-fly-over-northern,22722432,4 الشهر منذ
16.12.2024,قصف عنيف متبادل بين الجيش الوطني وقسد غربي الجرن الأسود بريف عين عيسى الشمالي,https://syria.liveuamap.com/ar/2024/16-december-21-violent-exchange-of-shelling-between-the-sna,22722431,4 الشهر منذ
16.12.2024,عودت حركة الطيران الحربي للعدو الإسرائيلي فوق العاصمة دمشق  مع أستمرار الغارات الجوية العنيفة على محيط منطقة السيدة زينب,https://syria.liveuamap.com/ar/2024/16-december-21-the-israelis-warplanes-have-returned-over,22722430,4 الشهر منذ
16.12.2024,الداخلية العراقية تنفي وجود ماهر الأسد على أراضيها,https://syria.liveuamap.com/ar/2024/16-december-21-iraqi-interior-ministry-denies-maher-alassads,22722424,4 الشهر منذ
16.12.2024,مقاتلات حربية إسرائيلية تحلق فوق محافظات حمص واللاذقية والعاصمة السورية دمشق,https://syria.liveuamap.com/ar/2024/16-december-20-israeli-warplanes-fly-over-homs-latakia-and,22722423,4 الشهر منذ
16.12.2024,قوات سوريا الديمقراطية: جهود الوساطة الأميركية للتوصل إلى هدنة دائمة في منطقتي منبج وكوباني لم تنجح بسبب النهج التركي,https://syria.liveuamap.com/ar/2024/16-december-19-sdf-the-us-mediation-efforts-to-reach-a-permanent,22722399,4 الشهر منذ
16.12.2024,مصادر خاصة لـ #تلفزيون_سوريا: الجيش التركي يزيل الجدار الفاصل بين عين العرب و #تركيا,https://syria.liveuamap.com/ar/2024/16-december-19-the-turkish-army-removes-the-separation-wall,22722400,4 الشهر منذ
16.12.2024,الغارات الجوية الأمريكية ضد داعش في سوريا - استهدفت معسكرات وعملاء يوم الاثنين. التقييم الأولي - مقتل 12 مقاتلاً من داعش، ولا إصابات بين المدنيين، حسب @PentagonPresSec MajeGen Par Ryder,https://syria.liveuamap.com/ar/2024/16-december-17-us-airstrikes-vs-isis-in-syria--targeted-camps,22722344,4 الشهر منذ
16.12.2024,"ترامب يصف التمرد في سوريا بـ""الاستيلاء غير الودي"" من قبل تركيا — فرانس برس",https://syria.liveuamap.com/ar/2024/16-december-17-trump-calls-rebellion-in-syria-unfriendly,22722343,4 الشهر منذ
16.12.2024,قال ديفيد لامي إن بريطانيا أرسلت وفدا من كبار المسؤولين البريطانيين إلى دمشق لعقد اجتماعات مع الحكومة السورية المؤقتة الجديدة وأعضاء المجتمع المدني. يأتي ذلك بعد أن قال إن المملكة المتحدة يمكنها التواصل مع هيئة تحرير الشام - على الرغم من أنها لا تزال مدرجة على قائمة الجماعات الإرهابية,https://syria.liveuamap.com/ar/2024/16-december-17-britain-has-sent-a-delegation-of-senior-uk,22722345,4 الشهر منذ
16.12.2024,قوات سوريا الديمقراطية: الجيش التركي يستعد لشن هجوم على كوباني وعين عيسى شمال سوريا,https://syria.liveuamap.com/ar/2024/16-december-14-syrian-democratic-forces-turkish-army-is-preparing,22722346,4 الشهر منذ
16.12.2024,مراسل درعا 24: فتشتْ قوات الاحتـلال الإسـ..ـرائيلي العديد من السكّان من الرجال في قرية معرية في منطقة حوض اليرموك في الريف الغربي من محافظة درعا، أثناء انتشارها في شوارع القرية.  المراسل نقلاً عن أحد الأهالي: بعض عمليات التفتيش كانت غير لائقة، حيث طلب الجنود من بعض,https://syria.liveuamap.com/ar/2024/16-december-13-the-israeli-forces-searched-many-male-residents,22722544,4 الشهر منذ
16.12.2024,الأسد في بيان منسوب له: غادرت قاعدة حميميم باللاذقية عندما طلب الروس إخلاءها كليا,https://syria.liveuamap.com/ar/2024/16-december-12-assad-in-a-statement-attributed-to-him-i-left,22722324,4 الشهر منذ
16.12.2024,البيان الكامل للأسد باللغة الإنجليزية، تم نشره على قناة الرئاسة السورية (السابقة) على تيليجرام,https://syria.liveuamap.com/ar/2024/16-december-12-assad-full-english-statement-shared-on-the,22722322,4 الشهر منذ
16.12.2024,"رئيس الشيشان الروسي قديروف يقترح إزالة هيئة تحرير الشام من قائمة ""المنظمات الإرهابية"" الروسية",https://syria.liveuamap.com/ar/2024/16-december-12-head-of-russias-chechnya-kadyrov-suggests,22722325,4 الشهر منذ
16.12.2024,رتل أميركي يصل إلى بلدة عين عيسى شمال الرقة ويتجه نحو مدينة كوباني,https://syria.liveuamap.com/ar/2024/16-december-12-a-us-convoy-arrives-in-the-town-of-ain-issa,22722321,4 الشهر منذ
16.12.2024,الخارجية الألمانية: على الجهات الفاعلة في المنطقة أخذ سلامة أراضي سوريا بالاعتبار,https://syria.liveuamap.com/ar/2024/16-december-11-german-foreign-ministry-regional-actors-must,22722311,4 الشهر منذ
16.12.2024,الخارجية الألمانية: توطين إسرائيل سكانا في المناطق التي احتلتها في سوريا مخالف للقانون,https://syria.liveuamap.com/ar/2024/16-december-11-german-foreign-ministry-israels-settlement,22722310,4 الشهر منذ
16.12.2024,رويترز: ميناء اللاذقية السوري يعمل بشكل طبيعي والسفن تفرغ بضائعها,https://syria.liveuamap.com/ar/2024/16-december-10-reuters-syrian-latakia-port-operating-normally,22722283,4 الشهر منذ
16.12.2024,نائب وزير الخارجية الروسي: نحذر إسرائيل من ضم مرتفعات الجولان وهذا أمر غير مقبول,https://syria.liveuamap.com/ar/2024/16-december-10-russian-deputy-foreign-minister-we-warn-israel,22722282,4 الشهر منذ
16.12.2024,مراسل التلفزيون العربي: قوات  الإسرائيلي تفجر مستودعات أسلحة وذخائر في أطراف مدينة البعث السورية,https://syria.liveuamap.com/ar/2024/16-december-09-israeli-forces-blow-up-weapons-and-ammunition,22722274,4 الشهر منذ
16.12.2024,"مراسل ""حلب اليوم"": وصول أرتال من قوات إدارة العمليات العسكرية إلى مدينة دير الزور",https://syria.liveuamap.com/ar/2024/16-december-09-convoys-of-military-operations-administration,22722275,4 الشهر منذ
16.12.2024,وزير الخارجية الهولندي: إغلاق القواعد الروسية في سوريا سيكون من بين الشروط الأوروبية لدعم دمشق,https://syria.liveuamap.com/ar/2024/16-december-08-dutch-foreign-minister-says-closure-of-russian,22722262,4 الشهر منذ
16.12.2024,مصادر محلية في ريف طرطوس: أضرار مادية كبيرة في قرى بملكه والبكرية ومعرشين والجوبة وبدرية والواسطات وبيت الخطيب وحبابة بريف محافظة طرطوس نتيجة الغارات الجوية الإسرائيلية منتصف ليل الاثنين.,https://syria.liveuamap.com/ar/2024/16-december-08-local-sources-in-rural-tartous-significant,22722271,4 الشهر منذ
16.12.2024,إعلام سوري: سماع دوي انفجارات في منطقة البوكمال قرب الحدود مع العراق,https://syria.liveuamap.com/ar/2024/16-december-07-explosions-heard-in-albukamal-area-near-the,22722249,4 الشهر منذ
16.12.2024,مسؤولة السياسة الخارجية بالاتحاد الأوروبي: سنحدد في اجتماع اليوم مستوى تعاملنا مع النظام الجديد في دمشق,https://syria.liveuamap.com/ar/2024/16-december-07-eu-foreign-policy-chief-we-will-determine,22722236,4 الشهر منذ
16.12.2024,تشير بيانات وكالة ناسا إلى اكتشاف شذوذ حراري كبير في أعقاب ضربات الجيش الإسرائيلي على موقع تخزين ذخيرة كان تابعًا سابقًا لنظام الأسد,https://syria.liveuamap.com/ar/2024/16-december-05-nasa-firms-indicates-significant-thermal-anomalies,22722169,4 الشهر منذ
16.12.2024,الخارجية الأمريكية: يجب على المواطنين الأمريكيين مغادرة سوريا,https://syria.liveuamap.com/ar/2024/16-december-03-us-state-department-us-citizens-must-leave,22722168,4 الشهر منذ
17.12.2024,"وزير الخارجية التركي يدعو السلطات السورية الجديدة لمعالجة ""مشكلة"" القوات الكردية",https://syria.liveuamap.com/ar/2024/18-december-21-turkish-fm-urges-new-syrian-authorities-to,22722963,4 الشهر منذ
17.12.2024,زعيم الثوار السوريين أحمد الشرع (الجولاني): سوريا لن تكون أفغانستان وأنا أؤمن بتعليم المرأة,https://syria.liveuamap.com/ar/2024/18-december-20-syrian-rebels-leader-ahmed-alsharaa-aljulani,22722953,4 الشهر منذ
17.12.2024,أحمد الشرع: ندعو لرفع العقوبات عن سوريا,https://syria.liveuamap.com/ar/2024/18-december-20-ahmed-alsharaa-we-call-for-lifting-sanctions,22722955,4 الشهر منذ
17.12.2024,nحلب :nنشوب حـ.ـريق مجهـ.ـول السبب في استاد حلب الدولي بحي الحمدانية في مدينة حلب، قبل قليل,https://syria.liveuamap.com/ar/2024/18-december-20-an-unknown-fire-broke-out-at-aleppo-international,22722911,4 الشهر منذ
17.12.2024,حريق ضخم في ستاد حلب الدولي,https://syria.liveuamap.com/ar/2024/18-december-20-fire-in-aleppo-international-stadium,22722910,4 الشهر منذ
17.12.2024,سوريا: أول مظاهرة الليلة في طرطوس منذ سقوط الأسد، وأهالي يشكون أمام مقر الشرطة من التراخي في بعض قضايا السرقة والجرائم,https://syria.liveuamap.com/ar/2024/18-december-17-syria-first-protest-tonight-in-tartus-since,22722901,4 الشهر منذ
17.12.2024,المتحدث باسم الخارجية الأمريكية: نتواصل مع تركيا بشأن الوضع في شمال سوريا,https://syria.liveuamap.com/ar/2024/18-december-13-us-state-department-spokesperson-we-are-in,22722856,4 الشهر منذ
17.12.2024,رئيس الوزراء البريطاني: تواصلت مع قادة مجموعة الـ7 للعمل من أجل تشكيل حكومة سورية تحترم القانون الدولي وحقوق الإنسان,https://syria.liveuamap.com/ar/2024/18-december-13-british-prime-minister-i-have-reached-out,22722847,4 الشهر منذ
17.12.2024,اشتباكات وقصف مدفعي متبادل بين قوات سوريا الديمقراطية والجيش الوطني السوري بقيادة تركيا في محيط سد تشرين,https://syria.liveuamap.com/ar/2024/18-december-11-clashes-and-mutual-artillery-strikes-between,22722839,4 الشهر منذ
17.12.2024,الإدارة الذاتية الكردية في شمال شرقي سوريا تلغي الجمارك والضرائب بين المناطق الخاضعة لسيطرة الأكراد وأجزاء أخرى من سوريا - بيان,https://syria.liveuamap.com/ar/2024/18-december-11-the-kurdishled-administration-in-northeastern,22722836,4 الشهر منذ
17.12.2024,وفد من حكومة تصريف الأعمال بينهم وزير الداخلية محمد عبد الرحمن يزور  الرئيس الروحي للموحدين الدروز سماحة الشيخ حكمت الهجري في بلدة قنوات,https://syria.liveuamap.com/ar/2024/18-december-10-a-delegation-from-the-caretaker-government,22722829,4 الشهر منذ
17.12.2024,وزير خارجية الأردن يبحث مع نظيره الروسي التطورات في سورياالشرق للأخبار,https://syria.liveuamap.com/ar/2024/18-december-10-jordanian-foreign-minister-discusses-developments,22722819,4 الشهر منذ
17.12.2024,"نقل مراسل درعا 24 عن مصدر محلي من أبناء قرية نافعة في وسط حوض اليرموك بريف درعا الغربي أن رتلاً تابعاً لقوات الأمم المتحدة (UN) توجه قبل قليل إلى موقع تمركزه قرب قرية جملة في الريف الغربي من محافظة درعا، وذلك بعد انسحابه من المنطقة قبل خمسة أيام.

وأوضح المصدر أن قوات الـ UN أبلغت الأهالي بأن القوات الإسرائيلية ستنسحب بالكامل من المنطقة خلال اليومين القادمين.",https://syria.liveuamap.com/ar/2024/18-december-08-a-correspondent-for-daraa-24-quoted-a-local,22722850,4 الشهر منذ
17.12.2024,انطلاق أول رحلة داخلية إلى حلب مع استئناف العمل في مطار دمشق الدولي بعد سقوط نظام الأسد,https://syria.liveuamap.com/ar/2024/18-december-07-the-first-domestic-flight-to-aleppo-takes,22722735,4 الشهر منذ
17.12.2024,تحديث - يقصف جيش  التركي في هذه اللحظات قرية بير حسو ومحيط جسر قرقوزاق جنوبي كوباني بالأسلحة الثقيلة,https://syria.liveuamap.com/ar/2024/17-december-20-the-turkish-army-is-currently-shelling-the,22722719,4 الشهر منذ
17.12.2024,قوات سوريا الديمقراطية تقول إن تركيا تهاجم جنوب كوباني بالأسلحة الثقيلة رغم وقف إطلاق النار - بيان,https://syria.liveuamap.com/ar/2024/17-december-20-sdf-says-turkey-is-attacking-southern-kobane,22722717,4 الشهر منذ
17.12.2024,?طيران مجهول يشن غارتين جويتين استهدفتا موقع عسكري في الجبل المطل على مدينة ديرالزور,https://syria.liveuamap.com/ar/2024/17-december-20-unknown-aircraft-launched-two-airstrikes-targeting,22722721,4 الشهر منذ
17.12.2024,الخارجية الأميركية: ندرس إرسال عسكريين لسوريا,https://syria.liveuamap.com/ar/2024/17-december-20-us-state-department-we-are-considering-sending,22722709,4 الشهر منذ
17.12.2024,البنتاغون: تصريحات وزير الخارجية التركي بشأن ضرورة حل قوات سوريا الديمقراطية تثير القلق,https://syria.liveuamap.com/ar/2024/17-december-20-pentagon-turkish-foreign-ministers-statements,22722705,4 الشهر منذ
17.12.2024,نائب الرئيس التركي: ممارسات إسرائيل غير شرعية ولا ينبغي لأي قوة أجنبية زعزعة استقرار سوريا,https://syria.liveuamap.com/ar/2024/17-december-19-turkish-vice-president-israels-actions-are,22722681,4 الشهر منذ
17.12.2024,"قائد ""قسد"" مظلوم عبدي: نعلن استعدادنا لإنشاء منطقة منزوعة السلاح في عين_العرب بريف حلب شمالي سوريا",https://syria.liveuamap.com/ar/2024/17-december-19-sdf-commander-mazloum-abdi-we-announce-our,22722680,4 الشهر منذ
17.12.2024,الخارجية الأمريكية: نريد تمديد وقف إطلاق النار في منبج لأطول مدة ممكنة,https://syria.liveuamap.com/ar/2024/17-december-18-us-state-department-we-want-to-extend-the,22722642,4 الشهر منذ
17.12.2024,قالت وزارة الخارجية الأميركية إن وقف إطلاق النار بين تركيا وقوات سوريا الديمقراطية المدعومة من الولايات المتحدة في شمال سوريا تم تمديده حتى نهاية هذا الأسبوع.,https://syria.liveuamap.com/ar/2024/17-december-18-a-ceasefire-between-turkey-and-the-usbacked,22722644,4 الشهر منذ
17.12.2024,"دعت إيران مجلس الأمن التابع للأمم المتحدة إلى وقف الغارات الجوية الإسرائيلية على سوريا بعد سقوط بشار الأسد. وقال مبعوث إيران لدى الأمم المتحدة أمير سعيد إيرفاني يوم الثلاثاء: ""استغلت إسرائيل الوضع الحالي لتدمير البنية التحتية السورية بشكل أكبر"".",https://syria.liveuamap.com/ar/2024/17-december-18-iran-called-on-the-un-security-council-to,22722657,4 الشهر منذ
17.12.2024,"رئيس الوزراء اللبناني: المعطيات التي وصلتنا من السلطات السورية حول قضية اللبنانيين المخفيين قسرا في سجون سوريا ""غير مشجعة""",https://syria.liveuamap.com/ar/2024/17-december-17-lebanese-prime-minister-the-information-we,22722637,4 الشهر منذ
17.12.2024,الانفجارات التي سمعت قبل قليل على طريق #أرمناز #كفرتخاريم غربي #إدلب. أنباء تقول استهداف طيران مسير تابع للتحالف بثلاث صواريخ نينجا أحد الصواريخ أصابت أسلاك التوتر العالي ما أدى لانقطاع الكهرباء في المنطقة,https://syria.liveuamap.com/ar/2024/17-december-17-explosions-heard-a-short-while-ago-on-the,22722645,4 الشهر منذ
17.12.2024,الجيش التركي يقصف برياً قرية في ناحية تل تمر,https://syria.liveuamap.com/ar/2024/17-december-16-turkey-army-launches-ground-shelling-on-a,22722634,4 الشهر منذ
17.12.2024,قصف مدفعي تركي يستهدف الريف الشمالي الغربي لمدينة عين عيسى,https://syria.liveuamap.com/ar/2024/17-december-16-turkish-artillery-shelling-targets-the-northwestern,22722625,4 الشهر منذ
17.12.2024,زار رئيس الوزراء الإسرائيلي بنيامين نتنياهو ووزير الدفاع يسرائيل كاتس، في وقت سابق اليوم، قمة جبل الشيخ على الجانب السوري من الحدود، بعد أن سيطر الجيش الإسرائيلي على الموقع الأسبوع الماضي.,https://syria.liveuamap.com/ar/2024/17-december-15-israeli-prime-minister-benjamin-and-defense,22722608,4 الشهر منذ
17.12.2024,المبعوث الدولي لسوريا: إسرائيل شنت أكثر من 350 غارة على مواقع سورية منذ سقوط الأسد,https://syria.liveuamap.com/ar/2024/17-december-15-un-envoy-to-syria-israel-has-launched-more,22722604,4 الشهر منذ
17.12.2024,مراسل حلب اليوم: خروج رتل يضم دبابات وناقلات جند تابع لقسد من بلدة المنصورة غرب الرقة إلى مدينة الرقة,https://syria.liveuamap.com/ar/2024/17-december-13-a-convoy-of-tanks-and-personnel-carriers-belonging,22722586,4 الشهر منذ
17.12.2024,تحليق لطائرات حربية تابعة للتحالف الدولي جنوب مدينة الطبقة بريف الرقة بعد تنفيذ عدة غارات على مواقع لتنظيم داعـ.ـش في البادية السورية سوريا,https://syria.liveuamap.com/ar/2024/17-december-13-international-coalition-warplanes-fly-south,22722583,4 الشهر منذ
17.12.2024,قناصة قوات سوريا الديمقراطية ووحدات حماية المرأة يتصدون لمقاتلي الجيش الوطني السوري الذين حاولوا التسلل إلى سد تشرين,https://syria.liveuamap.com/ar/2024/17-december-12-sdfypj-snipers-engaged-sna-fighters-trying,22722577,4 الشهر منذ
17.12.2024,طيران مسيّر تركي يستهدف مواقع قسد في مقرّ الفرقة 17 في محيط الرقة.نهر_ميديا,https://syria.liveuamap.com/ar/2024/17-december-12-turkish-drone-targets-sdf-positions-at-the,22722575,4 الشهر منذ
17.12.2024,مصادر محلية سورية: الطيران التركي يستهدف بغارة جوية مواقع لقوات قسد شمال مدينة الرقة  شمال شرق سوريا,https://syria.liveuamap.com/ar/2024/17-december-11-local-syrian-sources-turkish-aircraft-target,22722573,4 الشهر منذ
17.12.2024,دوريات عسكرية تابعة لقوات التحالف الدولي تتجول في قرية الحسينية وبلدة محيميدة بريف ديرالزور الغربي. ديرالزور_24,https://syria.liveuamap.com/ar/2024/17-december-11-military-patrols-of-the-international-coalition,22722578,4 الشهر منذ
17.12.2024,يسعى قائد قوات سوريا الديمقراطية @مظلوم عبدي إلى التوصل إلى وقف دائم لإطلاق النار في شمال شرق سوريا من خلال محادثات مع التحالف الدولي وتركيا,https://syria.liveuamap.com/ar/2024/17-december-11-sdfsyria-commander-mazloumabdi-is-pushing,22722572,4 الشهر منذ
17.12.2024,تركيا تقصف قرية بركات في كري سبي شمال سوريا 5 مرات بطائرات مسيرة,https://syria.liveuamap.com/ar/2024/17-december-11-turkey-has-bombed-the-village-of-birxat-in,22722567,4 الشهر منذ
17.12.2024,الأمم المتحدة: نتوقع عودة حوالي مليون لاجئ سوري بين يناير ويونيو من العام المقبل,https://syria.liveuamap.com/ar/2024/17-december-10-un-we-expect-about-one-million-syrian-refugees,22722558,4 الشهر منذ
17.12.2024,الاتحاد الأوروبي: بعثتنا في سوريا سيعاد فتحها,https://syria.liveuamap.com/ar/2024/17-december-10-eu-our-mission-in-syria-will-reopen,22722548,4 الشهر منذ
17.12.2024,أفادت وسائل إعلام محلية أن قوات إسرائيلية نفذت عمليات في عدة قرى سورية خارج المنطقة العازلة في جنوب سوريا خلال اليوم الماضي. وأفاد موقع درعا 24 أمس أن جنودا من الجيش الإسرائيلي دخلوا قرية معرية الواقعة على بعد مئات الأمتار شرق المنطقة العازلة في جنوب مرتفعات الجولان، واستجوبوا السكان المحليين. وقال الموقع إن دبابات الجيش الإسرائيلي دخلت اليوم بلدة صيدا الواقعة أيضا على حافة المنطقة العازلة. وقال الجيش الإسرائيلي إن انتشاره في المنطقة العازلة والمواقع الاستراتيجية في المنطقة هو إجراء دفاعي ومؤقت وسط الوضع في سوريا، وسيبقى هناك حتى تتضح الأمور.,https://syria.liveuamap.com/ar/2024/17-december-10-israeli-troops-have-been-operating-in-several,22722545,4 الشهر منذ
17.12.2024,مراسل درعا 24: دبابات إسـ.ـرائيلـ.ـية تتوغل في قرية صيدا الجولان على الحدود الإدارية بين محافظتي درعا والقنيطرة.    صيدا_الجولان إسرائيل توغل درعا24,https://syria.liveuamap.com/ar/2024/17-december-09-israeli-tanks-penetrate-the-village-of-saida,22722540,4 الشهر منذ
17.12.2024,- قوات العدو الاسرائيلي باتت تسيطر على مجرى نهر اليرموك وسد الوحدة جنوب سوريا,https://syria.liveuamap.com/ar/2024/17-december-09-the-israeli-forces-now-control-the-yarmouk,22722542,4 الشهر منذ
17.12.2024,المرشد الإيراني: إسرائيل تعد نفسها عبر سوريا لمحاصرة حزب_الله والقضاء عليه لكنها في النهاية هي التي ستزول,https://iran.liveuamap.com/ar/2024/17-december-09-iranian-leader-israel-is-preparing-itself,22722618,4 الشهر منذ
17.12.2024,مسؤولة السياسة الخارجية في الاتحاد الأوروبي: سنواصل دعم السوريين في الداخل والخارج,https://syria.liveuamap.com/ar/2024/17-december-08-eu-foreign-policy-chief-we-will-continue-to,22722617,4 الشهر منذ
17.12.2024,الخارجية الإيرانية: نفضل عدم استخدام مصطلح وشيك بشأن فتح سفارتنا في سوريا لأن ذلك يتطلب تحضيرات,https://syria.liveuamap.com/ar/2024/17-december-07-iranian-foreign-ministry-we-prefer-not-to,22722623,4 الشهر منذ
17.12.2024,"وول ستريت جورنال نقلاً عن مسؤول أميركي: عملية تركية عبر الحدود مع سوريا ""قد تكون وشيكة""",https://syria.liveuamap.com/ar/2024/17-december-04-wall-street-journal-citing-a-us-official-a,22722445,4 الشهر منذ
18.12.2024,وقام الجانب العراقي بتسليم جنود الفرقة الرابعة التابعين لماهر الأسد إلى السلطات السورية الجديدة,https://syria.liveuamap.com/ar/2024/19-december-21-the-iraqi-side-handed-over-the-soldiers-of,22723220,4 الشهر منذ
18.12.2024,وزير الخارجية العراقي: داعش يوسع مناطق سيطرته ويعيد تنظيم صفوفه مستعينا بالأسلحة التي استولى عليها جراء انهيار الجيش السوري,https://syria.liveuamap.com/ar/2024/19-december-21-iraqi-foreign-minister-isis-is-expanding-its,22723209,4 الشهر منذ
18.12.2024,أوقفت أكبر مصفاة نفط في سوريا عملياتها بعد توقفها عن استقبال الخام من إيران الذي كان يشكل في السابق الغالبية العظمى من مدخلات البلاد، حسبما قال مديرها العام لصحيفة فاينانشال تايمز.,https://syria.liveuamap.com/ar/2024/19-december-20-syrias-largest-oil-refinery-has-halted-operations,22723218,4 الشهر منذ
18.12.2024,أنباء عن اشتباكات بين الجيش الوطني وقوات سوريا الديمقراطية على خط تل تمر شرقي رأس العين,https://syria.liveuamap.com/ar/2024/19-december-20-clashes-reported-between-sna-and-sdf-at-tel,22723201,4 الشهر منذ
18.12.2024,"يقول البنتاغون إن هناك  2000 جندي أمريكي في سوريا، وهو رقم أعلى من المستوى السابق الذي بلغ 900 جندي ""أساسي"". ويقول السكرتير العام للبنتاغون إن حوالي 1100 جندي إضافي هم ""قوات مؤقتة دورية"" يتم نشرها لتلبية ""متطلبات المهمة المتغيرة"".",https://syria.liveuamap.com/ar/2024/19-december-19-pentagon-says-there-are-now-2000-us-troops,22723210,4 الشهر منذ
18.12.2024,حملة واسعة النطاق لقوات سوريا الديمقراطية في مدينة معدان ريف الرقة بعد دخول بعض الخلايا النائمة اليها nnنسخة إلى أعلام المرتزقة الذين قالو انهم وصلو مدينة رقة nnSDF قسد,https://syria.liveuamap.com/ar/2024/19-december-19-a-largescale-campaign-by-the-syrian-democratic,22723184,4 الشهر منذ
18.12.2024,قال مسؤولان أميركيان إن كبيرة الدبلوماسيين في وزارة الخارجية الأميركية لشؤون الشرق الأوسط باربرا ليف ستتوجه إلى دمشق في الأيام المقبلة.,https://syria.liveuamap.com/ar/2024/19-december-19-the-state-department-top-diplomat-for-the,22723193,4 الشهر منذ
18.12.2024,رئيس الوزراء: بعثتنا الدبلوماسية باشرت مهامها في دمشق,https://syria.liveuamap.com/ar/2024/19-december-19-iraqi-prime-minister-our-diplomatic-mission,22723179,4 الشهر منذ
18.12.2024,"قالت الولايات المتحدة إن وقف إطلاق النار بين قوات سوريا الديمقراطية وتركيا في شمال سوريا لا يزال ""صامداً"" بينما تراقب عن كثب التطورات في كوباني.",https://syria.liveuamap.com/ar/2024/19-december-18-the-us-stated-that-the-ceasefire-between-the,22723185,4 الشهر منذ
18.12.2024,"قال الأمين العام للأمم المتحدة أنطونيو غوتيريش إن الضربات الجوية الإسرائيلية على سوريا تشكل انتهاكات لسيادة البلاد وسلامة أراضيها و""يجب أن تتوقف"".",https://syria.liveuamap.com/ar/2024/19-december-18-israeli-airstrikes-on-syria-are-violations,22723158,4 الشهر منذ
18.12.2024,قال قائد قوات سوريا الديمقراطية مظلوم عبدي لرويترز إنه إذا توصلوا إلى اتفاق مع تركيا لإنهاء الأعمال العدائية في شمال سوريا فإن المقاتلين الأكراد غير السوريين سيغادرون سوريا.,https://syria.liveuamap.com/ar/2024/19-december-17-sdf-chief-mazloum-abdi-tells-reuters-that,22723133,4 الشهر منذ
18.12.2024,رئيس الوزراء الليبي: نقل الأسلحة الروسية إلى سوريا غير مقبول.. الدبيبة: القوى الأجنبية لا تستطيع فرض إرادتها على ليبيا,https://libya.liveuamap.com/ar/2024/19-december-15-libya-pm-says-moving-russias-syrian-arms,22723128,4 الشهر منذ
18.12.2024,إدارة العمليات العسكرية تسيطر على معدان وزور شمر والسبخة شرق الرقة,https://syria.liveuamap.com/ar/2024/19-december-15-military-operations-department-takes-control,22723125,4 الشهر منذ
18.12.2024,الحكومة السورية المؤقتة تعد قوائم بأسماء المتورطين من النظام السابق في جرائم الحرب والتعذيب والقتل,https://syria.liveuamap.com/ar/2024/19-december-12-the-syrian-interim-government-is-preparing,22723104,4 الشهر منذ
18.12.2024,رويترز: قسد تدعو أهالي عين العرب إلى حمل السلاح,https://syria.liveuamap.com/ar/2024/19-december-11-reuters-sdf-calls-on-kobaneayn-alarab-residents,22723098,4 الشهر منذ
18.12.2024,"العراق يعلن إعادة جنود سوريين ""فروا بعد سقوط الأسد"" من الأنبار إلى سوريا",https://syria.liveuamap.com/ar/2024/19-december-10-iraq-announces-the-repatriation-of-syrian,22723081,4 الشهر منذ
18.12.2024,تبادل الرئيس التركي أردوغان تحية قصيرة مع الرئيس الإيراني قبيل قمة زعماء مجموعة الدول الثماني النامية في القاهرة. وهذه هي أول مشاركة بينهما منذ سقوط بشار الأسد في سوريا.,https://syria.liveuamap.com/ar/2024/19-december-09-turkish-president-erdogan-exchanged-a-brief,22723073,4 الشهر منذ
18.12.2024,الدفاع التركية: الفصائل التي ندعمها ستسيطر على مناطق الأكراد بشمال سوريا,https://syria.liveuamap.com/ar/2024/19-december-09-turkish-defense-the-factions-we-support-will,22723072,4 الشهر منذ
18.12.2024,وزارة الدفاع التركية: لا اتفاق على هدنة مع قسد في شمال سوريا,https://syria.liveuamap.com/ar/2024/19-december-09-turkish-defense-ministry-no-agreement-on-truce,22723071,4 الشهر منذ
18.12.2024,وزارة الدفاع التركية: ندين بشدة قرار إسرائيل توسيع المستوطنات غير الشرعية في مرتفعات الجولان التي تحتلها منذ عام 1967.,https://syria.liveuamap.com/ar/2024/19-december-09-turkish-ministry-of-defense-we-strongly-condemn,22723067,4 الشهر منذ
18.12.2024,ريف حلب nانفجار عنيف يهز منبج,https://syria.liveuamap.com/ar/2024/19-december-08-aleppo-countryside-a-violent-explosion-rocks,22723069,4 الشهر منذ
18.12.2024,المرصد السوري للعربية: اشتباكات عنيفة في منبج خلال الليل,https://syria.liveuamap.com/ar/2024/19-december-08-violent-clashes-in-manbij-during-the-night,22723054,4 الشهر منذ
18.12.2024,"شن الجيش التركي ""قصفاً مدفعياً مكثفاً على جسر قره قوزاق على الجبهة الجنوبية لمدينة كوباني فجر اليوم"". - ANHA",https://syria.liveuamap.com/ar/2024/19-december-06-the-turkish-army-launched-an-intense-artillery,22723026,4 الشهر منذ
18.12.2024,"وزير الخارجية التركي يدعو السلطات السورية الجديدة لمعالجة ""مشكلة"" القوات الكردية",https://syria.liveuamap.com/ar/2024/18-december-21-turkish-fm-urges-new-syrian-authorities-to,22722963,4 الشهر منذ
18.12.2024,زعيم الثوار السوريين أحمد الشرع (الجولاني): سوريا لن تكون أفغانستان وأنا أؤمن بتعليم المرأة,https://syria.liveuamap.com/ar/2024/18-december-20-syrian-rebels-leader-ahmed-alsharaa-aljulani,22722953,4 الشهر منذ
18.12.2024,أحمد الشرع: ندعو لرفع العقوبات عن سوريا,https://syria.liveuamap.com/ar/2024/18-december-20-ahmed-alsharaa-we-call-for-lifting-sanctions,22722955,4 الشهر منذ
18.12.2024,nحلب :nنشوب حـ.ـريق مجهـ.ـول السبب في استاد حلب الدولي بحي الحمدانية في مدينة حلب، قبل قليل,https://syria.liveuamap.com/ar/2024/18-december-20-an-unknown-fire-broke-out-at-aleppo-international,22722911,4 الشهر منذ
18.12.2024,حريق ضخم في ستاد حلب الدولي,https://syria.liveuamap.com/ar/2024/18-december-20-fire-in-aleppo-international-stadium,22722910,4 الشهر منذ
18.12.2024,سوريا: أول مظاهرة الليلة في طرطوس منذ سقوط الأسد، وأهالي يشكون أمام مقر الشرطة من التراخي في بعض قضايا السرقة والجرائم,https://syria.liveuamap.com/ar/2024/18-december-17-syria-first-protest-tonight-in-tartus-since,22722901,4 الشهر منذ
18.12.2024,المتحدث باسم الخارجية الأمريكية: نتواصل مع تركيا بشأن الوضع في شمال سوريا,https://syria.liveuamap.com/ar/2024/18-december-13-us-state-department-spokesperson-we-are-in,22722856,4 الشهر منذ
18.12.2024,رئيس الوزراء البريطاني: تواصلت مع قادة مجموعة الـ7 للعمل من أجل تشكيل حكومة سورية تحترم القانون الدولي وحقوق الإنسان,https://syria.liveuamap.com/ar/2024/18-december-13-british-prime-minister-i-have-reached-out,22722847,4 الشهر منذ
18.12.2024,اشتباكات وقصف مدفعي متبادل بين قوات سوريا الديمقراطية والجيش الوطني السوري بقيادة تركيا في محيط سد تشرين,https://syria.liveuamap.com/ar/2024/18-december-11-clashes-and-mutual-artillery-strikes-between,22722839,4 الشهر منذ
18.12.2024,الإدارة الذاتية الكردية في شمال شرقي سوريا تلغي الجمارك والضرائب بين المناطق الخاضعة لسيطرة الأكراد وأجزاء أخرى من سوريا - بيان,https://syria.liveuamap.com/ar/2024/18-december-11-the-kurdishled-administration-in-northeastern,22722836,4 الشهر منذ
18.12.2024,وفد من حكومة تصريف الأعمال بينهم وزير الداخلية محمد عبد الرحمن يزور  الرئيس الروحي للموحدين الدروز سماحة الشيخ حكمت الهجري في بلدة قنوات,https://syria.liveuamap.com/ar/2024/18-december-10-a-delegation-from-the-caretaker-government,22722829,4 الشهر منذ
18.12.2024,وزير خارجية الأردن يبحث مع نظيره الروسي التطورات في سورياالشرق للأخبار,https://syria.liveuamap.com/ar/2024/18-december-10-jordanian-foreign-minister-discusses-developments,22722819,4 الشهر منذ
18.12.2024,"نقل مراسل درعا 24 عن مصدر محلي من أبناء قرية نافعة في وسط حوض اليرموك بريف درعا الغربي أن رتلاً تابعاً لقوات الأمم المتحدة (UN) توجه قبل قليل إلى موقع تمركزه قرب قرية جملة في الريف الغربي من محافظة درعا، وذلك بعد انسحابه من المنطقة قبل خمسة أيام.

وأوضح المصدر أن قوات الـ UN أبلغت الأهالي بأن القوات الإسرائيلية ستنسحب بالكامل من المنطقة خلال اليومين القادمين.",https://syria.liveuamap.com/ar/2024/18-december-08-a-correspondent-for-daraa-24-quoted-a-local,22722850,4 الشهر منذ
18.12.2024,انطلاق أول رحلة داخلية إلى حلب مع استئناف العمل في مطار دمشق الدولي بعد سقوط نظام الأسد,https://syria.liveuamap.com/ar/2024/18-december-07-the-first-domestic-flight-to-aleppo-takes,22722735,4 الشهر منذ
19.12.2024,سوريا: قُتل صحفيان سوريان، ناظم دستان وجيهان بيلجين، خارج مدينة كوباني اليوم عندما ضربت طائرة مسيرة تركية سيارتهما أثناء مرورهما عبر أراضي قوات سوريا الديمقراطية.,https://syria.liveuamap.com/ar/2024/20-december-21-syria-two-syrian-journalists-nazim-dastan,22723462,4 الشهر منذ
19.12.2024,"قالت باربرا ليف المتحدثة باسم وزارة الخارجية الأمريكية للصحفيين: ""إن الولايات المتحدة قلقة للغاية بشأن آثار القتال بين قوات سوريا الديمقراطية والجيش الوطني السوري المدعوم من تركيا بالقرب من سد تشرين والأضرار التي لحقت بهذا السد، إذا كان هناك ضرر هيكلي كبير، فإن التهديد الذي قد يسببه لآلاف الأشخاص في المجتمعات الواقعة أسفل النهر. لذا فإن وقف إطلاق النار هذا نعمل بنشاط في المناقشات مع القادة الأتراك، وكذلك مع قوات سوريا الديمقراطية، ونعتقد أن أفضل طريقة للمضي قدمًا هي وقف إطلاق النار حول كوباني، وأننا نعمل على إيجاد ما أسميه انتقالًا مُدارًا من حيث حكم قوات سوريا الديمقراطية في ذلك الجزء من البلاد"". وأضافت: ""إننا نعمل بجدية من أجل التوصل إلى اتفاق لوقف إطلاق النار حول كوباني، ونعمل على إيجاد ما أسميه انتقالًا مُدارًا من حيث حكم قوات سوريا الديمقراطية في ذلك الجزء من البلاد"".",https://syria.liveuamap.com/ar/2024/20-december-18-us-is-quite-concerned-about-the-effects-of,22723411,4 الشهر منذ
19.12.2024,الجيش الإسرائيلي: مقتل سوري جنوب سوريا بنيران الجيش لاقترابه من الجنود,https://syria.liveuamap.com/ar/2024/20-december-17-israeli-army-syrian-killed-in-southern-syria,22723404,4 الشهر منذ
19.12.2024,"قوات سوريا الديمقراطية تعلن عن ""اشتباكات عنيفة"" أثناء التصدي لهجوم للجيش الوطني على جسر قره قوزاق",https://syria.liveuamap.com/ar/2024/20-december-16-df-reports-intense-clashes-as-they-confront,22723403,4 الشهر منذ
19.12.2024,اجتمعت اليوم وكالة المساعدة الإنسانية الأمريكية ليف مع مسؤولي هيئة تحرير الشام لمناقشة المبادئ المتفق عليها بين الولايات المتحدة والشركاء في العقبة - دعم عملية سياسية شاملة بقيادة سورية تؤدي إلى حكومة تمثيلية تحترم حقوق جميع السوريين,https://syria.liveuamap.com/ar/2024/20-december-16-nea-as-leaf-met-today-with-hts-officials-to,22723402,4 الشهر منذ
19.12.2024,وزير الخارجية العراقية فؤاد حسين،  قال في اتصال   في اتصال مع نظيره البريطاني :إن داعش يُعيد تنظيم صفوفه، حيث استولى على كميات من الأسلحة نتيجة انهيار الجيش السوري وتركِه لمخازن أسلحته، ما أتاح له توسيع سيطرتَه على مناطق إضافية، وإن هذا سيكون خطيرا على سورية  و العراق,https://syria.liveuamap.com/ar/2024/20-december-14-iraqi-foreign-minister-fuad-hussein-said-in,22723379,4 الشهر منذ
19.12.2024,خرج أهالي قرية معريه السورية في مظاهرة سلمية ضد اجتياح القوات الإسرائيلية لسوريا، فأطلق جيش  النار عليهم، ما أدى إلى إصابة شخص.,https://syria.liveuamap.com/ar/2024/20-december-14-residents-of-the-syrian-village-mariya-held,22723378,4 الشهر منذ
19.12.2024,قالت القيادة المركزية الأمريكية إن القوات الأمريكية قتلت زعيم تنظيم داعش أبو يوسف المعروف باسم محمود في غارة جوية في محافظة دير الزور.,https://syria.liveuamap.com/ar/2024/20-december-14-us-forces-killed-isis-leader-abu-yusif-aka,22723374,4 الشهر منذ
19.12.2024,غارات جوية للقيادة المركزية الأميركية الخميس قتلت عنصرين من تنظيم داعش، بينهم زعيم التنظيم أبو يوسف - بيان,https://syria.liveuamap.com/ar/2024/20-december-14-us-central-command-airstrikes-on-thursday,22723376,4 الشهر منذ
19.12.2024,إلغاء مؤتمر الوفد الأميركي في دمشق لأسباب أمنية: العربية,https://syria.liveuamap.com/ar/2024/20-december-14-us-delegations-conference-in-damascus-cancelled,22723375,4 الشهر منذ
19.12.2024,وقفة احتجاجية اليوم لأهالي بلدات حوض اليرموك بريف درعا الغربي ضد الوجود الإسرائيلي,https://syria.liveuamap.com/ar/2024/20-december-13-a-protest-today-by-residents-of-the-yarmouk,22723362,4 الشهر منذ
19.12.2024,الرئيس التركي: سنضاعف علاقاتنا التجارية مع سوريا ما سيعود على البلدين بفوائد كبيرة في مختلف المجالات,https://syria.liveuamap.com/ar/2024/20-december-11-turkish-president-we-will-double-our-trade,22723323,4 الشهر منذ
19.12.2024,"في استجابة ة لنداءات الأهالي في مدينة القصير بريف حمص، تعمل فرقنا على إنشاء جسر مؤقت إسعافي بدلاً عن ""الجسر العالي"" على نهر العاصي والذي دُمر بغارة جوية إسرائيلية في وقت سابق، يساعد الجسر على ربط ريف القصير الغربي مع مدينة القصير.الخوذ_البيضاء سوريا سوريا_",https://syria.liveuamap.com/ar/2024/20-december-11-white-helmets-in-response-to-the-calls-of,22723387,4 الشهر منذ
19.12.2024,الرئيس التركي أردوغان يقول إن الولايات المتحدة والقوى الغربية تتحمل مسؤولية منع إسرائيل من غزو الأراضي السورية,https://syria.liveuamap.com/ar/2024/20-december-11-turkiye-president-rterdogan-says-us-western,22723320,4 الشهر منذ
19.12.2024,ليبيا - صور عالية الدقة التقطتها @Maxar تظهر طائرة نقل روسية من طراز IL-76 تنقل معدات من سوريا في قاعدة الجفرة الجوية التابعة للجيش الوطني الليبي بجوار مركبة مثيرة للاهتمام (ربما تكون EW / radar / AD),https://libya.liveuamap.com/ar/2024/20-december-11-libya-high-res-imagery-by-maxar-showing-russian,22723317,4 الشهر منذ
19.12.2024,الخارجية الأميركية تقول إن وفداً دبلوماسياً سيصل إلى دمشق اليوم,https://syria.liveuamap.com/ar/2024/20-december-05-us-state-department-says-that-a-diplomatic,22723233,4 الشهر منذ
19.12.2024,وقام الجانب العراقي بتسليم جنود الفرقة الرابعة التابعين لماهر الأسد إلى السلطات السورية الجديدة,https://syria.liveuamap.com/ar/2024/19-december-21-the-iraqi-side-handed-over-the-soldiers-of,22723220,4 الشهر منذ
19.12.2024,وزير الخارجية العراقي: داعش يوسع مناطق سيطرته ويعيد تنظيم صفوفه مستعينا بالأسلحة التي استولى عليها جراء انهيار الجيش السوري,https://syria.liveuamap.com/ar/2024/19-december-21-iraqi-foreign-minister-isis-is-expanding-its,22723209,4 الشهر منذ
19.12.2024,أوقفت أكبر مصفاة نفط في سوريا عملياتها بعد توقفها عن استقبال الخام من إيران الذي كان يشكل في السابق الغالبية العظمى من مدخلات البلاد، حسبما قال مديرها العام لصحيفة فاينانشال تايمز.,https://syria.liveuamap.com/ar/2024/19-december-20-syrias-largest-oil-refinery-has-halted-operations,22723218,4 الشهر منذ
19.12.2024,أنباء عن اشتباكات بين الجيش الوطني وقوات سوريا الديمقراطية على خط تل تمر شرقي رأس العين,https://syria.liveuamap.com/ar/2024/19-december-20-clashes-reported-between-sna-and-sdf-at-tel,22723201,4 الشهر منذ
19.12.2024,"يقول البنتاغون إن هناك  2000 جندي أمريكي في سوريا، وهو رقم أعلى من المستوى السابق الذي بلغ 900 جندي ""أساسي"". ويقول السكرتير العام للبنتاغون إن حوالي 1100 جندي إضافي هم ""قوات مؤقتة دورية"" يتم نشرها لتلبية ""متطلبات المهمة المتغيرة"".",https://syria.liveuamap.com/ar/2024/19-december-19-pentagon-says-there-are-now-2000-us-troops,22723210,4 الشهر منذ
19.12.2024,حملة واسعة النطاق لقوات سوريا الديمقراطية في مدينة معدان ريف الرقة بعد دخول بعض الخلايا النائمة اليها nnنسخة إلى أعلام المرتزقة الذين قالو انهم وصلو مدينة رقة nnSDF قسد,https://syria.liveuamap.com/ar/2024/19-december-19-a-largescale-campaign-by-the-syrian-democratic,22723184,4 الشهر منذ
19.12.2024,قال مسؤولان أميركيان إن كبيرة الدبلوماسيين في وزارة الخارجية الأميركية لشؤون الشرق الأوسط باربرا ليف ستتوجه إلى دمشق في الأيام المقبلة.,https://syria.liveuamap.com/ar/2024/19-december-19-the-state-department-top-diplomat-for-the,22723193,4 الشهر منذ
19.12.2024,رئيس الوزراء: بعثتنا الدبلوماسية باشرت مهامها في دمشق,https://syria.liveuamap.com/ar/2024/19-december-19-iraqi-prime-minister-our-diplomatic-mission,22723179,4 الشهر منذ
19.12.2024,"قالت الولايات المتحدة إن وقف إطلاق النار بين قوات سوريا الديمقراطية وتركيا في شمال سوريا لا يزال ""صامداً"" بينما تراقب عن كثب التطورات في كوباني.",https://syria.liveuamap.com/ar/2024/19-december-18-the-us-stated-that-the-ceasefire-between-the,22723185,4 الشهر منذ
19.12.2024,"قال الأمين العام للأمم المتحدة أنطونيو غوتيريش إن الضربات الجوية الإسرائيلية على سوريا تشكل انتهاكات لسيادة البلاد وسلامة أراضيها و""يجب أن تتوقف"".",https://syria.liveuamap.com/ar/2024/19-december-18-israeli-airstrikes-on-syria-are-violations,22723158,4 الشهر منذ
19.12.2024,قال قائد قوات سوريا الديمقراطية مظلوم عبدي لرويترز إنه إذا توصلوا إلى اتفاق مع تركيا لإنهاء الأعمال العدائية في شمال سوريا فإن المقاتلين الأكراد غير السوريين سيغادرون سوريا.,https://syria.liveuamap.com/ar/2024/19-december-17-sdf-chief-mazloum-abdi-tells-reuters-that,22723133,4 الشهر منذ
19.12.2024,رئيس الوزراء الليبي: نقل الأسلحة الروسية إلى سوريا غير مقبول.. الدبيبة: القوى الأجنبية لا تستطيع فرض إرادتها على ليبيا,https://libya.liveuamap.com/ar/2024/19-december-15-libya-pm-says-moving-russias-syrian-arms,22723128,4 الشهر منذ
19.12.2024,إدارة العمليات العسكرية تسيطر على معدان وزور شمر والسبخة شرق الرقة,https://syria.liveuamap.com/ar/2024/19-december-15-military-operations-department-takes-control,22723125,4 الشهر منذ
19.12.2024,الحكومة السورية المؤقتة تعد قوائم بأسماء المتورطين من النظام السابق في جرائم الحرب والتعذيب والقتل,https://syria.liveuamap.com/ar/2024/19-december-12-the-syrian-interim-government-is-preparing,22723104,4 الشهر منذ
19.12.2024,رويترز: قسد تدعو أهالي عين العرب إلى حمل السلاح,https://syria.liveuamap.com/ar/2024/19-december-11-reuters-sdf-calls-on-kobaneayn-alarab-residents,22723098,4 الشهر منذ
19.12.2024,"العراق يعلن إعادة جنود سوريين ""فروا بعد سقوط الأسد"" من الأنبار إلى سوريا",https://syria.liveuamap.com/ar/2024/19-december-10-iraq-announces-the-repatriation-of-syrian,22723081,4 الشهر منذ
19.12.2024,تبادل الرئيس التركي أردوغان تحية قصيرة مع الرئيس الإيراني قبيل قمة زعماء مجموعة الدول الثماني النامية في القاهرة. وهذه هي أول مشاركة بينهما منذ سقوط بشار الأسد في سوريا.,https://syria.liveuamap.com/ar/2024/19-december-09-turkish-president-erdogan-exchanged-a-brief,22723073,4 الشهر منذ
19.12.2024,الدفاع التركية: الفصائل التي ندعمها ستسيطر على مناطق الأكراد بشمال سوريا,https://syria.liveuamap.com/ar/2024/19-december-09-turkish-defense-the-factions-we-support-will,22723072,4 الشهر منذ
19.12.2024,وزارة الدفاع التركية: لا اتفاق على هدنة مع قسد في شمال سوريا,https://syria.liveuamap.com/ar/2024/19-december-09-turkish-defense-ministry-no-agreement-on-truce,22723071,4 الشهر منذ
19.12.2024,وزارة الدفاع التركية: ندين بشدة قرار إسرائيل توسيع المستوطنات غير الشرعية في مرتفعات الجولان التي تحتلها منذ عام 1967.,https://syria.liveuamap.com/ar/2024/19-december-09-turkish-ministry-of-defense-we-strongly-condemn,22723067,4 الشهر منذ
19.12.2024,ريف حلب nانفجار عنيف يهز منبج,https://syria.liveuamap.com/ar/2024/19-december-08-aleppo-countryside-a-violent-explosion-rocks,22723069,4 الشهر منذ
19.12.2024,المرصد السوري للعربية: اشتباكات عنيفة في منبج خلال الليل,https://syria.liveuamap.com/ar/2024/19-december-08-violent-clashes-in-manbij-during-the-night,22723054,4 الشهر منذ
19.12.2024,"شن الجيش التركي ""قصفاً مدفعياً مكثفاً على جسر قره قوزاق على الجبهة الجنوبية لمدينة كوباني فجر اليوم"". - ANHA",https://syria.liveuamap.com/ar/2024/19-december-06-the-turkish-army-launched-an-intense-artillery,22723026,4 الشهر منذ
20.12.2024,الخارجية الإيرانية: مقتل موظف بالسفارة الإيرانية بهجوم في دمشق في 15 ديسمبر,https://syria.liveuamap.com/ar/2024/21-december-10-iranian-foreign-ministry-iranian-embassy-employee,22723521,4 الشهر منذ
20.12.2024,الجيش الإسرائيلي يعلن اعتقال شخصين جنوبي سوريا,https://syria.liveuamap.com/ar/2024/21-december-08-israeli-army-announces-arrest-of-two-people,22723478,4 الشهر منذ
20.12.2024,سوريا: قُتل صحفيان سوريان، ناظم دستان وجيهان بيلجين، خارج مدينة كوباني اليوم عندما ضربت طائرة مسيرة تركية سيارتهما أثناء مرورهما عبر أراضي قوات سوريا الديمقراطية.,https://syria.liveuamap.com/ar/2024/20-december-21-syria-two-syrian-journalists-nazim-dastan,22723462,4 الشهر منذ
20.12.2024,"قالت باربرا ليف المتحدثة باسم وزارة الخارجية الأمريكية للصحفيين: ""إن الولايات المتحدة قلقة للغاية بشأن آثار القتال بين قوات سوريا الديمقراطية والجيش الوطني السوري المدعوم من تركيا بالقرب من سد تشرين والأضرار التي لحقت بهذا السد، إذا كان هناك ضرر هيكلي كبير، فإن التهديد الذي قد يسببه لآلاف الأشخاص في المجتمعات الواقعة أسفل النهر. لذا فإن وقف إطلاق النار هذا نعمل بنشاط في المناقشات مع القادة الأتراك، وكذلك مع قوات سوريا الديمقراطية، ونعتقد أن أفضل طريقة للمضي قدمًا هي وقف إطلاق النار حول كوباني، وأننا نعمل على إيجاد ما أسميه انتقالًا مُدارًا من حيث حكم قوات سوريا الديمقراطية في ذلك الجزء من البلاد"". وأضافت: ""إننا نعمل بجدية من أجل التوصل إلى اتفاق لوقف إطلاق النار حول كوباني، ونعمل على إيجاد ما أسميه انتقالًا مُدارًا من حيث حكم قوات سوريا الديمقراطية في ذلك الجزء من البلاد"".",https://syria.liveuamap.com/ar/2024/20-december-18-us-is-quite-concerned-about-the-effects-of,22723411,4 الشهر منذ
20.12.2024,الجيش الإسرائيلي: مقتل سوري جنوب سوريا بنيران الجيش لاقترابه من الجنود,https://syria.liveuamap.com/ar/2024/20-december-17-israeli-army-syrian-killed-in-southern-syria,22723404,4 الشهر منذ
20.12.2024,"قوات سوريا الديمقراطية تعلن عن ""اشتباكات عنيفة"" أثناء التصدي لهجوم للجيش الوطني على جسر قره قوزاق",https://syria.liveuamap.com/ar/2024/20-december-16-df-reports-intense-clashes-as-they-confront,22723403,4 الشهر منذ
20.12.2024,اجتمعت اليوم وكالة المساعدة الإنسانية الأمريكية ليف مع مسؤولي هيئة تحرير الشام لمناقشة المبادئ المتفق عليها بين الولايات المتحدة والشركاء في العقبة - دعم عملية سياسية شاملة بقيادة سورية تؤدي إلى حكومة تمثيلية تحترم حقوق جميع السوريين,https://syria.liveuamap.com/ar/2024/20-december-16-nea-as-leaf-met-today-with-hts-officials-to,22723402,4 الشهر منذ
20.12.2024,وزير الخارجية العراقية فؤاد حسين،  قال في اتصال   في اتصال مع نظيره البريطاني :إن داعش يُعيد تنظيم صفوفه، حيث استولى على كميات من الأسلحة نتيجة انهيار الجيش السوري وتركِه لمخازن أسلحته، ما أتاح له توسيع سيطرتَه على مناطق إضافية، وإن هذا سيكون خطيرا على سورية  و العراق,https://syria.liveuamap.com/ar/2024/20-december-14-iraqi-foreign-minister-fuad-hussein-said-in,22723379,4 الشهر منذ
20.12.2024,خرج أهالي قرية معريه السورية في مظاهرة سلمية ضد اجتياح القوات الإسرائيلية لسوريا، فأطلق جيش  النار عليهم، ما أدى إلى إصابة شخص.,https://syria.liveuamap.com/ar/2024/20-december-14-residents-of-the-syrian-village-mariya-held,22723378,4 الشهر منذ
20.12.2024,قالت القيادة المركزية الأمريكية إن القوات الأمريكية قتلت زعيم تنظيم داعش أبو يوسف المعروف باسم محمود في غارة جوية في محافظة دير الزور.,https://syria.liveuamap.com/ar/2024/20-december-14-us-forces-killed-isis-leader-abu-yusif-aka,22723374,4 الشهر منذ
20.12.2024,غارات جوية للقيادة المركزية الأميركية الخميس قتلت عنصرين من تنظيم داعش، بينهم زعيم التنظيم أبو يوسف - بيان,https://syria.liveuamap.com/ar/2024/20-december-14-us-central-command-airstrikes-on-thursday,22723376,4 الشهر منذ
20.12.2024,إلغاء مؤتمر الوفد الأميركي في دمشق لأسباب أمنية: العربية,https://syria.liveuamap.com/ar/2024/20-december-14-us-delegations-conference-in-damascus-cancelled,22723375,4 الشهر منذ
20.12.2024,وقفة احتجاجية اليوم لأهالي بلدات حوض اليرموك بريف درعا الغربي ضد الوجود الإسرائيلي,https://syria.liveuamap.com/ar/2024/20-december-13-a-protest-today-by-residents-of-the-yarmouk,22723362,4 الشهر منذ
20.12.2024,الرئيس التركي: سنضاعف علاقاتنا التجارية مع سوريا ما سيعود على البلدين بفوائد كبيرة في مختلف المجالات,https://syria.liveuamap.com/ar/2024/20-december-11-turkish-president-we-will-double-our-trade,22723323,4 الشهر منذ
20.12.2024,"في استجابة ة لنداءات الأهالي في مدينة القصير بريف حمص، تعمل فرقنا على إنشاء جسر مؤقت إسعافي بدلاً عن ""الجسر العالي"" على نهر العاصي والذي دُمر بغارة جوية إسرائيلية في وقت سابق، يساعد الجسر على ربط ريف القصير الغربي مع مدينة القصير.الخوذ_البيضاء سوريا سوريا_",https://syria.liveuamap.com/ar/2024/20-december-11-white-helmets-in-response-to-the-calls-of,22723387,4 الشهر منذ
20.12.2024,الرئيس التركي أردوغان يقول إن الولايات المتحدة والقوى الغربية تتحمل مسؤولية منع إسرائيل من غزو الأراضي السورية,https://syria.liveuamap.com/ar/2024/20-december-11-turkiye-president-rterdogan-says-us-western,22723320,4 الشهر منذ
20.12.2024,ليبيا - صور عالية الدقة التقطتها @Maxar تظهر طائرة نقل روسية من طراز IL-76 تنقل معدات من سوريا في قاعدة الجفرة الجوية التابعة للجيش الوطني الليبي بجوار مركبة مثيرة للاهتمام (ربما تكون EW / radar / AD),https://libya.liveuamap.com/ar/2024/20-december-11-libya-high-res-imagery-by-maxar-showing-russian,22723317,4 الشهر منذ
20.12.2024,الخارجية الأميركية تقول إن وفداً دبلوماسياً سيصل إلى دمشق اليوم,https://syria.liveuamap.com/ar/2024/20-december-05-us-state-department-says-that-a-diplomatic,22723233,4 الشهر منذ
20.12.2024,وقام الجانب العراقي بتسليم جنود الفرقة الرابعة التابعين لماهر الأسد إلى السلطات السورية الجديدة,https://syria.liveuamap.com/ar/2024/19-december-21-the-iraqi-side-handed-over-the-soldiers-of,22723220,4 الشهر منذ
20.12.2024,وزير الخارجية العراقي: داعش يوسع مناطق سيطرته ويعيد تنظيم صفوفه مستعينا بالأسلحة التي استولى عليها جراء انهيار الجيش السوري,https://syria.liveuamap.com/ar/2024/19-december-21-iraqi-foreign-minister-isis-is-expanding-its,22723209,4 الشهر منذ
20.12.2024,أوقفت أكبر مصفاة نفط في سوريا عملياتها بعد توقفها عن استقبال الخام من إيران الذي كان يشكل في السابق الغالبية العظمى من مدخلات البلاد، حسبما قال مديرها العام لصحيفة فاينانشال تايمز.,https://syria.liveuamap.com/ar/2024/19-december-20-syrias-largest-oil-refinery-has-halted-operations,22723218,4 الشهر منذ
20.12.2024,أنباء عن اشتباكات بين الجيش الوطني وقوات سوريا الديمقراطية على خط تل تمر شرقي رأس العين,https://syria.liveuamap.com/ar/2024/19-december-20-clashes-reported-between-sna-and-sdf-at-tel,22723201,4 الشهر منذ
20.12.2024,"يقول البنتاغون إن هناك  2000 جندي أمريكي في سوريا، وهو رقم أعلى من المستوى السابق الذي بلغ 900 جندي ""أساسي"". ويقول السكرتير العام للبنتاغون إن حوالي 1100 جندي إضافي هم ""قوات مؤقتة دورية"" يتم نشرها لتلبية ""متطلبات المهمة المتغيرة"".",https://syria.liveuamap.com/ar/2024/19-december-19-pentagon-says-there-are-now-2000-us-troops,22723210,4 الشهر منذ
20.12.2024,حملة واسعة النطاق لقوات سوريا الديمقراطية في مدينة معدان ريف الرقة بعد دخول بعض الخلايا النائمة اليها nnنسخة إلى أعلام المرتزقة الذين قالو انهم وصلو مدينة رقة nnSDF قسد,https://syria.liveuamap.com/ar/2024/19-december-19-a-largescale-campaign-by-the-syrian-democratic,22723184,4 الشهر منذ
20.12.2024,قال مسؤولان أميركيان إن كبيرة الدبلوماسيين في وزارة الخارجية الأميركية لشؤون الشرق الأوسط باربرا ليف ستتوجه إلى دمشق في الأيام المقبلة.,https://syria.liveuamap.com/ar/2024/19-december-19-the-state-department-top-diplomat-for-the,22723193,4 الشهر منذ
20.12.2024,رئيس الوزراء: بعثتنا الدبلوماسية باشرت مهامها في دمشق,https://syria.liveuamap.com/ar/2024/19-december-19-iraqi-prime-minister-our-diplomatic-mission,22723179,4 الشهر منذ
20.12.2024,"قالت الولايات المتحدة إن وقف إطلاق النار بين قوات سوريا الديمقراطية وتركيا في شمال سوريا لا يزال ""صامداً"" بينما تراقب عن كثب التطورات في كوباني.",https://syria.liveuamap.com/ar/2024/19-december-18-the-us-stated-that-the-ceasefire-between-the,22723185,4 الشهر منذ
20.12.2024,"قال الأمين العام للأمم المتحدة أنطونيو غوتيريش إن الضربات الجوية الإسرائيلية على سوريا تشكل انتهاكات لسيادة البلاد وسلامة أراضيها و""يجب أن تتوقف"".",https://syria.liveuamap.com/ar/2024/19-december-18-israeli-airstrikes-on-syria-are-violations,22723158,4 الشهر منذ
20.12.2024,قال قائد قوات سوريا الديمقراطية مظلوم عبدي لرويترز إنه إذا توصلوا إلى اتفاق مع تركيا لإنهاء الأعمال العدائية في شمال سوريا فإن المقاتلين الأكراد غير السوريين سيغادرون سوريا.,https://syria.liveuamap.com/ar/2024/19-december-17-sdf-chief-mazloum-abdi-tells-reuters-that,22723133,4 الشهر منذ
20.12.2024,رئيس الوزراء الليبي: نقل الأسلحة الروسية إلى سوريا غير مقبول.. الدبيبة: القوى الأجنبية لا تستطيع فرض إرادتها على ليبيا,https://libya.liveuamap.com/ar/2024/19-december-15-libya-pm-says-moving-russias-syrian-arms,22723128,4 الشهر منذ
21.12.2024,قوات  الإسرائيلي تتوغل داخل مدينة البعث في القنيطرة,https://syria.liveuamap.com/ar/2024/22-december-10-israeli-forces-penetrate-into-albaath-city,22723765,4 الشهر منذ
21.12.2024,اكتشاف معمل لصناعة الكبتاجون في منطقة يعفور  في ريف دمشق .المنطقة كانت تسيطر عليها الفرقة الرابعة التابعة لماهر الأسد,https://syria.liveuamap.com/ar/2024/22-december-10-a-captagon-factory-was-discovered-in-the-yaafour,22723764,4 الشهر منذ
21.12.2024,وفد سعودي رفيع المستوى يصل قصر الشعب بدمشق ويلتقي أحمد الشرع,https://syria.liveuamap.com/ar/2024/22-december-09-a-highlevel-saudi-delegation-arrives-at-the,22723762,4 الشهر منذ
21.12.2024,nاستئناف عمل معبر السـ.ـياسية الواصل بين مناطق سـ.ـيطرة الحكومة السورية المؤقتة ومناطق سـ.ـيطرة قسد على صفتي نهر الفرات بمدينة ديرالزور .n ديرالزور_24,https://syria.liveuamap.com/ar/2024/22-december-09-resumption-of-work-at-the-crossing-linking,22723755,4 الشهر منذ
21.12.2024,المرصد السوري للعربية: اشتباكات عنيفة في محيط سد تشرين,https://syria.liveuamap.com/ar/2024/22-december-09-violent-clashes-around-tishreen-dam,22723752,4 الشهر منذ
21.12.2024,الجيش الأميركي يرسل تعزيزات إلى سوريا من العراق وسط هجمات تركية ومتمردين على قوات سوريا الديمقراطية في شمال شرق سوريا,https://syria.liveuamap.com/ar/2024/22-december-08-us-army-is-reportedly-sent-reinforcements,22723747,4 الشهر منذ
21.12.2024,"بعد تعزيزات عسكرية مكثفة قرب منطقة عين العرب.. ""قسد"" تسعى لوقف هجوم تركي محتمل على مناطق سيطرتها في سورياعين_العربقسدسوريا",https://syria.liveuamap.com/ar/2024/22-december-07-after-intensive-military-reinforcements-near,22723766,4 الشهر منذ
21.12.2024,شام إف إم: أصوات انفجارات سمعت في قريتي ملكة وبهرمين في طرطوس ناجمة عن انفجار صواريخ عشوائية في المستودعات العسكرية الموجودة في المنطقة,https://syria.liveuamap.com/ar/2024/22-december-07-explosions-were-heard-in-the-villages-of-malaka,22723684,4 الشهر منذ
21.12.2024,اعتقلت قوات الأمن التركية، السبت، 59 شخصا في إسطنبول لاحتجاجهم على مقتل صحفيين كرديين في غارة يشتبه أنها لطائرة تركية بدون طيار في شمال شرق سوريا.,https://syria.liveuamap.com/ar/2024/22-december-06-turkish-security-forces-on-saturday-detained,22723768,4 الشهر منذ
21.12.2024,الطيران التركي يستهدف ريف عين عيسى الشمالي بغارة جوية,https://syria.liveuamap.com/ar/2024/21-december-18-turkish-aircraft-targets-northern-ain-issa,22723649,4 الشهر منذ
21.12.2024,طائرات بدون طيار تابعة للقوات المسلحة التركية تقصف أهدافاً لقوات سوريا الديمقراطية في خطوط كوباني (عين العرب) وتل تمر,https://syria.liveuamap.com/ar/2024/21-december-15-turkish-armed-forces-uavs-hit-sdf-targets,22723636,4 الشهر منذ
21.12.2024,مسيرة تركية تستهدف بغارة جوية موقعاً عسكرياً لقسد في قرية صرين بمنطقة عين العرب شرق حلب شمال سوريا,https://syria.liveuamap.com/ar/2024/21-december-14-a-turkish-drone-targets-an-sdf-military-site,22723599,4 الشهر منذ
21.12.2024,مسيرة تركية تستهدف بغارة جوية موقعاً عسكرياً لقسد في بلدية تل عثمان بناحية الجرنية غرب الرقة,https://syria.liveuamap.com/ar/2024/21-december-14-a-turkish-drone-targets-an-sdf-military-site,22723568,4 الشهر منذ
21.12.2024,قصفت طائرات بدون طيار تابعة للقوات المسلحة التركية سيارة تحمل على متنها مقاتلين من قوات سوريا الديمقراطية على خط تل بريك شمال الحسكة، ما أدى إلى مقتل 3 وإصابة 5 آخرين.,https://syria.liveuamap.com/ar/2024/21-december-11-turkish-armed-forces-uavs-hit-a-vehicle-reportedly,22723537,4 الشهر منذ
21.12.2024,الخارجية الإيرانية: مقتل موظف بالسفارة الإيرانية بهجوم في دمشق في 15 ديسمبر,https://syria.liveuamap.com/ar/2024/21-december-10-iranian-foreign-ministry-iranian-embassy-employee,22723521,4 الشهر منذ
21.12.2024,الجيش الإسرائيلي يعلن اعتقال شخصين جنوبي سوريا,https://syria.liveuamap.com/ar/2024/21-december-08-israeli-army-announces-arrest-of-two-people,22723478,4 الشهر منذ
21.12.2024,سوريا: قُتل صحفيان سوريان، ناظم دستان وجيهان بيلجين، خارج مدينة كوباني اليوم عندما ضربت طائرة مسيرة تركية سيارتهما أثناء مرورهما عبر أراضي قوات سوريا الديمقراطية.,https://syria.liveuamap.com/ar/2024/20-december-21-syria-two-syrian-journalists-nazim-dastan,22723462,4 الشهر منذ
21.12.2024,"قالت باربرا ليف المتحدثة باسم وزارة الخارجية الأمريكية للصحفيين: ""إن الولايات المتحدة قلقة للغاية بشأن آثار القتال بين قوات سوريا الديمقراطية والجيش الوطني السوري المدعوم من تركيا بالقرب من سد تشرين والأضرار التي لحقت بهذا السد، إذا كان هناك ضرر هيكلي كبير، فإن التهديد الذي قد يسببه لآلاف الأشخاص في المجتمعات الواقعة أسفل النهر. لذا فإن وقف إطلاق النار هذا نعمل بنشاط في المناقشات مع القادة الأتراك، وكذلك مع قوات سوريا الديمقراطية، ونعتقد أن أفضل طريقة للمضي قدمًا هي وقف إطلاق النار حول كوباني، وأننا نعمل على إيجاد ما أسميه انتقالًا مُدارًا من حيث حكم قوات سوريا الديمقراطية في ذلك الجزء من البلاد"". وأضافت: ""إننا نعمل بجدية من أجل التوصل إلى اتفاق لوقف إطلاق النار حول كوباني، ونعمل على إيجاد ما أسميه انتقالًا مُدارًا من حيث حكم قوات سوريا الديمقراطية في ذلك الجزء من البلاد"".",https://syria.liveuamap.com/ar/2024/20-december-18-us-is-quite-concerned-about-the-effects-of,22723411,4 الشهر منذ
21.12.2024,الجيش الإسرائيلي: مقتل سوري جنوب سوريا بنيران الجيش لاقترابه من الجنود,https://syria.liveuamap.com/ar/2024/20-december-17-israeli-army-syrian-killed-in-southern-syria,22723404,4 الشهر منذ
21.12.2024,"قوات سوريا الديمقراطية تعلن عن ""اشتباكات عنيفة"" أثناء التصدي لهجوم للجيش الوطني على جسر قره قوزاق",https://syria.liveuamap.com/ar/2024/20-december-16-df-reports-intense-clashes-as-they-confront,22723403,4 الشهر منذ
21.12.2024,اجتمعت اليوم وكالة المساعدة الإنسانية الأمريكية ليف مع مسؤولي هيئة تحرير الشام لمناقشة المبادئ المتفق عليها بين الولايات المتحدة والشركاء في العقبة - دعم عملية سياسية شاملة بقيادة سورية تؤدي إلى حكومة تمثيلية تحترم حقوق جميع السوريين,https://syria.liveuamap.com/ar/2024/20-december-16-nea-as-leaf-met-today-with-hts-officials-to,22723402,4 الشهر منذ
21.12.2024,وزير الخارجية العراقية فؤاد حسين،  قال في اتصال   في اتصال مع نظيره البريطاني :إن داعش يُعيد تنظيم صفوفه، حيث استولى على كميات من الأسلحة نتيجة انهيار الجيش السوري وتركِه لمخازن أسلحته، ما أتاح له توسيع سيطرتَه على مناطق إضافية، وإن هذا سيكون خطيرا على سورية  و العراق,https://syria.liveuamap.com/ar/2024/20-december-14-iraqi-foreign-minister-fuad-hussein-said-in,22723379,4 الشهر منذ
21.12.2024,خرج أهالي قرية معريه السورية في مظاهرة سلمية ضد اجتياح القوات الإسرائيلية لسوريا، فأطلق جيش  النار عليهم، ما أدى إلى إصابة شخص.,https://syria.liveuamap.com/ar/2024/20-december-14-residents-of-the-syrian-village-mariya-held,22723378,4 الشهر منذ
21.12.2024,قالت القيادة المركزية الأمريكية إن القوات الأمريكية قتلت زعيم تنظيم داعش أبو يوسف المعروف باسم محمود في غارة جوية في محافظة دير الزور.,https://syria.liveuamap.com/ar/2024/20-december-14-us-forces-killed-isis-leader-abu-yusif-aka,22723374,4 الشهر منذ
21.12.2024,غارات جوية للقيادة المركزية الأميركية الخميس قتلت عنصرين من تنظيم داعش، بينهم زعيم التنظيم أبو يوسف - بيان,https://syria.liveuamap.com/ar/2024/20-december-14-us-central-command-airstrikes-on-thursday,22723376,4 الشهر منذ
21.12.2024,إلغاء مؤتمر الوفد الأميركي في دمشق لأسباب أمنية: العربية,https://syria.liveuamap.com/ar/2024/20-december-14-us-delegations-conference-in-damascus-cancelled,22723375,4 الشهر منذ
21.12.2024,وقفة احتجاجية اليوم لأهالي بلدات حوض اليرموك بريف درعا الغربي ضد الوجود الإسرائيلي,https://syria.liveuamap.com/ar/2024/20-december-13-a-protest-today-by-residents-of-the-yarmouk,22723362,4 الشهر منذ
21.12.2024,الرئيس التركي: سنضاعف علاقاتنا التجارية مع سوريا ما سيعود على البلدين بفوائد كبيرة في مختلف المجالات,https://syria.liveuamap.com/ar/2024/20-december-11-turkish-president-we-will-double-our-trade,22723323,4 الشهر منذ
21.12.2024,"في استجابة ة لنداءات الأهالي في مدينة القصير بريف حمص، تعمل فرقنا على إنشاء جسر مؤقت إسعافي بدلاً عن ""الجسر العالي"" على نهر العاصي والذي دُمر بغارة جوية إسرائيلية في وقت سابق، يساعد الجسر على ربط ريف القصير الغربي مع مدينة القصير.الخوذ_البيضاء سوريا سوريا_",https://syria.liveuamap.com/ar/2024/20-december-11-white-helmets-in-response-to-the-calls-of,22723387,4 الشهر منذ
21.12.2024,الرئيس التركي أردوغان يقول إن الولايات المتحدة والقوى الغربية تتحمل مسؤولية منع إسرائيل من غزو الأراضي السورية,https://syria.liveuamap.com/ar/2024/20-december-11-turkiye-president-rterdogan-says-us-western,22723320,4 الشهر منذ
22.12.2024,قوات سوريا الديمقراطية تعلن عن اشتباكات جديدة مع مسلحي الجيش الوطني السوري على سد تشرين وجسر قره قوزاق المجاور وتزعم صد الهجمات وتدمير آلية عسكرية - بيان,https://syria.liveuamap.com/ar/2024/23-december-10-sdf-reports-fresh-clashes-with-the-sna-militants,22723990,4 الشهر منذ
22.12.2024,وزير الخارجية الأردني: ندعم العملية الانتقالية في سوريا,https://syria.liveuamap.com/ar/2024/23-december-10-jordanian-foreign-minister-we-support-the,22724030,4 الشهر منذ
22.12.2024,وزير الخارجية الأردني: مستعدون لتقديم كل الدعم لسوريا,https://syria.liveuamap.com/ar/2024/23-december-09-jordanian-foreign-minister-we-are-ready-to,22724031,4 الشهر منذ
22.12.2024,هيئة البث الإسرائيلية: إسرائيل قلقة من نية تركيا شن عملية عسكرية واسعة ضد قسد في شمال سوريا,https://syria.liveuamap.com/ar/2024/23-december-06-israeli-broadcasting-authority-israel-is-concerned,22723898,4 الشهر منذ
22.12.2024,وزير الخارجية الأردني يزور دمشق اليوم ويعتزم لقاء الجولاني,https://syria.liveuamap.com/ar/2024/23-december-06-jordanian-foreign-minister-visits-damascus,22723897,4 الشهر منذ
22.12.2024,اتصالات هاتفية لوزير الخارجية المصري مع نظرائه من الإمارات والأردن والعراق والجزائر وروسيا لبحث التطورات في سوريا,https://syria.liveuamap.com/ar/2024/22-december-16-egyptian-foreign-minister-makes-phone-calls,22723825,4 الشهر منذ
22.12.2024,وزير الخارجية التركي: هدفنا هو مساعدة سوريا على النهوض وإعادة ملايين اللاجئين والنازحين,https://syria.liveuamap.com/ar/2024/22-december-15-turkish-foreign-minister-our-goal-is-to-help,22723821,4 الشهر منذ
22.12.2024,وزير الخارجية التركي هاكان فيدان يلتقي اليوم في دمشق رئيس المجلس الانتقالي السوري أحمد الشرع,https://syria.liveuamap.com/ar/2024/22-december-12-turkiyes-foreign-minister-hakan-fidan-today,22723800,4 الشهر منذ
22.12.2024,وليد جنبلاط يلتقي أحمد الشرع في العاصمة السورية دمشق,https://syria.liveuamap.com/ar/2024/22-december-11-walid-jumblatt-meets-ahmad-alsharaa-in-the,22723792,4 الشهر منذ
22.12.2024,قوات  الإسرائيلي تتوغل داخل مدينة البعث في القنيطرة,https://syria.liveuamap.com/ar/2024/22-december-10-israeli-forces-penetrate-into-albaath-city,22723765,4 الشهر منذ
22.12.2024,اكتشاف معمل لصناعة الكبتاجون في منطقة يعفور  في ريف دمشق .المنطقة كانت تسيطر عليها الفرقة الرابعة التابعة لماهر الأسد,https://syria.liveuamap.com/ar/2024/22-december-10-a-captagon-factory-was-discovered-in-the-yaafour,22723764,4 الشهر منذ
22.12.2024,وفد سعودي رفيع المستوى يصل قصر الشعب بدمشق ويلتقي أحمد الشرع,https://syria.liveuamap.com/ar/2024/22-december-09-a-highlevel-saudi-delegation-arrives-at-the,22723762,4 الشهر منذ
22.12.2024,nاستئناف عمل معبر السـ.ـياسية الواصل بين مناطق سـ.ـيطرة الحكومة السورية المؤقتة ومناطق سـ.ـيطرة قسد على صفتي نهر الفرات بمدينة ديرالزور .n ديرالزور_24,https://syria.liveuamap.com/ar/2024/22-december-09-resumption-of-work-at-the-crossing-linking,22723755,4 الشهر منذ
22.12.2024,المرصد السوري للعربية: اشتباكات عنيفة في محيط سد تشرين,https://syria.liveuamap.com/ar/2024/22-december-09-violent-clashes-around-tishreen-dam,22723752,4 الشهر منذ
22.12.2024,الجيش الأميركي يرسل تعزيزات إلى سوريا من العراق وسط هجمات تركية ومتمردين على قوات سوريا الديمقراطية في شمال شرق سوريا,https://syria.liveuamap.com/ar/2024/22-december-08-us-army-is-reportedly-sent-reinforcements,22723747,4 الشهر منذ
22.12.2024,"بعد تعزيزات عسكرية مكثفة قرب منطقة عين العرب.. ""قسد"" تسعى لوقف هجوم تركي محتمل على مناطق سيطرتها في سورياعين_العربقسدسوريا",https://syria.liveuamap.com/ar/2024/22-december-07-after-intensive-military-reinforcements-near,22723766,4 الشهر منذ
22.12.2024,شام إف إم: أصوات انفجارات سمعت في قريتي ملكة وبهرمين في طرطوس ناجمة عن انفجار صواريخ عشوائية في المستودعات العسكرية الموجودة في المنطقة,https://syria.liveuamap.com/ar/2024/22-december-07-explosions-were-heard-in-the-villages-of-malaka,22723684,4 الشهر منذ
22.12.2024,اعتقلت قوات الأمن التركية، السبت، 59 شخصا في إسطنبول لاحتجاجهم على مقتل صحفيين كرديين في غارة يشتبه أنها لطائرة تركية بدون طيار في شمال شرق سوريا.,https://syria.liveuamap.com/ar/2024/22-december-06-turkish-security-forces-on-saturday-detained,22723768,4 الشهر منذ
22.12.2024,الطيران التركي يستهدف ريف عين عيسى الشمالي بغارة جوية,https://syria.liveuamap.com/ar/2024/21-december-18-turkish-aircraft-targets-northern-ain-issa,22723649,4 الشهر منذ
22.12.2024,طائرات بدون طيار تابعة للقوات المسلحة التركية تقصف أهدافاً لقوات سوريا الديمقراطية في خطوط كوباني (عين العرب) وتل تمر,https://syria.liveuamap.com/ar/2024/21-december-15-turkish-armed-forces-uavs-hit-sdf-targets,22723636,4 الشهر منذ
22.12.2024,مسيرة تركية تستهدف بغارة جوية موقعاً عسكرياً لقسد في قرية صرين بمنطقة عين العرب شرق حلب شمال سوريا,https://syria.liveuamap.com/ar/2024/21-december-14-a-turkish-drone-targets-an-sdf-military-site,22723599,4 الشهر منذ
22.12.2024,مسيرة تركية تستهدف بغارة جوية موقعاً عسكرياً لقسد في بلدية تل عثمان بناحية الجرنية غرب الرقة,https://syria.liveuamap.com/ar/2024/21-december-14-a-turkish-drone-targets-an-sdf-military-site,22723568,4 الشهر منذ
22.12.2024,قصفت طائرات بدون طيار تابعة للقوات المسلحة التركية سيارة تحمل على متنها مقاتلين من قوات سوريا الديمقراطية على خط تل بريك شمال الحسكة، ما أدى إلى مقتل 3 وإصابة 5 آخرين.,https://syria.liveuamap.com/ar/2024/21-december-11-turkish-armed-forces-uavs-hit-a-vehicle-reportedly,22723537,4 الشهر منذ
22.12.2024,الخارجية الإيرانية: مقتل موظف بالسفارة الإيرانية بهجوم في دمشق في 15 ديسمبر,https://syria.liveuamap.com/ar/2024/21-december-10-iranian-foreign-ministry-iranian-embassy-employee,22723521,4 الشهر منذ
22.12.2024,الجيش الإسرائيلي يعلن اعتقال شخصين جنوبي سوريا,https://syria.liveuamap.com/ar/2024/21-december-08-israeli-army-announces-arrest-of-two-people,22723478,4 الشهر منذ
22.12.2024,سوريا: قُتل صحفيان سوريان، ناظم دستان وجيهان بيلجين، خارج مدينة كوباني اليوم عندما ضربت طائرة مسيرة تركية سيارتهما أثناء مرورهما عبر أراضي قوات سوريا الديمقراطية.,https://syria.liveuamap.com/ar/2024/20-december-21-syria-two-syrian-journalists-nazim-dastan,22723462,4 الشهر منذ
22.12.2024,"قالت باربرا ليف المتحدثة باسم وزارة الخارجية الأمريكية للصحفيين: ""إن الولايات المتحدة قلقة للغاية بشأن آثار القتال بين قوات سوريا الديمقراطية والجيش الوطني السوري المدعوم من تركيا بالقرب من سد تشرين والأضرار التي لحقت بهذا السد، إذا كان هناك ضرر هيكلي كبير، فإن التهديد الذي قد يسببه لآلاف الأشخاص في المجتمعات الواقعة أسفل النهر. لذا فإن وقف إطلاق النار هذا نعمل بنشاط في المناقشات مع القادة الأتراك، وكذلك مع قوات سوريا الديمقراطية، ونعتقد أن أفضل طريقة للمضي قدمًا هي وقف إطلاق النار حول كوباني، وأننا نعمل على إيجاد ما أسميه انتقالًا مُدارًا من حيث حكم قوات سوريا الديمقراطية في ذلك الجزء من البلاد"". وأضافت: ""إننا نعمل بجدية من أجل التوصل إلى اتفاق لوقف إطلاق النار حول كوباني، ونعمل على إيجاد ما أسميه انتقالًا مُدارًا من حيث حكم قوات سوريا الديمقراطية في ذلك الجزء من البلاد"".",https://syria.liveuamap.com/ar/2024/20-december-18-us-is-quite-concerned-about-the-effects-of,22723411,4 الشهر منذ
22.12.2024,الجيش الإسرائيلي: مقتل سوري جنوب سوريا بنيران الجيش لاقترابه من الجنود,https://syria.liveuamap.com/ar/2024/20-december-17-israeli-army-syrian-killed-in-southern-syria,22723404,4 الشهر منذ
22.12.2024,"قوات سوريا الديمقراطية تعلن عن ""اشتباكات عنيفة"" أثناء التصدي لهجوم للجيش الوطني على جسر قره قوزاق",https://syria.liveuamap.com/ar/2024/20-december-16-df-reports-intense-clashes-as-they-confront,22723403,4 الشهر منذ
22.12.2024,اجتمعت اليوم وكالة المساعدة الإنسانية الأمريكية ليف مع مسؤولي هيئة تحرير الشام لمناقشة المبادئ المتفق عليها بين الولايات المتحدة والشركاء في العقبة - دعم عملية سياسية شاملة بقيادة سورية تؤدي إلى حكومة تمثيلية تحترم حقوق جميع السوريين,https://syria.liveuamap.com/ar/2024/20-december-16-nea-as-leaf-met-today-with-hts-officials-to,22723402,4 الشهر منذ
23.12.2024,الجيش الوطني يطرد تسلل قوات سوريا الديمقراطية غرب الفرات ويصل مجدداً إلى سد تشرين والاشتباكات مستمرة في الأنفاق المحيطة بسد تشرين,https://syria.liveuamap.com/ar/2024/24-december-10-sna-has-cleared-sdf-infiltration-at-the-west,22724248,3 الشهر منذ
23.12.2024,مظاهرة تجوب شوارع مدينة السويداء رفضاً لما سماه المتظاهرون إعادة تدوير الزعامات السياسية والدينية التي كانت مرتبطة بالنظام الساقط، وتأكيداً على عدم مشاركة هذه الرموز في قيادة المرحلة القادمة,https://syria.liveuamap.com/ar/2024/24-december-08-a-demonstration-roamed-the-streets-of-the,22724277,3 الشهر منذ
23.12.2024,المتحدثة باسم الحكومة الإيرانية: نجري مفاوضات لإعادة فتح السفارتين في طهران ودمشق والطرفان مستعدان لذلك,https://syria.liveuamap.com/ar/2024/24-december-07-iranian-government-spokeswoman-we-are-negotiating,22724212,3 الشهر منذ
23.12.2024,الجيش الأمريكي: نفذنا ضربة جوية في سوريا أسفرت عن مقتل 2 من عناصر تنظيم الدولة الإسلامية وإصابة آخر,https://syria.liveuamap.com/ar/2024/24-december-02-us-military-we-carried-out-an-airstrike-in,22724154,3 الشهر منذ
23.12.2024,قوات الجيش الوطني تستهدف بقذائف المدفعية أهدافاً لقوات سوريا الديمقراطية في بلدة أبو راسين,https://syria.liveuamap.com/ar/2024/23-december-21-sna-forces-hit-sdf-targets-in-the-town-of,22724147,3 الشهر منذ
23.12.2024,الخارجية التركية: فيدان بحث في اتصال بنظيره الأردني التطورات في سوريا والمحادثات التي أجرياها في دمشق,https://syria.liveuamap.com/ar/2024/23-december-20-turkish-foreign-ministry-fidan-discussed-developments,22724143,3 الشهر منذ
23.12.2024,قصفت القوات المسلحة التركية بنيران المدفعية أهدافاً لقوات سوريا الديمقراطية في قريتي تل لبن وقزيلية على خط تل تمر.,https://syria.liveuamap.com/ar/2024/23-december-20-the-turkish-armed-forces-hit-the-sdf-targets,22724142,3 الشهر منذ
23.12.2024,قوات سوريا الديمقراطية: تصدت قواتنا لمحاولة تسلل وهجوم للمسلحين الموالين لتركيا على قرية العالية غرب بلدة تل تمر.,https://syria.liveuamap.com/ar/2024/23-december-18-sdf-press-our-sdf-forces-repelled-an-attempted,22724089,3 الشهر منذ
23.12.2024,"وقال مصدر من قوات سوريا الديمقراطية لـ Northern Syria IC: ""لقد تغير وضع القتال قليلاً حول سد تشرين. بدأ المجلس العسكري في منبج بمهاجمة الجيش الوطني السوري. لم نعد نعمل من موقع دفاعي. كما استعدنا عدة مواقع"".",https://syria.liveuamap.com/ar/2024/23-december-12-an-sdf-source-told-rojavaic-around-the-tisreen,22724000,3 الشهر منذ
23.12.2024,اشتباكات بين الجيش الوطني السوري وقوات سوريا الديمقراطية على خط سد تشرين شرقي منبج,https://syria.liveuamap.com/ar/2024/23-december-12-clashes-are-taking-place-between-sna-and-sdf,22724023,3 الشهر منذ
23.12.2024,مجموعة من عناصر الجيش الوطني السوري أسرتهم قوات سوريا الديمقراطية في بلدة القشلة بالقرب من سد تشرين بريف منبج,https://syria.liveuamap.com/ar/2024/23-december-11-a-group-of-sna-were-captured-by-sdf-in-the,22723999,3 الشهر منذ
23.12.2024,قوات سوريا الديمقراطية تسيطر على قرى في ريف منبج كانت تحت سيطرة الفصائل الموالية لتركيا وتتقدم باتجاه مدينة منبج بمحافظة حلب,https://syria.liveuamap.com/ar/2024/23-december-11-sky-news-arabia-the-syrian-democratic-forces,22723997,3 الشهر منذ
23.12.2024,قوات سوريا الديمقراطية تعلن عن اشتباكات جديدة مع مسلحي الجيش الوطني السوري على سد تشرين وجسر قره قوزاق المجاور وتزعم صد الهجمات وتدمير آلية عسكرية - بيان,https://syria.liveuamap.com/ar/2024/23-december-10-sdf-reports-fresh-clashes-with-the-sna-militants,22723990,4 الشهر منذ
23.12.2024,وزير الخارجية الأردني: ندعم العملية الانتقالية في سوريا,https://syria.liveuamap.com/ar/2024/23-december-10-jordanian-foreign-minister-we-support-the,22724030,4 الشهر منذ
23.12.2024,وزير الخارجية الأردني: مستعدون لتقديم كل الدعم لسوريا,https://syria.liveuamap.com/ar/2024/23-december-09-jordanian-foreign-minister-we-are-ready-to,22724031,4 الشهر منذ
23.12.2024,هيئة البث الإسرائيلية: إسرائيل قلقة من نية تركيا شن عملية عسكرية واسعة ضد قسد في شمال سوريا,https://syria.liveuamap.com/ar/2024/23-december-06-israeli-broadcasting-authority-israel-is-concerned,22723898,4 الشهر منذ
23.12.2024,وزير الخارجية الأردني يزور دمشق اليوم ويعتزم لقاء الجولاني,https://syria.liveuamap.com/ar/2024/23-december-06-jordanian-foreign-minister-visits-damascus,22723897,4 الشهر منذ
23.12.2024,اتصالات هاتفية لوزير الخارجية المصري مع نظرائه من الإمارات والأردن والعراق والجزائر وروسيا لبحث التطورات في سوريا,https://syria.liveuamap.com/ar/2024/22-december-16-egyptian-foreign-minister-makes-phone-calls,22723825,4 الشهر منذ
23.12.2024,وزير الخارجية التركي: هدفنا هو مساعدة سوريا على النهوض وإعادة ملايين اللاجئين والنازحين,https://syria.liveuamap.com/ar/2024/22-december-15-turkish-foreign-minister-our-goal-is-to-help,22723821,4 الشهر منذ
23.12.2024,وزير الخارجية التركي هاكان فيدان يلتقي اليوم في دمشق رئيس المجلس الانتقالي السوري أحمد الشرع,https://syria.liveuamap.com/ar/2024/22-december-12-turkiyes-foreign-minister-hakan-fidan-today,22723800,4 الشهر منذ
23.12.2024,وليد جنبلاط يلتقي أحمد الشرع في العاصمة السورية دمشق,https://syria.liveuamap.com/ar/2024/22-december-11-walid-jumblatt-meets-ahmad-alsharaa-in-the,22723792,4 الشهر منذ
23.12.2024,قوات  الإسرائيلي تتوغل داخل مدينة البعث في القنيطرة,https://syria.liveuamap.com/ar/2024/22-december-10-israeli-forces-penetrate-into-albaath-city,22723765,4 الشهر منذ
23.12.2024,اكتشاف معمل لصناعة الكبتاجون في منطقة يعفور  في ريف دمشق .المنطقة كانت تسيطر عليها الفرقة الرابعة التابعة لماهر الأسد,https://syria.liveuamap.com/ar/2024/22-december-10-a-captagon-factory-was-discovered-in-the-yaafour,22723764,4 الشهر منذ
23.12.2024,وفد سعودي رفيع المستوى يصل قصر الشعب بدمشق ويلتقي أحمد الشرع,https://syria.liveuamap.com/ar/2024/22-december-09-a-highlevel-saudi-delegation-arrives-at-the,22723762,4 الشهر منذ
23.12.2024,nاستئناف عمل معبر السـ.ـياسية الواصل بين مناطق سـ.ـيطرة الحكومة السورية المؤقتة ومناطق سـ.ـيطرة قسد على صفتي نهر الفرات بمدينة ديرالزور .n ديرالزور_24,https://syria.liveuamap.com/ar/2024/22-december-09-resumption-of-work-at-the-crossing-linking,22723755,4 الشهر منذ
23.12.2024,المرصد السوري للعربية: اشتباكات عنيفة في محيط سد تشرين,https://syria.liveuamap.com/ar/2024/22-december-09-violent-clashes-around-tishreen-dam,22723752,4 الشهر منذ
23.12.2024,الجيش الأميركي يرسل تعزيزات إلى سوريا من العراق وسط هجمات تركية ومتمردين على قوات سوريا الديمقراطية في شمال شرق سوريا,https://syria.liveuamap.com/ar/2024/22-december-08-us-army-is-reportedly-sent-reinforcements,22723747,4 الشهر منذ
23.12.2024,"بعد تعزيزات عسكرية مكثفة قرب منطقة عين العرب.. ""قسد"" تسعى لوقف هجوم تركي محتمل على مناطق سيطرتها في سورياعين_العربقسدسوريا",https://syria.liveuamap.com/ar/2024/22-december-07-after-intensive-military-reinforcements-near,22723766,4 الشهر منذ
23.12.2024,شام إف إم: أصوات انفجارات سمعت في قريتي ملكة وبهرمين في طرطوس ناجمة عن انفجار صواريخ عشوائية في المستودعات العسكرية الموجودة في المنطقة,https://syria.liveuamap.com/ar/2024/22-december-07-explosions-were-heard-in-the-villages-of-malaka,22723684,4 الشهر منذ
23.12.2024,اعتقلت قوات الأمن التركية، السبت، 59 شخصا في إسطنبول لاحتجاجهم على مقتل صحفيين كرديين في غارة يشتبه أنها لطائرة تركية بدون طيار في شمال شرق سوريا.,https://syria.liveuamap.com/ar/2024/22-december-06-turkish-security-forces-on-saturday-detained,22723768,4 الشهر منذ
24.12.2024,جنوب سوريا: مواطنون يتظاهرون اليوم أمام قوات  الإسرائيلي التي تقوم بعمليات تمشيط في منطقة السويسة (محافظة القنيطرة) على بعد حوالي 3 كم من المنطقة منزوعة السلاح، حيث أطلق جيش  النار ما أدى إلى إصابة 4 مواطنين,https://syria.liveuamap.com/ar/2024/25-december-10-south-syria-people-protesting-today-in-front,22724520,3 الشهر منذ
24.12.2024,دعت قيادة قوات سوريا الديمقراطية في إقليم الفرات قوات الجيش الوطني وعائلاتهم إلى الخروج من تل أبيض/كري سبي ورأس العين/سري كانيه بحلول نهاية العام,https://syria.liveuamap.com/ar/2024/25-december-10-the-euphrates-region-democratic-syrian-forces,22724517,3 الشهر منذ
24.12.2024,على مدى الأسبوعين الماضيين، نفذت قوات سوريا الديمقراطية حملات اعتقال واسعة في مختلف أنحاء الرقة وريفها، حيث اعتقلت نحو 100 شخص، واستهدفت الاعتقالات في المقام الأول ناشطين وأفراداً مرتبطين بالاحتجاجات، وحتى صاحب مقهى إنترنت.,https://syria.liveuamap.com/ar/2024/25-december-10-over-the-past-two-weeks-the-sdf-has-carried,22724507,3 الشهر منذ
24.12.2024,أفادت الأنباء أن قوات  أطلقت النار على المتظاهرين في بلدة سويسة بمنطقة القنيطرة، ما أدى إلى إصابة عدد منهم.,https://syria.liveuamap.com/ar/2024/25-december-10-israeli-forces-reportedly-opened-fire-on-protesters,22724513,3 الشهر منذ
24.12.2024,مراسل العربية يرصد توغل قوات إسرائيلية في قرية السويسة بريف القنيطرة,https://syria.liveuamap.com/ar/2024/25-december-10-israeli-forces-incursion-into-alsuwaisa-village,22724496,3 الشهر منذ
24.12.2024,قوات سوريا الديمقراطية تعلن عن اشتباكات عنيفة مع الجيش الوطني السوري المدعوم من تركيا شرق وجنوب منبج، وضربات تركية بطائرات مسيرة على منطقة صرين,https://syria.liveuamap.com/ar/2024/25-december-10-sdf-reporting-violent-clashes-with-turkishbacked,22724514,3 الشهر منذ
24.12.2024,وزير الخارجية المعين حديثا في سوريا يحذر إيران من نشر الفوضى في بلاده,https://syria.liveuamap.com/ar/2024/24-december-20-syrias-newly-appointed-foreign-minister-warns,22724355,3 الشهر منذ
24.12.2024,وزير الخارجية السوري: سوريا ستعود إلى دورها الإقليمي والدولي لتكون فاعلا أساسيا في المنطقة,https://syria.liveuamap.com/ar/2024/24-december-16-syrian-foreign-minister-syria-will-return,22724302,3 الشهر منذ
24.12.2024,"مصادر الحدث: القوات الإسرائيلية تقول إنها ستقتحم ""جباثا الخشب"" إذا لم يتم تسليم السلاح",https://syria.liveuamap.com/ar/2024/24-december-16-israeli-forces-say-they-will-storm-jabatha,22724300,3 الشهر منذ
24.12.2024,إصابات جراء انفجار سيارة في منبج,https://syria.liveuamap.com/ar/2024/24-december-12-injuries-due-to-car-explosion-in-manbij,22724293,3 الشهر منذ
24.12.2024,وزير النقل التركي: تركيا ستحاول إصلاح خطوط السكك الحديدية السورية إلى دمشق وربط البلدين ببعضهما وإحياء أجزاء من مشروع سكة حديد الحجاز,https://syria.liveuamap.com/ar/2024/24-december-12-turkey-will-try-to-repair-syrian-railway-lines,22724289,3 الشهر منذ
24.12.2024,"بيان قوات سوريا الديمقراطية: ""قواتنا تتصدى لهجوم للقوات التركية على مناطق شرق منبج، وتدور اشتباكات عنيفة حالياً بالقرب من قرية ""قبر إيمو"" شرق مدينة منبج، وفي منطقة جسر قوزاق فجرت قواتنا عربة للعدو، وفي محور سد تشرين أحبطت قوات مجلس منبج العسكري هجوماً على قرى محشية الطواحين وخربة تويني في ناحية أبو قلقل"".",https://syria.liveuamap.com/ar/2024/24-december-12-sdf-statement-our-forces-confront-an-attack,22724249,3 الشهر منذ
24.12.2024,قوات الجيش الوطني تستهدف بقذائف المدفعية أهدافاً لقوات سوريا الديمقراطية في قرية أم الكيف على خط تل تمر,https://syria.liveuamap.com/ar/2024/24-december-11-sna-forces-hit-sdf-targets-in-the-village,22724282,3 الشهر منذ
24.12.2024,اتفق أحمد الشرع وزعماء الفصائل المسلحة السورية على حل المجموعات المسلحة ودمجها تحت قيادة وزارة الدفاع - القيادة العامة السورية,https://syria.liveuamap.com/ar/2024/24-december-11-syrias-ahmed-sharaa-and-leaders-of-armed,22724242,3 الشهر منذ
24.12.2024,طيران مسير تركي يقصف بعدد من الغارات الجوية مواقع قوات قسد في منطقة تل تمر شمالي الحسكة شمال شرق سوريا,https://syria.liveuamap.com/ar/2024/24-december-11-turkish-drones-bombard-sdf-positions-in-tal,22724246,3 الشهر منذ
24.12.2024,الجيش الوطني يطرد تسلل قوات سوريا الديمقراطية غرب الفرات ويصل مجدداً إلى سد تشرين والاشتباكات مستمرة في الأنفاق المحيطة بسد تشرين,https://syria.liveuamap.com/ar/2024/24-december-10-sna-has-cleared-sdf-infiltration-at-the-west,22724248,3 الشهر منذ
24.12.2024,مظاهرة تجوب شوارع مدينة السويداء رفضاً لما سماه المتظاهرون إعادة تدوير الزعامات السياسية والدينية التي كانت مرتبطة بالنظام الساقط، وتأكيداً على عدم مشاركة هذه الرموز في قيادة المرحلة القادمة,https://syria.liveuamap.com/ar/2024/24-december-08-a-demonstration-roamed-the-streets-of-the,22724277,3 الشهر منذ
24.12.2024,المتحدثة باسم الحكومة الإيرانية: نجري مفاوضات لإعادة فتح السفارتين في طهران ودمشق والطرفان مستعدان لذلك,https://syria.liveuamap.com/ar/2024/24-december-07-iranian-government-spokeswoman-we-are-negotiating,22724212,3 الشهر منذ
24.12.2024,الجيش الأمريكي: نفذنا ضربة جوية في سوريا أسفرت عن مقتل 2 من عناصر تنظيم الدولة الإسلامية وإصابة آخر,https://syria.liveuamap.com/ar/2024/24-december-02-us-military-we-carried-out-an-airstrike-in,22724154,3 الشهر منذ
24.12.2024,قوات الجيش الوطني تستهدف بقذائف المدفعية أهدافاً لقوات سوريا الديمقراطية في بلدة أبو راسين,https://syria.liveuamap.com/ar/2024/23-december-21-sna-forces-hit-sdf-targets-in-the-town-of,22724147,3 الشهر منذ
24.12.2024,الخارجية التركية: فيدان بحث في اتصال بنظيره الأردني التطورات في سوريا والمحادثات التي أجرياها في دمشق,https://syria.liveuamap.com/ar/2024/23-december-20-turkish-foreign-ministry-fidan-discussed-developments,22724143,3 الشهر منذ
24.12.2024,قصفت القوات المسلحة التركية بنيران المدفعية أهدافاً لقوات سوريا الديمقراطية في قريتي تل لبن وقزيلية على خط تل تمر.,https://syria.liveuamap.com/ar/2024/23-december-20-the-turkish-armed-forces-hit-the-sdf-targets,22724142,3 الشهر منذ
24.12.2024,قوات سوريا الديمقراطية: تصدت قواتنا لمحاولة تسلل وهجوم للمسلحين الموالين لتركيا على قرية العالية غرب بلدة تل تمر.,https://syria.liveuamap.com/ar/2024/23-december-18-sdf-press-our-sdf-forces-repelled-an-attempted,22724089,3 الشهر منذ
24.12.2024,"وقال مصدر من قوات سوريا الديمقراطية لـ Northern Syria IC: ""لقد تغير وضع القتال قليلاً حول سد تشرين. بدأ المجلس العسكري في منبج بمهاجمة الجيش الوطني السوري. لم نعد نعمل من موقع دفاعي. كما استعدنا عدة مواقع"".",https://syria.liveuamap.com/ar/2024/23-december-12-an-sdf-source-told-rojavaic-around-the-tisreen,22724000,3 الشهر منذ
24.12.2024,اشتباكات بين الجيش الوطني السوري وقوات سوريا الديمقراطية على خط سد تشرين شرقي منبج,https://syria.liveuamap.com/ar/2024/23-december-12-clashes-are-taking-place-between-sna-and-sdf,22724023,3 الشهر منذ
24.12.2024,مجموعة من عناصر الجيش الوطني السوري أسرتهم قوات سوريا الديمقراطية في بلدة القشلة بالقرب من سد تشرين بريف منبج,https://syria.liveuamap.com/ar/2024/23-december-11-a-group-of-sna-were-captured-by-sdf-in-the,22723999,3 الشهر منذ
24.12.2024,قوات سوريا الديمقراطية تسيطر على قرى في ريف منبج كانت تحت سيطرة الفصائل الموالية لتركيا وتتقدم باتجاه مدينة منبج بمحافظة حلب,https://syria.liveuamap.com/ar/2024/23-december-11-sky-news-arabia-the-syrian-democratic-forces,22723997,3 الشهر منذ
24.12.2024,قوات سوريا الديمقراطية تعلن عن اشتباكات جديدة مع مسلحي الجيش الوطني السوري على سد تشرين وجسر قره قوزاق المجاور وتزعم صد الهجمات وتدمير آلية عسكرية - بيان,https://syria.liveuamap.com/ar/2024/23-december-10-sdf-reports-fresh-clashes-with-the-sna-militants,22723990,4 الشهر منذ
24.12.2024,وزير الخارجية الأردني: ندعم العملية الانتقالية في سوريا,https://syria.liveuamap.com/ar/2024/23-december-10-jordanian-foreign-minister-we-support-the,22724030,4 الشهر منذ
24.12.2024,وزير الخارجية الأردني: مستعدون لتقديم كل الدعم لسوريا,https://syria.liveuamap.com/ar/2024/23-december-09-jordanian-foreign-minister-we-are-ready-to,22724031,4 الشهر منذ
25.12.2024,"أكد المتحدث باسم الحكومة العراقية باسم العوادي أن وفداً عراقياً برئاسة حميد الشاطري رئيس جهاز المخابرات الوطني التقى مسؤولين في الإدارة السورية الجديدة في دمشق. وأضاف أن ""الوفد العراقي ناقش التطورات على الساحة السورية ومتطلبات الأمن والاستقرار على الحدود المشتركة بين العراق وسوريا"".",https://syria.liveuamap.com/ar/2024/26-december-10-an-iraqi-delegation-headed-by-hamid-alshatri,22724729,3 الشهر منذ
25.12.2024,مجلس التعاون الخليجي يرحب بقرار حل الفصائل في سوريا وحصر حمل السلاح بيد الدولة,https://syria.liveuamap.com/ar/2024/26-december-10-the-gulf-cooperation-council-welcomes-the,22724728,3 الشهر منذ
25.12.2024,وزارة الدفاع التركية: منبج وسد تشرين تحت سيطرة الجيش الوطني السوري ومزاعم تقدم الوحدات الكردية غير حقيقية,https://syria.liveuamap.com/ar/2024/26-december-09-turkish-defense-ministry-manbij-and-tishrin,22724762,3 الشهر منذ
25.12.2024,الداخلية السورية: بدأنا حملة في مناطق بريف دمشق لسحب السلاح غير الشرعي,https://syria.liveuamap.com/ar/2024/26-december-09-syrian-interior-ministry-we-have-started-a,22724702,3 الشهر منذ
25.12.2024,‌وزير الداخلية السوري: قواتنا ستلاحق من يرفض تسليم السلاح على امتداد الأراضي السورية,https://syria.liveuamap.com/ar/2024/26-december-07-syrian-interior-minister-our-forces-will-pursue,22724653,3 الشهر منذ
25.12.2024,قررت تركيا السماح لحزب مؤيد للأكراد في البرلمان بإجراء محادثات مع زعيم حزب العمال الكردستاني عبد الله أوجلان في سجنه على الجزيرة: صحيفة ديلي صباح,https://syria.liveuamap.com/ar/2024/26-december-06-turkey-has-decided-to-allow-parliaments-prokurdish,22724632,3 الشهر منذ
25.12.2024,الداخلية السورية: 14 قتيلا من الأمن في اشتباكات مع عناصر من النظام السابق بريف طرطوس,https://syria.liveuamap.com/ar/2024/25-december-21-syrian-interior-ministry-14-security-personnel,22724629,3 الشهر منذ
25.12.2024,صوت العاصمة يرصد انسحاب الجيش الإسرائيلي من السويسة إلى الدواية الكبيرة في ريف القنيطرة، بعد احتجاجات شعبية على عمليات التوغل، وإطلاق نار استهدف المتظاهرين وأدى إلى إصابة 7 أشخاص حتى . صوت_العاصمة سوريا دمشق القنيطرة,https://syria.liveuamap.com/ar/2024/25-december-14-withdrawal-of-the-israeli-army-from-suwaysa,22724563,3 الشهر منذ
25.12.2024,سوريا: تظاهرات في مدينة جبلة في اللاذقية ومدينة طرطوس احتجاجاً على حرق مقام مؤسس المذهب العلوي في حلب,https://syria.liveuamap.com/ar/2024/25-december-14-demonstrations-in-jableh-latakia-and-tartous,22724562,3 الشهر منذ
25.12.2024,اندلاع اشتباكات عنيفة بين الجيش الوطني وقوات قسد على جبهة سد تشرين بريف منبج شرقي حلب,https://syria.liveuamap.com/ar/2024/25-december-14-violent-clashes-erupt-between-the-sna-and,22724569,3 الشهر منذ
25.12.2024,الجيش التركي يقصف سد تشرين في ريف حلب والقرى المحيطة به بالمدافع والصواريخ,https://syria.liveuamap.com/ar/2024/25-december-14-the-turkish-army-bombards-tishreen-dam-in,22724575,3 الشهر منذ
25.12.2024,عدسة المرصد_السوري: مظاهرات في القرداحة احتجاجا على الانفلات الأمـ ـنـ ـي والاعتداء على الرموز والمقدسات الدينية للطائفة العلوية,https://syria.liveuamap.com/ar/2024/25-december-13-demonstrations-in-qardaha-in-protest-against,22724565,3 الشهر منذ
25.12.2024,الجيش الإسرائيلي: رصدنا تجمعات في جنوبي سوريا لأشخاص اقتربوا من قواتنا وأطلقنا النار عليهم عقب تحذير بعدم الاقتراب,https://syria.liveuamap.com/ar/2024/25-december-13-israeli-army-we-detected-gatherings-in-southern,22724529,3 الشهر منذ
25.12.2024,تم حذف بيان الدعوة لإخلاء تل أبيض – رأس العين,https://syria.liveuamap.com/ar/2024/25-december-12-statement-on-the-call-to-evacuate-tell-abiadras,22724526,3 الشهر منذ
25.12.2024,أ ف ب: السلطات السورية تعلن إحراق نحو مليون حبة كبتاغون,https://syria.liveuamap.com/ar/2024/25-december-11-afp-syrian-authorities-announce-burning-of,22724525,3 الشهر منذ
25.12.2024,جنوب سوريا: مواطنون يتظاهرون اليوم أمام قوات  الإسرائيلي التي تقوم بعمليات تمشيط في منطقة السويسة (محافظة القنيطرة) على بعد حوالي 3 كم من المنطقة منزوعة السلاح، حيث أطلق جيش  النار ما أدى إلى إصابة 4 مواطنين,https://syria.liveuamap.com/ar/2024/25-december-10-south-syria-people-protesting-today-in-front,22724520,3 الشهر منذ
25.12.2024,دعت قيادة قوات سوريا الديمقراطية في إقليم الفرات قوات الجيش الوطني وعائلاتهم إلى الخروج من تل أبيض/كري سبي ورأس العين/سري كانيه بحلول نهاية العام,https://syria.liveuamap.com/ar/2024/25-december-10-the-euphrates-region-democratic-syrian-forces,22724517,3 الشهر منذ
25.12.2024,على مدى الأسبوعين الماضيين، نفذت قوات سوريا الديمقراطية حملات اعتقال واسعة في مختلف أنحاء الرقة وريفها، حيث اعتقلت نحو 100 شخص، واستهدفت الاعتقالات في المقام الأول ناشطين وأفراداً مرتبطين بالاحتجاجات، وحتى صاحب مقهى إنترنت.,https://syria.liveuamap.com/ar/2024/25-december-10-over-the-past-two-weeks-the-sdf-has-carried,22724507,3 الشهر منذ
25.12.2024,أفادت الأنباء أن قوات  أطلقت النار على المتظاهرين في بلدة سويسة بمنطقة القنيطرة، ما أدى إلى إصابة عدد منهم.,https://syria.liveuamap.com/ar/2024/25-december-10-israeli-forces-reportedly-opened-fire-on-protesters,22724513,3 الشهر منذ
25.12.2024,مراسل العربية يرصد توغل قوات إسرائيلية في قرية السويسة بريف القنيطرة,https://syria.liveuamap.com/ar/2024/25-december-10-israeli-forces-incursion-into-alsuwaisa-village,22724496,3 الشهر منذ
25.12.2024,قوات سوريا الديمقراطية تعلن عن اشتباكات عنيفة مع الجيش الوطني السوري المدعوم من تركيا شرق وجنوب منبج، وضربات تركية بطائرات مسيرة على منطقة صرين,https://syria.liveuamap.com/ar/2024/25-december-10-sdf-reporting-violent-clashes-with-turkishbacked,22724514,3 الشهر منذ
25.12.2024,وزير الخارجية المعين حديثا في سوريا يحذر إيران من نشر الفوضى في بلاده,https://syria.liveuamap.com/ar/2024/24-december-20-syrias-newly-appointed-foreign-minister-warns,22724355,3 الشهر منذ
25.12.2024,وزير الخارجية السوري: سوريا ستعود إلى دورها الإقليمي والدولي لتكون فاعلا أساسيا في المنطقة,https://syria.liveuamap.com/ar/2024/24-december-16-syrian-foreign-minister-syria-will-return,22724302,3 الشهر منذ
25.12.2024,"مصادر الحدث: القوات الإسرائيلية تقول إنها ستقتحم ""جباثا الخشب"" إذا لم يتم تسليم السلاح",https://syria.liveuamap.com/ar/2024/24-december-16-israeli-forces-say-they-will-storm-jabatha,22724300,3 الشهر منذ
25.12.2024,إصابات جراء انفجار سيارة في منبج,https://syria.liveuamap.com/ar/2024/24-december-12-injuries-due-to-car-explosion-in-manbij,22724293,3 الشهر منذ
25.12.2024,وزير النقل التركي: تركيا ستحاول إصلاح خطوط السكك الحديدية السورية إلى دمشق وربط البلدين ببعضهما وإحياء أجزاء من مشروع سكة حديد الحجاز,https://syria.liveuamap.com/ar/2024/24-december-12-turkey-will-try-to-repair-syrian-railway-lines,22724289,3 الشهر منذ
25.12.2024,"بيان قوات سوريا الديمقراطية: ""قواتنا تتصدى لهجوم للقوات التركية على مناطق شرق منبج، وتدور اشتباكات عنيفة حالياً بالقرب من قرية ""قبر إيمو"" شرق مدينة منبج، وفي منطقة جسر قوزاق فجرت قواتنا عربة للعدو، وفي محور سد تشرين أحبطت قوات مجلس منبج العسكري هجوماً على قرى محشية الطواحين وخربة تويني في ناحية أبو قلقل"".",https://syria.liveuamap.com/ar/2024/24-december-12-sdf-statement-our-forces-confront-an-attack,22724249,3 الشهر منذ
25.12.2024,قوات الجيش الوطني تستهدف بقذائف المدفعية أهدافاً لقوات سوريا الديمقراطية في قرية أم الكيف على خط تل تمر,https://syria.liveuamap.com/ar/2024/24-december-11-sna-forces-hit-sdf-targets-in-the-village,22724282,3 الشهر منذ
25.12.2024,اتفق أحمد الشرع وزعماء الفصائل المسلحة السورية على حل المجموعات المسلحة ودمجها تحت قيادة وزارة الدفاع - القيادة العامة السورية,https://syria.liveuamap.com/ar/2024/24-december-11-syrias-ahmed-sharaa-and-leaders-of-armed,22724242,3 الشهر منذ
25.12.2024,طيران مسير تركي يقصف بعدد من الغارات الجوية مواقع قوات قسد في منطقة تل تمر شمالي الحسكة شمال شرق سوريا,https://syria.liveuamap.com/ar/2024/24-december-11-turkish-drones-bombard-sdf-positions-in-tal,22724246,3 الشهر منذ
26.12.2024,"الرئيس الأوكراني زيلينسكي: كما وعدنا، نحن ندعم الشعب السوري في وقت حاجته. 500 طن من دقيق القمح الأوكراني في طريقها بالفعل إلى سوريا كجزء من برنامجنا الإنساني ""حبوب من أوكرانيا"" بالتعاون مع برنامج الأغذية العالمي. ومن المقرر توزيع دقيق القمح على 33250 أسرة أو 167000 شخص، في الأسابيع المقبلة. تزن كل حزمة 15 كيلوغرامًا ويمكنها إطعام أسرة مكونة من خمسة أفراد لمدة شهر واحد. نتمنى لسوريا وشعبها السلامة والاستقرار والتعافي. نحن نعرف القيمة الحقيقية لهذه الأشياء.",https://syria.liveuamap.com/ar/2024/27-december-08-president-of-ukraine-zelensky-as-promised,22724963,3 الشهر منذ
26.12.2024,إدارة العمليات العسكرية في سوريا تعلن أنها اعتقلت شخصيات كبيرة من النظام السابق في طرطوس,https://syria.liveuamap.com/ar/2024/27-december-07-the-military-operations-department-in-syria,22724960,3 الشهر منذ
26.12.2024,إدارة العمليات العسكرية تشن حملة أمنية واسعة بريف حماة الغربي لملاحقة فلول النظام المخلوع,https://syria.liveuamap.com/ar/2024/27-december-06-the-military-operations-department-launches,22724959,3 الشهر منذ
26.12.2024,أنباء عن غارات جوية إسرائيلية على الحدود اللبنانية السورية,https://israelpalestine.liveuamap.com/ar/2024/27-december-05-israeli-airstrikes-reported-on-the-lebanonsyria,22724961,3 الشهر منذ
26.12.2024,الخارجية الإيرانية: طهران ترفض اتهامها بالتدخل في شؤون سوريا,https://syria.liveuamap.com/ar/2024/26-december-16-iranian-foreign-ministry-tehran-rejects-accusations,22724864,3 الشهر منذ
26.12.2024,مدير الاتصال في قوات سوريا الديمقراطية فرهاد الشامي يتحدث عن سد تشرين: نحن هنا,https://syria.liveuamap.com/ar/2024/26-december-15-sdf-communications-director-farhad-shami-reports,22724784,3 الشهر منذ
26.12.2024,مقاتلو قوات سوريا الديمقراطية يشتبكون مع الجيش الوطني السوري غرب سد تشرين,https://syria.liveuamap.com/ar/2024/26-december-15-sdf-fighters-clashing-with-the-tfsa-west-of,22724785,3 الشهر منذ
26.12.2024,دعت الإدارة الذاتية الكردية في شمال شرق سوريا (شمال سوريا) الخميس إلى حماية التنوع والتعددية في سوريا، وذلك بعد يوم من الاحتجاجات العنيفة في عدة محافظات بسبب هجوم مزعوم على مزار علوي في محافظة حلب.,https://syria.liveuamap.com/ar/2024/26-december-11-the-kurdishled-administration-in-northeast,22724733,3 الشهر منذ
26.12.2024,نفذت إدارة العمليات العسكرية مساء أمس، حملة مداهمات على عددٍ من المنازل في بلدة الحمدان بريف البوكمال شرقي ديرالزور، بعد رصدها لشاحنة أسـ.ـلحة حاول عناصر من ميليشيا الفوج 47 تهريبها إلى العراق. ديرالزور_24,https://syria.liveuamap.com/ar/2024/26-december-11-yesterday-evening-the-military-operations,22724730,3 الشهر منذ
26.12.2024,"أكد المتحدث باسم الحكومة العراقية باسم العوادي أن وفداً عراقياً برئاسة حميد الشاطري رئيس جهاز المخابرات الوطني التقى مسؤولين في الإدارة السورية الجديدة في دمشق. وأضاف أن ""الوفد العراقي ناقش التطورات على الساحة السورية ومتطلبات الأمن والاستقرار على الحدود المشتركة بين العراق وسوريا"".",https://syria.liveuamap.com/ar/2024/26-december-10-an-iraqi-delegation-headed-by-hamid-alshatri,22724729,3 الشهر منذ
26.12.2024,مجلس التعاون الخليجي يرحب بقرار حل الفصائل في سوريا وحصر حمل السلاح بيد الدولة,https://syria.liveuamap.com/ar/2024/26-december-10-the-gulf-cooperation-council-welcomes-the,22724728,3 الشهر منذ
26.12.2024,وزارة الدفاع التركية: منبج وسد تشرين تحت سيطرة الجيش الوطني السوري ومزاعم تقدم الوحدات الكردية غير حقيقية,https://syria.liveuamap.com/ar/2024/26-december-09-turkish-defense-ministry-manbij-and-tishrin,22724762,3 الشهر منذ
26.12.2024,الداخلية السورية: بدأنا حملة في مناطق بريف دمشق لسحب السلاح غير الشرعي,https://syria.liveuamap.com/ar/2024/26-december-09-syrian-interior-ministry-we-have-started-a,22724702,3 الشهر منذ
26.12.2024,‌وزير الداخلية السوري: قواتنا ستلاحق من يرفض تسليم السلاح على امتداد الأراضي السورية,https://syria.liveuamap.com/ar/2024/26-december-07-syrian-interior-minister-our-forces-will-pursue,22724653,3 الشهر منذ
26.12.2024,قررت تركيا السماح لحزب مؤيد للأكراد في البرلمان بإجراء محادثات مع زعيم حزب العمال الكردستاني عبد الله أوجلان في سجنه على الجزيرة: صحيفة ديلي صباح,https://syria.liveuamap.com/ar/2024/26-december-06-turkey-has-decided-to-allow-parliaments-prokurdish,22724632,3 الشهر منذ
26.12.2024,الداخلية السورية: 14 قتيلا من الأمن في اشتباكات مع عناصر من النظام السابق بريف طرطوس,https://syria.liveuamap.com/ar/2024/25-december-21-syrian-interior-ministry-14-security-personnel,22724629,3 الشهر منذ
26.12.2024,صوت العاصمة يرصد انسحاب الجيش الإسرائيلي من السويسة إلى الدواية الكبيرة في ريف القنيطرة، بعد احتجاجات شعبية على عمليات التوغل، وإطلاق نار استهدف المتظاهرين وأدى إلى إصابة 7 أشخاص حتى . صوت_العاصمة سوريا دمشق القنيطرة,https://syria.liveuamap.com/ar/2024/25-december-14-withdrawal-of-the-israeli-army-from-suwaysa,22724563,3 الشهر منذ
26.12.2024,سوريا: تظاهرات في مدينة جبلة في اللاذقية ومدينة طرطوس احتجاجاً على حرق مقام مؤسس المذهب العلوي في حلب,https://syria.liveuamap.com/ar/2024/25-december-14-demonstrations-in-jableh-latakia-and-tartous,22724562,3 الشهر منذ
26.12.2024,اندلاع اشتباكات عنيفة بين الجيش الوطني وقوات قسد على جبهة سد تشرين بريف منبج شرقي حلب,https://syria.liveuamap.com/ar/2024/25-december-14-violent-clashes-erupt-between-the-sna-and,22724569,3 الشهر منذ
26.12.2024,الجيش التركي يقصف سد تشرين في ريف حلب والقرى المحيطة به بالمدافع والصواريخ,https://syria.liveuamap.com/ar/2024/25-december-14-the-turkish-army-bombards-tishreen-dam-in,22724575,3 الشهر منذ
26.12.2024,عدسة المرصد_السوري: مظاهرات في القرداحة احتجاجا على الانفلات الأمـ ـنـ ـي والاعتداء على الرموز والمقدسات الدينية للطائفة العلوية,https://syria.liveuamap.com/ar/2024/25-december-13-demonstrations-in-qardaha-in-protest-against,22724565,3 الشهر منذ
26.12.2024,الجيش الإسرائيلي: رصدنا تجمعات في جنوبي سوريا لأشخاص اقتربوا من قواتنا وأطلقنا النار عليهم عقب تحذير بعدم الاقتراب,https://syria.liveuamap.com/ar/2024/25-december-13-israeli-army-we-detected-gatherings-in-southern,22724529,3 الشهر منذ
26.12.2024,تم حذف بيان الدعوة لإخلاء تل أبيض – رأس العين,https://syria.liveuamap.com/ar/2024/25-december-12-statement-on-the-call-to-evacuate-tell-abiadras,22724526,3 الشهر منذ
26.12.2024,أ ف ب: السلطات السورية تعلن إحراق نحو مليون حبة كبتاغون,https://syria.liveuamap.com/ar/2024/25-december-11-afp-syrian-authorities-announce-burning-of,22724525,3 الشهر منذ
26.12.2024,جنوب سوريا: مواطنون يتظاهرون اليوم أمام قوات  الإسرائيلي التي تقوم بعمليات تمشيط في منطقة السويسة (محافظة القنيطرة) على بعد حوالي 3 كم من المنطقة منزوعة السلاح، حيث أطلق جيش  النار ما أدى إلى إصابة 4 مواطنين,https://syria.liveuamap.com/ar/2024/25-december-10-south-syria-people-protesting-today-in-front,22724520,3 الشهر منذ
26.12.2024,دعت قيادة قوات سوريا الديمقراطية في إقليم الفرات قوات الجيش الوطني وعائلاتهم إلى الخروج من تل أبيض/كري سبي ورأس العين/سري كانيه بحلول نهاية العام,https://syria.liveuamap.com/ar/2024/25-december-10-the-euphrates-region-democratic-syrian-forces,22724517,3 الشهر منذ
26.12.2024,على مدى الأسبوعين الماضيين، نفذت قوات سوريا الديمقراطية حملات اعتقال واسعة في مختلف أنحاء الرقة وريفها، حيث اعتقلت نحو 100 شخص، واستهدفت الاعتقالات في المقام الأول ناشطين وأفراداً مرتبطين بالاحتجاجات، وحتى صاحب مقهى إنترنت.,https://syria.liveuamap.com/ar/2024/25-december-10-over-the-past-two-weeks-the-sdf-has-carried,22724507,3 الشهر منذ
26.12.2024,أفادت الأنباء أن قوات  أطلقت النار على المتظاهرين في بلدة سويسة بمنطقة القنيطرة، ما أدى إلى إصابة عدد منهم.,https://syria.liveuamap.com/ar/2024/25-december-10-israeli-forces-reportedly-opened-fire-on-protesters,22724513,3 الشهر منذ
26.12.2024,مراسل العربية يرصد توغل قوات إسرائيلية في قرية السويسة بريف القنيطرة,https://syria.liveuamap.com/ar/2024/25-december-10-israeli-forces-incursion-into-alsuwaisa-village,22724496,3 الشهر منذ
26.12.2024,قوات سوريا الديمقراطية تعلن عن اشتباكات عنيفة مع الجيش الوطني السوري المدعوم من تركيا شرق وجنوب منبج، وضربات تركية بطائرات مسيرة على منطقة صرين,https://syria.liveuamap.com/ar/2024/25-december-10-sdf-reporting-violent-clashes-with-turkishbacked,22724514,3 الشهر منذ
27.12.2024,مصدر أمني سوري للجزيرة: إدارة العمليات تنصب حاجزا على طريق قاعدة حميميم العسكرية وتمنع الدخول والخروج منها,https://syria.liveuamap.com/ar/2024/28-december-07-syrian-security-source-to-al-jazeera-military,22725115,3 الشهر منذ
27.12.2024,منبجاشتباكات عنيفة بين الجيش الوطني ومليشيات قسد على جبهة سد تشرين,https://syria.liveuamap.com/ar/2024/27-december-20-manbij-violent-clashes-between-the-sna-and,22725101,3 الشهر منذ
27.12.2024,انفجار سيارة مفخخة في مدينة منبج,https://syria.liveuamap.com/ar/2024/27-december-19-car-bomb-exploded-in-manbij-city-,22725066,3 الشهر منذ
27.12.2024,وقفة احتجاجية ضد توغل الجيش الإسرائيلي في محافظة القنيطرة في مدينة خان أرنبة إسرائيل سوريا,https://syria.liveuamap.com/ar/2024/27-december-15-protest-stand-against-the-israeli-armys-incursion,22725033,3 الشهر منذ
27.12.2024,رتل من قيادة العمليات العسكرية يتوجه إلى ريف حماة لدعم قوات الأمن العام في حفظ الأمن,https://syria.liveuamap.com/ar/2024/27-december-14-a-convoy-of-the-command-of-military-operations,22725022,3 الشهر منذ
27.12.2024,أفادت الأنباء بدخول رتل للجيش التركي إلى مدينة منبج,https://syria.liveuamap.com/ar/2024/27-december-13-reportedly-turkish-army-convoy-entered-the,22725014,3 الشهر منذ
27.12.2024,أنباء عن اشتباكات في القرى الواقعة على طريق أبو قلقل,https://syria.liveuamap.com/ar/2024/27-december-12-reportedly-clashes-on-the-villages-on-the,22725015,3 الشهر منذ
27.12.2024,اليوم وقع انفجار نتيجة قيام بعض الأشخاص بتقطيع صواريخ دفاع جوي قديمة (لاستعادتها وبيع قطعها) في مدينة حمص، ما أدى إلى تضرر عدة أبنية.,https://syria.liveuamap.com/ar/2024/27-december-12-today-an-explosion-was-provoked-by-people,22725021,3 الشهر منذ
27.12.2024,جمعة عكاش: قوات سوريا الديمقراطية تسيطر على سد تشرين وجسر قرقوزاق والمناطق المحيطة بهماقسدسورياستوديو_الحدث,https://syria.liveuamap.com/ar/2024/27-december-11-syrian-democratic-forces-control-tishreen,22724990,3 الشهر منذ
27.12.2024,وزير الطاقة التركي: أنقرة تدرس مد خط أنابيب نفط إلى سوريا وربطه بخط الأنابيب العراقي التركي - وسائل إعلام تركية,https://syria.liveuamap.com/ar/2024/27-december-11-turkeys-energy-minister-said-ankara-is-considering,22724988,3 الشهر منذ
27.12.2024,"وأكد عبدي أن قوات سوريا الديمقراطية جاهزة للاندماج في الجيش السوري الجديد بمجرد التفاوض على صيغة مناسبة، كما أعرب عن استعداده ""مبدئيا"" لنقل مسؤوليات أمن الحدود إلى السلطات الجديدة في دمشق.",https://syria.liveuamap.com/ar/2024/27-december-11-sdf-commander-abdi-stated-that-sdf-forces,22724987,3 الشهر منذ
27.12.2024,"الرئيس الأوكراني زيلينسكي: كما وعدنا، نحن ندعم الشعب السوري في وقت حاجته. 500 طن من دقيق القمح الأوكراني في طريقها بالفعل إلى سوريا كجزء من برنامجنا الإنساني ""حبوب من أوكرانيا"" بالتعاون مع برنامج الأغذية العالمي. ومن المقرر توزيع دقيق القمح على 33250 أسرة أو 167000 شخص، في الأسابيع المقبلة. تزن كل حزمة 15 كيلوغرامًا ويمكنها إطعام أسرة مكونة من خمسة أفراد لمدة شهر واحد. نتمنى لسوريا وشعبها السلامة والاستقرار والتعافي. نحن نعرف القيمة الحقيقية لهذه الأشياء.",https://syria.liveuamap.com/ar/2024/27-december-08-president-of-ukraine-zelensky-as-promised,22724963,3 الشهر منذ
27.12.2024,إدارة العمليات العسكرية في سوريا تعلن أنها اعتقلت شخصيات كبيرة من النظام السابق في طرطوس,https://syria.liveuamap.com/ar/2024/27-december-07-the-military-operations-department-in-syria,22724960,3 الشهر منذ
27.12.2024,إدارة العمليات العسكرية تشن حملة أمنية واسعة بريف حماة الغربي لملاحقة فلول النظام المخلوع,https://syria.liveuamap.com/ar/2024/27-december-06-the-military-operations-department-launches,22724959,3 الشهر منذ
27.12.2024,أنباء عن غارات جوية إسرائيلية على الحدود اللبنانية السورية,https://israelpalestine.liveuamap.com/ar/2024/27-december-05-israeli-airstrikes-reported-on-the-lebanonsyria,22724961,3 الشهر منذ
27.12.2024,الخارجية الإيرانية: طهران ترفض اتهامها بالتدخل في شؤون سوريا,https://syria.liveuamap.com/ar/2024/26-december-16-iranian-foreign-ministry-tehran-rejects-accusations,22724864,3 الشهر منذ
27.12.2024,مدير الاتصال في قوات سوريا الديمقراطية فرهاد الشامي يتحدث عن سد تشرين: نحن هنا,https://syria.liveuamap.com/ar/2024/26-december-15-sdf-communications-director-farhad-shami-reports,22724784,3 الشهر منذ
27.12.2024,مقاتلو قوات سوريا الديمقراطية يشتبكون مع الجيش الوطني السوري غرب سد تشرين,https://syria.liveuamap.com/ar/2024/26-december-15-sdf-fighters-clashing-with-the-tfsa-west-of,22724785,3 الشهر منذ
27.12.2024,دعت الإدارة الذاتية الكردية في شمال شرق سوريا (شمال سوريا) الخميس إلى حماية التنوع والتعددية في سوريا، وذلك بعد يوم من الاحتجاجات العنيفة في عدة محافظات بسبب هجوم مزعوم على مزار علوي في محافظة حلب.,https://syria.liveuamap.com/ar/2024/26-december-11-the-kurdishled-administration-in-northeast,22724733,3 الشهر منذ
27.12.2024,نفذت إدارة العمليات العسكرية مساء أمس، حملة مداهمات على عددٍ من المنازل في بلدة الحمدان بريف البوكمال شرقي ديرالزور، بعد رصدها لشاحنة أسـ.ـلحة حاول عناصر من ميليشيا الفوج 47 تهريبها إلى العراق. ديرالزور_24,https://syria.liveuamap.com/ar/2024/26-december-11-yesterday-evening-the-military-operations,22724730,3 الشهر منذ
27.12.2024,"أكد المتحدث باسم الحكومة العراقية باسم العوادي أن وفداً عراقياً برئاسة حميد الشاطري رئيس جهاز المخابرات الوطني التقى مسؤولين في الإدارة السورية الجديدة في دمشق. وأضاف أن ""الوفد العراقي ناقش التطورات على الساحة السورية ومتطلبات الأمن والاستقرار على الحدود المشتركة بين العراق وسوريا"".",https://syria.liveuamap.com/ar/2024/26-december-10-an-iraqi-delegation-headed-by-hamid-alshatri,22724729,3 الشهر منذ
27.12.2024,مجلس التعاون الخليجي يرحب بقرار حل الفصائل في سوريا وحصر حمل السلاح بيد الدولة,https://syria.liveuamap.com/ar/2024/26-december-10-the-gulf-cooperation-council-welcomes-the,22724728,3 الشهر منذ
27.12.2024,وزارة الدفاع التركية: منبج وسد تشرين تحت سيطرة الجيش الوطني السوري ومزاعم تقدم الوحدات الكردية غير حقيقية,https://syria.liveuamap.com/ar/2024/26-december-09-turkish-defense-ministry-manbij-and-tishrin,22724762,3 الشهر منذ
27.12.2024,الداخلية السورية: بدأنا حملة في مناطق بريف دمشق لسحب السلاح غير الشرعي,https://syria.liveuamap.com/ar/2024/26-december-09-syrian-interior-ministry-we-have-started-a,22724702,3 الشهر منذ
27.12.2024,‌وزير الداخلية السوري: قواتنا ستلاحق من يرفض تسليم السلاح على امتداد الأراضي السورية,https://syria.liveuamap.com/ar/2024/26-december-07-syrian-interior-minister-our-forces-will-pursue,22724653,3 الشهر منذ
27.12.2024,قررت تركيا السماح لحزب مؤيد للأكراد في البرلمان بإجراء محادثات مع زعيم حزب العمال الكردستاني عبد الله أوجلان في سجنه على الجزيرة: صحيفة ديلي صباح,https://syria.liveuamap.com/ar/2024/26-december-06-turkey-has-decided-to-allow-parliaments-prokurdish,22724632,3 الشهر منذ
27.12.2024,الداخلية السورية: 14 قتيلا من الأمن في اشتباكات مع عناصر من النظام السابق بريف طرطوس,https://syria.liveuamap.com/ar/2024/25-december-21-syrian-interior-ministry-14-security-personnel,22724629,3 الشهر منذ
27.12.2024,صوت العاصمة يرصد انسحاب الجيش الإسرائيلي من السويسة إلى الدواية الكبيرة في ريف القنيطرة، بعد احتجاجات شعبية على عمليات التوغل، وإطلاق نار استهدف المتظاهرين وأدى إلى إصابة 7 أشخاص حتى . صوت_العاصمة سوريا دمشق القنيطرة,https://syria.liveuamap.com/ar/2024/25-december-14-withdrawal-of-the-israeli-army-from-suwaysa,22724563,3 الشهر منذ
27.12.2024,سوريا: تظاهرات في مدينة جبلة في اللاذقية ومدينة طرطوس احتجاجاً على حرق مقام مؤسس المذهب العلوي في حلب,https://syria.liveuamap.com/ar/2024/25-december-14-demonstrations-in-jableh-latakia-and-tartous,22724562,3 الشهر منذ
27.12.2024,اندلاع اشتباكات عنيفة بين الجيش الوطني وقوات قسد على جبهة سد تشرين بريف منبج شرقي حلب,https://syria.liveuamap.com/ar/2024/25-december-14-violent-clashes-erupt-between-the-sna-and,22724569,3 الشهر منذ
28.12.2024,أعلن أحمد الشرع القائد العام للإدارة السورية الجديدة خلال لقاء تلفزيوني أن القوات الكردية سيتم دمجها ضمن وزارة الدفاع السورية وأن المفاوضات جارية,https://syria.liveuamap.com/ar/2024/29-december-09-ahmed-alsharaa-commanderinchief-of-syrias,22725404,3 الشهر منذ
28.12.2024,"أحمد الشرع لـ""العربية"": حل هيئة تحرير الشام سيعلن في مؤتمر الحوار الوطني",https://syria.liveuamap.com/ar/2024/29-december-09-ahmed-alsharaa-to-al-arabiya-the-dissolution,22725403,3 الشهر منذ
28.12.2024,أحمد الشرع : تنظيم انتخابات قد يستغرق 4 سنوات,https://syria.liveuamap.com/ar/2024/29-december-09-ahmed-alsharaa-organizing-elections-may-take,22725375,3 الشهر منذ
28.12.2024,دوي انفجارات في ريف مدينة تل تمر بشمال غربي الحسكة نتيجة قصف مدفعي تركي لقرى عدة بالمنطقة طيران مسير تركي يستهدف بغارة جوية سيارة عسكرية لقوات قسد قرب منطقة المحمودلي بريف الرقة,https://syria.liveuamap.com/ar/2024/29-december-08-explosions-in-the-countryside-of-tal-tamr,22725401,3 الشهر منذ
28.12.2024,استهدف طيران مسير تركي بغارة جوية سيارة عسكرية لقسد بالقرب من منطقة المحمودلي بريف الرقة. نهر_ميديا,https://syria.liveuamap.com/ar/2024/29-december-08-a-turkish-drone-targeted-a-sdf-military-vehicle,22725400,3 الشهر منذ
28.12.2024,نفذت قوات سوريا الديمقراطية غارة بطائرة مسيرة على موقع مشترك للجيش التركي والجيش الوطني السوري الذي تقوده تركيا على جبهة قره قوزاق في ريف منبج الشرقي,https://syria.liveuamap.com/ar/2024/28-december-18-the-sdf-carried-out-a-fpv-drone-strike-on,22725256,3 الشهر منذ
28.12.2024,الخارجية الأمريكية: بلينكن أكد في اتصال مع نظيره التركي الحاجة إلى دعم عملية سياسية يقودها السوريون,https://syria.liveuamap.com/ar/2024/28-december-16-us-state-department-blinken-stressed-in-call,22725247,3 الشهر منذ
28.12.2024,الإدارة العسكرية السورية تقول إن 70 ضابطاً من نظام الأسد سلمهم لبنان,https://syria.liveuamap.com/ar/2024/28-december-12-syrias-military-administration-says-that,22725248,3 الشهر منذ
28.12.2024,تركيا تطلب من إسرائيل إنشاء آلية لتجنب الصدام مع الجيش الإسرائيلي في سوريا، على غرار الترتيب الإسرائيلي مع روسيا، بحسب ما أوردته قناة N12 الإخبارية,https://syria.liveuamap.com/ar/2024/28-december-11-turkey-asks-israel-to-create-deconfliction,22725191,3 الشهر منذ
28.12.2024,مصدر أمني سوري للجزيرة: إدارة العمليات تنصب حاجزا على طريق قاعدة حميميم العسكرية وتمنع الدخول والخروج منها,https://syria.liveuamap.com/ar/2024/28-december-07-syrian-security-source-to-al-jazeera-military,22725115,3 الشهر منذ
28.12.2024,منبجاشتباكات عنيفة بين الجيش الوطني ومليشيات قسد على جبهة سد تشرين,https://syria.liveuamap.com/ar/2024/27-december-20-manbij-violent-clashes-between-the-sna-and,22725101,3 الشهر منذ
28.12.2024,انفجار سيارة مفخخة في مدينة منبج,https://syria.liveuamap.com/ar/2024/27-december-19-car-bomb-exploded-in-manbij-city-,22725066,3 الشهر منذ
28.12.2024,وقفة احتجاجية ضد توغل الجيش الإسرائيلي في محافظة القنيطرة في مدينة خان أرنبة إسرائيل سوريا,https://syria.liveuamap.com/ar/2024/27-december-15-protest-stand-against-the-israeli-armys-incursion,22725033,3 الشهر منذ
28.12.2024,رتل من قيادة العمليات العسكرية يتوجه إلى ريف حماة لدعم قوات الأمن العام في حفظ الأمن,https://syria.liveuamap.com/ar/2024/27-december-14-a-convoy-of-the-command-of-military-operations,22725022,3 الشهر منذ
28.12.2024,أفادت الأنباء بدخول رتل للجيش التركي إلى مدينة منبج,https://syria.liveuamap.com/ar/2024/27-december-13-reportedly-turkish-army-convoy-entered-the,22725014,3 الشهر منذ
28.12.2024,أنباء عن اشتباكات في القرى الواقعة على طريق أبو قلقل,https://syria.liveuamap.com/ar/2024/27-december-12-reportedly-clashes-on-the-villages-on-the,22725015,3 الشهر منذ
28.12.2024,اليوم وقع انفجار نتيجة قيام بعض الأشخاص بتقطيع صواريخ دفاع جوي قديمة (لاستعادتها وبيع قطعها) في مدينة حمص، ما أدى إلى تضرر عدة أبنية.,https://syria.liveuamap.com/ar/2024/27-december-12-today-an-explosion-was-provoked-by-people,22725021,3 الشهر منذ
28.12.2024,جمعة عكاش: قوات سوريا الديمقراطية تسيطر على سد تشرين وجسر قرقوزاق والمناطق المحيطة بهماقسدسورياستوديو_الحدث,https://syria.liveuamap.com/ar/2024/27-december-11-syrian-democratic-forces-control-tishreen,22724990,3 الشهر منذ
28.12.2024,وزير الطاقة التركي: أنقرة تدرس مد خط أنابيب نفط إلى سوريا وربطه بخط الأنابيب العراقي التركي - وسائل إعلام تركية,https://syria.liveuamap.com/ar/2024/27-december-11-turkeys-energy-minister-said-ankara-is-considering,22724988,3 الشهر منذ
28.12.2024,"وأكد عبدي أن قوات سوريا الديمقراطية جاهزة للاندماج في الجيش السوري الجديد بمجرد التفاوض على صيغة مناسبة، كما أعرب عن استعداده ""مبدئيا"" لنقل مسؤوليات أمن الحدود إلى السلطات الجديدة في دمشق.",https://syria.liveuamap.com/ar/2024/27-december-11-sdf-commander-abdi-stated-that-sdf-forces,22724987,3 الشهر منذ
28.12.2024,"الرئيس الأوكراني زيلينسكي: كما وعدنا، نحن ندعم الشعب السوري في وقت حاجته. 500 طن من دقيق القمح الأوكراني في طريقها بالفعل إلى سوريا كجزء من برنامجنا الإنساني ""حبوب من أوكرانيا"" بالتعاون مع برنامج الأغذية العالمي. ومن المقرر توزيع دقيق القمح على 33250 أسرة أو 167000 شخص، في الأسابيع المقبلة. تزن كل حزمة 15 كيلوغرامًا ويمكنها إطعام أسرة مكونة من خمسة أفراد لمدة شهر واحد. نتمنى لسوريا وشعبها السلامة والاستقرار والتعافي. نحن نعرف القيمة الحقيقية لهذه الأشياء.",https://syria.liveuamap.com/ar/2024/27-december-08-president-of-ukraine-zelensky-as-promised,22724963,3 الشهر منذ
28.12.2024,إدارة العمليات العسكرية في سوريا تعلن أنها اعتقلت شخصيات كبيرة من النظام السابق في طرطوس,https://syria.liveuamap.com/ar/2024/27-december-07-the-military-operations-department-in-syria,22724960,3 الشهر منذ
28.12.2024,إدارة العمليات العسكرية تشن حملة أمنية واسعة بريف حماة الغربي لملاحقة فلول النظام المخلوع,https://syria.liveuamap.com/ar/2024/27-december-06-the-military-operations-department-launches,22724959,3 الشهر منذ
28.12.2024,أنباء عن غارات جوية إسرائيلية على الحدود اللبنانية السورية,https://israelpalestine.liveuamap.com/ar/2024/27-december-05-israeli-airstrikes-reported-on-the-lebanonsyria,22724961,3 الشهر منذ
28.12.2024,الخارجية الإيرانية: طهران ترفض اتهامها بالتدخل في شؤون سوريا,https://syria.liveuamap.com/ar/2024/26-december-16-iranian-foreign-ministry-tehran-rejects-accusations,22724864,3 الشهر منذ
28.12.2024,مدير الاتصال في قوات سوريا الديمقراطية فرهاد الشامي يتحدث عن سد تشرين: نحن هنا,https://syria.liveuamap.com/ar/2024/26-december-15-sdf-communications-director-farhad-shami-reports,22724784,3 الشهر منذ
28.12.2024,مقاتلو قوات سوريا الديمقراطية يشتبكون مع الجيش الوطني السوري غرب سد تشرين,https://syria.liveuamap.com/ar/2024/26-december-15-sdf-fighters-clashing-with-the-tfsa-west-of,22724785,3 الشهر منذ
28.12.2024,دعت الإدارة الذاتية الكردية في شمال شرق سوريا (شمال سوريا) الخميس إلى حماية التنوع والتعددية في سوريا، وذلك بعد يوم من الاحتجاجات العنيفة في عدة محافظات بسبب هجوم مزعوم على مزار علوي في محافظة حلب.,https://syria.liveuamap.com/ar/2024/26-december-11-the-kurdishled-administration-in-northeast,22724733,3 الشهر منذ
28.12.2024,نفذت إدارة العمليات العسكرية مساء أمس، حملة مداهمات على عددٍ من المنازل في بلدة الحمدان بريف البوكمال شرقي ديرالزور، بعد رصدها لشاحنة أسـ.ـلحة حاول عناصر من ميليشيا الفوج 47 تهريبها إلى العراق. ديرالزور_24,https://syria.liveuamap.com/ar/2024/26-december-11-yesterday-evening-the-military-operations,22724730,3 الشهر منذ
28.12.2024,"أكد المتحدث باسم الحكومة العراقية باسم العوادي أن وفداً عراقياً برئاسة حميد الشاطري رئيس جهاز المخابرات الوطني التقى مسؤولين في الإدارة السورية الجديدة في دمشق. وأضاف أن ""الوفد العراقي ناقش التطورات على الساحة السورية ومتطلبات الأمن والاستقرار على الحدود المشتركة بين العراق وسوريا"".",https://syria.liveuamap.com/ar/2024/26-december-10-an-iraqi-delegation-headed-by-hamid-alshatri,22724729,3 الشهر منذ
29.12.2024,"الطيران المُسير التركي يستهدف بغارة جوية مجموعة لـ ""قوات سوريا الديمقراطية"" في محيط سد تشرين شرقي حلب",https://syria.liveuamap.com/ar/2024/30-december-22-turkish-drones-target-a-group-of-the-syrian,22725745,3 الشهر منذ
29.12.2024,"أكدت وزارة الدفاع الأميركية، الاثنين، أن وقف إطلاق النار الذي توسطت فيه الولايات المتحدة مؤخرا بين حليفتها في حلف شمال الأطلسي تركيا وشركائها الأكراد في شمال سوريا ""لا يزال صامدا"" على الرغم من التقارير عن وقوع اشتباكات في المنطقة.",https://syria.liveuamap.com/ar/2024/30-december-20-the-pentagon-emphasized-on-monday-that-the,22725724,3 الشهر منذ
29.12.2024,يقصف الجيش التركي والفصائل المسلحة التابعة له حالياً بلدة أبو قيقل ومحيط قرية البوبنة في ريف منبج الجنوبي الشرقي بالأسلحة الثقيلة.,https://syria.liveuamap.com/ar/2024/30-december-20-turkish-army-and-affiliated-armed-groups-are,22725729,3 الشهر منذ
29.12.2024,خريطة الغارات الجوية الإسرائيلية في سوريا التي استهدفت القواعد الجوية والدفاعات الجوية ومواقع المدفعية ومخازن الذخيرة بين 8 و16 كانون الأول/ديسمبر 2024,https://syria.liveuamap.com/ar/2024/30-december-20-map-of-israeli-airstrikes-in-syria-targeting,22725728,3 الشهر منذ
29.12.2024,قوات سوريا الديمقراطية تستهدف المسلحين الموالين لتركيا في محور أبو قلقل وريف منبج الجنوبي الشرقي براجمات الصواريخ والمدفعية,https://syria.liveuamap.com/ar/2024/30-december-20-sdf-forces-targeted-turkishbacked-militants,22725700,3 الشهر منذ
29.12.2024,أكسيوس عن مسؤولين أميركيين: المبعوث الأميركي دنيال روبينشتاين زار دمشق الأحد والتقى وزير الخارجية السوري,https://syria.liveuamap.com/ar/2024/30-december-20-axios-quoting-us-officials-us-envoy-daniel,22725674,3 الشهر منذ
29.12.2024,وزير الخارجية العراقي لنظيره السوري: العراق حريص على إعادة جميع أفراد بعثته الدبلوماسية لدمشق لمواصلة أعمالهم,https://syria.liveuamap.com/ar/2024/30-december-20-iraqi-foreign-minister-to-his-syrian-counterpart,22725673,3 الشهر منذ
29.12.2024,وأفادت وكالتنا بأن قرى قرقوشك وبئر حسو وكري صور وبركل في كوباني تعرضت لقصف تركي.,https://syria.liveuamap.com/ar/2024/30-december-19-the-anha-agency-reported-that-the-villages,22725679,3 الشهر منذ
29.12.2024,تنطلق في القامشلي مظاهرات تضامنية تطالب بحقوق اللاجئين والنازحين السوريين وتندد بالتغييرات الديمغرافية وتطالب بعودتهم الآمنة إلى ديارهم. ومن المقرر تنظيم فعاليات مماثلة في مختلف أنحاء سوريا,https://syria.liveuamap.com/ar/2024/30-december-18-solidarity-protests-held-in-qamishli-call,22725669,3 الشهر منذ
29.12.2024,وزير الخارجية الكويتي: نؤكد التزامنا بوحدة سوريا وسلامة أراضيها,https://syria.liveuamap.com/ar/2024/30-december-16-kuwaiti-foreign-minister-we-affirm-our-commitment,22725742,3 الشهر منذ
29.12.2024,وزارة الخارجية الكويتية: الوزير وأمين عام مجلس التعاون الخليجي يصلان إلى سوريا,https://syria.liveuamap.com/ar/2024/30-december-14-kuwaiti-foreign-ministry-minister-and-gcc,22725653,3 الشهر منذ
29.12.2024,"قسد تقول إنها مستعدة للتعاون مع الشرع لتكون ""نواة الجيش السوري""",https://syria.liveuamap.com/ar/2024/30-december-12-sdf-says-it-is-ready-to-cooperate-with-sharaa,22725640,3 الشهر منذ
29.12.2024,أردوغان يبحث مع نظيره الإماراتي أهمية ضمان الوحدة في سوريا من خلال إقامة دولة تعيش فيها المجموعات الإثنية والدينية المختلفة جنبا إلى جنب بسلام,https://syria.liveuamap.com/ar/2024/30-december-12-erdogan-discusses-with-his-emirati-counterpart,22725637,3 الشهر منذ
29.12.2024,تم تعيين ميساء صابرين حاكمة جديدة لمصرف سورية المركزي، وستكون أول امرأة تتولى هذا المنصب,https://syria.liveuamap.com/ar/2024/30-december-11-maysaa-sabreen-was-named-as-the-new-governor,22725634,3 الشهر منذ
29.12.2024,أفادت تقارير أن قوات تابعة للجيش الإسرائيلي تعمل في جنوب سوريا، توغلت داخل بلدة مدينة البعث في محافظة القنيطرة، وذكرت وسائل إعلام سورية محلية أن قوات إسرائيلية دخلت عدة مبان حكومية في البلدة لتفتيشها.,https://syria.liveuamap.com/ar/2024/30-december-10-israeli-army-troops-operating-in-southern,22725632,3 الشهر منذ
29.12.2024,وزير خارجية أوكرانيا في دمشق: أول شاحنات المساعدات الأوكرانية ستصل إلى سوريا غدا,https://syria.liveuamap.com/ar/2024/30-december-09-foreign-minister-of-ukraine-in-damascus-the,22725604,3 الشهر منذ
29.12.2024,وزير خارجية أوكرانيا يلتقي أحمد الشرع في دمشق,https://syria.liveuamap.com/ar/2024/30-december-09-ukraines-foreign-minister-meets-ahmed-alsharea,22725603,3 الشهر منذ
29.12.2024,وزير الطاقة التركي: مستعدون لتزويد سوريا ولبنان بالطاقة,https://syria.liveuamap.com/ar/2024/30-december-08-turkish-energy-minister-we-are-ready-to-supply,22725599,3 الشهر منذ
29.12.2024,قالت قوات سوريا الديمقراطية إن تركيا تقيم قاعدتين عسكريتين جديدتين في منبج وغرب نهر الفرات في شمال سوريا، كما تزعم القوات التي يقودها الأكراد أنها استهدفت عدة مواقع تركية في المناطق المجاورة - بيان,https://syria.liveuamap.com/ar/2024/30-december-06-the-syrian-democratic-forces-sdf-says-turkey,22725574,3 الشهر منذ
29.12.2024,قوات سوريا الديمقراطية تستهدف محور أبو قلقل في منبج براجمات الصواريخ,https://syria.liveuamap.com/ar/2024/29-december-23-sdf-forces-are-targeting-abu-qalqal-axis-in,22725515,3 الشهر منذ
29.12.2024,سماع دوي انفجار في الجزء الغربي من مدينة منبج,https://syria.liveuamap.com/ar/2024/29-december-22-explosion-was-heard-in-the-western-part-of,22725509,3 الشهر منذ
29.12.2024,سوريا: انفجار ضرب اليوم مبنى في المدينة الصناعية في عدرا (الغوطة الشرقية). قُتل وجُرح نحو 10 أشخاص في الانفجار. ولم يتأكد بعد ما إذا كان الانفجار ناجماً عن غارة جوية (إسرائيلية) أو انفجار عرضي بسبب وجود مخلفات حرب.,https://syria.liveuamap.com/ar/2024/29-december-13-syria-an-explosion-struck-today-a-building,22725426,3 الشهر منذ
29.12.2024,ارتفع عدد القتلى إلى أكثر من 20 قتيلاً وعدد كبير من الجرحى إثر انفجارات قرب عدرا بريف دمشق,https://syria.liveuamap.com/ar/2024/29-december-13-the-death-toll-has-risen-to-over-20-with-a,22725428,3 الشهر منذ
29.12.2024,قصف مدفعي عنيف على تلة بركل جنوب عين العرب / كوباني,https://syria.liveuamap.com/ar/2024/29-december-13-heavy-artillery-shelling-on-barkal-hill-south,22725423,3 الشهر منذ
29.12.2024,نشرت قوات سوريا الديمقراطية مقطع فيديو لضربتين صاروخيتين مضادتين للدروع ضد نظام مضاد للبطاريات مثبت على مركبة كوبرا تركية في قاعدة أقامتها بالقرب من جسر قره قوقاز، مما أدى إلى تدميرها. شوهدت هذه المركبة سابقًا في ضربة سابقة لـ FPV، لكن لم يتم التعرف عليها.,https://syria.liveuamap.com/ar/2024/29-december-13-the-sdf-released-video-of-two-atgm-strikes,22725422,3 الشهر منذ
29.12.2024,أفادت وسائل إعلام سورية بوقوع ضحايا في غارة جوية إسرائيلية مشتبه بها بالقرب من دمشق. ووفقاً لإذاعة شام إف إم، أدى انفجار في مدينة عدرا، على المشارف الشرقية للعاصمة، إلى مقتل عدة أشخاص. وتقول المحطة إن الانفجار كان على الأرجح ضربة إسرائيلية. ولم يصدر أي تعليق من جانب جيش الدفاع الإسرائيلي.,https://syria.liveuamap.com/ar/2024/29-december-12-syrian-media-report-casualties-in-a-suspected,22725421,3 الشهر منذ
29.12.2024,أعلن أحمد الشرع القائد العام للإدارة السورية الجديدة خلال لقاء تلفزيوني أن القوات الكردية سيتم دمجها ضمن وزارة الدفاع السورية وأن المفاوضات جارية,https://syria.liveuamap.com/ar/2024/29-december-09-ahmed-alsharaa-commanderinchief-of-syrias,22725404,3 الشهر منذ
29.12.2024,"أحمد الشرع لـ""العربية"": حل هيئة تحرير الشام سيعلن في مؤتمر الحوار الوطني",https://syria.liveuamap.com/ar/2024/29-december-09-ahmed-alsharaa-to-al-arabiya-the-dissolution,22725403,3 الشهر منذ
29.12.2024,أحمد الشرع : تنظيم انتخابات قد يستغرق 4 سنوات,https://syria.liveuamap.com/ar/2024/29-december-09-ahmed-alsharaa-organizing-elections-may-take,22725375,3 الشهر منذ
29.12.2024,دوي انفجارات في ريف مدينة تل تمر بشمال غربي الحسكة نتيجة قصف مدفعي تركي لقرى عدة بالمنطقة طيران مسير تركي يستهدف بغارة جوية سيارة عسكرية لقوات قسد قرب منطقة المحمودلي بريف الرقة,https://syria.liveuamap.com/ar/2024/29-december-08-explosions-in-the-countryside-of-tal-tamr,22725401,3 الشهر منذ
29.12.2024,استهدف طيران مسير تركي بغارة جوية سيارة عسكرية لقسد بالقرب من منطقة المحمودلي بريف الرقة. نهر_ميديا,https://syria.liveuamap.com/ar/2024/29-december-08-a-turkish-drone-targeted-a-sdf-military-vehicle,22725400,3 الشهر منذ
30.12.2024,"أردوغان: تركيا ستتخذ خطوات حاسمة في الفترة المقبلة لتحقيق ""منطقة خالية من الإرهاب""",https://syria.liveuamap.com/ar/2024/31-december-09-erdogan-trkiye-will-take-decisive-steps-in,22725856,3 الشهر منذ
30.12.2024,وذكرت قناة روناهي أن مفرق سيرين على الجبهة الجنوبية لمدينة كوباني تعرض لقصف من قبل المجموعات المسلحة المدعومة من تركيا.,https://syria.liveuamap.com/ar/2024/31-december-08-ronahi-tv-reports-that-the-sirin-junction,22725855,3 الشهر منذ
30.12.2024,قوات سوريا الديمقراطية تقصف المجموعات المسلحة المدعومة من تركيا جنوب شرق منبج,https://syria.liveuamap.com/ar/2024/31-december-07-sdf-shelling-the-turkishbacked-armed-groups,22725852,3 الشهر منذ
30.12.2024,"الطيران المُسير التركي يستهدف بغارة جوية مجموعة لـ ""قوات سوريا الديمقراطية"" في محيط سد تشرين شرقي حلب",https://syria.liveuamap.com/ar/2024/30-december-22-turkish-drones-target-a-group-of-the-syrian,22725745,3 الشهر منذ
30.12.2024,"أكدت وزارة الدفاع الأميركية، الاثنين، أن وقف إطلاق النار الذي توسطت فيه الولايات المتحدة مؤخرا بين حليفتها في حلف شمال الأطلسي تركيا وشركائها الأكراد في شمال سوريا ""لا يزال صامدا"" على الرغم من التقارير عن وقوع اشتباكات في المنطقة.",https://syria.liveuamap.com/ar/2024/30-december-20-the-pentagon-emphasized-on-monday-that-the,22725724,3 الشهر منذ
30.12.2024,يقصف الجيش التركي والفصائل المسلحة التابعة له حالياً بلدة أبو قيقل ومحيط قرية البوبنة في ريف منبج الجنوبي الشرقي بالأسلحة الثقيلة.,https://syria.liveuamap.com/ar/2024/30-december-20-turkish-army-and-affiliated-armed-groups-are,22725729,3 الشهر منذ
30.12.2024,خريطة الغارات الجوية الإسرائيلية في سوريا التي استهدفت القواعد الجوية والدفاعات الجوية ومواقع المدفعية ومخازن الذخيرة بين 8 و16 كانون الأول/ديسمبر 2024,https://syria.liveuamap.com/ar/2024/30-december-20-map-of-israeli-airstrikes-in-syria-targeting,22725728,3 الشهر منذ
30.12.2024,قوات سوريا الديمقراطية تستهدف المسلحين الموالين لتركيا في محور أبو قلقل وريف منبج الجنوبي الشرقي براجمات الصواريخ والمدفعية,https://syria.liveuamap.com/ar/2024/30-december-20-sdf-forces-targeted-turkishbacked-militants,22725700,3 الشهر منذ
30.12.2024,أكسيوس عن مسؤولين أميركيين: المبعوث الأميركي دنيال روبينشتاين زار دمشق الأحد والتقى وزير الخارجية السوري,https://syria.liveuamap.com/ar/2024/30-december-20-axios-quoting-us-officials-us-envoy-daniel,22725674,3 الشهر منذ
30.12.2024,وزير الخارجية العراقي لنظيره السوري: العراق حريص على إعادة جميع أفراد بعثته الدبلوماسية لدمشق لمواصلة أعمالهم,https://syria.liveuamap.com/ar/2024/30-december-20-iraqi-foreign-minister-to-his-syrian-counterpart,22725673,3 الشهر منذ
30.12.2024,وأفادت وكالتنا بأن قرى قرقوشك وبئر حسو وكري صور وبركل في كوباني تعرضت لقصف تركي.,https://syria.liveuamap.com/ar/2024/30-december-19-the-anha-agency-reported-that-the-villages,22725679,3 الشهر منذ
30.12.2024,تنطلق في القامشلي مظاهرات تضامنية تطالب بحقوق اللاجئين والنازحين السوريين وتندد بالتغييرات الديمغرافية وتطالب بعودتهم الآمنة إلى ديارهم. ومن المقرر تنظيم فعاليات مماثلة في مختلف أنحاء سوريا,https://syria.liveuamap.com/ar/2024/30-december-18-solidarity-protests-held-in-qamishli-call,22725669,3 الشهر منذ
30.12.2024,وزير الخارجية الكويتي: نؤكد التزامنا بوحدة سوريا وسلامة أراضيها,https://syria.liveuamap.com/ar/2024/30-december-16-kuwaiti-foreign-minister-we-affirm-our-commitment,22725742,3 الشهر منذ
30.12.2024,وزارة الخارجية الكويتية: الوزير وأمين عام مجلس التعاون الخليجي يصلان إلى سوريا,https://syria.liveuamap.com/ar/2024/30-december-14-kuwaiti-foreign-ministry-minister-and-gcc,22725653,3 الشهر منذ
30.12.2024,"قسد تقول إنها مستعدة للتعاون مع الشرع لتكون ""نواة الجيش السوري""",https://syria.liveuamap.com/ar/2024/30-december-12-sdf-says-it-is-ready-to-cooperate-with-sharaa,22725640,3 الشهر منذ
30.12.2024,أردوغان يبحث مع نظيره الإماراتي أهمية ضمان الوحدة في سوريا من خلال إقامة دولة تعيش فيها المجموعات الإثنية والدينية المختلفة جنبا إلى جنب بسلام,https://syria.liveuamap.com/ar/2024/30-december-12-erdogan-discusses-with-his-emirati-counterpart,22725637,3 الشهر منذ
30.12.2024,تم تعيين ميساء صابرين حاكمة جديدة لمصرف سورية المركزي، وستكون أول امرأة تتولى هذا المنصب,https://syria.liveuamap.com/ar/2024/30-december-11-maysaa-sabreen-was-named-as-the-new-governor,22725634,3 الشهر منذ
30.12.2024,أفادت تقارير أن قوات تابعة للجيش الإسرائيلي تعمل في جنوب سوريا، توغلت داخل بلدة مدينة البعث في محافظة القنيطرة، وذكرت وسائل إعلام سورية محلية أن قوات إسرائيلية دخلت عدة مبان حكومية في البلدة لتفتيشها.,https://syria.liveuamap.com/ar/2024/30-december-10-israeli-army-troops-operating-in-southern,22725632,3 الشهر منذ
30.12.2024,وزير خارجية أوكرانيا في دمشق: أول شاحنات المساعدات الأوكرانية ستصل إلى سوريا غدا,https://syria.liveuamap.com/ar/2024/30-december-09-foreign-minister-of-ukraine-in-damascus-the,22725604,3 الشهر منذ
30.12.2024,وزير خارجية أوكرانيا يلتقي أحمد الشرع في دمشق,https://syria.liveuamap.com/ar/2024/30-december-09-ukraines-foreign-minister-meets-ahmed-alsharea,22725603,3 الشهر منذ
30.12.2024,وزير الطاقة التركي: مستعدون لتزويد سوريا ولبنان بالطاقة,https://syria.liveuamap.com/ar/2024/30-december-08-turkish-energy-minister-we-are-ready-to-supply,22725599,3 الشهر منذ
30.12.2024,قالت قوات سوريا الديمقراطية إن تركيا تقيم قاعدتين عسكريتين جديدتين في منبج وغرب نهر الفرات في شمال سوريا، كما تزعم القوات التي يقودها الأكراد أنها استهدفت عدة مواقع تركية في المناطق المجاورة - بيان,https://syria.liveuamap.com/ar/2024/30-december-06-the-syrian-democratic-forces-sdf-says-turkey,22725574,3 الشهر منذ
30.12.2024,قوات سوريا الديمقراطية تستهدف محور أبو قلقل في منبج براجمات الصواريخ,https://syria.liveuamap.com/ar/2024/29-december-23-sdf-forces-are-targeting-abu-qalqal-axis-in,22725515,3 الشهر منذ
30.12.2024,سماع دوي انفجار في الجزء الغربي من مدينة منبج,https://syria.liveuamap.com/ar/2024/29-december-22-explosion-was-heard-in-the-western-part-of,22725509,3 الشهر منذ
30.12.2024,سوريا: انفجار ضرب اليوم مبنى في المدينة الصناعية في عدرا (الغوطة الشرقية). قُتل وجُرح نحو 10 أشخاص في الانفجار. ولم يتأكد بعد ما إذا كان الانفجار ناجماً عن غارة جوية (إسرائيلية) أو انفجار عرضي بسبب وجود مخلفات حرب.,https://syria.liveuamap.com/ar/2024/29-december-13-syria-an-explosion-struck-today-a-building,22725426,3 الشهر منذ
30.12.2024,ارتفع عدد القتلى إلى أكثر من 20 قتيلاً وعدد كبير من الجرحى إثر انفجارات قرب عدرا بريف دمشق,https://syria.liveuamap.com/ar/2024/29-december-13-the-death-toll-has-risen-to-over-20-with-a,22725428,3 الشهر منذ
30.12.2024,قصف مدفعي عنيف على تلة بركل جنوب عين العرب / كوباني,https://syria.liveuamap.com/ar/2024/29-december-13-heavy-artillery-shelling-on-barkal-hill-south,22725423,3 الشهر منذ
30.12.2024,نشرت قوات سوريا الديمقراطية مقطع فيديو لضربتين صاروخيتين مضادتين للدروع ضد نظام مضاد للبطاريات مثبت على مركبة كوبرا تركية في قاعدة أقامتها بالقرب من جسر قره قوقاز، مما أدى إلى تدميرها. شوهدت هذه المركبة سابقًا في ضربة سابقة لـ FPV، لكن لم يتم التعرف عليها.,https://syria.liveuamap.com/ar/2024/29-december-13-the-sdf-released-video-of-two-atgm-strikes,22725422,3 الشهر منذ
30.12.2024,أفادت وسائل إعلام سورية بوقوع ضحايا في غارة جوية إسرائيلية مشتبه بها بالقرب من دمشق. ووفقاً لإذاعة شام إف إم، أدى انفجار في مدينة عدرا، على المشارف الشرقية للعاصمة، إلى مقتل عدة أشخاص. وتقول المحطة إن الانفجار كان على الأرجح ضربة إسرائيلية. ولم يصدر أي تعليق من جانب جيش الدفاع الإسرائيلي.,https://syria.liveuamap.com/ar/2024/29-december-12-syrian-media-report-casualties-in-a-suspected,22725421,3 الشهر منذ
30.12.2024,أعلن أحمد الشرع القائد العام للإدارة السورية الجديدة خلال لقاء تلفزيوني أن القوات الكردية سيتم دمجها ضمن وزارة الدفاع السورية وأن المفاوضات جارية,https://syria.liveuamap.com/ar/2024/29-december-09-ahmed-alsharaa-commanderinchief-of-syrias,22725404,3 الشهر منذ
31.12.2024,"الجسر الإنساني السعودي ""جوي بري""حيث ستصل شحنات جوية يومياً عبر مطار دمشق الدولي كذلك ستصل غداً 52 شاحنة مساعدات عبر الحدود السورية الأردنية",https://syria.liveuamap.com/ar/2025/1-january-08-the-saudi-humanitarian-bridge-air-and-land-where,22726072,3 الشهر منذ
31.12.2024,قوات سوريا الديمقراطية تسقط طائرة مسيرة فوق جسر قره قوزاك بريف كوباني الجنوبي,https://syria.liveuamap.com/ar/2025/1-january-08-sdf-have-shot-down-a-drone-over-qaraqozak-bridge,22726071,3 الشهر منذ
31.12.2024,"أجرى وفد من قوات سوريا الديمقراطية محادثات مع أحمد الشرع في دمشق، ركزت بشكل أساسي على الأمور العسكرية، ووصفت المحادثات بأنها ""إيجابية""",https://syria.liveuamap.com/ar/2024/31-december-17-a-sdf-delegation-held-discussions-with-ahmad,22725910,3 الشهر منذ
31.12.2024,انفجار دراجة نارية مفخخة في مدينة تل رفعت شمالي مدينة حلب,https://syria.liveuamap.com/ar/2024/31-december-16-a-boobytrapped-motorcycle-exploded-in-the,22725906,3 الشهر منذ
31.12.2024,عاجـــــــــــــــــــــــلطائرة مسيرة لأدارة العمليات العسكرية تستهدف حاجز لميليشيات قسد في حي الأشرفية بمحافظة حلب أدى إلى نفوق 3 عناصر وجرح عدد منهممازالت ميليشيات قسد تسيطر على حي الأشرفية والشيخ مقصود في حلب حتى هذه اللحظة وكل يوم يتم استهداف المدنيين بقناصات…,https://syria.liveuamap.com/ar/2024/31-december-15-a-drone-belonging-to-the-military-operations,22725908,3 الشهر منذ
31.12.2024,سوريا: نفذ سلاح الجو الفرنسي أمس غارتين جويتين ضد أهداف لتنظيم داعش في الصحراء، ولم يتم الكشف عن الموقع الدقيق للغارتين.,https://syria.liveuamap.com/ar/2024/31-december-11-syria-the-french-air-force-carried-out-yesterday,22725881,3 الشهر منذ
31.12.2024,"أردوغان: تركيا ستتخذ خطوات حاسمة في الفترة المقبلة لتحقيق ""منطقة خالية من الإرهاب""",https://syria.liveuamap.com/ar/2024/31-december-09-erdogan-trkiye-will-take-decisive-steps-in,22725856,3 الشهر منذ
31.12.2024,وذكرت قناة روناهي أن مفرق سيرين على الجبهة الجنوبية لمدينة كوباني تعرض لقصف من قبل المجموعات المسلحة المدعومة من تركيا.,https://syria.liveuamap.com/ar/2024/31-december-08-ronahi-tv-reports-that-the-sirin-junction,22725855,3 الشهر منذ
31.12.2024,قوات سوريا الديمقراطية تقصف المجموعات المسلحة المدعومة من تركيا جنوب شرق منبج,https://syria.liveuamap.com/ar/2024/31-december-07-sdf-shelling-the-turkishbacked-armed-groups,22725852,3 الشهر منذ
31.12.2024,"الطيران المُسير التركي يستهدف بغارة جوية مجموعة لـ ""قوات سوريا الديمقراطية"" في محيط سد تشرين شرقي حلب",https://syria.liveuamap.com/ar/2024/30-december-22-turkish-drones-target-a-group-of-the-syrian,22725745,3 الشهر منذ
31.12.2024,"أكدت وزارة الدفاع الأميركية، الاثنين، أن وقف إطلاق النار الذي توسطت فيه الولايات المتحدة مؤخرا بين حليفتها في حلف شمال الأطلسي تركيا وشركائها الأكراد في شمال سوريا ""لا يزال صامدا"" على الرغم من التقارير عن وقوع اشتباكات في المنطقة.",https://syria.liveuamap.com/ar/2024/30-december-20-the-pentagon-emphasized-on-monday-that-the,22725724,3 الشهر منذ
31.12.2024,يقصف الجيش التركي والفصائل المسلحة التابعة له حالياً بلدة أبو قيقل ومحيط قرية البوبنة في ريف منبج الجنوبي الشرقي بالأسلحة الثقيلة.,https://syria.liveuamap.com/ar/2024/30-december-20-turkish-army-and-affiliated-armed-groups-are,22725729,3 الشهر منذ
31.12.2024,خريطة الغارات الجوية الإسرائيلية في سوريا التي استهدفت القواعد الجوية والدفاعات الجوية ومواقع المدفعية ومخازن الذخيرة بين 8 و16 كانون الأول/ديسمبر 2024,https://syria.liveuamap.com/ar/2024/30-december-20-map-of-israeli-airstrikes-in-syria-targeting,22725728,3 الشهر منذ
31.12.2024,قوات سوريا الديمقراطية تستهدف المسلحين الموالين لتركيا في محور أبو قلقل وريف منبج الجنوبي الشرقي براجمات الصواريخ والمدفعية,https://syria.liveuamap.com/ar/2024/30-december-20-sdf-forces-targeted-turkishbacked-militants,22725700,3 الشهر منذ
31.12.2024,أكسيوس عن مسؤولين أميركيين: المبعوث الأميركي دنيال روبينشتاين زار دمشق الأحد والتقى وزير الخارجية السوري,https://syria.liveuamap.com/ar/2024/30-december-20-axios-quoting-us-officials-us-envoy-daniel,22725674,3 الشهر منذ
31.12.2024,وزير الخارجية العراقي لنظيره السوري: العراق حريص على إعادة جميع أفراد بعثته الدبلوماسية لدمشق لمواصلة أعمالهم,https://syria.liveuamap.com/ar/2024/30-december-20-iraqi-foreign-minister-to-his-syrian-counterpart,22725673,3 الشهر منذ
31.12.2024,وأفادت وكالتنا بأن قرى قرقوشك وبئر حسو وكري صور وبركل في كوباني تعرضت لقصف تركي.,https://syria.liveuamap.com/ar/2024/30-december-19-the-anha-agency-reported-that-the-villages,22725679,3 الشهر منذ
31.12.2024,تنطلق في القامشلي مظاهرات تضامنية تطالب بحقوق اللاجئين والنازحين السوريين وتندد بالتغييرات الديمغرافية وتطالب بعودتهم الآمنة إلى ديارهم. ومن المقرر تنظيم فعاليات مماثلة في مختلف أنحاء سوريا,https://syria.liveuamap.com/ar/2024/30-december-18-solidarity-protests-held-in-qamishli-call,22725669,3 الشهر منذ
31.12.2024,وزير الخارجية الكويتي: نؤكد التزامنا بوحدة سوريا وسلامة أراضيها,https://syria.liveuamap.com/ar/2024/30-december-16-kuwaiti-foreign-minister-we-affirm-our-commitment,22725742,3 الشهر منذ
31.12.2024,وزارة الخارجية الكويتية: الوزير وأمين عام مجلس التعاون الخليجي يصلان إلى سوريا,https://syria.liveuamap.com/ar/2024/30-december-14-kuwaiti-foreign-ministry-minister-and-gcc,22725653,3 الشهر منذ
31.12.2024,"قسد تقول إنها مستعدة للتعاون مع الشرع لتكون ""نواة الجيش السوري""",https://syria.liveuamap.com/ar/2024/30-december-12-sdf-says-it-is-ready-to-cooperate-with-sharaa,22725640,3 الشهر منذ
31.12.2024,أردوغان يبحث مع نظيره الإماراتي أهمية ضمان الوحدة في سوريا من خلال إقامة دولة تعيش فيها المجموعات الإثنية والدينية المختلفة جنبا إلى جنب بسلام,https://syria.liveuamap.com/ar/2024/30-december-12-erdogan-discusses-with-his-emirati-counterpart,22725637,3 الشهر منذ
31.12.2024,تم تعيين ميساء صابرين حاكمة جديدة لمصرف سورية المركزي، وستكون أول امرأة تتولى هذا المنصب,https://syria.liveuamap.com/ar/2024/30-december-11-maysaa-sabreen-was-named-as-the-new-governor,22725634,3 الشهر منذ
31.12.2024,أفادت تقارير أن قوات تابعة للجيش الإسرائيلي تعمل في جنوب سوريا، توغلت داخل بلدة مدينة البعث في محافظة القنيطرة، وذكرت وسائل إعلام سورية محلية أن قوات إسرائيلية دخلت عدة مبان حكومية في البلدة لتفتيشها.,https://syria.liveuamap.com/ar/2024/30-december-10-israeli-army-troops-operating-in-southern,22725632,3 الشهر منذ
31.12.2024,وزير خارجية أوكرانيا في دمشق: أول شاحنات المساعدات الأوكرانية ستصل إلى سوريا غدا,https://syria.liveuamap.com/ar/2024/30-december-09-foreign-minister-of-ukraine-in-damascus-the,22725604,3 الشهر منذ
31.12.2024,وزير خارجية أوكرانيا يلتقي أحمد الشرع في دمشق,https://syria.liveuamap.com/ar/2024/30-december-09-ukraines-foreign-minister-meets-ahmed-alsharea,22725603,3 الشهر منذ
31.12.2024,وزير الطاقة التركي: مستعدون لتزويد سوريا ولبنان بالطاقة,https://syria.liveuamap.com/ar/2024/30-december-08-turkish-energy-minister-we-are-ready-to-supply,22725599,3 الشهر منذ
31.12.2024,قالت قوات سوريا الديمقراطية إن تركيا تقيم قاعدتين عسكريتين جديدتين في منبج وغرب نهر الفرات في شمال سوريا، كما تزعم القوات التي يقودها الأكراد أنها استهدفت عدة مواقع تركية في المناطق المجاورة - بيان,https://syria.liveuamap.com/ar/2024/30-december-06-the-syrian-democratic-forces-sdf-says-turkey,22725574,3 الشهر منذ
31.12.2024,قوات سوريا الديمقراطية تستهدف محور أبو قلقل في منبج براجمات الصواريخ,https://syria.liveuamap.com/ar/2024/29-december-23-sdf-forces-are-targeting-abu-qalqal-axis-in,22725515,3 الشهر منذ
31.12.2024,سماع دوي انفجار في الجزء الغربي من مدينة منبج,https://syria.liveuamap.com/ar/2024/29-december-22-explosion-was-heard-in-the-western-part-of,22725509,3 الشهر منذ
