Date,Title,Link,Post ID,Posted Date,Latitude,Longitude
01.01.2025,أعمال بناء قاعدة التحالف الدولي في كوباني,https://syria.liveuamap.com/ar/2025/2-january-10-construction-work-of-the-international-coalition,22726392,2 الشهر منذ,36.88015,38.35344
01.01.2025,وزير خارجية الإدارة السورية ووزير الدفاع ورئيس الاستخبارات يصلون الرياض,https://syria.liveuamap.com/ar/2025/1-january-19-syrian-foreign-minister-defense-minister-and,22726257,2 الشهر منذ,24.64448,46.694
01.01.2025,نائب وزير الخارجية السعودي يستقبل وفدا سوريا رفيع المستوى,https://syria.liveuamap.com/ar/2025/1-january-19-saudi-deputy-foreign-minister-receives-highlevel,22726256,2 الشهر منذ,24.6446,46.69347
01.01.2025,Ll سقوط 4 قتلى وعشرات المصابين في اشتباكات بين حركة رجال الكرامة وقوات شيخ الكرامة في السويداء,https://syria.liveuamap.com/ar/2025/1-january-15-4-dead-and-dozens-injured-in-clashes-between,22726194,2 الشهر منذ,32.70695,36.56387
01.01.2025,إعلام سوري: انفجار في دير جمال شمالي حلب,https://syria.liveuamap.com/ar/2025/1-january-15-explosion-in-deir-jamal-north-of-aleppo,22726196,2 الشهر منذ,36.44323,37.02667
01.01.2025,نفذ الجيش التركي قصفاً مدفعياً مكثفاً على قرية جوربرليك في ريف كري سبي (تل أبيض) الغربي، أدى إلى تدمير منازل وممتلكات المدنيين,https://syria.liveuamap.com/ar/2025/1-january-14-the-turkish-military-carried-out-extensive-artillery,22726193,2 الشهر منذ,36.68025,38.75187
01.01.2025,استقدمت قوات سوريا الديمقراطية تعزيزات عسكرية كبيرة إلى جبهة سد تشرين، في إطار تعزيز دفاعاتها ومواجهة التهديدات المتزايدة,https://syria.liveuamap.com/ar/2025/1-january-13-the-syrian-democratic-forces-have-brought-in,22726174,2 الشهر منذ,36.37914,38.17337
01.01.2025,نفذت طائرات مسيرة تركية هجوما على معمل للسكر في بلدة دير حافر الواقعة شرقي حلب في منطقة خاضعة لسيطرة الأكراد.,https://syria.liveuamap.com/ar/2025/1-january-13-turkish-drones-carried-out-an-attack-on-a-sugar,22726173,2 الشهر منذ,36.14647,37.72233
01.01.2025,"قصفت القوات التركية بالمدفعية الثقيلة منطقة جسر قره قوزاك وقرية ""بير حسو"" جنوب مدينة كوباني، ما أدى إلى أضرار مادية في منازل المدنيين وممتلكاتهم.",https://syria.liveuamap.com/ar/2025/1-january-12-turkish-forces-bombed-the-qarqozak-bridge-area,22726175,2 الشهر منذ,36.64611,38.22933
01.01.2025,اشتباكات عنيفة في ريف منبج الشرقي بين قوات سوريا الديمقراطية والجيش الوطني السوري بقيادة تركيا، الطيران التركي يقدم دعماً جوياً للجيش الوطني السوري في غارة شمال مسكنة,https://syria.liveuamap.com/ar/2025/1-january-12-fierce-clashes-in-the-eastern-countryside-of,22726142,2 الشهر منذ,36.45035,38.1519
01.01.2025,"الجسر الإنساني السعودي ""جوي بري""حيث ستصل شحنات جوية يومياً عبر مطار دمشق الدولي كذلك ستصل غداً 52 شاحنة مساعدات عبر الحدود السورية الأردنية",https://syria.liveuamap.com/ar/2025/1-january-08-the-saudi-humanitarian-bridge-air-and-land-where,22726072,2 الشهر منذ,33.41697,36.50877
01.01.2025,قوات سوريا الديمقراطية تسقط طائرة مسيرة فوق جسر قره قوزاك بريف كوباني الجنوبي,https://syria.liveuamap.com/ar/2025/1-january-08-sdf-have-shot-down-a-drone-over-qaraqozak-bridge,22726071,2 الشهر منذ,36.64143,38.21285
01.01.2025,"أجرى وفد من قوات سوريا الديمقراطية محادثات مع أحمد الشرع في دمشق، ركزت بشكل أساسي على الأمور العسكرية، ووصفت المحادثات بأنها ""إيجابية""",https://syria.liveuamap.com/ar/2024/31-december-17-a-sdf-delegation-held-discussions-with-ahmad,22725910,2 الشهر منذ,33.51292,36.27634
01.01.2025,انفجار دراجة نارية مفخخة في مدينة تل رفعت شمالي مدينة حلب,https://syria.liveuamap.com/ar/2024/31-december-16-a-boobytrapped-motorcycle-exploded-in-the,22725906,2 الشهر منذ,36.47014,37.09362
01.01.2025,عاجـــــــــــــــــــــــلطائرة مسيرة لأدارة العمليات العسكرية تستهدف حاجز لميليشيات قسد في حي الأشرفية بمحافظة حلب أدى إلى نفوق 3 عناصر وجرح عدد منهممازالت ميليشيات قسد تسيطر على حي الأشرفية والشيخ مقصود في حلب حتى هذه اللحظة وكل يوم يتم استهداف المدنيين بقناصات…,https://syria.liveuamap.com/ar/2024/31-december-15-a-drone-belonging-to-the-military-operations,22725908,2 الشهر منذ,36.2282,37.14581
01.01.2025,سوريا: نفذ سلاح الجو الفرنسي أمس غارتين جويتين ضد أهداف لتنظيم داعش في الصحراء، ولم يتم الكشف عن الموقع الدقيق للغارتين.,https://syria.liveuamap.com/ar/2024/31-december-11-syria-the-french-air-force-carried-out-yesterday,22725881,2 الشهر منذ,35.2534,39.63073
01.01.2025,"أردوغان: تركيا ستتخذ خطوات حاسمة في الفترة المقبلة لتحقيق ""منطقة خالية من الإرهاب""",https://syria.liveuamap.com/ar/2024/31-december-09-erdogan-trkiye-will-take-decisive-steps-in,22725856,2 الشهر منذ,39.92901,32.79874
01.01.2025,وذكرت قناة روناهي أن مفرق سيرين على الجبهة الجنوبية لمدينة كوباني تعرض لقصف من قبل المجموعات المسلحة المدعومة من تركيا.,https://syria.liveuamap.com/ar/2024/31-december-08-ronahi-tv-reports-that-the-sirin-junction,22725855,2 الشهر منذ,36.64002,38.2671
01.01.2025,قوات سوريا الديمقراطية تقصف المجموعات المسلحة المدعومة من تركيا جنوب شرق منبج,https://syria.liveuamap.com/ar/2024/31-december-07-sdf-shelling-the-turkishbacked-armed-groups,22725852,2 الشهر منذ,36.09918,38.01793
01.01.2025,"الطيران المُسير التركي يستهدف بغارة جوية مجموعة لـ ""قوات سوريا الديمقراطية"" في محيط سد تشرين شرقي حلب",https://syria.liveuamap.com/ar/2024/30-december-22-turkish-drones-target-a-group-of-the-syrian,22725745,2 الشهر منذ,36.38108,38.172
01.01.2025,"أكدت وزارة الدفاع الأميركية، الاثنين، أن وقف إطلاق النار الذي توسطت فيه الولايات المتحدة مؤخرا بين حليفتها في حلف شمال الأطلسي تركيا وشركائها الأكراد في شمال سوريا ""لا يزال صامدا"" على الرغم من التقارير عن وقوع اشتباكات في المنطقة.",https://syria.liveuamap.com/ar/2024/30-december-20-the-pentagon-emphasized-on-monday-that-the,22725724,2 الشهر منذ,38.87212,-77.0548
01.01.2025,يقصف الجيش التركي والفصائل المسلحة التابعة له حالياً بلدة أبو قيقل ومحيط قرية البوبنة في ريف منبج الجنوبي الشرقي بالأسلحة الثقيلة.,https://syria.liveuamap.com/ar/2024/30-december-20-turkish-army-and-affiliated-armed-groups-are,22725729,2 الشهر منذ,36.44129,38.12678
01.01.2025,خريطة الغارات الجوية الإسرائيلية في سوريا التي استهدفت القواعد الجوية والدفاعات الجوية ومواقع المدفعية ومخازن الذخيرة بين 8 و16 كانون الأول/ديسمبر 2024,https://syria.liveuamap.com/ar/2024/30-december-20-map-of-israeli-airstrikes-in-syria-targeting,22725728,2 الشهر منذ,33.47972,36.22679
01.01.2025,قوات سوريا الديمقراطية تستهدف المسلحين الموالين لتركيا في محور أبو قلقل وريف منبج الجنوبي الشرقي براجمات الصواريخ والمدفعية,https://syria.liveuamap.com/ar/2024/30-december-20-sdf-forces-targeted-turkishbacked-militants,22725700,2 الشهر منذ,36.43454,38.05149
01.01.2025,أكسيوس عن مسؤولين أميركيين: المبعوث الأميركي دنيال روبينشتاين زار دمشق الأحد والتقى وزير الخارجية السوري,https://syria.liveuamap.com/ar/2024/30-december-20-axios-quoting-us-officials-us-envoy-daniel,22725674,2 الشهر منذ,33.51628,36.25093
01.01.2025,وزير الخارجية العراقي لنظيره السوري: العراق حريص على إعادة جميع أفراد بعثته الدبلوماسية لدمشق لمواصلة أعمالهم,https://syria.liveuamap.com/ar/2024/30-december-20-iraqi-foreign-minister-to-his-syrian-counterpart,22725673,2 الشهر منذ,33.51671,36.25188
01.01.2025,وأفادت وكالتنا بأن قرى قرقوشك وبئر حسو وكري صور وبركل في كوباني تعرضت لقصف تركي.,https://syria.liveuamap.com/ar/2024/30-december-19-the-anha-agency-reported-that-the-villages,22725679,2 الشهر منذ,36.74631,38.29456
01.01.2025,تنطلق في القامشلي مظاهرات تضامنية تطالب بحقوق اللاجئين والنازحين السوريين وتندد بالتغييرات الديمغرافية وتطالب بعودتهم الآمنة إلى ديارهم. ومن المقرر تنظيم فعاليات مماثلة في مختلف أنحاء سوريا,https://syria.liveuamap.com/ar/2024/30-december-18-solidarity-protests-held-in-qamishli-call,22725669,2 الشهر منذ,37.05269,41.23272
01.01.2025,وزير الخارجية الكويتي: نؤكد التزامنا بوحدة سوريا وسلامة أراضيها,https://syria.liveuamap.com/ar/2024/30-december-16-kuwaiti-foreign-minister-we-affirm-our-commitment,22725742,2 الشهر منذ,33.51259,36.27497
01.01.2025,وزارة الخارجية الكويتية: الوزير وأمين عام مجلس التعاون الخليجي يصلان إلى سوريا,https://syria.liveuamap.com/ar/2024/30-december-14-kuwaiti-foreign-ministry-minister-and-gcc,22725653,2 الشهر منذ,33.5137,36.27565
02.01.2025,رئيس الوزراء اللبناني نجيب ميقاتي يبحث في اتصال هاتفي مع الزعيم السوري أحمد الشرع العلاقات بين البلدين,https://syria.liveuamap.com/ar/2025/3-january-20-lebanese-prime-minister-najib-mikati-discusses,22726714,2 الشهر منذ,33.89461,35.497
02.01.2025,قصفت طائرات  التركي سد تشرين ومحيطه 5 مرات ومنطقة دير حافر 3 مرات والقصف مستمر,https://syria.liveuamap.com/ar/2025/3-january-19-turkish-warplanes-bombed-the-tishrin-dam-and,22726706,2 الشهر منذ,36.02992,37.95982
02.01.2025,الفصائل المسلحة المدعومة من تركيا تقصف أهدافاً لقوات سوريا الديمقراطية في قريتي أم الكيف وكوزالية على خط تل تمر بنيران المدفعية,https://syria.liveuamap.com/ar/2025/3-january-19-turkishbacked-armed-groups-hit-sdf-targets-in,22726660,2 الشهر منذ,36.62564,40.21599
02.01.2025,"مصادر الحدث: غارات تركية تستهدف مواقع  لـ""قسد"" قرب معمل السكر بريف مسكنة شرق حلب",https://syria.liveuamap.com/ar/2025/3-january-19-turkish-raids-target-sdf-sites-near-the-sugar,22726654,2 الشهر منذ,36.02189,37.96961
02.01.2025,"""قصفت طائرات حربية تركية مدينة دير حافر وريفها وسد تشرين ومحيطه جنوب شرق مدينة منبج، ولا تزال الطائرات تحلق في أجواء المنطقة""، بحسب المركز الإعلامي لقوات سوريا الديمقراطية.",https://syria.liveuamap.com/ar/2025/3-january-19-nturkish-warplanes-bombed-the-city-of-deir-hafer,22726657,2 الشهر منذ,36.38288,38.16338
02.01.2025,الطيران التركي ينفذ حاليا عدة غارات جوية في محيط سد تشرين وريف منبج,https://syria.liveuamap.com/ar/2025/3-january-18-the-turkish-airforce-is-currently-carrying-out,22726649,2 الشهر منذ,36.38432,38.17294
02.01.2025,"صرح البنتاغون أن الولايات المتحدة ""ليس لديها خطط لبناء قاعدة في كوباني"" في شمال شرق سوريا. وعلى الرغم من التقارير المحلية، قالت سكرتيرة البنتاغون سابرينا سينغ للصحفيين إنها ""ليست على علم"" بأي تحركات للقوات الأمريكية أو جهودها هناك.",https://syria.liveuamap.com/ar/2025/3-january-18-pentagon-says-us-has-no-plans-to-build-a-base,22726648,2 الشهر منذ,38.87052,-77.05441
02.01.2025,الولايات المتحدة تقول إنها لا تخطط لبناء قاعدة عسكرية في كوباني شمال سوريا,https://syria.liveuamap.com/ar/2025/3-january-18-us-says-it-has-no-plans-to-build-a-military,22726643,2 الشهر منذ,36.89088,38.3507
02.01.2025,بيان فرنسي ألماني بعد لقاء الجولاني: تم التأكيد على ضرورة مواصلة القتال ضد داعش,https://syria.liveuamap.com/ar/2025/3-january-17-frenchgerman-statement-after-meeting-with-aljulani,22726713,2 الشهر منذ,33.51642,36.25136
02.01.2025,اشتباكات بين قوات سوريا الديمقراطية والفصائل المسلحة المدعومة من تركيا على محور دير حافر,https://syria.liveuamap.com/ar/2025/3-january-15-clashes-between-sdf-and-turkishbacked-armed,22726629,2 الشهر منذ,36.15781,37.6886
02.01.2025,مصادر الحدث: إدارة العمليات العسكرية ترسل تعزيزات عسكرية لتأمين الحدود السورية اللبنانية,https://syria.liveuamap.com/ar/2025/3-january-14-the-military-operations-department-sends-military,22726608,2 الشهر منذ,33.82449,36.16459
02.01.2025,وزير الخارجية الفرنسي يدعو إلى إتلاف مخزون الأسلحة الكيميائية السورية,https://syria.liveuamap.com/ar/2025/3-january-14-french-foreign-minister-calls-for-destroying,22726601,2 الشهر منذ,33.51422,36.27565
02.01.2025,"شركة كهرباء ""إربد"" الأردنية تبدأ تزويد معبر نصيب في محافظة درعا بالتيار الكهربائي",https://syria.liveuamap.com/ar/2025/3-january-13-jordans-irbid-electricity-company-begins-supplying,22726597,2 الشهر منذ,32.53636,36.20201
02.01.2025,احتجاجات تتجدد في ساحة الكرامة بالسويداء اليوم، بمشاركة العشرات من مختلف مناطق المحافظة، رافعين شعارات للوحدة الوطنية ومناهضة المشاريع الانفصالية. كما نظمت وقفة في القريا احتجاجاً على قرارات الحكومة المؤقتة وتغيير المناهج التعليمية.,https://syria.liveuamap.com/ar/2025/3-january-12-protests-are-renewed-in-alkarama-square-in-sweida,22726590,2 الشهر منذ,32.7122,36.56653
02.01.2025,غارة جوية تستهدف مركزاً في بلدة الحرية شمال غرب الرقة والتي تعتبر خط إمداد عسكري ونقطة استراحة لمقاتلي ميليشيا قسد على جبهة منبج,https://syria.liveuamap.com/ar/2025/3-january-12-an-airstrike-targeted-a-center-in-the-town-of,22726586,2 الشهر منذ,36.25949,38.8686
02.01.2025,غارة جوية تستهدف مواقع مليشيا قوات سوريا الديمقراطية قسد في قرية الحرية بريف الطبقة,https://syria.liveuamap.com/ar/2025/3-january-11-an-airstrike-targets-the-positions-of-the-syrian,22726585,2 الشهر منذ,36.25561,38.8662
02.01.2025,بتاريخ ٣ / ١ / ٢٠٢٥، أثناء عمل وحدة من الجيش على إغلاق معبر غير شرعي عند الحدود اللبنانية السورية في منطقة معربون - بعلبك، حاول أشخاص سوريون فتح المعبر بواسطة جرافة، فأطلق عناصر الجيش نيرانًا تحذيرية في الهواء، وعمد السوريون إلى إطلاق النار نحو عناصر الجيش ما أدى إلى إصابة أحدهم ووقوع اشتباك بين الجانبين.nوقد اتخذت وحدات الجيش المنتشرة في القطاع تدابير عسكرية مشددة، وتجري ال اللازمة للحادثة,https://syria.liveuamap.com/ar/2025/3-january-11-lebanese-army-on-01032025-while-an-army-unit,22726603,2 الشهر منذ,33.83931,36.17661
02.01.2025,وزير الخارجية الفرنسي: نأمل أن تكون سوريا ذات سيادة ومستقرة وهادئة,https://syria.liveuamap.com/ar/2025/3-january-08-french-foreign-minister-we-hope-that-syria-will,22726552,2 الشهر منذ,33.51767,36.2519
02.01.2025,مراسل درعا 24: تحليق طائرة مُسيرة في أجواء بعض مناطق الريف الشرقي من محافظة درعا، غير معروف مصدرها.درعا طائرة_مسيرة تحليق الريف_الشرقي درعا24,https://syria.liveuamap.com/ar/2025/3-january-08-a-drone-is-flying-in-the-airspace-of-some-areas,22726554,2 الشهر منذ,32.66585,36.39084
02.01.2025,وزيرا خارجية فرنسا وألمانيا يصلان إلى دمشق,https://syria.liveuamap.com/ar/2025/3-january-05-france-and-germany-foreign-ministers-arrive,22726549,2 الشهر منذ,33.51392,36.2499
02.01.2025,سوريا: غارات إسرائيلية متواصلة على محافظة حلب وانفجارات قادمة من منطقة السفيرة (من المرجح أن تكون مصانع دفاعية أو مجمع علمي مستهدف),https://syria.liveuamap.com/ar/2025/2-january-21-syria-ongoing-israeli-airstrikes-in-aleppo-province,22726480,2 الشهر منذ,36.05618,37.33171
02.01.2025,غارات اسرائيلية على حلب شمالي سوريا,https://syria.liveuamap.com/ar/2025/2-january-21-israeli-raids-on-aleppo-northern-syria,22726479,2 الشهر منذ,36.05867,37.33532
02.01.2025,قال المرشد الإيراني، علي خامنئي، إن استمرار وجود القوات الأميركية في سوريا أمر مستحيل.وتحدث خامنئي في مراسم الذكرى الـ 5 لمقتل قاسم سليماني، مهندس الاستراتيجية الإيرانية في المنطقة، الذي قُتل بغارة جوية أميركية في بغداد بأمر من الرئيس الأميركي دونالد ترمب خلال ولايته الأولى,https://syria.liveuamap.com/ar/2025/2-january-21-irans-supreme-leader-ali-khamenei-said-the-continued,22726476,2 الشهر منذ,35.80249,51.42735
02.01.2025,المرصد السوري: 24 قتيلا في معارك بين فصائل موالية لتركيا و قوات سوريا الديموقراطية في منبج,https://syria.liveuamap.com/ar/2025/2-january-20-syrian-observatory-24-killed-in-battles-between,22726464,2 الشهر منذ,36.32147,38.11586
02.01.2025,سيطرت قوات الجيش الوطني على قرية السعيدين و تلة السيرياتيل الاستراتيجية قرب سد تشرين بريف منبج,https://syria.liveuamap.com/ar/2025/2-january-19-turkishbacked-sna-forces-took-control-of-the,22726467,2 الشهر منذ,,
02.01.2025,قوات سوريا الديمقراطية: صدت قوات مجلس منبج العسكري بنجاح هجمات المجموعات المدعومة من تركيا على محاور قريتي العطشانة والمسطاحة جنوب مدينة منبج، وفي محور أبو قلقل تصدت قوات سوريا الديمقراطية لهجوم آخر، وتمكنت خلاله من تدمير عربة مدرعة نوع BMP قرب قرية علوش وإعطاب دبابة، كما قتل وجرح العشرات من المقاتلين خلال الاشتباكات.,https://syria.liveuamap.com/ar/2025/2-january-15-sdf-press-the-forces-of-the-manbij-military,22726426,2 الشهر منذ,,
02.01.2025,طائرات مسيرة لقوات سوريا الديمقراطية تستهدف مجموعات مسلحة مدعومة من تركيا في ريف منبج,https://syria.liveuamap.com/ar/2025/2-january-15-sdf-drone-strike-at-the-turkishbacked-armed,22726474,2 الشهر منذ,,
02.01.2025,تسيطر مجموعات مسلحة مدعومة من تركيا ضمن غرفة عمليات #فجر_الحرية على برج الاتصالات في قرية #الرسم بريف #منبج شرقي #حلب، وهي نقطة تطل على سد تشرين والقرى المحيطة به.,https://syria.liveuamap.com/ar/2025/2-january-15-turkishbacked-armed-groups-within-fajralhurriya,22726425,2 الشهر منذ,,
02.01.2025,الطيران الإسرائيلي يشن غارات على ريف دمشق الغربي في منطقة تل الشحمسوريا,https://syria.liveuamap.com/ar/2025/2-january-13-israeli-aircraft-launch-raids-on-the-western,22726402,2 الشهر منذ,,
02.01.2025,انفجارات قوية تهز ريف دمشق الغربي وسط أنباء عن قصف إسرائيلي استهدف تل الشحم العسكري,https://syria.liveuamap.com/ar/2025/2-january-13-strong-explosions-rock-western-damascus-countryside,22726397,2 الشهر منذ,,
02.01.2025,Syria airstrikes Raqqa:استهدف طيران حربي تابع للتحـ.ـالف الدولي بعدة غـ.ـارات جـ.ـوية مواقعاً ينشط بها تنظيم د١عـــ ــش في بادية الرقة الجنوبية. ديرالزور_24,https://syria.liveuamap.com/ar/2025/2-january-12-international-coalition-warplanes-targeted-several,22726393,2 الشهر منذ,,
02.01.2025,مصادر في هيئة تحرير الشام: قسد طلبت إعادة هيكلة مليشياتها تحت مسمى فيلق معين ضمن الجيش الجديد ، وتحديد نسبة لها من الموارد التي تسيطر عليها خاصة النفط ، قوبلت هذه المطالبات بالرفض من القيادة العامة ، ولكن هناك مقترح يدرس لضم عناصر من قسد غير المتورطين بجرائم ضد السوريين…اس الصراع في الشاممفاوضات الهيئة وقسد،شروط الهيئة :١- حل قواتها في وزارة الدفاع٢- القرارات السيادية لحكومة دمشق٣- منح الأكراد حقوق ثقافية واجتماعية وإدارة لا مركزية٤- النفط ٨٠٪ لدمشق و ٢٠٪ للإدارة الذاتيةقسد رفضت كل هذه الشروطشروط قسد :١- إدارة لا مركزية شاملة…,https://syria.liveuamap.com/ar/2025/2-january-11-sources-in-hayat-tahrir-alsham-the-sdf-requested,22726390,2 الشهر منذ,,
02.01.2025,المدفعية التركية تقصف مواقع قوات سوريا الديمقراطية بالقرب من سد تشرين,https://syria.liveuamap.com/ar/2025/2-january-11-turkish-artillery-shelling-sdf-positions-near,22726381,2 الشهر منذ,,
02.01.2025,أعمال بناء قاعدة التحالف الدولي في كوباني,https://syria.liveuamap.com/ar/2025/2-january-10-construction-work-of-the-international-coalition,22726392,2 الشهر منذ,,
03.01.2025,رئيس هيئة الطيران المدني والنقل الجوي في سوريا: نطمئن شركات الطيران العربية والعالمية بأننا في مرحلة إعادة تأهيل كاملة لمطاري حلب ودمشق,https://syria.liveuamap.com/ar/2025/4-january-10-head-of-the-civil-aviation-and-air-transport,22726813,2 الشهر منذ,,
03.01.2025,وصول أول طائرة تحمل مساعدات من الهلال الأحمر المصري إلى مطار دمشق الدولي,https://syria.liveuamap.com/ar/2025/4-january-09-the-arrival-of-the-first-plane-carrying-aid,22726794,2 الشهر منذ,,
03.01.2025,الإدارة السورية: ضبطنا مستودعاً للذخيرة في حي الزهراء بحمص,https://syria.liveuamap.com/ar/2025/4-january-08-syrian-administration-we-seized-an-ammunition,22726764,2 الشهر منذ,,
03.01.2025,وكالة الأنباء السورية: حملة أمنية بالتعاون بين وزارة الداخلية إدارة العمليات العسكرية لملاحقة عناصر النظام السابق بمدينة حمص وريفها,https://syria.liveuamap.com/ar/2025/4-january-08-syrian-news-agency-a-security-campaign-in-cooperation,22726749,2 الشهر منذ,,
03.01.2025,رئيس الوزراء اللبناني نجيب ميقاتي يبحث في اتصال هاتفي مع الزعيم السوري أحمد الشرع العلاقات بين البلدين,https://syria.liveuamap.com/ar/2025/3-january-20-lebanese-prime-minister-najib-mikati-discusses,22726714,2 الشهر منذ,,
03.01.2025,قصفت طائرات  التركي سد تشرين ومحيطه 5 مرات ومنطقة دير حافر 3 مرات والقصف مستمر,https://syria.liveuamap.com/ar/2025/3-january-19-turkish-warplanes-bombed-the-tishrin-dam-and,22726706,2 الشهر منذ,,
03.01.2025,الفصائل المسلحة المدعومة من تركيا تقصف أهدافاً لقوات سوريا الديمقراطية في قريتي أم الكيف وكوزالية على خط تل تمر بنيران المدفعية,https://syria.liveuamap.com/ar/2025/3-january-19-turkishbacked-armed-groups-hit-sdf-targets-in,22726660,2 الشهر منذ,,
03.01.2025,"مصادر الحدث: غارات تركية تستهدف مواقع  لـ""قسد"" قرب معمل السكر بريف مسكنة شرق حلب",https://syria.liveuamap.com/ar/2025/3-january-19-turkish-raids-target-sdf-sites-near-the-sugar,22726654,2 الشهر منذ,,
03.01.2025,"""قصفت طائرات حربية تركية مدينة دير حافر وريفها وسد تشرين ومحيطه جنوب شرق مدينة منبج، ولا تزال الطائرات تحلق في أجواء المنطقة""، بحسب المركز الإعلامي لقوات سوريا الديمقراطية.",https://syria.liveuamap.com/ar/2025/3-january-19-nturkish-warplanes-bombed-the-city-of-deir-hafer,22726657,2 الشهر منذ,,
03.01.2025,الطيران التركي ينفذ حاليا عدة غارات جوية في محيط سد تشرين وريف منبج,https://syria.liveuamap.com/ar/2025/3-january-18-the-turkish-airforce-is-currently-carrying-out,22726649,2 الشهر منذ,,
03.01.2025,"صرح البنتاغون أن الولايات المتحدة ""ليس لديها خطط لبناء قاعدة في كوباني"" في شمال شرق سوريا. وعلى الرغم من التقارير المحلية، قالت سكرتيرة البنتاغون سابرينا سينغ للصحفيين إنها ""ليست على علم"" بأي تحركات للقوات الأمريكية أو جهودها هناك.",https://syria.liveuamap.com/ar/2025/3-january-18-pentagon-says-us-has-no-plans-to-build-a-base,22726648,2 الشهر منذ,,
03.01.2025,الولايات المتحدة تقول إنها لا تخطط لبناء قاعدة عسكرية في كوباني شمال سوريا,https://syria.liveuamap.com/ar/2025/3-january-18-us-says-it-has-no-plans-to-build-a-military,22726643,2 الشهر منذ,,
03.01.2025,بيان فرنسي ألماني بعد لقاء الجولاني: تم التأكيد على ضرورة مواصلة القتال ضد داعش,https://syria.liveuamap.com/ar/2025/3-january-17-frenchgerman-statement-after-meeting-with-aljulani,22726713,2 الشهر منذ,,
03.01.2025,اشتباكات بين قوات سوريا الديمقراطية والفصائل المسلحة المدعومة من تركيا على محور دير حافر,https://syria.liveuamap.com/ar/2025/3-january-15-clashes-between-sdf-and-turkishbacked-armed,22726629,2 الشهر منذ,,
03.01.2025,مصادر الحدث: إدارة العمليات العسكرية ترسل تعزيزات عسكرية لتأمين الحدود السورية اللبنانية,https://syria.liveuamap.com/ar/2025/3-january-14-the-military-operations-department-sends-military,22726608,2 الشهر منذ,,
03.01.2025,وزير الخارجية الفرنسي يدعو إلى إتلاف مخزون الأسلحة الكيميائية السورية,https://syria.liveuamap.com/ar/2025/3-january-14-french-foreign-minister-calls-for-destroying,22726601,2 الشهر منذ,,
03.01.2025,"شركة كهرباء ""إربد"" الأردنية تبدأ تزويد معبر نصيب في محافظة درعا بالتيار الكهربائي",https://syria.liveuamap.com/ar/2025/3-january-13-jordans-irbid-electricity-company-begins-supplying,22726597,2 الشهر منذ,,
03.01.2025,احتجاجات تتجدد في ساحة الكرامة بالسويداء اليوم، بمشاركة العشرات من مختلف مناطق المحافظة، رافعين شعارات للوحدة الوطنية ومناهضة المشاريع الانفصالية. كما نظمت وقفة في القريا احتجاجاً على قرارات الحكومة المؤقتة وتغيير المناهج التعليمية.,https://syria.liveuamap.com/ar/2025/3-january-12-protests-are-renewed-in-alkarama-square-in-sweida,22726590,2 الشهر منذ,,
03.01.2025,غارة جوية تستهدف مركزاً في بلدة الحرية شمال غرب الرقة والتي تعتبر خط إمداد عسكري ونقطة استراحة لمقاتلي ميليشيا قسد على جبهة منبج,https://syria.liveuamap.com/ar/2025/3-january-12-an-airstrike-targeted-a-center-in-the-town-of,22726586,2 الشهر منذ,,
03.01.2025,غارة جوية تستهدف مواقع مليشيا قوات سوريا الديمقراطية قسد في قرية الحرية بريف الطبقة,https://syria.liveuamap.com/ar/2025/3-january-11-an-airstrike-targets-the-positions-of-the-syrian,22726585,2 الشهر منذ,,
03.01.2025,بتاريخ ٣ / ١ / ٢٠٢٥، أثناء عمل وحدة من الجيش على إغلاق معبر غير شرعي عند الحدود اللبنانية السورية في منطقة معربون - بعلبك، حاول أشخاص سوريون فتح المعبر بواسطة جرافة، فأطلق عناصر الجيش نيرانًا تحذيرية في الهواء، وعمد السوريون إلى إطلاق النار نحو عناصر الجيش ما أدى إلى إصابة أحدهم ووقوع اشتباك بين الجانبين.nوقد اتخذت وحدات الجيش المنتشرة في القطاع تدابير عسكرية مشددة، وتجري ال اللازمة للحادثة,https://syria.liveuamap.com/ar/2025/3-january-11-lebanese-army-on-01032025-while-an-army-unit,22726603,2 الشهر منذ,,
03.01.2025,وزير الخارجية الفرنسي: نأمل أن تكون سوريا ذات سيادة ومستقرة وهادئة,https://syria.liveuamap.com/ar/2025/3-january-08-french-foreign-minister-we-hope-that-syria-will,22726552,2 الشهر منذ,,
03.01.2025,مراسل درعا 24: تحليق طائرة مُسيرة في أجواء بعض مناطق الريف الشرقي من محافظة درعا، غير معروف مصدرها.درعا طائرة_مسيرة تحليق الريف_الشرقي درعا24,https://syria.liveuamap.com/ar/2025/3-january-08-a-drone-is-flying-in-the-airspace-of-some-areas,22726554,2 الشهر منذ,,
03.01.2025,وزيرا خارجية فرنسا وألمانيا يصلان إلى دمشق,https://syria.liveuamap.com/ar/2025/3-january-05-france-and-germany-foreign-ministers-arrive,22726549,2 الشهر منذ,,
03.01.2025,سوريا: غارات إسرائيلية متواصلة على محافظة حلب وانفجارات قادمة من منطقة السفيرة (من المرجح أن تكون مصانع دفاعية أو مجمع علمي مستهدف),https://syria.liveuamap.com/ar/2025/2-january-21-syria-ongoing-israeli-airstrikes-in-aleppo-province,22726480,2 الشهر منذ,,
03.01.2025,غارات اسرائيلية على حلب شمالي سوريا,https://syria.liveuamap.com/ar/2025/2-january-21-israeli-raids-on-aleppo-northern-syria,22726479,2 الشهر منذ,,
03.01.2025,قال المرشد الإيراني، علي خامنئي، إن استمرار وجود القوات الأميركية في سوريا أمر مستحيل.وتحدث خامنئي في مراسم الذكرى الـ 5 لمقتل قاسم سليماني، مهندس الاستراتيجية الإيرانية في المنطقة، الذي قُتل بغارة جوية أميركية في بغداد بأمر من الرئيس الأميركي دونالد ترمب خلال ولايته الأولى,https://syria.liveuamap.com/ar/2025/2-january-21-irans-supreme-leader-ali-khamenei-said-the-continued,22726476,2 الشهر منذ,,
03.01.2025,المرصد السوري: 24 قتيلا في معارك بين فصائل موالية لتركيا و قوات سوريا الديموقراطية في منبج,https://syria.liveuamap.com/ar/2025/2-january-20-syrian-observatory-24-killed-in-battles-between,22726464,2 الشهر منذ,,
03.01.2025,سيطرت قوات الجيش الوطني على قرية السعيدين و تلة السيرياتيل الاستراتيجية قرب سد تشرين بريف منبج,https://syria.liveuamap.com/ar/2025/2-january-19-turkishbacked-sna-forces-took-control-of-the,22726467,2 الشهر منذ,,
03.01.2025,قوات سوريا الديمقراطية: صدت قوات مجلس منبج العسكري بنجاح هجمات المجموعات المدعومة من تركيا على محاور قريتي العطشانة والمسطاحة جنوب مدينة منبج، وفي محور أبو قلقل تصدت قوات سوريا الديمقراطية لهجوم آخر، وتمكنت خلاله من تدمير عربة مدرعة نوع BMP قرب قرية علوش وإعطاب دبابة، كما قتل وجرح العشرات من المقاتلين خلال الاشتباكات.,https://syria.liveuamap.com/ar/2025/2-january-15-sdf-press-the-forces-of-the-manbij-military,22726426,2 الشهر منذ,,
04.01.2025,وفي غارات مستهدفة على جبل الشيخ، قام جنود الجيش الإسرائيلي بتفتيش هياكل عسكرية ونقاط تضاريس رئيسية في المنطقة، حيث عثروا على مخزونات من الأسلحة والأصول الاستخباراتية، بما في ذلك الألغام والمتفجرات والصواريخ المضادة للدبابات والصواريخ والقاذفات، وصادروها ودمروها.,https://syria.liveuamap.com/ar/2025/5-january-10-in-targeted-raids-on-mount-hermon-israeli-army,22727006,2 الشهر منذ,,
04.01.2025,زعيم حزب الله قاسم: ما حدث في سوريا كان يمكن أن يحدث في لبنان وأعتقد أن الشعب السوري سيكون له دور في المستقبل في مواجهة إسرائيل,https://israelpalestine.liveuamap.com/ar/2025/4-january-16-hezbollah-leader-qassem-what-happened-in-syria,22726890,2 الشهر منذ,,
04.01.2025,تركيا قصفت محطة كهرباء الجرنية 5 مرات,https://syria.liveuamap.com/ar/2025/4-january-13-turkey-bombed-the-electric-station-of-jarniya,22726858,2 الشهر منذ,,
04.01.2025,اشتباكات عنيفة بين قوات الجيش الوطني السوري المدعومة من تركيا وقوات سوريا الديمقراطية على خط سد تشرين,https://syria.liveuamap.com/ar/2025/4-january-12-there-are-violent-clashes-between-the-turkishbacked,22726851,2 الشهر منذ,,
04.01.2025,دمرت قوات سوريا الديمقراطية في قلعة نجم عربة دوشكا تابعة للقوات المدعومة من تركيا، وسط اشتباكات مستمرة في قلعة نجم وقرية خربة روس بريف منبج.,https://syria.liveuamap.com/ar/2025/4-january-11-the-sdf-forces-in-najm-castle-destroyed-a-dushka,22726853,2 الشهر منذ,,
04.01.2025,رئيس هيئة الطيران المدني والنقل الجوي في سوريا: نطمئن شركات الطيران العربية والعالمية بأننا في مرحلة إعادة تأهيل كاملة لمطاري حلب ودمشق,https://syria.liveuamap.com/ar/2025/4-january-10-head-of-the-civil-aviation-and-air-transport,22726813,2 الشهر منذ,,
04.01.2025,وصول أول طائرة تحمل مساعدات من الهلال الأحمر المصري إلى مطار دمشق الدولي,https://syria.liveuamap.com/ar/2025/4-january-09-the-arrival-of-the-first-plane-carrying-aid,22726794,2 الشهر منذ,,
04.01.2025,الإدارة السورية: ضبطنا مستودعاً للذخيرة في حي الزهراء بحمص,https://syria.liveuamap.com/ar/2025/4-january-08-syrian-administration-we-seized-an-ammunition,22726764,2 الشهر منذ,,
04.01.2025,وكالة الأنباء السورية: حملة أمنية بالتعاون بين وزارة الداخلية إدارة العمليات العسكرية لملاحقة عناصر النظام السابق بمدينة حمص وريفها,https://syria.liveuamap.com/ar/2025/4-january-08-syrian-news-agency-a-security-campaign-in-cooperation,22726749,2 الشهر منذ,,
04.01.2025,رئيس الوزراء اللبناني نجيب ميقاتي يبحث في اتصال هاتفي مع الزعيم السوري أحمد الشرع العلاقات بين البلدين,https://syria.liveuamap.com/ar/2025/3-january-20-lebanese-prime-minister-najib-mikati-discusses,22726714,2 الشهر منذ,,
04.01.2025,قصفت طائرات  التركي سد تشرين ومحيطه 5 مرات ومنطقة دير حافر 3 مرات والقصف مستمر,https://syria.liveuamap.com/ar/2025/3-january-19-turkish-warplanes-bombed-the-tishrin-dam-and,22726706,2 الشهر منذ,,
04.01.2025,الفصائل المسلحة المدعومة من تركيا تقصف أهدافاً لقوات سوريا الديمقراطية في قريتي أم الكيف وكوزالية على خط تل تمر بنيران المدفعية,https://syria.liveuamap.com/ar/2025/3-january-19-turkishbacked-armed-groups-hit-sdf-targets-in,22726660,2 الشهر منذ,,
04.01.2025,"مصادر الحدث: غارات تركية تستهدف مواقع  لـ""قسد"" قرب معمل السكر بريف مسكنة شرق حلب",https://syria.liveuamap.com/ar/2025/3-january-19-turkish-raids-target-sdf-sites-near-the-sugar,22726654,2 الشهر منذ,,
04.01.2025,"""قصفت طائرات حربية تركية مدينة دير حافر وريفها وسد تشرين ومحيطه جنوب شرق مدينة منبج، ولا تزال الطائرات تحلق في أجواء المنطقة""، بحسب المركز الإعلامي لقوات سوريا الديمقراطية.",https://syria.liveuamap.com/ar/2025/3-january-19-nturkish-warplanes-bombed-the-city-of-deir-hafer,22726657,2 الشهر منذ,,
04.01.2025,الطيران التركي ينفذ حاليا عدة غارات جوية في محيط سد تشرين وريف منبج,https://syria.liveuamap.com/ar/2025/3-january-18-the-turkish-airforce-is-currently-carrying-out,22726649,2 الشهر منذ,,
04.01.2025,"صرح البنتاغون أن الولايات المتحدة ""ليس لديها خطط لبناء قاعدة في كوباني"" في شمال شرق سوريا. وعلى الرغم من التقارير المحلية، قالت سكرتيرة البنتاغون سابرينا سينغ للصحفيين إنها ""ليست على علم"" بأي تحركات للقوات الأمريكية أو جهودها هناك.",https://syria.liveuamap.com/ar/2025/3-january-18-pentagon-says-us-has-no-plans-to-build-a-base,22726648,2 الشهر منذ,,
04.01.2025,الولايات المتحدة تقول إنها لا تخطط لبناء قاعدة عسكرية في كوباني شمال سوريا,https://syria.liveuamap.com/ar/2025/3-january-18-us-says-it-has-no-plans-to-build-a-military,22726643,2 الشهر منذ,,
04.01.2025,بيان فرنسي ألماني بعد لقاء الجولاني: تم التأكيد على ضرورة مواصلة القتال ضد داعش,https://syria.liveuamap.com/ar/2025/3-january-17-frenchgerman-statement-after-meeting-with-aljulani,22726713,2 الشهر منذ,,
04.01.2025,اشتباكات بين قوات سوريا الديمقراطية والفصائل المسلحة المدعومة من تركيا على محور دير حافر,https://syria.liveuamap.com/ar/2025/3-january-15-clashes-between-sdf-and-turkishbacked-armed,22726629,2 الشهر منذ,,
04.01.2025,مصادر الحدث: إدارة العمليات العسكرية ترسل تعزيزات عسكرية لتأمين الحدود السورية اللبنانية,https://syria.liveuamap.com/ar/2025/3-january-14-the-military-operations-department-sends-military,22726608,2 الشهر منذ,,
04.01.2025,وزير الخارجية الفرنسي يدعو إلى إتلاف مخزون الأسلحة الكيميائية السورية,https://syria.liveuamap.com/ar/2025/3-january-14-french-foreign-minister-calls-for-destroying,22726601,2 الشهر منذ,,
04.01.2025,"شركة كهرباء ""إربد"" الأردنية تبدأ تزويد معبر نصيب في محافظة درعا بالتيار الكهربائي",https://syria.liveuamap.com/ar/2025/3-january-13-jordans-irbid-electricity-company-begins-supplying,22726597,2 الشهر منذ,,
04.01.2025,احتجاجات تتجدد في ساحة الكرامة بالسويداء اليوم، بمشاركة العشرات من مختلف مناطق المحافظة، رافعين شعارات للوحدة الوطنية ومناهضة المشاريع الانفصالية. كما نظمت وقفة في القريا احتجاجاً على قرارات الحكومة المؤقتة وتغيير المناهج التعليمية.,https://syria.liveuamap.com/ar/2025/3-january-12-protests-are-renewed-in-alkarama-square-in-sweida,22726590,2 الشهر منذ,,
04.01.2025,غارة جوية تستهدف مركزاً في بلدة الحرية شمال غرب الرقة والتي تعتبر خط إمداد عسكري ونقطة استراحة لمقاتلي ميليشيا قسد على جبهة منبج,https://syria.liveuamap.com/ar/2025/3-january-12-an-airstrike-targeted-a-center-in-the-town-of,22726586,2 الشهر منذ,,
04.01.2025,غارة جوية تستهدف مواقع مليشيا قوات سوريا الديمقراطية قسد في قرية الحرية بريف الطبقة,https://syria.liveuamap.com/ar/2025/3-january-11-an-airstrike-targets-the-positions-of-the-syrian,22726585,2 الشهر منذ,,
04.01.2025,بتاريخ ٣ / ١ / ٢٠٢٥، أثناء عمل وحدة من الجيش على إغلاق معبر غير شرعي عند الحدود اللبنانية السورية في منطقة معربون - بعلبك، حاول أشخاص سوريون فتح المعبر بواسطة جرافة، فأطلق عناصر الجيش نيرانًا تحذيرية في الهواء، وعمد السوريون إلى إطلاق النار نحو عناصر الجيش ما أدى إلى إصابة أحدهم ووقوع اشتباك بين الجانبين.nوقد اتخذت وحدات الجيش المنتشرة في القطاع تدابير عسكرية مشددة، وتجري ال اللازمة للحادثة,https://syria.liveuamap.com/ar/2025/3-january-11-lebanese-army-on-01032025-while-an-army-unit,22726603,2 الشهر منذ,,
04.01.2025,وزير الخارجية الفرنسي: نأمل أن تكون سوريا ذات سيادة ومستقرة وهادئة,https://syria.liveuamap.com/ar/2025/3-january-08-french-foreign-minister-we-hope-that-syria-will,22726552,2 الشهر منذ,,
04.01.2025,مراسل درعا 24: تحليق طائرة مُسيرة في أجواء بعض مناطق الريف الشرقي من محافظة درعا، غير معروف مصدرها.درعا طائرة_مسيرة تحليق الريف_الشرقي درعا24,https://syria.liveuamap.com/ar/2025/3-january-08-a-drone-is-flying-in-the-airspace-of-some-areas,22726554,2 الشهر منذ,,
04.01.2025,وزيرا خارجية فرنسا وألمانيا يصلان إلى دمشق,https://syria.liveuamap.com/ar/2025/3-january-05-france-and-germany-foreign-ministers-arrive,22726549,2 الشهر منذ,,
04.01.2025,سوريا: غارات إسرائيلية متواصلة على محافظة حلب وانفجارات قادمة من منطقة السفيرة (من المرجح أن تكون مصانع دفاعية أو مجمع علمي مستهدف),https://syria.liveuamap.com/ar/2025/2-january-21-syria-ongoing-israeli-airstrikes-in-aleppo-province,22726480,2 الشهر منذ,,
05.01.2025,وزير الخارجية التركي: بحثنا مع الوفد الأردني سبل تعزيز الاستقرار في سوريا,https://syria.liveuamap.com/ar/2025/6-january-10-turkish-foreign-minister-we-discussed-with-the,22727231,2 الشهر منذ,,
05.01.2025,قوات سوريا الديمقراطية تواصل استهداف القوات المدعومة من تركيا في محيط جسر قره قوزاق,https://syria.liveuamap.com/ar/2025/6-january-10-sdf-continue-to-target-turkishbacked-forces,22727248,2 الشهر منذ,,
05.01.2025,الولايات المتحدة ستعلن عن تخفيف العقوبات عن سوريا وإصدار إعفاءات لمجموعات الإغاثة والشركات التي تقدم خدمات أساسية، مثل المياه والكهرباء وغيرها من الإمدادات الإنسانية للأشهر الستة المقبلة - وول ستريت جورنال,https://syria.liveuamap.com/ar/2025/6-january-07-us-to-announce-sanction-relief-for-syria-and,22727200,2 الشهر منذ,,
05.01.2025,وكالة سانا: وزيرا الخارجية والدفاع في الحكومة السورية الانتقالية ورئيس الاستخبارات وصلوا إلى دولة الإمارات,https://syria.liveuamap.com/ar/2025/6-january-07-sana-the-ministers-of-foreign-affairs-and-defense,22727188,2 الشهر منذ,,
05.01.2025,سوريا: اليوم اعتقلت قوات الأمن أحد أفراد عائلة الأسد الشهيرة (صباحي) في منطقة قمحانة (شمال حماة)، حيث شكلت هذه العائلة ميليشيات لقمع الاحتجاجات في المنطقة، ورداً على ذلك قام مسلحون محليون بإعدام أحد السكان (الصورة 3) الذي قدم معلومات استخباراتية لقوات الأمن.,https://syria.liveuamap.com/ar/2025/5-january-18-syria-today-security-forces-also-arrested-a,22727068,2 الشهر منذ,,
05.01.2025,مظاهرات في حي الشيخ مقصود بحلب نظمها مدنيون أكراد للمطالبة بخروج ميليشيا قسد من الحي. قسد واجهت المحتجين بإطلاق النار لتفريقهم وشنّت حملة اعتقالات واسعة.حلب سوريا,https://syria.liveuamap.com/ar/2025/5-january-18-demonstrations-in-the-sheikh-maqsoud-neighborhood,22727054,2 الشهر منذ,,
05.01.2025,الجيش الوطني السوري يستهدف بقذائف المدفعية مواقع ″قسد″ في محيط بلدة عين_عيسى بريف الرقة الشمالي.,https://syria.liveuamap.com/ar/2025/5-january-18-sna-targets-sdf-positions-around-the-town-of,22727053,2 الشهر منذ,,
05.01.2025,وزارة النفط العراقية تؤكد عدم وجود اتفاقات لتوريد النفط الخام لسوريا,https://syria.liveuamap.com/ar/2025/5-january-13-iraqs-oil-ministry-states-that-no-agreements,22727038,2 الشهر منذ,,
05.01.2025,وفي غارات مستهدفة على جبل الشيخ، قام جنود الجيش الإسرائيلي بتفتيش هياكل عسكرية ونقاط تضاريس رئيسية في المنطقة، حيث عثروا على مخزونات من الأسلحة والأصول الاستخباراتية، بما في ذلك الألغام والمتفجرات والصواريخ المضادة للدبابات والصواريخ والقاذفات، وصادروها ودمروها.,https://syria.liveuamap.com/ar/2025/5-january-10-in-targeted-raids-on-mount-hermon-israeli-army,22727006,2 الشهر منذ,,
05.01.2025,زعيم حزب الله قاسم: ما حدث في سوريا كان يمكن أن يحدث في لبنان وأعتقد أن الشعب السوري سيكون له دور في المستقبل في مواجهة إسرائيل,https://israelpalestine.liveuamap.com/ar/2025/4-january-16-hezbollah-leader-qassem-what-happened-in-syria,22726890,2 الشهر منذ,,
05.01.2025,تركيا قصفت محطة كهرباء الجرنية 5 مرات,https://syria.liveuamap.com/ar/2025/4-january-13-turkey-bombed-the-electric-station-of-jarniya,22726858,2 الشهر منذ,,
05.01.2025,اشتباكات عنيفة بين قوات الجيش الوطني السوري المدعومة من تركيا وقوات سوريا الديمقراطية على خط سد تشرين,https://syria.liveuamap.com/ar/2025/4-january-12-there-are-violent-clashes-between-the-turkishbacked,22726851,2 الشهر منذ,,
05.01.2025,دمرت قوات سوريا الديمقراطية في قلعة نجم عربة دوشكا تابعة للقوات المدعومة من تركيا، وسط اشتباكات مستمرة في قلعة نجم وقرية خربة روس بريف منبج.,https://syria.liveuamap.com/ar/2025/4-january-11-the-sdf-forces-in-najm-castle-destroyed-a-dushka,22726853,2 الشهر منذ,,
05.01.2025,رئيس هيئة الطيران المدني والنقل الجوي في سوريا: نطمئن شركات الطيران العربية والعالمية بأننا في مرحلة إعادة تأهيل كاملة لمطاري حلب ودمشق,https://syria.liveuamap.com/ar/2025/4-january-10-head-of-the-civil-aviation-and-air-transport,22726813,2 الشهر منذ,,
05.01.2025,وصول أول طائرة تحمل مساعدات من الهلال الأحمر المصري إلى مطار دمشق الدولي,https://syria.liveuamap.com/ar/2025/4-january-09-the-arrival-of-the-first-plane-carrying-aid,22726794,2 الشهر منذ,,
05.01.2025,الإدارة السورية: ضبطنا مستودعاً للذخيرة في حي الزهراء بحمص,https://syria.liveuamap.com/ar/2025/4-january-08-syrian-administration-we-seized-an-ammunition,22726764,2 الشهر منذ,,
05.01.2025,وكالة الأنباء السورية: حملة أمنية بالتعاون بين وزارة الداخلية إدارة العمليات العسكرية لملاحقة عناصر النظام السابق بمدينة حمص وريفها,https://syria.liveuamap.com/ar/2025/4-january-08-syrian-news-agency-a-security-campaign-in-cooperation,22726749,2 الشهر منذ,,
05.01.2025,رئيس الوزراء اللبناني نجيب ميقاتي يبحث في اتصال هاتفي مع الزعيم السوري أحمد الشرع العلاقات بين البلدين,https://syria.liveuamap.com/ar/2025/3-january-20-lebanese-prime-minister-najib-mikati-discusses,22726714,2 الشهر منذ,,
05.01.2025,قصفت طائرات  التركي سد تشرين ومحيطه 5 مرات ومنطقة دير حافر 3 مرات والقصف مستمر,https://syria.liveuamap.com/ar/2025/3-january-19-turkish-warplanes-bombed-the-tishrin-dam-and,22726706,2 الشهر منذ,,
05.01.2025,الفصائل المسلحة المدعومة من تركيا تقصف أهدافاً لقوات سوريا الديمقراطية في قريتي أم الكيف وكوزالية على خط تل تمر بنيران المدفعية,https://syria.liveuamap.com/ar/2025/3-january-19-turkishbacked-armed-groups-hit-sdf-targets-in,22726660,2 الشهر منذ,,
05.01.2025,"مصادر الحدث: غارات تركية تستهدف مواقع  لـ""قسد"" قرب معمل السكر بريف مسكنة شرق حلب",https://syria.liveuamap.com/ar/2025/3-january-19-turkish-raids-target-sdf-sites-near-the-sugar,22726654,2 الشهر منذ,,
05.01.2025,"""قصفت طائرات حربية تركية مدينة دير حافر وريفها وسد تشرين ومحيطه جنوب شرق مدينة منبج، ولا تزال الطائرات تحلق في أجواء المنطقة""، بحسب المركز الإعلامي لقوات سوريا الديمقراطية.",https://syria.liveuamap.com/ar/2025/3-january-19-nturkish-warplanes-bombed-the-city-of-deir-hafer,22726657,2 الشهر منذ,,
05.01.2025,الطيران التركي ينفذ حاليا عدة غارات جوية في محيط سد تشرين وريف منبج,https://syria.liveuamap.com/ar/2025/3-january-18-the-turkish-airforce-is-currently-carrying-out,22726649,2 الشهر منذ,,
05.01.2025,"صرح البنتاغون أن الولايات المتحدة ""ليس لديها خطط لبناء قاعدة في كوباني"" في شمال شرق سوريا. وعلى الرغم من التقارير المحلية، قالت سكرتيرة البنتاغون سابرينا سينغ للصحفيين إنها ""ليست على علم"" بأي تحركات للقوات الأمريكية أو جهودها هناك.",https://syria.liveuamap.com/ar/2025/3-january-18-pentagon-says-us-has-no-plans-to-build-a-base,22726648,2 الشهر منذ,,
05.01.2025,الولايات المتحدة تقول إنها لا تخطط لبناء قاعدة عسكرية في كوباني شمال سوريا,https://syria.liveuamap.com/ar/2025/3-january-18-us-says-it-has-no-plans-to-build-a-military,22726643,2 الشهر منذ,,
05.01.2025,بيان فرنسي ألماني بعد لقاء الجولاني: تم التأكيد على ضرورة مواصلة القتال ضد داعش,https://syria.liveuamap.com/ar/2025/3-january-17-frenchgerman-statement-after-meeting-with-aljulani,22726713,2 الشهر منذ,,
05.01.2025,اشتباكات بين قوات سوريا الديمقراطية والفصائل المسلحة المدعومة من تركيا على محور دير حافر,https://syria.liveuamap.com/ar/2025/3-january-15-clashes-between-sdf-and-turkishbacked-armed,22726629,2 الشهر منذ,,
05.01.2025,مصادر الحدث: إدارة العمليات العسكرية ترسل تعزيزات عسكرية لتأمين الحدود السورية اللبنانية,https://syria.liveuamap.com/ar/2025/3-january-14-the-military-operations-department-sends-military,22726608,2 الشهر منذ,,
05.01.2025,وزير الخارجية الفرنسي يدعو إلى إتلاف مخزون الأسلحة الكيميائية السورية,https://syria.liveuamap.com/ar/2025/3-january-14-french-foreign-minister-calls-for-destroying,22726601,2 الشهر منذ,,
05.01.2025,"شركة كهرباء ""إربد"" الأردنية تبدأ تزويد معبر نصيب في محافظة درعا بالتيار الكهربائي",https://syria.liveuamap.com/ar/2025/3-january-13-jordans-irbid-electricity-company-begins-supplying,22726597,2 الشهر منذ,,
06.01.2025,قوات سوريا الديمقراطية تعلن إسقاط طائرة مسيرة تركية من نوع بيرقدار TB2 في منطقة سد تشرين,https://syria.liveuamap.com/ar/2025/7-january-20-sdf-report-shooting-down-a-turkish-bayraktar,22727607,2 الشهر منذ,,
06.01.2025,"الرئيس المنتخب ترامب: ""تركيا تسعى إلى احتلال سوريا تحت مسميات مختلفة وبطرق وأشكال مختلفة منذ 2000 عام. هؤلاء الأشخاص الذين دخلوا سوريا هم من تركيا""",https://syria.liveuamap.com/ar/2025/7-january-18-president-elect-trump-turkey-has-been-after,22727617,2 الشهر منذ,,
06.01.2025,مراسل نهر_ميديا: قسد تنفذ حملة مداهمات في بلدة الكبر غربي ديرالزور بحثاً عن عناصر منشقين عنها,https://syria.liveuamap.com/ar/2025/7-january-18-sdf-carries-out-raids-in-alkubar-town-west-of,22727551,2 الشهر منذ,,
06.01.2025,"وزير الخارجية التركي: تركيا قادرة على إدارة سجون ومعسكرات احتجاز عناصر تنظيم ""داعش"" في سوريا إذا لم يكن بوسع الإدارة السورية القيام بذلك",https://syria.liveuamap.com/ar/2025/7-january-18-turkish-foreign-minister-trkiye-is-capable,22727561,2 الشهر منذ,,
06.01.2025,"وزير الخارجية التركي: تركيا ستشن عملية عسكرية ضد مسلحي ""وحدات حماية الشعب"" الكردية في سوريا إن لم ينصاعوا لمطالب لأنقرة",https://syria.liveuamap.com/ar/2025/7-january-18-turkish-foreign-minister-trkiye-will-launch,22727545,2 الشهر منذ,,
06.01.2025,وزير الخارجية التركي: تركيا تتوقع من الإدارة السورية الجديدة معالجة موضوع المسلحين الأكراد شمال شرقي سوريا لكن ذلك قد يستغرق وقتًا,https://syria.liveuamap.com/ar/2025/7-january-18-turkish-foreign-minister-trkiye-expects-new,22727541,2 الشهر منذ,,
06.01.2025,نفذ الجيش التركي غارة جوية على برج إنترنت في ريف كوباني,https://syria.liveuamap.com/ar/2025/7-january-18-the-turkish-military-carried-out-an-airstrike,22727540,2 الشهر منذ,,
06.01.2025,"ورفض ترامب الإفصاح عما إذا كان سيسحب القوات الأميركية من سوريا، في حين أشاد بتركيا لدورها في الإطاحة بالأسد. وقال: ""الرئيس أردوغان صديق لي. إنه شخص أحبه وأحترمه. أعتقد أنه يحترمني. إذا نظرت إلى ما حدث في سوريا، فقد ضعفت روسيا، وضعف إيران. وهو شخص ذكي للغاية، وأرسل رجاله إلى هناك بأشكال مختلفة وأسماء مختلفة، ودخلوا واستولوا على السلطة"".",https://syria.liveuamap.com/ar/2025/7-january-17-trump-declined-to-say-whether-he-would-withdraw,22727543,2 الشهر منذ,,
06.01.2025,استئناف الرحلات الدولية في مطار دمشق: فرانس برس,https://syria.liveuamap.com/ar/2025/7-january-08-international-flights-resume-at-damascus-airport,22727466,2 الشهر منذ,,
06.01.2025,شنت قسد صباح اليوم حملة مداهمات واعتقالات في بلدة الزغير غرب ديرالزور. ديرالزور_24,https://syria.liveuamap.com/ar/2025/7-january-08-this-morning-the-sdf-launched-a-campaign-of,22727471,2 الشهر منذ,,
06.01.2025,قوات سوريا الديمقراطية تشن حملة مداهمات بحثاً عن منشقين في حي غويران بمدينة الحسكة,https://syria.liveuamap.com/ar/2025/7-january-08-sdf-launches-a-campaign-of-raids-in-search-of,22727476,2 الشهر منذ,,
06.01.2025,سفينتان قطرية وتركية تصلان إلى سوريا لتوليد 800 ميغاواط من الكهرباء - وكالة الأنباء السورية سانا. هذا من شأنه أن يزيد إجمالي الطاقة بنسبة 50٪، حسبما ذكرت سانا. يأتي هذا ة بعد أن منحت الولايات المتحدة إعفاءً من العقوبات لمدة 6 أشهر يسمح بالعمل مع قطاع الطاقة السوري,https://syria.liveuamap.com/ar/2025/7-january-08-qatari-and-turkish-power-ships-to-come-to-syria,22727477,2 الشهر منذ,,
06.01.2025,غارة جوية ثالثة استهدفت نفس المنزل في بلدة الجرنية بريف الرقة الغربي,https://syria.liveuamap.com/ar/2025/6-january-19-a-third-airstrike-targeted-the-same-house-in,22727474,2 الشهر منذ,,
06.01.2025,"فصيلا ""رجال الكرامة"" و""لواء الجبل"" في السويداء: نرفض أي جيش طائفي أو فئوي",https://syria.liveuamap.com/ar/2025/6-january-19-men-of-dignity-and-mountain-brigade-factions,22727313,2 الشهر منذ,,
06.01.2025,غارة جوية استهدفت قيادات تابعة لمليشيا قسد في محل بجانب فرن قرية بير نايف بريف الرقة الغربي,https://syria.liveuamap.com/ar/2025/6-january-19-an-airstrike-a-shop-next-to-a-bakery-in-the,22727315,2 الشهر منذ,,
06.01.2025,وزارة الخزانة الأميركية: nواشنطن تصدر رخصة إعفاءات مرتبطة بـ سوريا nالسماح بإجراء معاملات مع المؤسسات الحكومية وبعض معاملات الطاقة والتحويلات الشخصية في سوريا,https://syria.liveuamap.com/ar/2025/6-january-19-us-treasury-issues-syriarelated-exemption-license,22727312,2 الشهر منذ,,
06.01.2025,مراسل حلب اليوم: إعطاب 3 دبابات لقسد جراء غارات من الطيران الحربي التركي على طريق M4 قرب بلدة عين عيسى وسد تشرين بريف حلب الشرقي,https://syria.liveuamap.com/ar/2025/6-january-18-3-sdf-tanks-damaged-as-a-result-of-raids-by,22727309,2 الشهر منذ,,
06.01.2025,وزير الخارجية الإماراتي يؤكد أهمية توفير الأمن والاستقرار لكل الشعب السوري,https://syria.liveuamap.com/ar/2025/6-january-13-uae-foreign-minister-stresses-importance-of,22727255,2 الشهر منذ,,
06.01.2025,الجيش التركي ينفذ قصفا مدفعيا على قرى بريف كوباني الجنوبي,https://syria.liveuamap.com/ar/2025/6-january-13-turkish-military-carried-out-artillery-strikes,22727253,2 الشهر منذ,,
06.01.2025,استمرار الاشتباكات المتقطعة في منطقة سد تشرين,https://syria.liveuamap.com/ar/2025/6-january-12-sporadic-clashes-continue-in-the-area-of-tishreen,22727247,2 الشهر منذ,,
06.01.2025,جنوب سوريا: أهالي الصنمين (شمال درعا) يحتجون اليوم مطالبين السلطات الجديدة بمحاسبة القائد السابق التابع لمخابرات الأسد والذي تسبب بالاشتباكات قبل يومين والمتهم بارتكاب جرائم قتل وجرائم ضد المدنيين في المنطقة,https://syria.liveuamap.com/ar/2025/6-january-12-south-syria-residents-of-sanamayn-north-daraa,22727266,2 الشهر منذ,,
06.01.2025,"الرئيس الفرنسي ماكرون يقول ""لن نتخلى"" عن المقاتلين الأكراد في سوريا",https://syria.liveuamap.com/ar/2025/6-january-11-france-president-macron-says-we-will-not-abandon,22727239,2 الشهر منذ,,
06.01.2025,وزير الخارجية التركي: يمكن للإدارة السورية الجديدة أن تتولى مسؤولية سجون معتقلي تنظيم الدولة في سوريا,https://syria.liveuamap.com/ar/2025/6-january-11-turkish-foreign-minister-new-syrian-administration,22727240,2 الشهر منذ,,
06.01.2025,وزير الخارجية الأردني: نرفض أي عدوان إسرائيلي على الأراضي السورية,https://syria.liveuamap.com/ar/2025/6-january-11-jordanian-foreign-minister-we-reject-any-israeli,22727277,2 الشهر منذ,,
06.01.2025,وزير الخارجية الأردني: نرفض العدوان الإسرائيلي على الأراضي السورية واحتلالها لأراض سورية جديدة,https://syria.liveuamap.com/ar/2025/6-january-11-jordanian-foreign-minister-we-reject-the-israeli,22727232,2 الشهر منذ,,
06.01.2025,وزير الخارجية الأردني: نريد لسوريا أن تستعيد أمنها واستقرارها وسيادتها ووحدتها,https://syria.liveuamap.com/ar/2025/6-january-11-jordanian-foreign-minister-we-want-syria-to,22727230,2 الشهر منذ,,
06.01.2025,وزير الخارجية التركي: بحثنا مع الوفد الأردني سبل تعزيز الاستقرار في سوريا,https://syria.liveuamap.com/ar/2025/6-january-10-turkish-foreign-minister-we-discussed-with-the,22727231,2 الشهر منذ,,
06.01.2025,قوات سوريا الديمقراطية تواصل استهداف القوات المدعومة من تركيا في محيط جسر قره قوزاق,https://syria.liveuamap.com/ar/2025/6-january-10-sdf-continue-to-target-turkishbacked-forces,22727248,2 الشهر منذ,,
06.01.2025,الولايات المتحدة ستعلن عن تخفيف العقوبات عن سوريا وإصدار إعفاءات لمجموعات الإغاثة والشركات التي تقدم خدمات أساسية، مثل المياه والكهرباء وغيرها من الإمدادات الإنسانية للأشهر الستة المقبلة - وول ستريت جورنال,https://syria.liveuamap.com/ar/2025/6-january-07-us-to-announce-sanction-relief-for-syria-and,22727200,2 الشهر منذ,,
06.01.2025,وكالة سانا: وزيرا الخارجية والدفاع في الحكومة السورية الانتقالية ورئيس الاستخبارات وصلوا إلى دولة الإمارات,https://syria.liveuamap.com/ar/2025/6-january-07-sana-the-ministers-of-foreign-affairs-and-defense,22727188,2 الشهر منذ,,
07.01.2025,وزير الخارجية الفرنسي: عقوبات الاتحاد الأوروبي المعرقلة لتعافي سوريا قد ترفع بسرعة بشرط إحراز تقدم في مجالات حقوق المرأة والأمن,https://syria.liveuamap.com/ar/2025/8-january-07-french-fm-eu-sanctions-hindering-syria-recovery,22727656,2 الشهر منذ,,
07.01.2025,قوات سوريا الديمقراطية تعلن إسقاط طائرة مسيرة تركية من نوع بيرقدار TB2 في منطقة سد تشرين,https://syria.liveuamap.com/ar/2025/7-january-20-sdf-report-shooting-down-a-turkish-bayraktar,22727607,2 الشهر منذ,,
07.01.2025,"الرئيس المنتخب ترامب: ""تركيا تسعى إلى احتلال سوريا تحت مسميات مختلفة وبطرق وأشكال مختلفة منذ 2000 عام. هؤلاء الأشخاص الذين دخلوا سوريا هم من تركيا""",https://syria.liveuamap.com/ar/2025/7-january-18-president-elect-trump-turkey-has-been-after,22727617,2 الشهر منذ,,
07.01.2025,مراسل نهر_ميديا: قسد تنفذ حملة مداهمات في بلدة الكبر غربي ديرالزور بحثاً عن عناصر منشقين عنها,https://syria.liveuamap.com/ar/2025/7-january-18-sdf-carries-out-raids-in-alkubar-town-west-of,22727551,2 الشهر منذ,,
07.01.2025,"وزير الخارجية التركي: تركيا قادرة على إدارة سجون ومعسكرات احتجاز عناصر تنظيم ""داعش"" في سوريا إذا لم يكن بوسع الإدارة السورية القيام بذلك",https://syria.liveuamap.com/ar/2025/7-january-18-turkish-foreign-minister-trkiye-is-capable,22727561,2 الشهر منذ,,
07.01.2025,"وزير الخارجية التركي: تركيا ستشن عملية عسكرية ضد مسلحي ""وحدات حماية الشعب"" الكردية في سوريا إن لم ينصاعوا لمطالب لأنقرة",https://syria.liveuamap.com/ar/2025/7-january-18-turkish-foreign-minister-trkiye-will-launch,22727545,2 الشهر منذ,,
07.01.2025,وزير الخارجية التركي: تركيا تتوقع من الإدارة السورية الجديدة معالجة موضوع المسلحين الأكراد شمال شرقي سوريا لكن ذلك قد يستغرق وقتًا,https://syria.liveuamap.com/ar/2025/7-january-18-turkish-foreign-minister-trkiye-expects-new,22727541,2 الشهر منذ,,
07.01.2025,نفذ الجيش التركي غارة جوية على برج إنترنت في ريف كوباني,https://syria.liveuamap.com/ar/2025/7-january-18-the-turkish-military-carried-out-an-airstrike,22727540,2 الشهر منذ,,
07.01.2025,"ورفض ترامب الإفصاح عما إذا كان سيسحب القوات الأميركية من سوريا، في حين أشاد بتركيا لدورها في الإطاحة بالأسد. وقال: ""الرئيس أردوغان صديق لي. إنه شخص أحبه وأحترمه. أعتقد أنه يحترمني. إذا نظرت إلى ما حدث في سوريا، فقد ضعفت روسيا، وضعف إيران. وهو شخص ذكي للغاية، وأرسل رجاله إلى هناك بأشكال مختلفة وأسماء مختلفة، ودخلوا واستولوا على السلطة"".",https://syria.liveuamap.com/ar/2025/7-january-17-trump-declined-to-say-whether-he-would-withdraw,22727543,2 الشهر منذ,,
07.01.2025,استئناف الرحلات الدولية في مطار دمشق: فرانس برس,https://syria.liveuamap.com/ar/2025/7-january-08-international-flights-resume-at-damascus-airport,22727466,2 الشهر منذ,,
07.01.2025,شنت قسد صباح اليوم حملة مداهمات واعتقالات في بلدة الزغير غرب ديرالزور. ديرالزور_24,https://syria.liveuamap.com/ar/2025/7-january-08-this-morning-the-sdf-launched-a-campaign-of,22727471,2 الشهر منذ,,
07.01.2025,قوات سوريا الديمقراطية تشن حملة مداهمات بحثاً عن منشقين في حي غويران بمدينة الحسكة,https://syria.liveuamap.com/ar/2025/7-january-08-sdf-launches-a-campaign-of-raids-in-search-of,22727476,2 الشهر منذ,,
07.01.2025,سفينتان قطرية وتركية تصلان إلى سوريا لتوليد 800 ميغاواط من الكهرباء - وكالة الأنباء السورية سانا. هذا من شأنه أن يزيد إجمالي الطاقة بنسبة 50٪، حسبما ذكرت سانا. يأتي هذا ة بعد أن منحت الولايات المتحدة إعفاءً من العقوبات لمدة 6 أشهر يسمح بالعمل مع قطاع الطاقة السوري,https://syria.liveuamap.com/ar/2025/7-january-08-qatari-and-turkish-power-ships-to-come-to-syria,22727477,2 الشهر منذ,,
07.01.2025,غارة جوية ثالثة استهدفت نفس المنزل في بلدة الجرنية بريف الرقة الغربي,https://syria.liveuamap.com/ar/2025/6-january-19-a-third-airstrike-targeted-the-same-house-in,22727474,2 الشهر منذ,,
07.01.2025,"فصيلا ""رجال الكرامة"" و""لواء الجبل"" في السويداء: نرفض أي جيش طائفي أو فئوي",https://syria.liveuamap.com/ar/2025/6-january-19-men-of-dignity-and-mountain-brigade-factions,22727313,2 الشهر منذ,,
07.01.2025,غارة جوية استهدفت قيادات تابعة لمليشيا قسد في محل بجانب فرن قرية بير نايف بريف الرقة الغربي,https://syria.liveuamap.com/ar/2025/6-january-19-an-airstrike-a-shop-next-to-a-bakery-in-the,22727315,2 الشهر منذ,,
07.01.2025,وزارة الخزانة الأميركية: nواشنطن تصدر رخصة إعفاءات مرتبطة بـ سوريا nالسماح بإجراء معاملات مع المؤسسات الحكومية وبعض معاملات الطاقة والتحويلات الشخصية في سوريا,https://syria.liveuamap.com/ar/2025/6-january-19-us-treasury-issues-syriarelated-exemption-license,22727312,2 الشهر منذ,,
07.01.2025,مراسل حلب اليوم: إعطاب 3 دبابات لقسد جراء غارات من الطيران الحربي التركي على طريق M4 قرب بلدة عين عيسى وسد تشرين بريف حلب الشرقي,https://syria.liveuamap.com/ar/2025/6-january-18-3-sdf-tanks-damaged-as-a-result-of-raids-by,22727309,2 الشهر منذ,,
07.01.2025,وزير الخارجية الإماراتي يؤكد أهمية توفير الأمن والاستقرار لكل الشعب السوري,https://syria.liveuamap.com/ar/2025/6-january-13-uae-foreign-minister-stresses-importance-of,22727255,2 الشهر منذ,,
07.01.2025,الجيش التركي ينفذ قصفا مدفعيا على قرى بريف كوباني الجنوبي,https://syria.liveuamap.com/ar/2025/6-january-13-turkish-military-carried-out-artillery-strikes,22727253,2 الشهر منذ,,
07.01.2025,استمرار الاشتباكات المتقطعة في منطقة سد تشرين,https://syria.liveuamap.com/ar/2025/6-january-12-sporadic-clashes-continue-in-the-area-of-tishreen,22727247,2 الشهر منذ,,
07.01.2025,جنوب سوريا: أهالي الصنمين (شمال درعا) يحتجون اليوم مطالبين السلطات الجديدة بمحاسبة القائد السابق التابع لمخابرات الأسد والذي تسبب بالاشتباكات قبل يومين والمتهم بارتكاب جرائم قتل وجرائم ضد المدنيين في المنطقة,https://syria.liveuamap.com/ar/2025/6-january-12-south-syria-residents-of-sanamayn-north-daraa,22727266,2 الشهر منذ,,
07.01.2025,"الرئيس الفرنسي ماكرون يقول ""لن نتخلى"" عن المقاتلين الأكراد في سوريا",https://syria.liveuamap.com/ar/2025/6-january-11-france-president-macron-says-we-will-not-abandon,22727239,2 الشهر منذ,,
07.01.2025,وزير الخارجية التركي: يمكن للإدارة السورية الجديدة أن تتولى مسؤولية سجون معتقلي تنظيم الدولة في سوريا,https://syria.liveuamap.com/ar/2025/6-january-11-turkish-foreign-minister-new-syrian-administration,22727240,2 الشهر منذ,,
07.01.2025,وزير الخارجية الأردني: نرفض أي عدوان إسرائيلي على الأراضي السورية,https://syria.liveuamap.com/ar/2025/6-january-11-jordanian-foreign-minister-we-reject-any-israeli,22727277,2 الشهر منذ,,
07.01.2025,وزير الخارجية الأردني: نرفض العدوان الإسرائيلي على الأراضي السورية واحتلالها لأراض سورية جديدة,https://syria.liveuamap.com/ar/2025/6-january-11-jordanian-foreign-minister-we-reject-the-israeli,22727232,2 الشهر منذ,,
07.01.2025,وزير الخارجية الأردني: نريد لسوريا أن تستعيد أمنها واستقرارها وسيادتها ووحدتها,https://syria.liveuamap.com/ar/2025/6-january-11-jordanian-foreign-minister-we-want-syria-to,22727230,2 الشهر منذ,,
07.01.2025,وزير الخارجية التركي: بحثنا مع الوفد الأردني سبل تعزيز الاستقرار في سوريا,https://syria.liveuamap.com/ar/2025/6-january-10-turkish-foreign-minister-we-discussed-with-the,22727231,2 الشهر منذ,,
07.01.2025,قوات سوريا الديمقراطية تواصل استهداف القوات المدعومة من تركيا في محيط جسر قره قوزاق,https://syria.liveuamap.com/ar/2025/6-january-10-sdf-continue-to-target-turkishbacked-forces,22727248,2 الشهر منذ,,
07.01.2025,الولايات المتحدة ستعلن عن تخفيف العقوبات عن سوريا وإصدار إعفاءات لمجموعات الإغاثة والشركات التي تقدم خدمات أساسية، مثل المياه والكهرباء وغيرها من الإمدادات الإنسانية للأشهر الستة المقبلة - وول ستريت جورنال,https://syria.liveuamap.com/ar/2025/6-january-07-us-to-announce-sanction-relief-for-syria-and,22727200,2 الشهر منذ,,
08.01.2025,عدسة المرصد_السوري: غارة جوية تركية تسـ ـتـ ـهـ ـدف أطراف سد تشرين بريف منبج,https://syria.liveuamap.com/ar/2025/9-january-08-a-turkish-airstrike-targets-the-outskirts-of,22728021,2 الشهر منذ,,
08.01.2025,"وزارة الدفاع التركية تحذر من أنها ستواصل العمليات عبر الحدود في سوريا إذا لم ""تسلم الجماعات الإرهابية"" أسلحتها",https://syria.liveuamap.com/ar/2025/9-january-07-turkish-defense-ministry-warns-it-will-continue,22728000,2 الشهر منذ,,
08.01.2025,"الجنرال الإيراني ""بهروز اثباتي"" يتهم روسيا بالكذب على طهران بشأن قصف الثوار السوريين قائلًا إن ""طائراتها كانت تستهدف الصحراء بدلًا من قوات المعارضة"" ""اثباتي"" ألقى اللوم على روسيا في سقوط بشار الأسد موضحًا أن القوات الروسية لم تهاجم المعارضة وعطّلت الرادارات خلال الغارات…",https://syria.liveuamap.com/ar/2025/9-january-06-iranian-general-behrouz-ethbati-accuses-russia,22728054,2 الشهر منذ,,
08.01.2025,قائد قوات سوريا الديمقراطية: اتفقنا مع السلطة الجديدة في دمشق على رفض مشاريع الانقسام,https://syria.liveuamap.com/ar/2025/8-january-20-commander-of-the-syrian-democratic-forces-we,22727922,2 الشهر منذ,,
08.01.2025,أفادت مصادر كردية، اليوم الأربعاء، بمقتل وإصابة ستة مدنيين أكراد بينهم نساء خلال احتجاج قرب سد تشرين جنوب منبج بريف حلب الشرقي.,https://syria.liveuamap.com/ar/2025/8-january-16-kurdish-sources-reported-on-wednesday-that-six,22727862,2 الشهر منذ,,
08.01.2025,"القنيطرةدبابات الجيش الإسرائيلي تتوغل إلى قريتي العشة وأبو غارة ومزرعة الحيران في ريف ⁧ القنيطرة ⁩ الجنوبي في ⁧ سوريا.الجيش الإسرائيلي فجر مستودعات أسلحة داخل تلال الحمر، وخرب التحصينات العسكرية باستخدام جرافات مدعومة بقوة عسكرية كبيرة تضم دبابات ""ميركافا"" ونحو 50 عنصراً.…",https://syria.liveuamap.com/ar/2025/8-january-15-quneitra-israeli-army-tanks-penetrate-the-villages,22727851,2 الشهر منذ,,
08.01.2025,طائرات مقاتلة وطائرات بدون طيار تركية تستهدف المدنيين الأكراد الذين يحتجون ضد تركيا بالقرب من سد تشرين في شمال شرق سوريا، مما أدى إلى سقوط العديد من الضحايا,https://syria.liveuamap.com/ar/2025/8-january-14-turkish-fighter-jets-and-drones-are-targeting,22727847,2 الشهر منذ,,
08.01.2025,الجيش الوطني السوري بقيادة تركيا يرسل قافلة أكبر من منبج نحو ريف منبج لشن هجوم على مدفعية قوات سوريا الديمقراطية وتستمر الغارات الجوية من قبل الجيش التركي، وقد تم رصد طائرات تركية تحلق باتجاه الجنوب فوق كوباني على طول نهر الفرات,https://syria.liveuamap.com/ar/2025/8-january-13-turkish-led-sna-sends-a-bigger-convoy-from-manbij,22727836,2 الشهر منذ,,
08.01.2025,طائرات مسيرة تركية تقصف قافلة متجهة إلى بلدة تيسيرين، وحسب الأنباء الأولية فإن هناك جرحى، بينهم صحفيان.,https://syria.liveuamap.com/ar/2025/8-january-13-turkish-drones-bombarded-the-convoy-going-to,22727835,2 الشهر منذ,,
08.01.2025,طائرات مسيرة تركية تقصف بعدة غارات جوية محاور القتال في سد تشرين شرق حلب شمال سوريا وسط معلومات أولية عن وقوع قتلى وجرحى بصفوف قسد,https://syria.liveuamap.com/ar/2025/8-january-13-turkish-drones-bombard-the-fighting-fronts-in,22727825,2 الشهر منذ,,
08.01.2025,Raqqa الرقة: طائرة مسيرة استهدفت الطريق المؤدي إلى سد تشرين شمال مفرق الكلي قبل قرية تل عثمان بريف الرقة الغربي، مما أجبر السيارات التي كانت ذاهبة للسد للتوقف,https://syria.liveuamap.com/ar/2025/8-january-13-raqqa-a-drone-targeted-the-road-leading-to-tishreen,22727823,2 الشهر منذ,,
08.01.2025,صورة تظهر أعمدة الدخان تتصاعد جراء الغارات الجوية بالقرب من سد تشرين,https://syria.liveuamap.com/ar/2025/8-january-13-a-photo-shows-columns-of-smoke-rising-from-airstrikes,22727827,2 الشهر منذ,,
08.01.2025,أفادت وسائل إعلام سورية أن طائرة مسيرة تركية استهدفت منصة صواريخ تابعة لقوات سوريا الديمقراطية في ريف منبج (صورة)، تزامناً مع قصف مدفعي تركي على مواقع لحزب العمال الكردستاني/وحدات حماية الشعب في كوباني (فيديو)، كما أفادت أنباء عن اشتباكات بين الجيش الوطني وقوات سوريا الديمقراطية في سد تشرين شرقي منبج,https://syria.liveuamap.com/ar/2025/8-january-13-syrian-media-report-a-turkish-drone-targeted,22727821,2 الشهر منذ,,
08.01.2025,سوريا: انفجار ذخيرة صباح اليوم في منطقة ترمانين. سبب الانفجار غير معروف حتى ، ولكن من المحتمل أن يكون مرتبطاً بأنشطة إزالة الألغام الجارية (القرية قريبة من جبهة حلب الغربية سابقاً),https://syria.liveuamap.com/ar/2025/8-january-12-syria-ammunition-went-off-this-morning-in-area,22727796,2 الشهر منذ,,
08.01.2025,أفادت أنباء عن قصف طائرات مسيرة تركية قافلة لدعم قوات سوريا الديمقراطية في محيط سد تشرين,https://syria.liveuamap.com/ar/2025/8-january-11-turkish-drones-reportedly-shelled-the-convoy,22727830,2 الشهر منذ,,
08.01.2025,وزير الخارجية الفرنسي: عقوبات الاتحاد الأوروبي المعرقلة لتعافي سوريا قد ترفع بسرعة بشرط إحراز تقدم في مجالات حقوق المرأة والأمن,https://syria.liveuamap.com/ar/2025/8-january-07-french-fm-eu-sanctions-hindering-syria-recovery,22727656,2 الشهر منذ,,
08.01.2025,قوات سوريا الديمقراطية تعلن إسقاط طائرة مسيرة تركية من نوع بيرقدار TB2 في منطقة سد تشرين,https://syria.liveuamap.com/ar/2025/7-january-20-sdf-report-shooting-down-a-turkish-bayraktar,22727607,2 الشهر منذ,,
08.01.2025,"الرئيس المنتخب ترامب: ""تركيا تسعى إلى احتلال سوريا تحت مسميات مختلفة وبطرق وأشكال مختلفة منذ 2000 عام. هؤلاء الأشخاص الذين دخلوا سوريا هم من تركيا""",https://syria.liveuamap.com/ar/2025/7-january-18-president-elect-trump-turkey-has-been-after,22727617,2 الشهر منذ,,
08.01.2025,مراسل نهر_ميديا: قسد تنفذ حملة مداهمات في بلدة الكبر غربي ديرالزور بحثاً عن عناصر منشقين عنها,https://syria.liveuamap.com/ar/2025/7-january-18-sdf-carries-out-raids-in-alkubar-town-west-of,22727551,2 الشهر منذ,,
08.01.2025,"وزير الخارجية التركي: تركيا قادرة على إدارة سجون ومعسكرات احتجاز عناصر تنظيم ""داعش"" في سوريا إذا لم يكن بوسع الإدارة السورية القيام بذلك",https://syria.liveuamap.com/ar/2025/7-january-18-turkish-foreign-minister-trkiye-is-capable,22727561,2 الشهر منذ,,
08.01.2025,"وزير الخارجية التركي: تركيا ستشن عملية عسكرية ضد مسلحي ""وحدات حماية الشعب"" الكردية في سوريا إن لم ينصاعوا لمطالب لأنقرة",https://syria.liveuamap.com/ar/2025/7-january-18-turkish-foreign-minister-trkiye-will-launch,22727545,2 الشهر منذ,,
08.01.2025,وزير الخارجية التركي: تركيا تتوقع من الإدارة السورية الجديدة معالجة موضوع المسلحين الأكراد شمال شرقي سوريا لكن ذلك قد يستغرق وقتًا,https://syria.liveuamap.com/ar/2025/7-january-18-turkish-foreign-minister-trkiye-expects-new,22727541,2 الشهر منذ,,
08.01.2025,نفذ الجيش التركي غارة جوية على برج إنترنت في ريف كوباني,https://syria.liveuamap.com/ar/2025/7-january-18-the-turkish-military-carried-out-an-airstrike,22727540,2 الشهر منذ,,
08.01.2025,"ورفض ترامب الإفصاح عما إذا كان سيسحب القوات الأميركية من سوريا، في حين أشاد بتركيا لدورها في الإطاحة بالأسد. وقال: ""الرئيس أردوغان صديق لي. إنه شخص أحبه وأحترمه. أعتقد أنه يحترمني. إذا نظرت إلى ما حدث في سوريا، فقد ضعفت روسيا، وضعف إيران. وهو شخص ذكي للغاية، وأرسل رجاله إلى هناك بأشكال مختلفة وأسماء مختلفة، ودخلوا واستولوا على السلطة"".",https://syria.liveuamap.com/ar/2025/7-january-17-trump-declined-to-say-whether-he-would-withdraw,22727543,2 الشهر منذ,,
08.01.2025,استئناف الرحلات الدولية في مطار دمشق: فرانس برس,https://syria.liveuamap.com/ar/2025/7-january-08-international-flights-resume-at-damascus-airport,22727466,2 الشهر منذ,,
08.01.2025,شنت قسد صباح اليوم حملة مداهمات واعتقالات في بلدة الزغير غرب ديرالزور. ديرالزور_24,https://syria.liveuamap.com/ar/2025/7-january-08-this-morning-the-sdf-launched-a-campaign-of,22727471,2 الشهر منذ,,
08.01.2025,قوات سوريا الديمقراطية تشن حملة مداهمات بحثاً عن منشقين في حي غويران بمدينة الحسكة,https://syria.liveuamap.com/ar/2025/7-january-08-sdf-launches-a-campaign-of-raids-in-search-of,22727476,2 الشهر منذ,,
08.01.2025,سفينتان قطرية وتركية تصلان إلى سوريا لتوليد 800 ميغاواط من الكهرباء - وكالة الأنباء السورية سانا. هذا من شأنه أن يزيد إجمالي الطاقة بنسبة 50٪، حسبما ذكرت سانا. يأتي هذا ة بعد أن منحت الولايات المتحدة إعفاءً من العقوبات لمدة 6 أشهر يسمح بالعمل مع قطاع الطاقة السوري,https://syria.liveuamap.com/ar/2025/7-january-08-qatari-and-turkish-power-ships-to-come-to-syria,22727477,2 الشهر منذ,,
08.01.2025,غارة جوية ثالثة استهدفت نفس المنزل في بلدة الجرنية بريف الرقة الغربي,https://syria.liveuamap.com/ar/2025/6-january-19-a-third-airstrike-targeted-the-same-house-in,22727474,2 الشهر منذ,,
08.01.2025,"فصيلا ""رجال الكرامة"" و""لواء الجبل"" في السويداء: نرفض أي جيش طائفي أو فئوي",https://syria.liveuamap.com/ar/2025/6-january-19-men-of-dignity-and-mountain-brigade-factions,22727313,2 الشهر منذ,,
09.01.2025,وزير الخارجية الإيطالي: نؤكد أهمية الحفاظ على وحدة التراب السوري,https://syria.liveuamap.com/ar/2025/10-january-09-italian-foreign-minister-we-stress-the-importance,22728423,2 الشهر منذ,,
09.01.2025,وزير خارجية إيطاليا: ندعم وحدة وسيادة سوريا,https://syria.liveuamap.com/ar/2025/10-january-09-italian-foreign-minister-we-support-the-unity,22728388,2 الشهر منذ,,
09.01.2025,وتقول تركيا إن فرنسا يجب أن تستعيد سجناء داعش لديها من سوريا بدلاً من التفكير في نشر قوات عسكرية لتثبيت وقف إطلاق النار مع قوات سوريا الديمقراطية على طول الحدود التركية,https://syria.liveuamap.com/ar/2025/10-january-08-turkey-says-that-france-should-take-back-its,22728376,2 الشهر منذ,,
09.01.2025,التركي يقصف ريف تل تمرعرض المزيد (  وكالة أنباء هاوار ANHA    لحظة بلحظة عبر الواتس اب,https://syria.liveuamap.com/ar/2025/10-january-08-turkish-forces-bomb-tal-tamr-countryside-,22728373,2 الشهر منذ,,
09.01.2025,عدسة المرصد_السوري: الطيران الحربي التركي يواصل تحليقه بكثافة فوق أجواء سد تشرين وسط اشتباكات عنـ ـيـ ـفة واحتجاجات مستمرة,https://syria.liveuamap.com/ar/2025/10-january-08-turkish-warplanes-continue-to-fly-intensively,22728372,2 الشهر منذ,,
09.01.2025,قوات سوريا الديمقراطية: للمرة الثانية طائرات حربية تركية تقصف بغارات جوية متعددة صوامع صرين جنوب مدينة كوباني,https://syria.liveuamap.com/ar/2025/10-january-08-sdf-for-the-second-time-turkish-warplanes-bombed,22728375,2 الشهر منذ,,
09.01.2025,القوات المدعومة من تركيا تقصف قرية مسيلتا على خط تل تمر بقذائف المدفعية,https://syria.liveuamap.com/ar/2025/10-january-08-turkishbacked-forces-shelled-the-misilta-village,22728370,2 الشهر منذ,,
09.01.2025,غارات جوية تركية تستهدف بلدة صرين بريف كوباني شمال سوريا,https://syria.liveuamap.com/ar/2025/10-january-08-turkish-airstrikes-targeted-sarrin-in-kobani,22728369,2 الشهر منذ,,
09.01.2025,اشتباكات متقطعة بين قسد والفصائل في ريف منبج,https://syria.liveuamap.com/ar/2025/10-january-08-intermittent-clashes-between-sdf-and-turkishbacked,22728367,2 الشهر منذ,,
09.01.2025,وزير الخارجية التركي: ليس لدينا أي مطامع في الأراضي السورية,https://syria.liveuamap.com/ar/2025/10-january-08-turkish-foreign-minister-we-have-no-ambitions,22728371,2 الشهر منذ,,
09.01.2025,"قصف جوي تركي يستهدف مواقع قسد في بلدة ""الجرنية"" غربي الرقة",https://syria.liveuamap.com/ar/2025/9-january-17-turkish-airstrikes-target-sdf-positions-in-aljarniyah,22728155,2 الشهر منذ,,
09.01.2025,سلسلة غارات بطائرات مسيرة نفذتها قوات سوريا الديمقراطية ضد القوات المدعومة من تركيا شمال سد تشرين وجنوب منبج,https://syria.liveuamap.com/ar/2025/9-january-16-a-series-of-drone-strikes-conducted-by-sdf-forces,22728156,2 الشهر منذ,,
09.01.2025,قامت القوات الأمريكية بدورية في مدينة القامشلي شمال شرقي سوريا (شمال سوريا) اليوم الخميس,https://syria.liveuamap.com/ar/2025/9-january-14-us-forces-patrolled-qamishli-city-in-northeast,22728146,2 الشهر منذ,,
09.01.2025,Raqqa الرقة: غارة جوية للطيران التركي استهدفت مقر الشرطة العسكرية داخل محطة كهرباء الجرنية,https://syria.liveuamap.com/ar/2025/9-january-11-raqqa-turkish-airstrike-targets-military-police,22728124,2 الشهر منذ,,
09.01.2025,طائرات مسيرة تابعة للقوات المسلحة التركية تقصف أهدافاً لقوات سوريا الديمقراطية في بلدة خاتونية غرب الرقة,https://syria.liveuamap.com/ar/2025/9-january-11-turkish-armed-forces-uavs-hit-sdf-targets-in,22728109,2 الشهر منذ,,
09.01.2025,عدسة المرصد_السوري: غارة جوية تركية تسـ ـتـ ـهـ ـدف أطراف سد تشرين بريف منبج,https://syria.liveuamap.com/ar/2025/9-january-08-a-turkish-airstrike-targets-the-outskirts-of,22728021,2 الشهر منذ,,
09.01.2025,"وزارة الدفاع التركية تحذر من أنها ستواصل العمليات عبر الحدود في سوريا إذا لم ""تسلم الجماعات الإرهابية"" أسلحتها",https://syria.liveuamap.com/ar/2025/9-january-07-turkish-defense-ministry-warns-it-will-continue,22728000,2 الشهر منذ,,
09.01.2025,"الجنرال الإيراني ""بهروز اثباتي"" يتهم روسيا بالكذب على طهران بشأن قصف الثوار السوريين قائلًا إن ""طائراتها كانت تستهدف الصحراء بدلًا من قوات المعارضة"" ""اثباتي"" ألقى اللوم على روسيا في سقوط بشار الأسد موضحًا أن القوات الروسية لم تهاجم المعارضة وعطّلت الرادارات خلال الغارات…",https://syria.liveuamap.com/ar/2025/9-january-06-iranian-general-behrouz-ethbati-accuses-russia,22728054,2 الشهر منذ,,
09.01.2025,قائد قوات سوريا الديمقراطية: اتفقنا مع السلطة الجديدة في دمشق على رفض مشاريع الانقسام,https://syria.liveuamap.com/ar/2025/8-january-20-commander-of-the-syrian-democratic-forces-we,22727922,2 الشهر منذ,,
09.01.2025,أفادت مصادر كردية، اليوم الأربعاء، بمقتل وإصابة ستة مدنيين أكراد بينهم نساء خلال احتجاج قرب سد تشرين جنوب منبج بريف حلب الشرقي.,https://syria.liveuamap.com/ar/2025/8-january-16-kurdish-sources-reported-on-wednesday-that-six,22727862,2 الشهر منذ,,
09.01.2025,"القنيطرةدبابات الجيش الإسرائيلي تتوغل إلى قريتي العشة وأبو غارة ومزرعة الحيران في ريف ⁧ القنيطرة ⁩ الجنوبي في ⁧ سوريا.الجيش الإسرائيلي فجر مستودعات أسلحة داخل تلال الحمر، وخرب التحصينات العسكرية باستخدام جرافات مدعومة بقوة عسكرية كبيرة تضم دبابات ""ميركافا"" ونحو 50 عنصراً.…",https://syria.liveuamap.com/ar/2025/8-january-15-quneitra-israeli-army-tanks-penetrate-the-villages,22727851,2 الشهر منذ,,
09.01.2025,طائرات مقاتلة وطائرات بدون طيار تركية تستهدف المدنيين الأكراد الذين يحتجون ضد تركيا بالقرب من سد تشرين في شمال شرق سوريا، مما أدى إلى سقوط العديد من الضحايا,https://syria.liveuamap.com/ar/2025/8-january-14-turkish-fighter-jets-and-drones-are-targeting,22727847,2 الشهر منذ,,
09.01.2025,الجيش الوطني السوري بقيادة تركيا يرسل قافلة أكبر من منبج نحو ريف منبج لشن هجوم على مدفعية قوات سوريا الديمقراطية وتستمر الغارات الجوية من قبل الجيش التركي، وقد تم رصد طائرات تركية تحلق باتجاه الجنوب فوق كوباني على طول نهر الفرات,https://syria.liveuamap.com/ar/2025/8-january-13-turkish-led-sna-sends-a-bigger-convoy-from-manbij,22727836,2 الشهر منذ,,
09.01.2025,طائرات مسيرة تركية تقصف قافلة متجهة إلى بلدة تيسيرين، وحسب الأنباء الأولية فإن هناك جرحى، بينهم صحفيان.,https://syria.liveuamap.com/ar/2025/8-january-13-turkish-drones-bombarded-the-convoy-going-to,22727835,2 الشهر منذ,,
09.01.2025,طائرات مسيرة تركية تقصف بعدة غارات جوية محاور القتال في سد تشرين شرق حلب شمال سوريا وسط معلومات أولية عن وقوع قتلى وجرحى بصفوف قسد,https://syria.liveuamap.com/ar/2025/8-january-13-turkish-drones-bombard-the-fighting-fronts-in,22727825,2 الشهر منذ,,
09.01.2025,Raqqa الرقة: طائرة مسيرة استهدفت الطريق المؤدي إلى سد تشرين شمال مفرق الكلي قبل قرية تل عثمان بريف الرقة الغربي، مما أجبر السيارات التي كانت ذاهبة للسد للتوقف,https://syria.liveuamap.com/ar/2025/8-january-13-raqqa-a-drone-targeted-the-road-leading-to-tishreen,22727823,2 الشهر منذ,,
09.01.2025,صورة تظهر أعمدة الدخان تتصاعد جراء الغارات الجوية بالقرب من سد تشرين,https://syria.liveuamap.com/ar/2025/8-january-13-a-photo-shows-columns-of-smoke-rising-from-airstrikes,22727827,2 الشهر منذ,,
09.01.2025,أفادت وسائل إعلام سورية أن طائرة مسيرة تركية استهدفت منصة صواريخ تابعة لقوات سوريا الديمقراطية في ريف منبج (صورة)، تزامناً مع قصف مدفعي تركي على مواقع لحزب العمال الكردستاني/وحدات حماية الشعب في كوباني (فيديو)، كما أفادت أنباء عن اشتباكات بين الجيش الوطني وقوات سوريا الديمقراطية في سد تشرين شرقي منبج,https://syria.liveuamap.com/ar/2025/8-january-13-syrian-media-report-a-turkish-drone-targeted,22727821,2 الشهر منذ,,
09.01.2025,سوريا: انفجار ذخيرة صباح اليوم في منطقة ترمانين. سبب الانفجار غير معروف حتى ، ولكن من المحتمل أن يكون مرتبطاً بأنشطة إزالة الألغام الجارية (القرية قريبة من جبهة حلب الغربية سابقاً),https://syria.liveuamap.com/ar/2025/8-january-12-syria-ammunition-went-off-this-morning-in-area,22727796,2 الشهر منذ,,
09.01.2025,أفادت أنباء عن قصف طائرات مسيرة تركية قافلة لدعم قوات سوريا الديمقراطية في محيط سد تشرين,https://syria.liveuamap.com/ar/2025/8-january-11-turkish-drones-reportedly-shelled-the-convoy,22727830,2 الشهر منذ,,
10.01.2025,رئيس الوزراء اللبناني ميقاتي يلتقي الزعيم السوري الشرع في دمشق، وهي الزيارة الأولى لرئيس وزراء لبناني إلى دمشق منذ عام 2010,https://syria.liveuamap.com/ar/2025/11-january-10-lebanon-pm-mikati-meets-syria-leader-asharaa,22728665,2 الشهر منذ,,
10.01.2025,الأجهزة الأمنية السورية تقول إنها أحبطت مخططا لتنظيم داعش لمهاجمة موقع شيعي في دمشق,https://syria.liveuamap.com/ar/2025/11-january-10-syrias-security-services-say-they-foiled-an,22728646,2 الشهر منذ,,
10.01.2025,قوات سوريا الديمقراطية: قواتنا تبدي استعدادها للتعاون مع إدارة دمشق لكشف الحقائق. أفادت وكالة الأنباء السورية (سانا) عن اعتراض سيارة مفخخة في حلب زعمت أنها قادمة من مناطق سيطرتنا في شمال وشرق سوريا. ونؤكد أن هذه الاتهامات خاطئة وسابقة لأوانها وتفتقر إلى الأدلة الواقعية أو التحقيقات الشفافة.,https://syria.liveuamap.com/ar/2025/11-january-10-sdf-our-forces-express-their-readiness-to-cooperate,22728663,2 الشهر منذ,,
10.01.2025,أنباء عن غارات جوية جديدة قرب سد تشرين ووصول المتظاهرين إلى السد,https://syria.liveuamap.com/ar/2025/11-january-09-new-airstrikes-reported-near-the-tishrin-dam,22728668,2 الشهر منذ,,
10.01.2025,صحيفة الوطن السورية: العمل جارٍ على إعادة إصدار الجوازات للمواطنين في سوريا على أن تبدأ خلال الأسبوع القادم,https://syria.liveuamap.com/ar/2025/10-january-15-alwatan-syrian-newspaper-work-is-underway-to,22728469,2 الشهر منذ,,
10.01.2025,وزارة الداخلية تعلن ضبط سيارة مفخخة قادمة من مناطق قوات سوريا الديمقراطية,https://syria.liveuamap.com/ar/2025/10-january-13-the-interior-ministry-announces-the-seizure,22728424,2 الشهر منذ,,
10.01.2025,في زركان نفذ سلاح الجو التركي غارة جوية على صهريج مياه - هذه الصهاريج تستخدم لتزويد المدنيين بالمياه,https://syria.liveuamap.com/ar/2025/10-january-13-in-zirgan-the-turkish-airforce-carried-out,22728422,2 الشهر منذ,,
10.01.2025,قوات سوريا الديمقراطية تقول إنها للمرة الثانية قصفت طائرات حربية تركية بغارات جوية متعددة صوامع الحبوب في منطقة صرين جنوب كوباني,https://syria.liveuamap.com/ar/2025/10-january-12-sdf-says-for-the-second-time-turkish-warplanes,22728479,2 الشهر منذ,,
10.01.2025,وزير الخارجية الإيطالي: نؤكد أهمية الحفاظ على وحدة التراب السوري,https://syria.liveuamap.com/ar/2025/10-january-09-italian-foreign-minister-we-stress-the-importance,22728423,2 الشهر منذ,,
10.01.2025,وزير خارجية إيطاليا: ندعم وحدة وسيادة سوريا,https://syria.liveuamap.com/ar/2025/10-january-09-italian-foreign-minister-we-support-the-unity,22728388,2 الشهر منذ,,
10.01.2025,وتقول تركيا إن فرنسا يجب أن تستعيد سجناء داعش لديها من سوريا بدلاً من التفكير في نشر قوات عسكرية لتثبيت وقف إطلاق النار مع قوات سوريا الديمقراطية على طول الحدود التركية,https://syria.liveuamap.com/ar/2025/10-january-08-turkey-says-that-france-should-take-back-its,22728376,2 الشهر منذ,,
10.01.2025,التركي يقصف ريف تل تمرعرض المزيد (  وكالة أنباء هاوار ANHA    لحظة بلحظة عبر الواتس اب,https://syria.liveuamap.com/ar/2025/10-january-08-turkish-forces-bomb-tal-tamr-countryside-,22728373,2 الشهر منذ,,
10.01.2025,عدسة المرصد_السوري: الطيران الحربي التركي يواصل تحليقه بكثافة فوق أجواء سد تشرين وسط اشتباكات عنـ ـيـ ـفة واحتجاجات مستمرة,https://syria.liveuamap.com/ar/2025/10-january-08-turkish-warplanes-continue-to-fly-intensively,22728372,2 الشهر منذ,,
10.01.2025,قوات سوريا الديمقراطية: للمرة الثانية طائرات حربية تركية تقصف بغارات جوية متعددة صوامع صرين جنوب مدينة كوباني,https://syria.liveuamap.com/ar/2025/10-january-08-sdf-for-the-second-time-turkish-warplanes-bombed,22728375,2 الشهر منذ,,
10.01.2025,القوات المدعومة من تركيا تقصف قرية مسيلتا على خط تل تمر بقذائف المدفعية,https://syria.liveuamap.com/ar/2025/10-january-08-turkishbacked-forces-shelled-the-misilta-village,22728370,2 الشهر منذ,,
10.01.2025,غارات جوية تركية تستهدف بلدة صرين بريف كوباني شمال سوريا,https://syria.liveuamap.com/ar/2025/10-january-08-turkish-airstrikes-targeted-sarrin-in-kobani,22728369,2 الشهر منذ,,
10.01.2025,اشتباكات متقطعة بين قسد والفصائل في ريف منبج,https://syria.liveuamap.com/ar/2025/10-january-08-intermittent-clashes-between-sdf-and-turkishbacked,22728367,2 الشهر منذ,,
10.01.2025,وزير الخارجية التركي: ليس لدينا أي مطامع في الأراضي السورية,https://syria.liveuamap.com/ar/2025/10-january-08-turkish-foreign-minister-we-have-no-ambitions,22728371,2 الشهر منذ,,
10.01.2025,"قصف جوي تركي يستهدف مواقع قسد في بلدة ""الجرنية"" غربي الرقة",https://syria.liveuamap.com/ar/2025/9-january-17-turkish-airstrikes-target-sdf-positions-in-aljarniyah,22728155,2 الشهر منذ,,
10.01.2025,سلسلة غارات بطائرات مسيرة نفذتها قوات سوريا الديمقراطية ضد القوات المدعومة من تركيا شمال سد تشرين وجنوب منبج,https://syria.liveuamap.com/ar/2025/9-january-16-a-series-of-drone-strikes-conducted-by-sdf-forces,22728156,2 الشهر منذ,,
10.01.2025,قامت القوات الأمريكية بدورية في مدينة القامشلي شمال شرقي سوريا (شمال سوريا) اليوم الخميس,https://syria.liveuamap.com/ar/2025/9-january-14-us-forces-patrolled-qamishli-city-in-northeast,22728146,2 الشهر منذ,,
10.01.2025,Raqqa الرقة: غارة جوية للطيران التركي استهدفت مقر الشرطة العسكرية داخل محطة كهرباء الجرنية,https://syria.liveuamap.com/ar/2025/9-january-11-raqqa-turkish-airstrike-targets-military-police,22728124,2 الشهر منذ,,
10.01.2025,طائرات مسيرة تابعة للقوات المسلحة التركية تقصف أهدافاً لقوات سوريا الديمقراطية في بلدة خاتونية غرب الرقة,https://syria.liveuamap.com/ar/2025/9-january-11-turkish-armed-forces-uavs-hit-sdf-targets-in,22728109,2 الشهر منذ,,
10.01.2025,عدسة المرصد_السوري: غارة جوية تركية تسـ ـتـ ـهـ ـدف أطراف سد تشرين بريف منبج,https://syria.liveuamap.com/ar/2025/9-january-08-a-turkish-airstrike-targets-the-outskirts-of,22728021,2 الشهر منذ,,
10.01.2025,"وزارة الدفاع التركية تحذر من أنها ستواصل العمليات عبر الحدود في سوريا إذا لم ""تسلم الجماعات الإرهابية"" أسلحتها",https://syria.liveuamap.com/ar/2025/9-january-07-turkish-defense-ministry-warns-it-will-continue,22728000,2 الشهر منذ,,
10.01.2025,"الجنرال الإيراني ""بهروز اثباتي"" يتهم روسيا بالكذب على طهران بشأن قصف الثوار السوريين قائلًا إن ""طائراتها كانت تستهدف الصحراء بدلًا من قوات المعارضة"" ""اثباتي"" ألقى اللوم على روسيا في سقوط بشار الأسد موضحًا أن القوات الروسية لم تهاجم المعارضة وعطّلت الرادارات خلال الغارات…",https://syria.liveuamap.com/ar/2025/9-january-06-iranian-general-behrouz-ethbati-accuses-russia,22728054,2 الشهر منذ,,
10.01.2025,قائد قوات سوريا الديمقراطية: اتفقنا مع السلطة الجديدة في دمشق على رفض مشاريع الانقسام,https://syria.liveuamap.com/ar/2025/8-january-20-commander-of-the-syrian-democratic-forces-we,22727922,2 الشهر منذ,,
10.01.2025,أفادت مصادر كردية، اليوم الأربعاء، بمقتل وإصابة ستة مدنيين أكراد بينهم نساء خلال احتجاج قرب سد تشرين جنوب منبج بريف حلب الشرقي.,https://syria.liveuamap.com/ar/2025/8-january-16-kurdish-sources-reported-on-wednesday-that-six,22727862,2 الشهر منذ,,
10.01.2025,"القنيطرةدبابات الجيش الإسرائيلي تتوغل إلى قريتي العشة وأبو غارة ومزرعة الحيران في ريف ⁧ القنيطرة ⁩ الجنوبي في ⁧ سوريا.الجيش الإسرائيلي فجر مستودعات أسلحة داخل تلال الحمر، وخرب التحصينات العسكرية باستخدام جرافات مدعومة بقوة عسكرية كبيرة تضم دبابات ""ميركافا"" ونحو 50 عنصراً.…",https://syria.liveuamap.com/ar/2025/8-january-15-quneitra-israeli-army-tanks-penetrate-the-villages,22727851,2 الشهر منذ,,
10.01.2025,طائرات مقاتلة وطائرات بدون طيار تركية تستهدف المدنيين الأكراد الذين يحتجون ضد تركيا بالقرب من سد تشرين في شمال شرق سوريا، مما أدى إلى سقوط العديد من الضحايا,https://syria.liveuamap.com/ar/2025/8-january-14-turkish-fighter-jets-and-drones-are-targeting,22727847,2 الشهر منذ,,
11.01.2025,وزيرة خارجية ألمانيا تشارك بمؤتمر موسع بشأن سوريا في الرياض,https://syria.liveuamap.com/ar/2025/12-january-08-german-foreign-minister-to-participate-in-expanded,22728762,1 الشهر منذ,,
11.01.2025,"وزير الداخلية العراقي للحدث: ننسق مع ""قسد"" بخصوص المناطق التي تسيطر عليها من خلال التحالف الدولي",https://syria.liveuamap.com/ar/2025/12-january-08-iraqi-interior-minister-to-alhadath-we-are,22728761,1 الشهر منذ,,
11.01.2025,بدء الإجتماع العربي الدولي الخاص بسوريا في العاصمة السعودية الرياض,https://syria.liveuamap.com/ar/2025/12-january-07-the-arabinternational-meeting-on-syria-begins,22728748,1 الشهر منذ,,
11.01.2025,تقدم لقوات فجر الحرية التابعة للجيش الوطني على محور سد تشرين شرقي حلب، ورصده نارياً سد تشرين بعد سيطرته على تلة السريتيل.,https://syria.liveuamap.com/ar/2025/11-january-12-the-fajr-alhurriya-forces-affiliated-with-the,22728682,2 الشهر منذ,,
11.01.2025,القوات التركية تستهدف بقذائف المدفعية أهدافاً لقوات سوريا الديمقراطية في محيط جسر قره كوزاك وخط صرين,https://syria.liveuamap.com/ar/2025/11-january-11-turkish-forces-hit-the-sdf-targets-located,22728675,2 الشهر منذ,,
11.01.2025,رئيس الوزراء اللبناني ميقاتي يلتقي الزعيم السوري الشرع في دمشق، وهي الزيارة الأولى لرئيس وزراء لبناني إلى دمشق منذ عام 2010,https://syria.liveuamap.com/ar/2025/11-january-10-lebanon-pm-mikati-meets-syria-leader-asharaa,22728665,2 الشهر منذ,,
11.01.2025,الأجهزة الأمنية السورية تقول إنها أحبطت مخططا لتنظيم داعش لمهاجمة موقع شيعي في دمشق,https://syria.liveuamap.com/ar/2025/11-january-10-syrias-security-services-say-they-foiled-an,22728646,2 الشهر منذ,,
11.01.2025,قوات سوريا الديمقراطية: قواتنا تبدي استعدادها للتعاون مع إدارة دمشق لكشف الحقائق. أفادت وكالة الأنباء السورية (سانا) عن اعتراض سيارة مفخخة في حلب زعمت أنها قادمة من مناطق سيطرتنا في شمال وشرق سوريا. ونؤكد أن هذه الاتهامات خاطئة وسابقة لأوانها وتفتقر إلى الأدلة الواقعية أو التحقيقات الشفافة.,https://syria.liveuamap.com/ar/2025/11-january-10-sdf-our-forces-express-their-readiness-to-cooperate,22728663,2 الشهر منذ,,
11.01.2025,أنباء عن غارات جوية جديدة قرب سد تشرين ووصول المتظاهرين إلى السد,https://syria.liveuamap.com/ar/2025/11-january-09-new-airstrikes-reported-near-the-tishrin-dam,22728668,2 الشهر منذ,,
11.01.2025,صحيفة الوطن السورية: العمل جارٍ على إعادة إصدار الجوازات للمواطنين في سوريا على أن تبدأ خلال الأسبوع القادم,https://syria.liveuamap.com/ar/2025/10-january-15-alwatan-syrian-newspaper-work-is-underway-to,22728469,2 الشهر منذ,,
11.01.2025,وزارة الداخلية تعلن ضبط سيارة مفخخة قادمة من مناطق قوات سوريا الديمقراطية,https://syria.liveuamap.com/ar/2025/10-january-13-the-interior-ministry-announces-the-seizure,22728424,2 الشهر منذ,,
11.01.2025,في زركان نفذ سلاح الجو التركي غارة جوية على صهريج مياه - هذه الصهاريج تستخدم لتزويد المدنيين بالمياه,https://syria.liveuamap.com/ar/2025/10-january-13-in-zirgan-the-turkish-airforce-carried-out,22728422,2 الشهر منذ,,
11.01.2025,قوات سوريا الديمقراطية تقول إنها للمرة الثانية قصفت طائرات حربية تركية بغارات جوية متعددة صوامع الحبوب في منطقة صرين جنوب كوباني,https://syria.liveuamap.com/ar/2025/10-january-12-sdf-says-for-the-second-time-turkish-warplanes,22728479,2 الشهر منذ,,
11.01.2025,وزير الخارجية الإيطالي: نؤكد أهمية الحفاظ على وحدة التراب السوري,https://syria.liveuamap.com/ar/2025/10-january-09-italian-foreign-minister-we-stress-the-importance,22728423,2 الشهر منذ,,
11.01.2025,وزير خارجية إيطاليا: ندعم وحدة وسيادة سوريا,https://syria.liveuamap.com/ar/2025/10-january-09-italian-foreign-minister-we-support-the-unity,22728388,2 الشهر منذ,,
11.01.2025,وتقول تركيا إن فرنسا يجب أن تستعيد سجناء داعش لديها من سوريا بدلاً من التفكير في نشر قوات عسكرية لتثبيت وقف إطلاق النار مع قوات سوريا الديمقراطية على طول الحدود التركية,https://syria.liveuamap.com/ar/2025/10-january-08-turkey-says-that-france-should-take-back-its,22728376,2 الشهر منذ,,
11.01.2025,التركي يقصف ريف تل تمرعرض المزيد (  وكالة أنباء هاوار ANHA    لحظة بلحظة عبر الواتس اب,https://syria.liveuamap.com/ar/2025/10-january-08-turkish-forces-bomb-tal-tamr-countryside-,22728373,2 الشهر منذ,,
11.01.2025,عدسة المرصد_السوري: الطيران الحربي التركي يواصل تحليقه بكثافة فوق أجواء سد تشرين وسط اشتباكات عنـ ـيـ ـفة واحتجاجات مستمرة,https://syria.liveuamap.com/ar/2025/10-january-08-turkish-warplanes-continue-to-fly-intensively,22728372,2 الشهر منذ,,
11.01.2025,قوات سوريا الديمقراطية: للمرة الثانية طائرات حربية تركية تقصف بغارات جوية متعددة صوامع صرين جنوب مدينة كوباني,https://syria.liveuamap.com/ar/2025/10-january-08-sdf-for-the-second-time-turkish-warplanes-bombed,22728375,2 الشهر منذ,,
11.01.2025,القوات المدعومة من تركيا تقصف قرية مسيلتا على خط تل تمر بقذائف المدفعية,https://syria.liveuamap.com/ar/2025/10-january-08-turkishbacked-forces-shelled-the-misilta-village,22728370,2 الشهر منذ,,
11.01.2025,غارات جوية تركية تستهدف بلدة صرين بريف كوباني شمال سوريا,https://syria.liveuamap.com/ar/2025/10-january-08-turkish-airstrikes-targeted-sarrin-in-kobani,22728369,2 الشهر منذ,,
11.01.2025,اشتباكات متقطعة بين قسد والفصائل في ريف منبج,https://syria.liveuamap.com/ar/2025/10-january-08-intermittent-clashes-between-sdf-and-turkishbacked,22728367,2 الشهر منذ,,
11.01.2025,وزير الخارجية التركي: ليس لدينا أي مطامع في الأراضي السورية,https://syria.liveuamap.com/ar/2025/10-january-08-turkish-foreign-minister-we-have-no-ambitions,22728371,2 الشهر منذ,,
11.01.2025,"قصف جوي تركي يستهدف مواقع قسد في بلدة ""الجرنية"" غربي الرقة",https://syria.liveuamap.com/ar/2025/9-january-17-turkish-airstrikes-target-sdf-positions-in-aljarniyah,22728155,2 الشهر منذ,,
11.01.2025,سلسلة غارات بطائرات مسيرة نفذتها قوات سوريا الديمقراطية ضد القوات المدعومة من تركيا شمال سد تشرين وجنوب منبج,https://syria.liveuamap.com/ar/2025/9-january-16-a-series-of-drone-strikes-conducted-by-sdf-forces,22728156,2 الشهر منذ,,
11.01.2025,قامت القوات الأمريكية بدورية في مدينة القامشلي شمال شرقي سوريا (شمال سوريا) اليوم الخميس,https://syria.liveuamap.com/ar/2025/9-january-14-us-forces-patrolled-qamishli-city-in-northeast,22728146,2 الشهر منذ,,
11.01.2025,Raqqa الرقة: غارة جوية للطيران التركي استهدفت مقر الشرطة العسكرية داخل محطة كهرباء الجرنية,https://syria.liveuamap.com/ar/2025/9-january-11-raqqa-turkish-airstrike-targets-military-police,22728124,2 الشهر منذ,,
11.01.2025,طائرات مسيرة تابعة للقوات المسلحة التركية تقصف أهدافاً لقوات سوريا الديمقراطية في بلدة خاتونية غرب الرقة,https://syria.liveuamap.com/ar/2025/9-january-11-turkish-armed-forces-uavs-hit-sdf-targets-in,22728109,2 الشهر منذ,,
11.01.2025,عدسة المرصد_السوري: غارة جوية تركية تسـ ـتـ ـهـ ـدف أطراف سد تشرين بريف منبج,https://syria.liveuamap.com/ar/2025/9-january-08-a-turkish-airstrike-targets-the-outskirts-of,22728021,2 الشهر منذ,,
11.01.2025,"وزارة الدفاع التركية تحذر من أنها ستواصل العمليات عبر الحدود في سوريا إذا لم ""تسلم الجماعات الإرهابية"" أسلحتها",https://syria.liveuamap.com/ar/2025/9-january-07-turkish-defense-ministry-warns-it-will-continue,22728000,2 الشهر منذ,,
12.01.2025,وكالة الأنباء السورية: وزارة الدفاع تستمر بعقد الجلسات التنظيمية مع القيادات العسكرية ضمن عملية انخراط الفصائل,https://syria.liveuamap.com/ar/2025/13-january-07-syrian-news-agency-the-ministry-of-defense,22729009,1 الشهر منذ,,
12.01.2025,غارة من الطيران الحربي الإسرائيلي تستهدف محيط بلدة مطربا الحدودية بين لبنان وسوريا شمالي البقاع شرقي لبنان,https://israelpalestine.liveuamap.com/ar/2025/13-january-01-an-israeli-air-raid-targets-the-vicinity-of,22729108,1 الشهر منذ,,
12.01.2025,استمرار الاشتباكات شمالاً حتى سد تشرين,https://syria.liveuamap.com/ar/2025/12-january-15-clashes-continue-north-to-tishreen-dam,22728861,1 الشهر منذ,,
12.01.2025,"""لا ينبغي لسوريا الجديدة السلمية أن تشكل تهديدًا لجيرانها. ما نحتاجه  هو إنهاء القتال في الشمال وإعطاء الأكراد دورًا في عملية انتقال سياسي سوري شامل"". - في الرياض، تحدث وزير الخارجية الألماني @ABaerbock مع نظيره التركي @HakanFidan حول سوريا",https://syria.liveuamap.com/ar/2025/12-january-14-a-peaceful-new-syria-should-not-be-a-threat,22728868,1 الشهر منذ,,
12.01.2025,وزير الخارجية السعودي: الاستمرار في تقديم أوجه الدعم لسوريا,https://syria.liveuamap.com/ar/2025/12-january-13-saudi-foreign-minister-continuing-to-provide,22728850,1 الشهر منذ,,
12.01.2025,طائرات حربية تركية تقصف بلدة صرين وريفها,https://syria.liveuamap.com/ar/2025/12-january-12-turkish-warplanes-bomb-sirin-and-its-countryside,22728855,1 الشهر منذ,,
12.01.2025,قذف عنيف على تل قرى دونغز ريف كوباني الجنوبي,https://syria.liveuamap.com/ar/2025/12-january-12-violent-shelling-on-the-hill-of-dongz-villages,22728853,1 الشهر منذ,,
12.01.2025,سوريا: تم اليوم الإفراج عن نحو 360 من عناصر النظام السابقين الذين تم اعتقالهم الأسبوع الماضي خلال عمليات التمشيط في مدينة حمص بعد التأكد من عدم ارتكابهم جرائم حرب.,https://syria.liveuamap.com/ar/2025/12-january-12-syria-around-360-former-regime-members-arrested,22728845,1 الشهر منذ,,
12.01.2025,أنباء عن غارة جوية تركية بالقرب من سد تشرين,https://syria.liveuamap.com/ar/2025/12-january-11-turkish-airstrike-reported-near-tishrin-dam,22728852,1 الشهر منذ,,
12.01.2025,وزيرة خارجية ألمانيا تشارك بمؤتمر موسع بشأن سوريا في الرياض,https://syria.liveuamap.com/ar/2025/12-january-08-german-foreign-minister-to-participate-in-expanded,22728762,1 الشهر منذ,,
12.01.2025,"وزير الداخلية العراقي للحدث: ننسق مع ""قسد"" بخصوص المناطق التي تسيطر عليها من خلال التحالف الدولي",https://syria.liveuamap.com/ar/2025/12-january-08-iraqi-interior-minister-to-alhadath-we-are,22728761,1 الشهر منذ,,
12.01.2025,بدء الإجتماع العربي الدولي الخاص بسوريا في العاصمة السعودية الرياض,https://syria.liveuamap.com/ar/2025/12-january-07-the-arabinternational-meeting-on-syria-begins,22728748,1 الشهر منذ,,
12.01.2025,تقدم لقوات فجر الحرية التابعة للجيش الوطني على محور سد تشرين شرقي حلب، ورصده نارياً سد تشرين بعد سيطرته على تلة السريتيل.,https://syria.liveuamap.com/ar/2025/11-january-12-the-fajr-alhurriya-forces-affiliated-with-the,22728682,2 الشهر منذ,,
12.01.2025,القوات التركية تستهدف بقذائف المدفعية أهدافاً لقوات سوريا الديمقراطية في محيط جسر قره كوزاك وخط صرين,https://syria.liveuamap.com/ar/2025/11-january-11-turkish-forces-hit-the-sdf-targets-located,22728675,2 الشهر منذ,,
12.01.2025,رئيس الوزراء اللبناني ميقاتي يلتقي الزعيم السوري الشرع في دمشق، وهي الزيارة الأولى لرئيس وزراء لبناني إلى دمشق منذ عام 2010,https://syria.liveuamap.com/ar/2025/11-january-10-lebanon-pm-mikati-meets-syria-leader-asharaa,22728665,2 الشهر منذ,,
12.01.2025,الأجهزة الأمنية السورية تقول إنها أحبطت مخططا لتنظيم داعش لمهاجمة موقع شيعي في دمشق,https://syria.liveuamap.com/ar/2025/11-january-10-syrias-security-services-say-they-foiled-an,22728646,2 الشهر منذ,,
12.01.2025,قوات سوريا الديمقراطية: قواتنا تبدي استعدادها للتعاون مع إدارة دمشق لكشف الحقائق. أفادت وكالة الأنباء السورية (سانا) عن اعتراض سيارة مفخخة في حلب زعمت أنها قادمة من مناطق سيطرتنا في شمال وشرق سوريا. ونؤكد أن هذه الاتهامات خاطئة وسابقة لأوانها وتفتقر إلى الأدلة الواقعية أو التحقيقات الشفافة.,https://syria.liveuamap.com/ar/2025/11-january-10-sdf-our-forces-express-their-readiness-to-cooperate,22728663,2 الشهر منذ,,
12.01.2025,أنباء عن غارات جوية جديدة قرب سد تشرين ووصول المتظاهرين إلى السد,https://syria.liveuamap.com/ar/2025/11-january-09-new-airstrikes-reported-near-the-tishrin-dam,22728668,2 الشهر منذ,,
12.01.2025,صحيفة الوطن السورية: العمل جارٍ على إعادة إصدار الجوازات للمواطنين في سوريا على أن تبدأ خلال الأسبوع القادم,https://syria.liveuamap.com/ar/2025/10-january-15-alwatan-syrian-newspaper-work-is-underway-to,22728469,2 الشهر منذ,,
12.01.2025,وزارة الداخلية تعلن ضبط سيارة مفخخة قادمة من مناطق قوات سوريا الديمقراطية,https://syria.liveuamap.com/ar/2025/10-january-13-the-interior-ministry-announces-the-seizure,22728424,2 الشهر منذ,,
12.01.2025,في زركان نفذ سلاح الجو التركي غارة جوية على صهريج مياه - هذه الصهاريج تستخدم لتزويد المدنيين بالمياه,https://syria.liveuamap.com/ar/2025/10-january-13-in-zirgan-the-turkish-airforce-carried-out,22728422,2 الشهر منذ,,
12.01.2025,قوات سوريا الديمقراطية تقول إنها للمرة الثانية قصفت طائرات حربية تركية بغارات جوية متعددة صوامع الحبوب في منطقة صرين جنوب كوباني,https://syria.liveuamap.com/ar/2025/10-january-12-sdf-says-for-the-second-time-turkish-warplanes,22728479,2 الشهر منذ,,
12.01.2025,وزير الخارجية الإيطالي: نؤكد أهمية الحفاظ على وحدة التراب السوري,https://syria.liveuamap.com/ar/2025/10-january-09-italian-foreign-minister-we-stress-the-importance,22728423,2 الشهر منذ,,
12.01.2025,وزير خارجية إيطاليا: ندعم وحدة وسيادة سوريا,https://syria.liveuamap.com/ar/2025/10-january-09-italian-foreign-minister-we-support-the-unity,22728388,2 الشهر منذ,,
12.01.2025,وتقول تركيا إن فرنسا يجب أن تستعيد سجناء داعش لديها من سوريا بدلاً من التفكير في نشر قوات عسكرية لتثبيت وقف إطلاق النار مع قوات سوريا الديمقراطية على طول الحدود التركية,https://syria.liveuamap.com/ar/2025/10-january-08-turkey-says-that-france-should-take-back-its,22728376,2 الشهر منذ,,
12.01.2025,التركي يقصف ريف تل تمرعرض المزيد (  وكالة أنباء هاوار ANHA    لحظة بلحظة عبر الواتس اب,https://syria.liveuamap.com/ar/2025/10-january-08-turkish-forces-bomb-tal-tamr-countryside-,22728373,2 الشهر منذ,,
12.01.2025,عدسة المرصد_السوري: الطيران الحربي التركي يواصل تحليقه بكثافة فوق أجواء سد تشرين وسط اشتباكات عنـ ـيـ ـفة واحتجاجات مستمرة,https://syria.liveuamap.com/ar/2025/10-january-08-turkish-warplanes-continue-to-fly-intensively,22728372,2 الشهر منذ,,
12.01.2025,قوات سوريا الديمقراطية: للمرة الثانية طائرات حربية تركية تقصف بغارات جوية متعددة صوامع صرين جنوب مدينة كوباني,https://syria.liveuamap.com/ar/2025/10-january-08-sdf-for-the-second-time-turkish-warplanes-bombed,22728375,2 الشهر منذ,,
12.01.2025,القوات المدعومة من تركيا تقصف قرية مسيلتا على خط تل تمر بقذائف المدفعية,https://syria.liveuamap.com/ar/2025/10-january-08-turkishbacked-forces-shelled-the-misilta-village,22728370,2 الشهر منذ,,
12.01.2025,غارات جوية تركية تستهدف بلدة صرين بريف كوباني شمال سوريا,https://syria.liveuamap.com/ar/2025/10-january-08-turkish-airstrikes-targeted-sarrin-in-kobani,22728369,2 الشهر منذ,,
13.01.2025,القائد العام لقوات سوريا الديمقراطية الجنرال مظلوم عبدي يلتقي ب ممثل السيد مسعود برزاني حميد دربندي,https://syria.liveuamap.com/ar/2025/13-january-15-the-commanderinchief-of-the-syrian-democratic,22729092,1 الشهر منذ,,
13.01.2025,رويترز: ألمانيا وفرنسا وهولندا وإسبانيا وفنلندا والدنمارك دعت للشروع في تعديل نظام العقوبات على سوريا,https://syria.liveuamap.com/ar/2025/13-january-13-reuters-germany-france-netherlands-spain-finland,22729087,1 الشهر منذ,,
13.01.2025,الطيران التركي يشن غارات على ريف عين العرب ـ كوباني شمالي سوريا,https://syria.liveuamap.com/ar/2025/13-january-12-turkish-aircraft-launch-raids-on-the-countryside,22729062,1 الشهر منذ,,
13.01.2025,وزارة الداخلية الألمانية تقول إن أنصار نظام الأسد قد يحاولون السفر إلى أوروبا وسيواجهون ملاحقة قانونية في ألمانيا,https://syria.liveuamap.com/ar/2025/13-january-12-germany-interior-ministry-says-that-supporters,22729057,1 الشهر منذ,,
13.01.2025,طائرة مساعدات كويتية تصل إلى مطار دمشق الدولي,https://syria.liveuamap.com/ar/2025/13-january-11-kuwaiti-aid-plane-arrives-at-damascus-international,22729042,1 الشهر منذ,,
13.01.2025,ريف صرين ومحيط تشرين يتعرضان لقصف من قبل الطائرات الحربية التركية,https://syria.liveuamap.com/ar/2025/13-january-11-sirin-countryside-and-tishrin-surroundings,22729052,1 الشهر منذ,,
13.01.2025,وكالة الأنباء السورية: وزارة الدفاع تستمر بعقد الجلسات التنظيمية مع القيادات العسكرية ضمن عملية انخراط الفصائل,https://syria.liveuamap.com/ar/2025/13-january-07-syrian-news-agency-the-ministry-of-defense,22729009,1 الشهر منذ,,
13.01.2025,غارة من الطيران الحربي الإسرائيلي تستهدف محيط بلدة مطربا الحدودية بين لبنان وسوريا شمالي البقاع شرقي لبنان,https://israelpalestine.liveuamap.com/ar/2025/13-january-01-an-israeli-air-raid-targets-the-vicinity-of,22729108,1 الشهر منذ,,
13.01.2025,استمرار الاشتباكات شمالاً حتى سد تشرين,https://syria.liveuamap.com/ar/2025/12-january-15-clashes-continue-north-to-tishreen-dam,22728861,1 الشهر منذ,,
13.01.2025,"""لا ينبغي لسوريا الجديدة السلمية أن تشكل تهديدًا لجيرانها. ما نحتاجه  هو إنهاء القتال في الشمال وإعطاء الأكراد دورًا في عملية انتقال سياسي سوري شامل"". - في الرياض، تحدث وزير الخارجية الألماني @ABaerbock مع نظيره التركي @HakanFidan حول سوريا",https://syria.liveuamap.com/ar/2025/12-january-14-a-peaceful-new-syria-should-not-be-a-threat,22728868,1 الشهر منذ,,
13.01.2025,وزير الخارجية السعودي: الاستمرار في تقديم أوجه الدعم لسوريا,https://syria.liveuamap.com/ar/2025/12-january-13-saudi-foreign-minister-continuing-to-provide,22728850,1 الشهر منذ,,
13.01.2025,طائرات حربية تركية تقصف بلدة صرين وريفها,https://syria.liveuamap.com/ar/2025/12-january-12-turkish-warplanes-bomb-sirin-and-its-countryside,22728855,1 الشهر منذ,,
13.01.2025,قذف عنيف على تل قرى دونغز ريف كوباني الجنوبي,https://syria.liveuamap.com/ar/2025/12-january-12-violent-shelling-on-the-hill-of-dongz-villages,22728853,1 الشهر منذ,,
13.01.2025,سوريا: تم اليوم الإفراج عن نحو 360 من عناصر النظام السابقين الذين تم اعتقالهم الأسبوع الماضي خلال عمليات التمشيط في مدينة حمص بعد التأكد من عدم ارتكابهم جرائم حرب.,https://syria.liveuamap.com/ar/2025/12-january-12-syria-around-360-former-regime-members-arrested,22728845,1 الشهر منذ,,
13.01.2025,أنباء عن غارة جوية تركية بالقرب من سد تشرين,https://syria.liveuamap.com/ar/2025/12-january-11-turkish-airstrike-reported-near-tishrin-dam,22728852,1 الشهر منذ,,
13.01.2025,وزيرة خارجية ألمانيا تشارك بمؤتمر موسع بشأن سوريا في الرياض,https://syria.liveuamap.com/ar/2025/12-january-08-german-foreign-minister-to-participate-in-expanded,22728762,1 الشهر منذ,,
13.01.2025,"وزير الداخلية العراقي للحدث: ننسق مع ""قسد"" بخصوص المناطق التي تسيطر عليها من خلال التحالف الدولي",https://syria.liveuamap.com/ar/2025/12-january-08-iraqi-interior-minister-to-alhadath-we-are,22728761,1 الشهر منذ,,
13.01.2025,بدء الإجتماع العربي الدولي الخاص بسوريا في العاصمة السعودية الرياض,https://syria.liveuamap.com/ar/2025/12-january-07-the-arabinternational-meeting-on-syria-begins,22728748,1 الشهر منذ,,
13.01.2025,تقدم لقوات فجر الحرية التابعة للجيش الوطني على محور سد تشرين شرقي حلب، ورصده نارياً سد تشرين بعد سيطرته على تلة السريتيل.,https://syria.liveuamap.com/ar/2025/11-january-12-the-fajr-alhurriya-forces-affiliated-with-the,22728682,2 الشهر منذ,,
13.01.2025,القوات التركية تستهدف بقذائف المدفعية أهدافاً لقوات سوريا الديمقراطية في محيط جسر قره كوزاك وخط صرين,https://syria.liveuamap.com/ar/2025/11-january-11-turkish-forces-hit-the-sdf-targets-located,22728675,2 الشهر منذ,,
13.01.2025,رئيس الوزراء اللبناني ميقاتي يلتقي الزعيم السوري الشرع في دمشق، وهي الزيارة الأولى لرئيس وزراء لبناني إلى دمشق منذ عام 2010,https://syria.liveuamap.com/ar/2025/11-january-10-lebanon-pm-mikati-meets-syria-leader-asharaa,22728665,2 الشهر منذ,,
13.01.2025,الأجهزة الأمنية السورية تقول إنها أحبطت مخططا لتنظيم داعش لمهاجمة موقع شيعي في دمشق,https://syria.liveuamap.com/ar/2025/11-january-10-syrias-security-services-say-they-foiled-an,22728646,2 الشهر منذ,,
13.01.2025,قوات سوريا الديمقراطية: قواتنا تبدي استعدادها للتعاون مع إدارة دمشق لكشف الحقائق. أفادت وكالة الأنباء السورية (سانا) عن اعتراض سيارة مفخخة في حلب زعمت أنها قادمة من مناطق سيطرتنا في شمال وشرق سوريا. ونؤكد أن هذه الاتهامات خاطئة وسابقة لأوانها وتفتقر إلى الأدلة الواقعية أو التحقيقات الشفافة.,https://syria.liveuamap.com/ar/2025/11-january-10-sdf-our-forces-express-their-readiness-to-cooperate,22728663,2 الشهر منذ,,
13.01.2025,أنباء عن غارات جوية جديدة قرب سد تشرين ووصول المتظاهرين إلى السد,https://syria.liveuamap.com/ar/2025/11-january-09-new-airstrikes-reported-near-the-tishrin-dam,22728668,2 الشهر منذ,,
13.01.2025,صحيفة الوطن السورية: العمل جارٍ على إعادة إصدار الجوازات للمواطنين في سوريا على أن تبدأ خلال الأسبوع القادم,https://syria.liveuamap.com/ar/2025/10-january-15-alwatan-syrian-newspaper-work-is-underway-to,22728469,2 الشهر منذ,,
13.01.2025,وزارة الداخلية تعلن ضبط سيارة مفخخة قادمة من مناطق قوات سوريا الديمقراطية,https://syria.liveuamap.com/ar/2025/10-january-13-the-interior-ministry-announces-the-seizure,22728424,2 الشهر منذ,,
13.01.2025,في زركان نفذ سلاح الجو التركي غارة جوية على صهريج مياه - هذه الصهاريج تستخدم لتزويد المدنيين بالمياه,https://syria.liveuamap.com/ar/2025/10-january-13-in-zirgan-the-turkish-airforce-carried-out,22728422,2 الشهر منذ,,
13.01.2025,قوات سوريا الديمقراطية تقول إنها للمرة الثانية قصفت طائرات حربية تركية بغارات جوية متعددة صوامع الحبوب في منطقة صرين جنوب كوباني,https://syria.liveuamap.com/ar/2025/10-january-12-sdf-says-for-the-second-time-turkish-warplanes,22728479,2 الشهر منذ,,
13.01.2025,وزير الخارجية الإيطالي: نؤكد أهمية الحفاظ على وحدة التراب السوري,https://syria.liveuamap.com/ar/2025/10-january-09-italian-foreign-minister-we-stress-the-importance,22728423,2 الشهر منذ,,
13.01.2025,وزير خارجية إيطاليا: ندعم وحدة وسيادة سوريا,https://syria.liveuamap.com/ar/2025/10-january-09-italian-foreign-minister-we-support-the-unity,22728388,2 الشهر منذ,,
14.01.2025,طائرات حربية تركية تقصف منطقة سد تشرين,https://syria.liveuamap.com/ar/2025/15-january-10-turkish-fighter-jetsdrone-bombing-tishreen,22729602,1 الشهر منذ,,
14.01.2025,مقتل شخص وإصابة آخر بغارة لطائرات التحالف  الدولي استهدف دراجة نارية بالقرب من بلدة سرمدا بريف إدلب الشمالي. سوريا الولايات_المتحدة,https://syria.liveuamap.com/ar/2025/15-january-10-one-person-was-killed-and-another-was-injured,22729591,1 الشهر منذ,,
14.01.2025,الرئيس أردوغان: يجب على إسرائيل، وخاصة القوات التي تهاجم الأراضي السورية، أن تضع حدا لأعمالها العدوانية على الفور، وإلا فإن العواقب ستكون سلبية على الجميع.,https://syria.liveuamap.com/ar/2025/15-january-10-president-erdoan-israel-especially-the-forces,22729587,1 الشهر منذ,,
14.01.2025,الرئيس أردوغان عن سوريا: لا يمكننا أن ننظر إلى دولة مجاورة تربطنا بها علاقات أخوية تعود إلى قرون وحدود يبلغ طولها 911 كيلومترا من منظور غربي.,https://syria.liveuamap.com/ar/2025/15-january-09-president-erdoan-on-syria-we-cannot-look-at,22729582,1 الشهر منذ,,
14.01.2025,نفذت طائرات حربية أردنية قصفاً جوياً على محافظة السويداء جنوب سورية، استهدف القصف منازل تابعة لتجار المخدرات في المنطقة.,https://syria.liveuamap.com/ar/2025/15-january-09-jordanian-warplanes-carried-out-an-aerial-bombardment,22729594,1 الشهر منذ,,
14.01.2025,تنفي قوات سوريا الديمقراطية مزاعم بأن الطائرات المسيرة التي استخدمتها في هجماتها الأخيرة ضد مسلحي الجيش الوطني السوري كانت من إيران، مؤكدة أنها مصنعة محليا بالكامل.,https://syria.liveuamap.com/ar/2025/14-january-20-the-sdf-denies-claims-that-the-drones-used,22729597,1 الشهر منذ,,
14.01.2025,مشاهد من مظاهرات أهالي حي الصليبة في اللاذقية.اللاذقيةمظاهرة في الصليبة في اللاذقية والمتظاهرون يهتفون:,https://syria.liveuamap.com/ar/2025/14-january-19-demonstrations-by-residents-of-the-saliba-neighborhood,22729440,1 الشهر منذ,,
14.01.2025,تنظيم الدولة الإسلامية «داعش» يتبنى الهجوم على ميليشيا «قسد» في قرية « الزر » بريف دير الزور الشرقي أمس. • ولاية الخير الأمنية في القسم الأخر لدير الزور حيث تسيطر ميليشيا «قسد»  ــ والتي يعتمدها التنظيم لازال العمل فيها فاعل ونشاط خلايا التنظيم متواصل.• مسلحون مجهولون يستهدفون مرڪبة عسڪرية لميليشيا «قسد» SDF/PKK قرب قرية « الزر » بريف دير الزور الشرقي - جزيرة، بقذيفة RPG وبالرشاشات، هناك إِصابَات مؤكدة في صفوف عناصر الميليشيا ــ لم تتبنى أي جهة المسؤولية عن الحادثة .• لأول مرة غارات جوية تركية  تستهدف جنوبي مدينة…,https://syria.liveuamap.com/ar/2025/14-january-17-the-islamic-state-organization-isis-claims,22729445,1 الشهر منذ,,
14.01.2025,طائرات حربية تركية تقصف أهدافاً لقوات سوريا الديمقراطية على خط صرين وكركوزاك جنوب عين العرب,https://syria.liveuamap.com/ar/2025/14-january-15-turkish-warplanes-strike-sdf-targets-in-the,22729362,1 الشهر منذ,,
14.01.2025,4 غارات جوية للطائرات الحربية التركية على مواقع في محيط عين العرب/كوباني وبلدة صرين,https://syria.liveuamap.com/ar/2025/14-january-15-4-airstrikes-by-turkish-warplanes-on-sites,22729367,1 الشهر منذ,,
14.01.2025,صباح اليوم،قوة من الجيش العراقي توغلت بمسافة 150 م في منطقة اليعربية بالجانب السوري لتسيطر على نقطة لقسد بقرية المشحنية شمال شرق سوريا بعد توتر حدودي مع قوات سوريا الديمقراطية,https://syria.liveuamap.com/ar/2025/14-january-15-this-morning-an-iraqi-army-force-penetrated,22729368,1 الشهر منذ,,
14.01.2025,القوات المدعومة من تركيا تستهدف مواقع قوات سوريا الديمقراطية على خط أبو راسين بنيران المدفعية,https://syria.liveuamap.com/ar/2025/14-january-15-turkishbacked-forces-have-targeted-sdf-positions,22729356,1 الشهر منذ,,
14.01.2025,تم الإفراج عن معتقلي الأمن العام في ريف جبلة بعد احتجازهم لساعات من قبل فلول قوات الأسد,https://syria.liveuamap.com/ar/2025/14-january-14-the-prisoners-from-the-general-security-in,22729342,1 الشهر منذ,,
14.01.2025,قائد قوات الأمن في اللاذقية يؤكد مقتل مقاتلين وإصابة آخرين وأسر 7 آخرين إثر كمين في ريف اللاذقية الشرقي، نفذه قائد إحدى الميليشيات المحلية التابعة سابقاً لنظام الأسد,https://syria.liveuamap.com/ar/2025/14-january-13-commander-of-the-security-forces-in-latakia,22729337,1 الشهر منذ,,
14.01.2025,إدارة الأمن العام باللاذقية: فلول النظام يختطفون 7 عناصر أمن ويهددون بذبحهم إذا لم تنسحب القوات من المنطقة,https://syria.liveuamap.com/ar/2025/14-january-13-general-security-directorate-in-latakia-regime,22729332,1 الشهر منذ,,
14.01.2025,برنامج الأغذية العالمي للعربية: نعمل مع الشركاء لدعم الأسواق السورية,https://syria.liveuamap.com/ar/2025/14-january-11-wfp-to-al-arabiya-we-work-with-partners-to,22729309,1 الشهر منذ,,
14.01.2025,وزير الخارجية الروسي: روسيا لم ولن تغادر الشرق الأوسط,https://syria.liveuamap.com/ar/2025/14-january-11-russian-foreign-minister-russia-has-not-and,22729306,1 الشهر منذ,,
14.01.2025,القائد العام لقوات سوريا الديمقراطية الجنرال مظلوم عبدي يلتقي ب ممثل السيد مسعود برزاني حميد دربندي,https://syria.liveuamap.com/ar/2025/13-january-15-the-commanderinchief-of-the-syrian-democratic,22729092,1 الشهر منذ,,
14.01.2025,رويترز: ألمانيا وفرنسا وهولندا وإسبانيا وفنلندا والدنمارك دعت للشروع في تعديل نظام العقوبات على سوريا,https://syria.liveuamap.com/ar/2025/13-january-13-reuters-germany-france-netherlands-spain-finland,22729087,1 الشهر منذ,,
14.01.2025,الطيران التركي يشن غارات على ريف عين العرب ـ كوباني شمالي سوريا,https://syria.liveuamap.com/ar/2025/13-january-12-turkish-aircraft-launch-raids-on-the-countryside,22729062,1 الشهر منذ,,
14.01.2025,وزارة الداخلية الألمانية تقول إن أنصار نظام الأسد قد يحاولون السفر إلى أوروبا وسيواجهون ملاحقة قانونية في ألمانيا,https://syria.liveuamap.com/ar/2025/13-january-12-germany-interior-ministry-says-that-supporters,22729057,1 الشهر منذ,,
14.01.2025,طائرة مساعدات كويتية تصل إلى مطار دمشق الدولي,https://syria.liveuamap.com/ar/2025/13-january-11-kuwaiti-aid-plane-arrives-at-damascus-international,22729042,1 الشهر منذ,,
14.01.2025,ريف صرين ومحيط تشرين يتعرضان لقصف من قبل الطائرات الحربية التركية,https://syria.liveuamap.com/ar/2025/13-january-11-sirin-countryside-and-tishrin-surroundings,22729052,1 الشهر منذ,,
14.01.2025,وكالة الأنباء السورية: وزارة الدفاع تستمر بعقد الجلسات التنظيمية مع القيادات العسكرية ضمن عملية انخراط الفصائل,https://syria.liveuamap.com/ar/2025/13-january-07-syrian-news-agency-the-ministry-of-defense,22729009,1 الشهر منذ,,
14.01.2025,غارة من الطيران الحربي الإسرائيلي تستهدف محيط بلدة مطربا الحدودية بين لبنان وسوريا شمالي البقاع شرقي لبنان,https://israelpalestine.liveuamap.com/ar/2025/13-january-01-an-israeli-air-raid-targets-the-vicinity-of,22729108,1 الشهر منذ,,
14.01.2025,استمرار الاشتباكات شمالاً حتى سد تشرين,https://syria.liveuamap.com/ar/2025/12-january-15-clashes-continue-north-to-tishreen-dam,22728861,1 الشهر منذ,,
14.01.2025,"""لا ينبغي لسوريا الجديدة السلمية أن تشكل تهديدًا لجيرانها. ما نحتاجه  هو إنهاء القتال في الشمال وإعطاء الأكراد دورًا في عملية انتقال سياسي سوري شامل"". - في الرياض، تحدث وزير الخارجية الألماني @ABaerbock مع نظيره التركي @HakanFidan حول سوريا",https://syria.liveuamap.com/ar/2025/12-january-14-a-peaceful-new-syria-should-not-be-a-threat,22728868,1 الشهر منذ,,
14.01.2025,وزير الخارجية السعودي: الاستمرار في تقديم أوجه الدعم لسوريا,https://syria.liveuamap.com/ar/2025/12-january-13-saudi-foreign-minister-continuing-to-provide,22728850,1 الشهر منذ,,
14.01.2025,طائرات حربية تركية تقصف بلدة صرين وريفها,https://syria.liveuamap.com/ar/2025/12-january-12-turkish-warplanes-bomb-sirin-and-its-countryside,22728855,1 الشهر منذ,,
14.01.2025,قذف عنيف على تل قرى دونغز ريف كوباني الجنوبي,https://syria.liveuamap.com/ar/2025/12-january-12-violent-shelling-on-the-hill-of-dongz-villages,22728853,1 الشهر منذ,,
15.01.2025,رئيس الوزراء القطري يزور سوريا اليوم ويلتقي أحمد الشرع,https://syria.liveuamap.com/ar/2025/16-january-10-qatars-pm-is-visiting-syria-today-and-meeting,22729841,1 الشهر منذ,,
15.01.2025,أهالي مدينة كوباني شمال سوريا يدينون القصف الجوي التركي على قافلة مدنية قرب سد تشرين,https://syria.liveuamap.com/ar/2025/16-january-10-people-in-the-city-of-kobani-northern-syria,22729837,1 الشهر منذ,,
15.01.2025,"استقبال أحمد الشرع لوفد إسبانيا برئاسة وزير الخارجية والتعاون ""خوسيه بوينو"" في دمشق اليوم",https://syria.liveuamap.com/ar/2025/16-january-10-ahmed-alsharaa-receives-the-spanish-delegation,22729834,1 الشهر منذ,,
15.01.2025,ديرالزورغارتان جويتان من طيران التحالف الدولي  على جبل الثردة قرب مطار دير الزور العسكري .كما وقعت بعض الـصواريخ مجهولة المصدر قرب حقل كونيكو للغاز أحد قواعد قوات التحالف الدولي.فيما لايزال هناك تحليق للطيران الحربي فوق سماء مدينة دير الزور.,https://syria.liveuamap.com/ar/2025/15-january-19-deir-ezzor-two-air-raids-by-the-international,22729688,1 الشهر منذ,,
15.01.2025,تحليق مكثف للطائرات الحربية الإسرائيلية في سماء محافظتي القنيطرة و درعا,https://syria.liveuamap.com/ar/2025/15-january-14-intensive-flights-of-israeli-warplanes-in-the,22729663,1 الشهر منذ,,
15.01.2025,وزير الخارجية أسعد الشيباني يصل إلى العاصمة التركية أنقرة في زيارة رسمية,https://syria.liveuamap.com/ar/2025/15-january-14-syria-foreign-minister-asaad-alshaibani-arrives,22729659,1 الشهر منذ,,
15.01.2025,"القنيطرة: مقتل رئيس جمعية غدير البستان ""عبدو الكومة"" وعنصرين من الأمن العام إثر قصف إسرائيلي استهدف قافلة عسكرية تابعة لإدارة العمليات العسكرية أثناء عمليات تفتيش الأسلحة في المنطقة.",https://syria.liveuamap.com/ar/2025/15-january-14-quneitra-the-head-of-ghadeer-albustan-abdo,22729656,1 الشهر منذ,,
15.01.2025,إصابة عدد من المواطنين نتيجة القصف الجوي على موكب المتظاهرين المدنيين أثناء توجههم إلى سد تشرين,https://syria.liveuamap.com/ar/2025/15-january-12-a-number-of-citizens-were-injured-as-a-result,22729638,1 الشهر منذ,,
15.01.2025,وزارة الداخلية السورية تقول إنها أطلقت حملة أمنية ضد فلول نظام الأسد في بعض مناطق محافظة حماة,https://syria.liveuamap.com/ar/2025/15-january-11-syrian-interior-ministry-says-it-has-launched,22729625,1 الشهر منذ,,
15.01.2025,يقول الجيش الإسرائيلي إن القوات العاملة في جنوب سوريا منذ سقوط نظام الأسد استولت على أكثر من 3300 قطعة سلاح وغنائم أخرى. ومن بين الأسلحة التي تم الاستيلاء عليها دبابتان و70 قنبلة يدوية و165 قذيفة وصاروخًا و20 صاروخًا مضادًا للطائرات ونحو 1500 صاروخ آر بي جي، كما يقول الجيش.,https://syria.liveuamap.com/ar/2025/15-january-11-the-israeli-army-says-troops-operating-in-southern,22729603,1 الشهر منذ,,
15.01.2025,طائرات حربية تركية تقصف منطقة سد تشرين,https://syria.liveuamap.com/ar/2025/15-january-10-turkish-fighter-jetsdrone-bombing-tishreen,22729602,1 الشهر منذ,,
15.01.2025,مقتل شخص وإصابة آخر بغارة لطائرات التحالف  الدولي استهدف دراجة نارية بالقرب من بلدة سرمدا بريف إدلب الشمالي. سوريا الولايات_المتحدة,https://syria.liveuamap.com/ar/2025/15-january-10-one-person-was-killed-and-another-was-injured,22729591,1 الشهر منذ,,
15.01.2025,الرئيس أردوغان: يجب على إسرائيل، وخاصة القوات التي تهاجم الأراضي السورية، أن تضع حدا لأعمالها العدوانية على الفور، وإلا فإن العواقب ستكون سلبية على الجميع.,https://syria.liveuamap.com/ar/2025/15-january-10-president-erdoan-israel-especially-the-forces,22729587,1 الشهر منذ,,
15.01.2025,الرئيس أردوغان عن سوريا: لا يمكننا أن ننظر إلى دولة مجاورة تربطنا بها علاقات أخوية تعود إلى قرون وحدود يبلغ طولها 911 كيلومترا من منظور غربي.,https://syria.liveuamap.com/ar/2025/15-january-09-president-erdoan-on-syria-we-cannot-look-at,22729582,1 الشهر منذ,,
15.01.2025,نفذت طائرات حربية أردنية قصفاً جوياً على محافظة السويداء جنوب سورية، استهدف القصف منازل تابعة لتجار المخدرات في المنطقة.,https://syria.liveuamap.com/ar/2025/15-january-09-jordanian-warplanes-carried-out-an-aerial-bombardment,22729594,1 الشهر منذ,,
15.01.2025,تنفي قوات سوريا الديمقراطية مزاعم بأن الطائرات المسيرة التي استخدمتها في هجماتها الأخيرة ضد مسلحي الجيش الوطني السوري كانت من إيران، مؤكدة أنها مصنعة محليا بالكامل.,https://syria.liveuamap.com/ar/2025/14-january-20-the-sdf-denies-claims-that-the-drones-used,22729597,1 الشهر منذ,,
15.01.2025,مشاهد من مظاهرات أهالي حي الصليبة في اللاذقية.اللاذقيةمظاهرة في الصليبة في اللاذقية والمتظاهرون يهتفون:,https://syria.liveuamap.com/ar/2025/14-january-19-demonstrations-by-residents-of-the-saliba-neighborhood,22729440,1 الشهر منذ,,
15.01.2025,تنظيم الدولة الإسلامية «داعش» يتبنى الهجوم على ميليشيا «قسد» في قرية « الزر » بريف دير الزور الشرقي أمس. • ولاية الخير الأمنية في القسم الأخر لدير الزور حيث تسيطر ميليشيا «قسد»  ــ والتي يعتمدها التنظيم لازال العمل فيها فاعل ونشاط خلايا التنظيم متواصل.• مسلحون مجهولون يستهدفون مرڪبة عسڪرية لميليشيا «قسد» SDF/PKK قرب قرية « الزر » بريف دير الزور الشرقي - جزيرة، بقذيفة RPG وبالرشاشات، هناك إِصابَات مؤكدة في صفوف عناصر الميليشيا ــ لم تتبنى أي جهة المسؤولية عن الحادثة .• لأول مرة غارات جوية تركية  تستهدف جنوبي مدينة…,https://syria.liveuamap.com/ar/2025/14-january-17-the-islamic-state-organization-isis-claims,22729445,1 الشهر منذ,,
15.01.2025,طائرات حربية تركية تقصف أهدافاً لقوات سوريا الديمقراطية على خط صرين وكركوزاك جنوب عين العرب,https://syria.liveuamap.com/ar/2025/14-january-15-turkish-warplanes-strike-sdf-targets-in-the,22729362,1 الشهر منذ,,
15.01.2025,4 غارات جوية للطائرات الحربية التركية على مواقع في محيط عين العرب/كوباني وبلدة صرين,https://syria.liveuamap.com/ar/2025/14-january-15-4-airstrikes-by-turkish-warplanes-on-sites,22729367,1 الشهر منذ,,
15.01.2025,صباح اليوم،قوة من الجيش العراقي توغلت بمسافة 150 م في منطقة اليعربية بالجانب السوري لتسيطر على نقطة لقسد بقرية المشحنية شمال شرق سوريا بعد توتر حدودي مع قوات سوريا الديمقراطية,https://syria.liveuamap.com/ar/2025/14-january-15-this-morning-an-iraqi-army-force-penetrated,22729368,1 الشهر منذ,,
15.01.2025,القوات المدعومة من تركيا تستهدف مواقع قوات سوريا الديمقراطية على خط أبو راسين بنيران المدفعية,https://syria.liveuamap.com/ar/2025/14-january-15-turkishbacked-forces-have-targeted-sdf-positions,22729356,1 الشهر منذ,,
15.01.2025,تم الإفراج عن معتقلي الأمن العام في ريف جبلة بعد احتجازهم لساعات من قبل فلول قوات الأسد,https://syria.liveuamap.com/ar/2025/14-january-14-the-prisoners-from-the-general-security-in,22729342,1 الشهر منذ,,
15.01.2025,قائد قوات الأمن في اللاذقية يؤكد مقتل مقاتلين وإصابة آخرين وأسر 7 آخرين إثر كمين في ريف اللاذقية الشرقي، نفذه قائد إحدى الميليشيات المحلية التابعة سابقاً لنظام الأسد,https://syria.liveuamap.com/ar/2025/14-january-13-commander-of-the-security-forces-in-latakia,22729337,1 الشهر منذ,,
15.01.2025,إدارة الأمن العام باللاذقية: فلول النظام يختطفون 7 عناصر أمن ويهددون بذبحهم إذا لم تنسحب القوات من المنطقة,https://syria.liveuamap.com/ar/2025/14-january-13-general-security-directorate-in-latakia-regime,22729332,1 الشهر منذ,,
15.01.2025,برنامج الأغذية العالمي للعربية: نعمل مع الشركاء لدعم الأسواق السورية,https://syria.liveuamap.com/ar/2025/14-january-11-wfp-to-al-arabiya-we-work-with-partners-to,22729309,1 الشهر منذ,,
15.01.2025,وزير الخارجية الروسي: روسيا لم ولن تغادر الشرق الأوسط,https://syria.liveuamap.com/ar/2025/14-january-11-russian-foreign-minister-russia-has-not-and,22729306,1 الشهر منذ,,
15.01.2025,القائد العام لقوات سوريا الديمقراطية الجنرال مظلوم عبدي يلتقي ب ممثل السيد مسعود برزاني حميد دربندي,https://syria.liveuamap.com/ar/2025/13-january-15-the-commanderinchief-of-the-syrian-democratic,22729092,1 الشهر منذ,,
15.01.2025,رويترز: ألمانيا وفرنسا وهولندا وإسبانيا وفنلندا والدنمارك دعت للشروع في تعديل نظام العقوبات على سوريا,https://syria.liveuamap.com/ar/2025/13-january-13-reuters-germany-france-netherlands-spain-finland,22729087,1 الشهر منذ,,
15.01.2025,الطيران التركي يشن غارات على ريف عين العرب ـ كوباني شمالي سوريا,https://syria.liveuamap.com/ar/2025/13-january-12-turkish-aircraft-launch-raids-on-the-countryside,22729062,1 الشهر منذ,,
16.01.2025,وزارة الداخلية السورية: إحباط عملية تهريب أسلحة كانت متجهة إلى لبنان عبر معابر غير شرعية ومصادرتها,https://syria.liveuamap.com/ar/2025/17-january-10-syrian-interior-ministry-thwarting-an-arms,22730119,1 الشهر منذ,,
16.01.2025,المدفعية التركية تقصف أهدافاً لقوات سوريا الديمقراطية على خط عين عيسى شمال الرقة,https://syria.liveuamap.com/ar/2025/17-january-10-turkish-artillery-strikes-sdf-targets-on-the,22730113,1 الشهر منذ,,
16.01.2025,الاتحاد الأوروبي يعلن عن 235 مليون يورو مساعدات لسوريا,https://syria.liveuamap.com/ar/2025/17-january-09-eu-announces-235-million-in-aid-for-syria,22730110,1 الشهر منذ,,
16.01.2025,قالت قوات سوريا الديمقراطية إن قواتها دمرت مستودع أسلحة وذخيرة تابع للجيش الوطني السوري في قرية السكاوية الواقعة في ناحية أبو قلقل جنوب منبج.,https://syria.liveuamap.com/ar/2025/16-january-20-the-sdf-said-they-have-their-forces-have-destroyed,22730003,1 الشهر منذ,,
16.01.2025,قُتل ستة أشخاص وأصيب عشرات آخرون، الخميس، في قصف استهدف مدنيين يحتجون على استمرار هجمات مسلحي الجيش الوطني السوري على سد تشرين الحيوي - الأسايش,https://syria.liveuamap.com/ar/2025/16-january-16-six-people-were-killed-and-tens-others-were,22729903,1 الشهر منذ,,
16.01.2025,التقى زعيم الحزب الديمقراطي الكردستاني مسعود بارزاني ورئيس قوات سوريا الديمقراطية مظلوم عبدي في أربيل (بيرمام) اليوم.,https://syria.liveuamap.com/ar/2025/16-january-15-kdp-leader-masoud-barzani-and-sdf-chief-mazloum,22729898,1 الشهر منذ,,
16.01.2025,الإليزيه: فرنسا تعقد مؤتمرا بشأن سوريا في 13 فبراير في باريس,https://syria.liveuamap.com/ar/2025/16-january-15-elysee-france-to-hold-conference-on-syria-on,22729895,1 الشهر منذ,,
16.01.2025,"قال رئيس الوزراء السوري أحمد الشرع إن تقدم إسرائيل في المنطقة العازلة مع سوريا ""يعرض المنطقة بأكملها للخطر"". وفي مؤتمر صحفي مشترك مع رئيس الوزراء القطري آل ثاني في دمشق، اتهم الشرع إسرائيل بالتقدم في المنطقة العازلة بحجة وجود الميليشيات الإيرانية وحزب الله. وأضاف الشرع ""هذه الحجة لم تعد صالحة بعد تحرير دمشق""، مضيفا أن ""سوريا ملتزمة باتفاقية 1974 مع إسرائيل ومستعدة لدخول قوات دولية لحمايتها"".",https://syria.liveuamap.com/ar/2025/16-january-14-syrian-leader-ahmad-alsharaa-says-israels-advancement,22729883,1 الشهر منذ,,
16.01.2025,قسد تعلن مقتل 6 وإصابة العشرات بقصف طال احتجاجات قرب سد تشرين,https://syria.liveuamap.com/ar/2025/16-january-14-sdf-announces-killing-6-and-wounding-dozens,22729884,1 الشهر منذ,,
16.01.2025,إدارة العمليات العسكرية وقوى الأمن العام تضبط أسلحة وذخائر خلال المداهمات في مدينة الصنمين شمال درعا.حتى المدفون طلعوه,https://syria.liveuamap.com/ar/2025/16-january-13-the-military-operations-department-and-the,22729872,1 الشهر منذ,,
16.01.2025,طائرات حربية تركية تقصف مركبات مدنية قرب سد تشرين، وبحسب الأنباء الأولية هناك ضحايا,https://syria.liveuamap.com/ar/2025/16-january-13-turkish-warplanes-bombed-civilian-vehicles,22729869,1 الشهر منذ,,
16.01.2025,المرصد_السوريالطيران الحربي التركي يشن غارات جوية على محيط سد_تشرين وريف عين_العرب (كوباني),https://syria.liveuamap.com/ar/2025/16-january-12-turkish-warplanes-launch-airstrikes-on-the,22729857,1 الشهر منذ,,
16.01.2025,رئيس الوزراء القطري يزور سوريا اليوم ويلتقي أحمد الشرع,https://syria.liveuamap.com/ar/2025/16-january-10-qatars-pm-is-visiting-syria-today-and-meeting,22729841,1 الشهر منذ,,
16.01.2025,أهالي مدينة كوباني شمال سوريا يدينون القصف الجوي التركي على قافلة مدنية قرب سد تشرين,https://syria.liveuamap.com/ar/2025/16-january-10-people-in-the-city-of-kobani-northern-syria,22729837,1 الشهر منذ,,
16.01.2025,"استقبال أحمد الشرع لوفد إسبانيا برئاسة وزير الخارجية والتعاون ""خوسيه بوينو"" في دمشق اليوم",https://syria.liveuamap.com/ar/2025/16-january-10-ahmed-alsharaa-receives-the-spanish-delegation,22729834,1 الشهر منذ,,
16.01.2025,ديرالزورغارتان جويتان من طيران التحالف الدولي  على جبل الثردة قرب مطار دير الزور العسكري .كما وقعت بعض الـصواريخ مجهولة المصدر قرب حقل كونيكو للغاز أحد قواعد قوات التحالف الدولي.فيما لايزال هناك تحليق للطيران الحربي فوق سماء مدينة دير الزور.,https://syria.liveuamap.com/ar/2025/15-january-19-deir-ezzor-two-air-raids-by-the-international,22729688,1 الشهر منذ,,
16.01.2025,تحليق مكثف للطائرات الحربية الإسرائيلية في سماء محافظتي القنيطرة و درعا,https://syria.liveuamap.com/ar/2025/15-january-14-intensive-flights-of-israeli-warplanes-in-the,22729663,1 الشهر منذ,,
16.01.2025,وزير الخارجية أسعد الشيباني يصل إلى العاصمة التركية أنقرة في زيارة رسمية,https://syria.liveuamap.com/ar/2025/15-january-14-syria-foreign-minister-asaad-alshaibani-arrives,22729659,1 الشهر منذ,,
16.01.2025,"القنيطرة: مقتل رئيس جمعية غدير البستان ""عبدو الكومة"" وعنصرين من الأمن العام إثر قصف إسرائيلي استهدف قافلة عسكرية تابعة لإدارة العمليات العسكرية أثناء عمليات تفتيش الأسلحة في المنطقة.",https://syria.liveuamap.com/ar/2025/15-january-14-quneitra-the-head-of-ghadeer-albustan-abdo,22729656,1 الشهر منذ,,
16.01.2025,إصابة عدد من المواطنين نتيجة القصف الجوي على موكب المتظاهرين المدنيين أثناء توجههم إلى سد تشرين,https://syria.liveuamap.com/ar/2025/15-january-12-a-number-of-citizens-were-injured-as-a-result,22729638,1 الشهر منذ,,
16.01.2025,وزارة الداخلية السورية تقول إنها أطلقت حملة أمنية ضد فلول نظام الأسد في بعض مناطق محافظة حماة,https://syria.liveuamap.com/ar/2025/15-january-11-syrian-interior-ministry-says-it-has-launched,22729625,1 الشهر منذ,,
16.01.2025,يقول الجيش الإسرائيلي إن القوات العاملة في جنوب سوريا منذ سقوط نظام الأسد استولت على أكثر من 3300 قطعة سلاح وغنائم أخرى. ومن بين الأسلحة التي تم الاستيلاء عليها دبابتان و70 قنبلة يدوية و165 قذيفة وصاروخًا و20 صاروخًا مضادًا للطائرات ونحو 1500 صاروخ آر بي جي، كما يقول الجيش.,https://syria.liveuamap.com/ar/2025/15-january-11-the-israeli-army-says-troops-operating-in-southern,22729603,1 الشهر منذ,,
16.01.2025,طائرات حربية تركية تقصف منطقة سد تشرين,https://syria.liveuamap.com/ar/2025/15-january-10-turkish-fighter-jetsdrone-bombing-tishreen,22729602,1 الشهر منذ,,
16.01.2025,مقتل شخص وإصابة آخر بغارة لطائرات التحالف  الدولي استهدف دراجة نارية بالقرب من بلدة سرمدا بريف إدلب الشمالي. سوريا الولايات_المتحدة,https://syria.liveuamap.com/ar/2025/15-january-10-one-person-was-killed-and-another-was-injured,22729591,1 الشهر منذ,,
16.01.2025,الرئيس أردوغان: يجب على إسرائيل، وخاصة القوات التي تهاجم الأراضي السورية، أن تضع حدا لأعمالها العدوانية على الفور، وإلا فإن العواقب ستكون سلبية على الجميع.,https://syria.liveuamap.com/ar/2025/15-january-10-president-erdoan-israel-especially-the-forces,22729587,1 الشهر منذ,,
16.01.2025,الرئيس أردوغان عن سوريا: لا يمكننا أن ننظر إلى دولة مجاورة تربطنا بها علاقات أخوية تعود إلى قرون وحدود يبلغ طولها 911 كيلومترا من منظور غربي.,https://syria.liveuamap.com/ar/2025/15-january-09-president-erdoan-on-syria-we-cannot-look-at,22729582,1 الشهر منذ,,
16.01.2025,نفذت طائرات حربية أردنية قصفاً جوياً على محافظة السويداء جنوب سورية، استهدف القصف منازل تابعة لتجار المخدرات في المنطقة.,https://syria.liveuamap.com/ar/2025/15-january-09-jordanian-warplanes-carried-out-an-aerial-bombardment,22729594,1 الشهر منذ,,
16.01.2025,تنفي قوات سوريا الديمقراطية مزاعم بأن الطائرات المسيرة التي استخدمتها في هجماتها الأخيرة ضد مسلحي الجيش الوطني السوري كانت من إيران، مؤكدة أنها مصنعة محليا بالكامل.,https://syria.liveuamap.com/ar/2025/14-january-20-the-sdf-denies-claims-that-the-drones-used,22729597,1 الشهر منذ,,
16.01.2025,مشاهد من مظاهرات أهالي حي الصليبة في اللاذقية.اللاذقيةمظاهرة في الصليبة في اللاذقية والمتظاهرون يهتفون:,https://syria.liveuamap.com/ar/2025/14-january-19-demonstrations-by-residents-of-the-saliba-neighborhood,22729440,1 الشهر منذ,,
16.01.2025,تنظيم الدولة الإسلامية «داعش» يتبنى الهجوم على ميليشيا «قسد» في قرية « الزر » بريف دير الزور الشرقي أمس. • ولاية الخير الأمنية في القسم الأخر لدير الزور حيث تسيطر ميليشيا «قسد»  ــ والتي يعتمدها التنظيم لازال العمل فيها فاعل ونشاط خلايا التنظيم متواصل.• مسلحون مجهولون يستهدفون مرڪبة عسڪرية لميليشيا «قسد» SDF/PKK قرب قرية « الزر » بريف دير الزور الشرقي - جزيرة، بقذيفة RPG وبالرشاشات، هناك إِصابَات مؤكدة في صفوف عناصر الميليشيا ــ لم تتبنى أي جهة المسؤولية عن الحادثة .• لأول مرة غارات جوية تركية  تستهدف جنوبي مدينة…,https://syria.liveuamap.com/ar/2025/14-january-17-the-islamic-state-organization-isis-claims,22729445,1 الشهر منذ,,
17.01.2025,"غارات جوية تركية تستهدف مواقع ميليشيا ""قسد"" في محيط سد تشرين بريف حلب الشرقي.",https://syria.liveuamap.com/ar/2025/18-january-09-turkish-airstrikes-target-sdf-militia-positions,22730338,1 الشهر منذ,,
17.01.2025,الأمين العام المساعد لجامعة الدول العربية: ما يحدث في سوريا يؤثر على الأمن القومي العربي,https://syria.liveuamap.com/ar/2025/18-january-09-assistant-secretarygeneral-of-the-arab-league,22730322,1 الشهر منذ,,
17.01.2025,"نشرت وسائل إعلامية ادعاءً يزعم أن الإدارة السورية الجديدة أصدرت تعميمًا يقضي بمنع دخول البضائع ذات المنشأ الإيراني والإسرائيلي والروسي إلى الأراضي السورية مع مصادرتها. استند هذا الادعاء إلى منشور عبر قناة على تطبيق ""تيليجرام"" تحمل اسم ""الهيئة العامة للمنافذ البرية والبحرية السورية"". إلا أن هذا القرار ملفق، حيث نفت ""هيئة المنافذ البرية والبحرية"" على لسان مدير العلاقات فيها، في تصريح خاص، صدور أي قرار من هذا النوع.",https://syria.liveuamap.com/ar/2025/18-january-09-media-outlets-have-published-a-claim-that-the,22730342,1 الشهر منذ,,
17.01.2025,غارات جوية تركية تستهدف مليشيا قسد في محيط دير حافر شرقي حلب,https://syria.liveuamap.com/ar/2025/17-january-18-turkish-airstrikes-target-sdf-militia-in-the,22730334,1 الشهر منذ,,
17.01.2025,مصادر الحدث: انفجار سيارة مفخخة في شارع الرابطة وسط مدينة منبج شرقي حلب,https://syria.liveuamap.com/ar/2025/17-january-15-a-car-bomb-exploded-in-alrabita-street-in-the,22730167,1 الشهر منذ,,
17.01.2025,في هذه اللحظات يتم قصف محيط سد تشرين من جديد.,https://syria.liveuamap.com/ar/2025/17-january-15-at-these-moments-the-area-around-the-tishreen,22730168,1 الشهر منذ,,
17.01.2025,القوات المدعومة من تركيا تستهدف مواقع قوات سوريا الديمقراطية على خط تل تمر بنيران المدفعية,https://syria.liveuamap.com/ar/2025/17-january-15-turkishbacked-forces-hit-the-positions-of-sdf,22730221,1 الشهر منذ,,
17.01.2025,الرئيس الإيراني: روسيا وإيران تنددان بالاعتداءات الإسرائيلية على سوريا واحتلال جزء من أراضيها,https://syria.liveuamap.com/ar/2025/17-january-14-iranian-president-russia-and-iran-condemn-israeli,22730160,1 الشهر منذ,,
17.01.2025,استقبل رئيس الإدارة السورية الجديدة أحمد الشرع ووزير الخارجية أسعد الشيباني وفداً من المحكمة الجنائية الدولية برئاسة المدعي العام كريم أحمد خان,https://syria.liveuamap.com/ar/2025/17-january-13-the-leader-of-the-new-syrian-administration,22730172,1 الشهر منذ,,
17.01.2025,وقعت انفجارات في مدينة القامشلي، وبحسب التقارير فإن الانفجارات ناجمة عن هجوم بطائرة مسيرة، وتسببت الانفجارات في أضرار مادية.,https://syria.liveuamap.com/ar/2025/17-january-12-explosions-occurred-in-the-city-of-qamishli,22730146,1 الشهر منذ,,
17.01.2025,وزارة الداخلية السورية: إحباط عملية تهريب أسلحة كانت متجهة إلى لبنان عبر معابر غير شرعية ومصادرتها,https://syria.liveuamap.com/ar/2025/17-january-10-syrian-interior-ministry-thwarting-an-arms,22730119,1 الشهر منذ,,
17.01.2025,المدفعية التركية تقصف أهدافاً لقوات سوريا الديمقراطية على خط عين عيسى شمال الرقة,https://syria.liveuamap.com/ar/2025/17-january-10-turkish-artillery-strikes-sdf-targets-on-the,22730113,1 الشهر منذ,,
17.01.2025,الاتحاد الأوروبي يعلن عن 235 مليون يورو مساعدات لسوريا,https://syria.liveuamap.com/ar/2025/17-january-09-eu-announces-235-million-in-aid-for-syria,22730110,1 الشهر منذ,,
17.01.2025,قالت قوات سوريا الديمقراطية إن قواتها دمرت مستودع أسلحة وذخيرة تابع للجيش الوطني السوري في قرية السكاوية الواقعة في ناحية أبو قلقل جنوب منبج.,https://syria.liveuamap.com/ar/2025/16-january-20-the-sdf-said-they-have-their-forces-have-destroyed,22730003,1 الشهر منذ,,
17.01.2025,قُتل ستة أشخاص وأصيب عشرات آخرون، الخميس، في قصف استهدف مدنيين يحتجون على استمرار هجمات مسلحي الجيش الوطني السوري على سد تشرين الحيوي - الأسايش,https://syria.liveuamap.com/ar/2025/16-january-16-six-people-were-killed-and-tens-others-were,22729903,1 الشهر منذ,,
17.01.2025,التقى زعيم الحزب الديمقراطي الكردستاني مسعود بارزاني ورئيس قوات سوريا الديمقراطية مظلوم عبدي في أربيل (بيرمام) اليوم.,https://syria.liveuamap.com/ar/2025/16-january-15-kdp-leader-masoud-barzani-and-sdf-chief-mazloum,22729898,1 الشهر منذ,,
17.01.2025,الإليزيه: فرنسا تعقد مؤتمرا بشأن سوريا في 13 فبراير في باريس,https://syria.liveuamap.com/ar/2025/16-january-15-elysee-france-to-hold-conference-on-syria-on,22729895,1 الشهر منذ,,
17.01.2025,"قال رئيس الوزراء السوري أحمد الشرع إن تقدم إسرائيل في المنطقة العازلة مع سوريا ""يعرض المنطقة بأكملها للخطر"". وفي مؤتمر صحفي مشترك مع رئيس الوزراء القطري آل ثاني في دمشق، اتهم الشرع إسرائيل بالتقدم في المنطقة العازلة بحجة وجود الميليشيات الإيرانية وحزب الله. وأضاف الشرع ""هذه الحجة لم تعد صالحة بعد تحرير دمشق""، مضيفا أن ""سوريا ملتزمة باتفاقية 1974 مع إسرائيل ومستعدة لدخول قوات دولية لحمايتها"".",https://syria.liveuamap.com/ar/2025/16-january-14-syrian-leader-ahmad-alsharaa-says-israels-advancement,22729883,1 الشهر منذ,,
17.01.2025,قسد تعلن مقتل 6 وإصابة العشرات بقصف طال احتجاجات قرب سد تشرين,https://syria.liveuamap.com/ar/2025/16-january-14-sdf-announces-killing-6-and-wounding-dozens,22729884,1 الشهر منذ,,
17.01.2025,إدارة العمليات العسكرية وقوى الأمن العام تضبط أسلحة وذخائر خلال المداهمات في مدينة الصنمين شمال درعا.حتى المدفون طلعوه,https://syria.liveuamap.com/ar/2025/16-january-13-the-military-operations-department-and-the,22729872,1 الشهر منذ,,
17.01.2025,طائرات حربية تركية تقصف مركبات مدنية قرب سد تشرين، وبحسب الأنباء الأولية هناك ضحايا,https://syria.liveuamap.com/ar/2025/16-january-13-turkish-warplanes-bombed-civilian-vehicles,22729869,1 الشهر منذ,,
17.01.2025,المرصد_السوريالطيران الحربي التركي يشن غارات جوية على محيط سد_تشرين وريف عين_العرب (كوباني),https://syria.liveuamap.com/ar/2025/16-january-12-turkish-warplanes-launch-airstrikes-on-the,22729857,1 الشهر منذ,,
17.01.2025,رئيس الوزراء القطري يزور سوريا اليوم ويلتقي أحمد الشرع,https://syria.liveuamap.com/ar/2025/16-january-10-qatars-pm-is-visiting-syria-today-and-meeting,22729841,1 الشهر منذ,,
17.01.2025,أهالي مدينة كوباني شمال سوريا يدينون القصف الجوي التركي على قافلة مدنية قرب سد تشرين,https://syria.liveuamap.com/ar/2025/16-january-10-people-in-the-city-of-kobani-northern-syria,22729837,1 الشهر منذ,,
17.01.2025,"استقبال أحمد الشرع لوفد إسبانيا برئاسة وزير الخارجية والتعاون ""خوسيه بوينو"" في دمشق اليوم",https://syria.liveuamap.com/ar/2025/16-january-10-ahmed-alsharaa-receives-the-spanish-delegation,22729834,1 الشهر منذ,,
17.01.2025,ديرالزورغارتان جويتان من طيران التحالف الدولي  على جبل الثردة قرب مطار دير الزور العسكري .كما وقعت بعض الـصواريخ مجهولة المصدر قرب حقل كونيكو للغاز أحد قواعد قوات التحالف الدولي.فيما لايزال هناك تحليق للطيران الحربي فوق سماء مدينة دير الزور.,https://syria.liveuamap.com/ar/2025/15-january-19-deir-ezzor-two-air-raids-by-the-international,22729688,1 الشهر منذ,,
17.01.2025,تحليق مكثف للطائرات الحربية الإسرائيلية في سماء محافظتي القنيطرة و درعا,https://syria.liveuamap.com/ar/2025/15-january-14-intensive-flights-of-israeli-warplanes-in-the,22729663,1 الشهر منذ,,
17.01.2025,وزير الخارجية أسعد الشيباني يصل إلى العاصمة التركية أنقرة في زيارة رسمية,https://syria.liveuamap.com/ar/2025/15-january-14-syria-foreign-minister-asaad-alshaibani-arrives,22729659,1 الشهر منذ,,
17.01.2025,"القنيطرة: مقتل رئيس جمعية غدير البستان ""عبدو الكومة"" وعنصرين من الأمن العام إثر قصف إسرائيلي استهدف قافلة عسكرية تابعة لإدارة العمليات العسكرية أثناء عمليات تفتيش الأسلحة في المنطقة.",https://syria.liveuamap.com/ar/2025/15-january-14-quneitra-the-head-of-ghadeer-albustan-abdo,22729656,1 الشهر منذ,,
17.01.2025,إصابة عدد من المواطنين نتيجة القصف الجوي على موكب المتظاهرين المدنيين أثناء توجههم إلى سد تشرين,https://syria.liveuamap.com/ar/2025/15-january-12-a-number-of-citizens-were-injured-as-a-result,22729638,1 الشهر منذ,,
18.01.2025,قسد تنفذ حملة مداهمات واعتقالات طالت أشخاص كانوا في الجيش الحرّ سابقاً، في مدينتي الحسكة و الشدادي وقرية أبوفاس.نهر_ميديا,https://syria.liveuamap.com/ar/2025/19-january-08-sdf-carries-out-a-campaign-of-raids-and-arrests,22730477,1 الشهر منذ,,
18.01.2025,أبلغ بلينكن الكونجرس أمس أن الولايات المتحدة أصدرت إعفاء محدودا من العقوبات المتعلقة بإدراج سوريا على قائمة الدول الراعية للإرهاب. ويسمح الإعفاء بموجب المادة 620(ز) من قانون إدارة الطيران الفيدرالية باستمرار المساعدات الأميركية للحكومات الأجنبية التي تدعم الحكومة الانتقالية في سوريا، في حين تظل البلاد مصنفة كدولة راعية للإرهاب.,https://syria.liveuamap.com/ar/2025/18-january-15-blinken-informed-congress-yesterday-that-the,22730416,1 الشهر منذ,,
18.01.2025,الرئيس التركي: أفشلنا مشاريع التقسيم في سوريا,https://syria.liveuamap.com/ar/2025/18-january-11-turkish-president-we-thwarted-partition-projects,22730357,1 الشهر منذ,,
18.01.2025,"غارات جوية تركية تستهدف مواقع ميليشيا ""قسد"" في محيط سد تشرين بريف حلب الشرقي.",https://syria.liveuamap.com/ar/2025/18-january-09-turkish-airstrikes-target-sdf-militia-positions,22730338,1 الشهر منذ,,
18.01.2025,الأمين العام المساعد لجامعة الدول العربية: ما يحدث في سوريا يؤثر على الأمن القومي العربي,https://syria.liveuamap.com/ar/2025/18-january-09-assistant-secretarygeneral-of-the-arab-league,22730322,1 الشهر منذ,,
18.01.2025,"نشرت وسائل إعلامية ادعاءً يزعم أن الإدارة السورية الجديدة أصدرت تعميمًا يقضي بمنع دخول البضائع ذات المنشأ الإيراني والإسرائيلي والروسي إلى الأراضي السورية مع مصادرتها. استند هذا الادعاء إلى منشور عبر قناة على تطبيق ""تيليجرام"" تحمل اسم ""الهيئة العامة للمنافذ البرية والبحرية السورية"". إلا أن هذا القرار ملفق، حيث نفت ""هيئة المنافذ البرية والبحرية"" على لسان مدير العلاقات فيها، في تصريح خاص، صدور أي قرار من هذا النوع.",https://syria.liveuamap.com/ar/2025/18-january-09-media-outlets-have-published-a-claim-that-the,22730342,1 الشهر منذ,,
18.01.2025,غارات جوية تركية تستهدف مليشيا قسد في محيط دير حافر شرقي حلب,https://syria.liveuamap.com/ar/2025/17-january-18-turkish-airstrikes-target-sdf-militia-in-the,22730334,1 الشهر منذ,,
18.01.2025,مصادر الحدث: انفجار سيارة مفخخة في شارع الرابطة وسط مدينة منبج شرقي حلب,https://syria.liveuamap.com/ar/2025/17-january-15-a-car-bomb-exploded-in-alrabita-street-in-the,22730167,1 الشهر منذ,,
18.01.2025,في هذه اللحظات يتم قصف محيط سد تشرين من جديد.,https://syria.liveuamap.com/ar/2025/17-january-15-at-these-moments-the-area-around-the-tishreen,22730168,1 الشهر منذ,,
18.01.2025,القوات المدعومة من تركيا تستهدف مواقع قوات سوريا الديمقراطية على خط تل تمر بنيران المدفعية,https://syria.liveuamap.com/ar/2025/17-january-15-turkishbacked-forces-hit-the-positions-of-sdf,22730221,1 الشهر منذ,,
18.01.2025,الرئيس الإيراني: روسيا وإيران تنددان بالاعتداءات الإسرائيلية على سوريا واحتلال جزء من أراضيها,https://syria.liveuamap.com/ar/2025/17-january-14-iranian-president-russia-and-iran-condemn-israeli,22730160,1 الشهر منذ,,
18.01.2025,استقبل رئيس الإدارة السورية الجديدة أحمد الشرع ووزير الخارجية أسعد الشيباني وفداً من المحكمة الجنائية الدولية برئاسة المدعي العام كريم أحمد خان,https://syria.liveuamap.com/ar/2025/17-january-13-the-leader-of-the-new-syrian-administration,22730172,1 الشهر منذ,,
18.01.2025,وقعت انفجارات في مدينة القامشلي، وبحسب التقارير فإن الانفجارات ناجمة عن هجوم بطائرة مسيرة، وتسببت الانفجارات في أضرار مادية.,https://syria.liveuamap.com/ar/2025/17-january-12-explosions-occurred-in-the-city-of-qamishli,22730146,1 الشهر منذ,,
18.01.2025,وزارة الداخلية السورية: إحباط عملية تهريب أسلحة كانت متجهة إلى لبنان عبر معابر غير شرعية ومصادرتها,https://syria.liveuamap.com/ar/2025/17-january-10-syrian-interior-ministry-thwarting-an-arms,22730119,1 الشهر منذ,,
18.01.2025,المدفعية التركية تقصف أهدافاً لقوات سوريا الديمقراطية على خط عين عيسى شمال الرقة,https://syria.liveuamap.com/ar/2025/17-january-10-turkish-artillery-strikes-sdf-targets-on-the,22730113,1 الشهر منذ,,
18.01.2025,الاتحاد الأوروبي يعلن عن 235 مليون يورو مساعدات لسوريا,https://syria.liveuamap.com/ar/2025/17-january-09-eu-announces-235-million-in-aid-for-syria,22730110,1 الشهر منذ,,
18.01.2025,قالت قوات سوريا الديمقراطية إن قواتها دمرت مستودع أسلحة وذخيرة تابع للجيش الوطني السوري في قرية السكاوية الواقعة في ناحية أبو قلقل جنوب منبج.,https://syria.liveuamap.com/ar/2025/16-january-20-the-sdf-said-they-have-their-forces-have-destroyed,22730003,1 الشهر منذ,,
18.01.2025,قُتل ستة أشخاص وأصيب عشرات آخرون، الخميس، في قصف استهدف مدنيين يحتجون على استمرار هجمات مسلحي الجيش الوطني السوري على سد تشرين الحيوي - الأسايش,https://syria.liveuamap.com/ar/2025/16-january-16-six-people-were-killed-and-tens-others-were,22729903,1 الشهر منذ,,
18.01.2025,التقى زعيم الحزب الديمقراطي الكردستاني مسعود بارزاني ورئيس قوات سوريا الديمقراطية مظلوم عبدي في أربيل (بيرمام) اليوم.,https://syria.liveuamap.com/ar/2025/16-january-15-kdp-leader-masoud-barzani-and-sdf-chief-mazloum,22729898,1 الشهر منذ,,
18.01.2025,الإليزيه: فرنسا تعقد مؤتمرا بشأن سوريا في 13 فبراير في باريس,https://syria.liveuamap.com/ar/2025/16-january-15-elysee-france-to-hold-conference-on-syria-on,22729895,1 الشهر منذ,,
18.01.2025,"قال رئيس الوزراء السوري أحمد الشرع إن تقدم إسرائيل في المنطقة العازلة مع سوريا ""يعرض المنطقة بأكملها للخطر"". وفي مؤتمر صحفي مشترك مع رئيس الوزراء القطري آل ثاني في دمشق، اتهم الشرع إسرائيل بالتقدم في المنطقة العازلة بحجة وجود الميليشيات الإيرانية وحزب الله. وأضاف الشرع ""هذه الحجة لم تعد صالحة بعد تحرير دمشق""، مضيفا أن ""سوريا ملتزمة باتفاقية 1974 مع إسرائيل ومستعدة لدخول قوات دولية لحمايتها"".",https://syria.liveuamap.com/ar/2025/16-january-14-syrian-leader-ahmad-alsharaa-says-israels-advancement,22729883,1 الشهر منذ,,
18.01.2025,قسد تعلن مقتل 6 وإصابة العشرات بقصف طال احتجاجات قرب سد تشرين,https://syria.liveuamap.com/ar/2025/16-january-14-sdf-announces-killing-6-and-wounding-dozens,22729884,1 الشهر منذ,,
18.01.2025,إدارة العمليات العسكرية وقوى الأمن العام تضبط أسلحة وذخائر خلال المداهمات في مدينة الصنمين شمال درعا.حتى المدفون طلعوه,https://syria.liveuamap.com/ar/2025/16-january-13-the-military-operations-department-and-the,22729872,1 الشهر منذ,,
18.01.2025,طائرات حربية تركية تقصف مركبات مدنية قرب سد تشرين، وبحسب الأنباء الأولية هناك ضحايا,https://syria.liveuamap.com/ar/2025/16-january-13-turkish-warplanes-bombed-civilian-vehicles,22729869,1 الشهر منذ,,
18.01.2025,المرصد_السوريالطيران الحربي التركي يشن غارات جوية على محيط سد_تشرين وريف عين_العرب (كوباني),https://syria.liveuamap.com/ar/2025/16-january-12-turkish-warplanes-launch-airstrikes-on-the,22729857,1 الشهر منذ,,
18.01.2025,رئيس الوزراء القطري يزور سوريا اليوم ويلتقي أحمد الشرع,https://syria.liveuamap.com/ar/2025/16-january-10-qatars-pm-is-visiting-syria-today-and-meeting,22729841,1 الشهر منذ,,
18.01.2025,أهالي مدينة كوباني شمال سوريا يدينون القصف الجوي التركي على قافلة مدنية قرب سد تشرين,https://syria.liveuamap.com/ar/2025/16-january-10-people-in-the-city-of-kobani-northern-syria,22729837,1 الشهر منذ,,
18.01.2025,"استقبال أحمد الشرع لوفد إسبانيا برئاسة وزير الخارجية والتعاون ""خوسيه بوينو"" في دمشق اليوم",https://syria.liveuamap.com/ar/2025/16-january-10-ahmed-alsharaa-receives-the-spanish-delegation,22729834,1 الشهر منذ,,
18.01.2025,ديرالزورغارتان جويتان من طيران التحالف الدولي  على جبل الثردة قرب مطار دير الزور العسكري .كما وقعت بعض الـصواريخ مجهولة المصدر قرب حقل كونيكو للغاز أحد قواعد قوات التحالف الدولي.فيما لايزال هناك تحليق للطيران الحربي فوق سماء مدينة دير الزور.,https://syria.liveuamap.com/ar/2025/15-january-19-deir-ezzor-two-air-raids-by-the-international,22729688,1 الشهر منذ,,
18.01.2025,تحليق مكثف للطائرات الحربية الإسرائيلية في سماء محافظتي القنيطرة و درعا,https://syria.liveuamap.com/ar/2025/15-january-14-intensive-flights-of-israeli-warplanes-in-the,22729663,1 الشهر منذ,,
19.01.2025,رتل لإدارة العمليات العسكرية في مدينة معدان بريف الرقةفيديو,https://syria.liveuamap.com/ar/2025/20-january-10-a-convoy-of-the-military-operations-department,22730767,1 الشهر منذ,,
19.01.2025,الطيران المسير التركي يستهدف مواقع وتحصينات لميليشيا قسد عقب انسحاب القواعد الأمريكية منها في منطقة جبل_عبدالعزيز غرب الحسكة.,https://syria.liveuamap.com/ar/2025/19-january-15-turkish-drones-target-sdf-sites-and-fortifications,22730572,1 الشهر منذ,,
19.01.2025,انفجار سيارة مفخخة لميليشيا قسد بالقرب من قرية كابرجا شرق مدينة منبج في ريف حلب الشرقي دون وقوع خسائر.   سوريا,https://syria.liveuamap.com/ar/2025/19-january-15-a-car-bomb-exploded-near-the-village-of-kabarja,22730571,1 الشهر منذ,,
19.01.2025,"توفي الفنان الكوميدي الكردي الشهير جمعة خليل المعروف باسم ""باف تيار"" متأثرا بجراحه التي أصيب بها خلال غارة جوية على سد تشرين في سوريا يوم السبت.",https://syria.liveuamap.com/ar/2025/19-january-13-renowned-kurdish-comedian-juma-khalil-widely,22730574,1 الشهر منذ,,
19.01.2025,استقبل الرئيس الفعلي لسوريا أحمد الشرع ووزير الخارجية أسعد حسن الشيباني وفدا نرويجيا برئاسة وزير الخارجية إسبن بارث إيدي في دمشق: سانا,https://syria.liveuamap.com/ar/2025/19-january-12-syrias-de-facto-leader-ahmed-alsharaa-and-foreign,22730543,1 الشهر منذ,,
19.01.2025,الفصائل المدعومة من تركيا ترسل تعزيزات عسكرية إلى محور سد تشرين بريف منبج,https://syria.liveuamap.com/ar/2025/19-january-11-turkishbacked-factions-send-military-reinforcements,22730546,1 الشهر منذ,,
19.01.2025,الفصائل المدعومة من تركيا تطلق عملية عسكرية للسيطرة على القرى المحيطة بالتلال القريبة من سد تشرين والقرى المجاورة لتلة سيريتيل الخاضعة لسيطرة قوات سوريا الديمقراطية,https://syria.liveuamap.com/ar/2025/19-january-11-turkishbacked-factions-launches-a-military,22730544,1 الشهر منذ,,
19.01.2025,مدفعية الجيش التركي تقصف مواقع قوات سوريا الديمقراطية في قرية هيشة على خط عين عيسى,https://syria.liveuamap.com/ar/2025/19-january-11-turkish-artillery-shelling-sdf-positions-in,22730547,1 الشهر منذ,,
19.01.2025,قال وزير الدفاع السوري الجديد إنه لن يكون من الصواب أن يحتفظ المقاتلون الأكراد المتمركزون في شمال شرق البلاد بكتلتهم الخاصة داخل القوات المسلحة السورية المتكاملة الأوسع نطاقًا.,https://syria.liveuamap.com/ar/2025/19-january-11-syrias-new-defence-minister-said-it-would-not,22730524,1 الشهر منذ,,
19.01.2025,قسد تنفذ حملة مداهمات واعتقالات طالت أشخاص كانوا في الجيش الحرّ سابقاً، في مدينتي الحسكة و الشدادي وقرية أبوفاس.نهر_ميديا,https://syria.liveuamap.com/ar/2025/19-january-08-sdf-carries-out-a-campaign-of-raids-and-arrests,22730477,1 الشهر منذ,,
19.01.2025,أبلغ بلينكن الكونجرس أمس أن الولايات المتحدة أصدرت إعفاء محدودا من العقوبات المتعلقة بإدراج سوريا على قائمة الدول الراعية للإرهاب. ويسمح الإعفاء بموجب المادة 620(ز) من قانون إدارة الطيران الفيدرالية باستمرار المساعدات الأميركية للحكومات الأجنبية التي تدعم الحكومة الانتقالية في سوريا، في حين تظل البلاد مصنفة كدولة راعية للإرهاب.,https://syria.liveuamap.com/ar/2025/18-january-15-blinken-informed-congress-yesterday-that-the,22730416,1 الشهر منذ,,
19.01.2025,الرئيس التركي: أفشلنا مشاريع التقسيم في سوريا,https://syria.liveuamap.com/ar/2025/18-january-11-turkish-president-we-thwarted-partition-projects,22730357,1 الشهر منذ,,
19.01.2025,"غارات جوية تركية تستهدف مواقع ميليشيا ""قسد"" في محيط سد تشرين بريف حلب الشرقي.",https://syria.liveuamap.com/ar/2025/18-january-09-turkish-airstrikes-target-sdf-militia-positions,22730338,1 الشهر منذ,,
19.01.2025,الأمين العام المساعد لجامعة الدول العربية: ما يحدث في سوريا يؤثر على الأمن القومي العربي,https://syria.liveuamap.com/ar/2025/18-january-09-assistant-secretarygeneral-of-the-arab-league,22730322,1 الشهر منذ,,
19.01.2025,"نشرت وسائل إعلامية ادعاءً يزعم أن الإدارة السورية الجديدة أصدرت تعميمًا يقضي بمنع دخول البضائع ذات المنشأ الإيراني والإسرائيلي والروسي إلى الأراضي السورية مع مصادرتها. استند هذا الادعاء إلى منشور عبر قناة على تطبيق ""تيليجرام"" تحمل اسم ""الهيئة العامة للمنافذ البرية والبحرية السورية"". إلا أن هذا القرار ملفق، حيث نفت ""هيئة المنافذ البرية والبحرية"" على لسان مدير العلاقات فيها، في تصريح خاص، صدور أي قرار من هذا النوع.",https://syria.liveuamap.com/ar/2025/18-january-09-media-outlets-have-published-a-claim-that-the,22730342,1 الشهر منذ,,
19.01.2025,غارات جوية تركية تستهدف مليشيا قسد في محيط دير حافر شرقي حلب,https://syria.liveuamap.com/ar/2025/17-january-18-turkish-airstrikes-target-sdf-militia-in-the,22730334,1 الشهر منذ,,
19.01.2025,مصادر الحدث: انفجار سيارة مفخخة في شارع الرابطة وسط مدينة منبج شرقي حلب,https://syria.liveuamap.com/ar/2025/17-january-15-a-car-bomb-exploded-in-alrabita-street-in-the,22730167,1 الشهر منذ,,
19.01.2025,في هذه اللحظات يتم قصف محيط سد تشرين من جديد.,https://syria.liveuamap.com/ar/2025/17-january-15-at-these-moments-the-area-around-the-tishreen,22730168,1 الشهر منذ,,
19.01.2025,القوات المدعومة من تركيا تستهدف مواقع قوات سوريا الديمقراطية على خط تل تمر بنيران المدفعية,https://syria.liveuamap.com/ar/2025/17-january-15-turkishbacked-forces-hit-the-positions-of-sdf,22730221,1 الشهر منذ,,
19.01.2025,الرئيس الإيراني: روسيا وإيران تنددان بالاعتداءات الإسرائيلية على سوريا واحتلال جزء من أراضيها,https://syria.liveuamap.com/ar/2025/17-january-14-iranian-president-russia-and-iran-condemn-israeli,22730160,1 الشهر منذ,,
19.01.2025,استقبل رئيس الإدارة السورية الجديدة أحمد الشرع ووزير الخارجية أسعد الشيباني وفداً من المحكمة الجنائية الدولية برئاسة المدعي العام كريم أحمد خان,https://syria.liveuamap.com/ar/2025/17-january-13-the-leader-of-the-new-syrian-administration,22730172,1 الشهر منذ,,
19.01.2025,وقعت انفجارات في مدينة القامشلي، وبحسب التقارير فإن الانفجارات ناجمة عن هجوم بطائرة مسيرة، وتسببت الانفجارات في أضرار مادية.,https://syria.liveuamap.com/ar/2025/17-january-12-explosions-occurred-in-the-city-of-qamishli,22730146,1 الشهر منذ,,
19.01.2025,وزارة الداخلية السورية: إحباط عملية تهريب أسلحة كانت متجهة إلى لبنان عبر معابر غير شرعية ومصادرتها,https://syria.liveuamap.com/ar/2025/17-january-10-syrian-interior-ministry-thwarting-an-arms,22730119,1 الشهر منذ,,
19.01.2025,المدفعية التركية تقصف أهدافاً لقوات سوريا الديمقراطية على خط عين عيسى شمال الرقة,https://syria.liveuamap.com/ar/2025/17-january-10-turkish-artillery-strikes-sdf-targets-on-the,22730113,1 الشهر منذ,,
19.01.2025,الاتحاد الأوروبي يعلن عن 235 مليون يورو مساعدات لسوريا,https://syria.liveuamap.com/ar/2025/17-january-09-eu-announces-235-million-in-aid-for-syria,22730110,1 الشهر منذ,,
19.01.2025,قالت قوات سوريا الديمقراطية إن قواتها دمرت مستودع أسلحة وذخيرة تابع للجيش الوطني السوري في قرية السكاوية الواقعة في ناحية أبو قلقل جنوب منبج.,https://syria.liveuamap.com/ar/2025/16-january-20-the-sdf-said-they-have-their-forces-have-destroyed,22730003,1 الشهر منذ,,
19.01.2025,قُتل ستة أشخاص وأصيب عشرات آخرون، الخميس، في قصف استهدف مدنيين يحتجون على استمرار هجمات مسلحي الجيش الوطني السوري على سد تشرين الحيوي - الأسايش,https://syria.liveuamap.com/ar/2025/16-january-16-six-people-were-killed-and-tens-others-were,22729903,1 الشهر منذ,,
19.01.2025,التقى زعيم الحزب الديمقراطي الكردستاني مسعود بارزاني ورئيس قوات سوريا الديمقراطية مظلوم عبدي في أربيل (بيرمام) اليوم.,https://syria.liveuamap.com/ar/2025/16-january-15-kdp-leader-masoud-barzani-and-sdf-chief-mazloum,22729898,1 الشهر منذ,,
19.01.2025,الإليزيه: فرنسا تعقد مؤتمرا بشأن سوريا في 13 فبراير في باريس,https://syria.liveuamap.com/ar/2025/16-january-15-elysee-france-to-hold-conference-on-syria-on,22729895,1 الشهر منذ,,
19.01.2025,"قال رئيس الوزراء السوري أحمد الشرع إن تقدم إسرائيل في المنطقة العازلة مع سوريا ""يعرض المنطقة بأكملها للخطر"". وفي مؤتمر صحفي مشترك مع رئيس الوزراء القطري آل ثاني في دمشق، اتهم الشرع إسرائيل بالتقدم في المنطقة العازلة بحجة وجود الميليشيات الإيرانية وحزب الله. وأضاف الشرع ""هذه الحجة لم تعد صالحة بعد تحرير دمشق""، مضيفا أن ""سوريا ملتزمة باتفاقية 1974 مع إسرائيل ومستعدة لدخول قوات دولية لحمايتها"".",https://syria.liveuamap.com/ar/2025/16-january-14-syrian-leader-ahmad-alsharaa-says-israels-advancement,22729883,1 الشهر منذ,,
20.01.2025,طائرات تركية مسيرة تقصف أهدافاً لقوات سوريا الديمقراطية في سد تشرين,https://syria.liveuamap.com/ar/2025/21-january-10-turkish-uavs-hit-sdf-targets-in-tishrin-dam,22731035,1 الشهر منذ,,
20.01.2025,طائرات حربية تركية تقصف أهدافاً لقوات سوريا الديمقراطية في قرية بيرهاسو جنوب كوباني,https://syria.liveuamap.com/ar/2025/21-january-10-turkish-warplanes-strike-sdf-targets-in-birhaso,22731038,1 الشهر منذ,,
20.01.2025,عاجـــــــــــــــــــــــلقصف مدفعي من قبل عمليات فجر_الحرية التابعة للجيش الوطني تستهدف مواقع ميليشيات قسد بمحيط سد_تشرين شرقي حلبميليشيات قسد تغلق معبري الميادين و العشارة النهريين شرقي دير_الزور بعد المعارك مع العشائر التي شهدتها بلدة ذيبان ليلاً غارات…,https://syria.liveuamap.com/ar/2025/21-january-09-artillery-shelling-by-the-fajr-alhurriya-operations,22731030,1 الشهر منذ,,
20.01.2025,وحدات مدفعية تابعة للقوات المسلحة التركية تقصف أهدافاً لقوات سوريا الديمقراطية في منطقة أبو راسين شرقي رأس العين,https://syria.liveuamap.com/ar/2025/21-january-07-turkish-armed-forces-artillery-units-hit-sdf,22731010,1 الشهر منذ,,
20.01.2025,أحمد الشرع رئيس الإدارة السورية الجديدة يجري محادثات مع المبعوث الأممي غير بيدرسن في دمشق لبحث مستقبل البلاد السياسي والاقتصادي، وشملت المناقشات إعادة النظر في قرار مجلس الأمن رقم 2254,https://syria.liveuamap.com/ar/2025/20-january-17-ahmed-alsharaa-head-of-syrias-new-administration,22730840,1 الشهر منذ,,
20.01.2025,ديرالزور  تشن قوات قسد حملة مداهمات كبيرة في بلدة الزر شرقي ديرالزور  ،بالتزامن مع وصول تعزيزات عسكرية لقوات قسد وتمركزه عند حاجز الري الفاصل بين الشحيل و البصيرة شرقي ديرالزور. وفرضت قوات قسد حظر تجوال في كل من مدن الشحيل و البصيرة و بلدة الحوايج شرقي ديرالزور.,https://syria.liveuamap.com/ar/2025/20-january-17-deir-ezzor-sdf-forces-launched-a-largescale,22730896,1 الشهر منذ,,
20.01.2025,"قوات سوريا الديمقراطية تقول إن مجموعات مسلحة تابعة للنظام السابق نفذت مؤخرا ""أنشطة تخريبية"" في محافظة دير الزور، محذرة من أنها لن تتسامح مع مثل هذه الأعمال - بيان",https://syria.liveuamap.com/ar/2025/20-january-15-sdf-says-armed-groups-affiliated-to-the-toppled,22730830,1 الشهر منذ,,
20.01.2025,مراسل نهر_ميديا: تحليق مكثف للطيران الحربي الأمريكي في سماء مدينة الميادين شرقي ديرالزور,https://syria.liveuamap.com/ar/2025/20-january-15-intensive-flying-of-us-warplanes-in-the-skies,22730826,1 الشهر منذ,,
20.01.2025,اشتباكات عنيفة جداً حول سد تشرين اليوم مجدداً حيث تحاول الفصائل المدعومة من تركيا الوصول إلى السد تحت غطاء من الغارات الجوية التركية والقصف المشترك، كما تواجدت بعض المركبات المروحية لكنها لا تزال تعمل بأعداد قليلة,https://syria.liveuamap.com/ar/2025/20-january-14-very-heavy-clashes-around-the-tishrin-dam-again,22730829,1 الشهر منذ,,
20.01.2025,مجموعة تابعة لقوات العشائر تسيطر على نقاط عسكرية لميليشيات قسد في بلدة ذيبان شرق دير_الزور، وتتمكن من السيطرة على عدة مواقع داخل البلدة، بالإضافة إلى الاستيلاء على أسلحة وعتاد,https://syria.liveuamap.com/ar/2025/20-january-14-a-group-affiliated-with-the-tribal-forces-takes,22730823,1 الشهر منذ,,
20.01.2025,عدسة المرصد_السوري: الطيران الحربي التركي يـ ـسـ ـتـ ـهـ ـدف موقعين في ريفي منبج و كوباني,https://syria.liveuamap.com/ar/2025/20-january-14-turkish-warplanes-target-two-locations-in-the,22730814,1 الشهر منذ,,
20.01.2025,"الطيران الحربي التركي يستهدف مواقع قسد بعدة غارات قرب ""صرين"" في ريف حلب الشرقي",https://syria.liveuamap.com/ar/2025/20-january-14-turkish-warplanes-target-sdf-sites-with-several,22730815,1 الشهر منذ,,
20.01.2025,"مراسل نهر_ميديا: مجموعة من ""قوات العشائر"" تشنّهجوماً على مقر لقسد في مخفر ناحية ذيبان شرقي ديرالزور وتسيطر عليه",https://syria.liveuamap.com/ar/2025/20-january-13-a-group-of-tribal-forces-launched-an-attack,22730818,1 الشهر منذ,,
20.01.2025,قال الادعاء العام السويدي يوم الاثنين إنه طلب احتجاز رجل سويدي للاشتباه في ارتكابه جرائم إرهابية فيما يتعلق بقتل تنظيم الدولة الإسلامية للطيار الأردني معاذ الكساسبة في سوريا قبل عقد من الزمان.,https://syria.liveuamap.com/ar/2025/20-january-13-swedish-prosecutors-requested-the-detention,22730804,1 الشهر منذ,,
20.01.2025,طائرات مسيرة تابعة للقوات المسلحة التركية تستهدف قوات سوريا الديمقراطية في عين عيسى شمال الرقة والقحطانية شمال الحسكة,https://syria.liveuamap.com/ar/2025/20-january-12-turkish-armed-forces-uavs-hit-sdf-in-ayn-issa,22730785,1 الشهر منذ,,
20.01.2025,غارة جوية للطيران التركي المسير استهدفت موقع عسكري لمليشيا قسد شرقي عين عيسى بريف الرقة الشمالي,https://syria.liveuamap.com/ar/2025/20-january-11-an-airstrike-by-turkish-drones-targeted-a-military,22730760,1 الشهر منذ,,
20.01.2025,أهالي مدينة الحسكة شمال شرقي سوريا يتجمعون أمام قاعدة التحالف احتجاجاً على الضربات التركية على المنطقة,https://syria.liveuamap.com/ar/2025/20-january-11-residents-of-hasakah-city-in-nesyria-gather,22730757,1 الشهر منذ,,
20.01.2025,وزارة الدفاع تكتشف مستودعا للذخيرة داخل مغارة مغلقة في جبل شحشبو بريف حماة   نيوميديا_سوريا,https://syria.liveuamap.com/ar/2025/20-january-11-the-ministry-of-defense-discovers-an-ammunition,22730758,1 الشهر منذ,,
20.01.2025,رتل لإدارة العمليات العسكرية في مدينة معدان بريف الرقةفيديو,https://syria.liveuamap.com/ar/2025/20-january-10-a-convoy-of-the-military-operations-department,22730767,1 الشهر منذ,,
20.01.2025,الطيران المسير التركي يستهدف مواقع وتحصينات لميليشيا قسد عقب انسحاب القواعد الأمريكية منها في منطقة جبل_عبدالعزيز غرب الحسكة.,https://syria.liveuamap.com/ar/2025/19-january-15-turkish-drones-target-sdf-sites-and-fortifications,22730572,1 الشهر منذ,,
20.01.2025,انفجار سيارة مفخخة لميليشيا قسد بالقرب من قرية كابرجا شرق مدينة منبج في ريف حلب الشرقي دون وقوع خسائر.   سوريا,https://syria.liveuamap.com/ar/2025/19-january-15-a-car-bomb-exploded-near-the-village-of-kabarja,22730571,1 الشهر منذ,,
20.01.2025,"توفي الفنان الكوميدي الكردي الشهير جمعة خليل المعروف باسم ""باف تيار"" متأثرا بجراحه التي أصيب بها خلال غارة جوية على سد تشرين في سوريا يوم السبت.",https://syria.liveuamap.com/ar/2025/19-january-13-renowned-kurdish-comedian-juma-khalil-widely,22730574,1 الشهر منذ,,
20.01.2025,استقبل الرئيس الفعلي لسوريا أحمد الشرع ووزير الخارجية أسعد حسن الشيباني وفدا نرويجيا برئاسة وزير الخارجية إسبن بارث إيدي في دمشق: سانا,https://syria.liveuamap.com/ar/2025/19-january-12-syrias-de-facto-leader-ahmed-alsharaa-and-foreign,22730543,1 الشهر منذ,,
20.01.2025,الفصائل المدعومة من تركيا ترسل تعزيزات عسكرية إلى محور سد تشرين بريف منبج,https://syria.liveuamap.com/ar/2025/19-january-11-turkishbacked-factions-send-military-reinforcements,22730546,1 الشهر منذ,,
20.01.2025,الفصائل المدعومة من تركيا تطلق عملية عسكرية للسيطرة على القرى المحيطة بالتلال القريبة من سد تشرين والقرى المجاورة لتلة سيريتيل الخاضعة لسيطرة قوات سوريا الديمقراطية,https://syria.liveuamap.com/ar/2025/19-january-11-turkishbacked-factions-launches-a-military,22730544,1 الشهر منذ,,
20.01.2025,مدفعية الجيش التركي تقصف مواقع قوات سوريا الديمقراطية في قرية هيشة على خط عين عيسى,https://syria.liveuamap.com/ar/2025/19-january-11-turkish-artillery-shelling-sdf-positions-in,22730547,1 الشهر منذ,,
20.01.2025,قال وزير الدفاع السوري الجديد إنه لن يكون من الصواب أن يحتفظ المقاتلون الأكراد المتمركزون في شمال شرق البلاد بكتلتهم الخاصة داخل القوات المسلحة السورية المتكاملة الأوسع نطاقًا.,https://syria.liveuamap.com/ar/2025/19-january-11-syrias-new-defence-minister-said-it-would-not,22730524,1 الشهر منذ,,
20.01.2025,قسد تنفذ حملة مداهمات واعتقالات طالت أشخاص كانوا في الجيش الحرّ سابقاً، في مدينتي الحسكة و الشدادي وقرية أبوفاس.نهر_ميديا,https://syria.liveuamap.com/ar/2025/19-january-08-sdf-carries-out-a-campaign-of-raids-and-arrests,22730477,1 الشهر منذ,,
20.01.2025,أبلغ بلينكن الكونجرس أمس أن الولايات المتحدة أصدرت إعفاء محدودا من العقوبات المتعلقة بإدراج سوريا على قائمة الدول الراعية للإرهاب. ويسمح الإعفاء بموجب المادة 620(ز) من قانون إدارة الطيران الفيدرالية باستمرار المساعدات الأميركية للحكومات الأجنبية التي تدعم الحكومة الانتقالية في سوريا، في حين تظل البلاد مصنفة كدولة راعية للإرهاب.,https://syria.liveuamap.com/ar/2025/18-january-15-blinken-informed-congress-yesterday-that-the,22730416,1 الشهر منذ,,
20.01.2025,الرئيس التركي: أفشلنا مشاريع التقسيم في سوريا,https://syria.liveuamap.com/ar/2025/18-january-11-turkish-president-we-thwarted-partition-projects,22730357,1 الشهر منذ,,
21.01.2025,الأمين العام للأمم المتحدة: الوضع في سوريا  هو علامة الاستفهام الكبيرة في الشرق الأوسط,https://syria.liveuamap.com/ar/2025/22-january-10-un-secretarygeneral-the-situation-in-syria,22731310,1 الشهر منذ,,
21.01.2025,أهالي بلدة تل تمر بريف الحسكة شمال شرق سورية يحتجون وينددون بالاعتداءات التركية على المدنيين وسد تشرين,https://syria.liveuamap.com/ar/2025/22-january-10-residents-in-the-town-of-tel-tamr-in-hasakah,22731336,1 الشهر منذ,,
21.01.2025,تجمع أحرار حوران: محتجون من سائقي الشاحنات يغلقون معبر نصيب الحدودي مع الأردن، ويطالبون بمحاسبة بعض موظفي النظام المخلوع الذين كانوا يتقاضون الرشاوى داخل المعبر، وفرض المعاملة بالمثل مع الدول التي تفرض غرامات عالية وضرائب عالية على النقل السوري,https://syria.liveuamap.com/ar/2025/22-january-10-houran-free-gathering-protesting-truck-drivers,22731298,1 الشهر منذ,,
21.01.2025,عدسة المرصد_السوري: احتجاجات ضد القصف التركي في بلدة المالكية بريف الحسكة,https://syria.liveuamap.com/ar/2025/22-january-09-syrian-observatory-protests-against-the-turkish,22731312,1 الشهر منذ,,
21.01.2025,المرصد_السوريالطائرات الحربية التركية تنفذ 7 غارات جوية على قرى في ريف عين_العرب (كوباني),https://syria.liveuamap.com/ar/2025/22-january-09-syrian-observatory-turkish-warplanes-carry,22731287,1 الشهر منذ,,
21.01.2025,وزير الدفاع السوري للتلفزيون العربي: المفاوضات ما تزال قائمة مع قوات سوريا الديمقراطية,https://syria.liveuamap.com/ar/2025/21-january-18-syrian-defense-minister-to-al-arabiya-tv-negotiations,22731135,1 الشهر منذ,,
21.01.2025,"ترسو  في طرطوس سفينة الشحن الروسية ""سبارتا 2"" الخاضعة للعقوبات الأمريكية، لالتقاط المعدات العسكرية التي خلفتها القوات الروسية في سوريا",https://syria.liveuamap.com/ar/2025/21-january-17-the-ussanctioned-russian-cargo-vessel-sparta,22731133,1 الشهر منذ,,
21.01.2025,تجمع الآلاف في القامشلي شمال شرق سوريا حدادًا على الفنان الكوميدي الكردي الشهير بافي تيار والمدنيين الآخرين الذين قتلوا في غارة جوية تركية بالقرب من سد تشرين، مما أثار الحزن والغضب في جميع أنحاء المنطقة.,https://syria.liveuamap.com/ar/2025/21-january-15-thousands-in-qamishli-ne-syria-gathered-to,22731118,1 الشهر منذ,,
21.01.2025,رئيس الوزراء وزير الخارجية القطري: لدينا إيمان كبير بالشعب السوري,https://syria.liveuamap.com/ar/2025/21-january-14-qatari-prime-minister-and-foreign-minister,22731109,1 الشهر منذ,,
21.01.2025,"""قسد"" تستهدف بالقذائف الصاروخية قرية السكاوية في ريف منبج شرقي حلب. حلب   سوريا",https://syria.liveuamap.com/ar/2025/21-january-14-sdf-targets-the-village-of-alsakawiya-in-the,22731115,1 الشهر منذ,,
21.01.2025,مراسل نهر_ميديا: شنت قسد حملة مداهمات في مدينة الطبقة غربي الرقة، اليوم، بحثاً عن عناصر تابعين لها فروا في وقت سابق,https://syria.liveuamap.com/ar/2025/21-january-13-the-sdf-launched-a-raid-campaign-in-the-city,22731116,1 الشهر منذ,,
21.01.2025,تعرض المدنيون الذين شكلوا مؤخرا درعا بشرية عند سد تشرين الذي يسيطر عليه الأكراد في شمال سوريا للقصف مرة أخرى يوم الثلاثاء، مما أسفر عن سقوط العديد من الضحايا - وسائل إعلام محلية,https://syria.liveuamap.com/ar/2025/21-january-11-civilians-who-recently-formed-a-human-shield,22731083,1 الشهر منذ,,
21.01.2025,حملة أمنية لإدارة العملـ.ـيات العسـ.ـكرية وجهاز الأمـ.ـن العام تبدأ بملاحقة فلول وميليشـ.ـيات  النظام المنهار والفارين من القضاء في ريف حمص الغربي,https://syria.liveuamap.com/ar/2025/21-january-11-a-security-campaign-by-the-military-operations,22731047,1 الشهر منذ,,
21.01.2025,طائرات تركية مسيرة تقصف أهدافاً لقوات سوريا الديمقراطية في سد تشرين,https://syria.liveuamap.com/ar/2025/21-january-10-turkish-uavs-hit-sdf-targets-in-tishrin-dam,22731035,1 الشهر منذ,,
21.01.2025,طائرات حربية تركية تقصف أهدافاً لقوات سوريا الديمقراطية في قرية بيرهاسو جنوب كوباني,https://syria.liveuamap.com/ar/2025/21-january-10-turkish-warplanes-strike-sdf-targets-in-birhaso,22731038,1 الشهر منذ,,
21.01.2025,عاجـــــــــــــــــــــــلقصف مدفعي من قبل عمليات فجر_الحرية التابعة للجيش الوطني تستهدف مواقع ميليشيات قسد بمحيط سد_تشرين شرقي حلبميليشيات قسد تغلق معبري الميادين و العشارة النهريين شرقي دير_الزور بعد المعارك مع العشائر التي شهدتها بلدة ذيبان ليلاً غارات…,https://syria.liveuamap.com/ar/2025/21-january-09-artillery-shelling-by-the-fajr-alhurriya-operations,22731030,1 الشهر منذ,,
21.01.2025,وحدات مدفعية تابعة للقوات المسلحة التركية تقصف أهدافاً لقوات سوريا الديمقراطية في منطقة أبو راسين شرقي رأس العين,https://syria.liveuamap.com/ar/2025/21-january-07-turkish-armed-forces-artillery-units-hit-sdf,22731010,1 الشهر منذ,,
21.01.2025,أحمد الشرع رئيس الإدارة السورية الجديدة يجري محادثات مع المبعوث الأممي غير بيدرسن في دمشق لبحث مستقبل البلاد السياسي والاقتصادي، وشملت المناقشات إعادة النظر في قرار مجلس الأمن رقم 2254,https://syria.liveuamap.com/ar/2025/20-january-17-ahmed-alsharaa-head-of-syrias-new-administration,22730840,1 الشهر منذ,,
21.01.2025,ديرالزور  تشن قوات قسد حملة مداهمات كبيرة في بلدة الزر شرقي ديرالزور  ،بالتزامن مع وصول تعزيزات عسكرية لقوات قسد وتمركزه عند حاجز الري الفاصل بين الشحيل و البصيرة شرقي ديرالزور. وفرضت قوات قسد حظر تجوال في كل من مدن الشحيل و البصيرة و بلدة الحوايج شرقي ديرالزور.,https://syria.liveuamap.com/ar/2025/20-january-17-deir-ezzor-sdf-forces-launched-a-largescale,22730896,1 الشهر منذ,,
21.01.2025,"قوات سوريا الديمقراطية تقول إن مجموعات مسلحة تابعة للنظام السابق نفذت مؤخرا ""أنشطة تخريبية"" في محافظة دير الزور، محذرة من أنها لن تتسامح مع مثل هذه الأعمال - بيان",https://syria.liveuamap.com/ar/2025/20-january-15-sdf-says-armed-groups-affiliated-to-the-toppled,22730830,1 الشهر منذ,,
21.01.2025,مراسل نهر_ميديا: تحليق مكثف للطيران الحربي الأمريكي في سماء مدينة الميادين شرقي ديرالزور,https://syria.liveuamap.com/ar/2025/20-january-15-intensive-flying-of-us-warplanes-in-the-skies,22730826,1 الشهر منذ,,
21.01.2025,اشتباكات عنيفة جداً حول سد تشرين اليوم مجدداً حيث تحاول الفصائل المدعومة من تركيا الوصول إلى السد تحت غطاء من الغارات الجوية التركية والقصف المشترك، كما تواجدت بعض المركبات المروحية لكنها لا تزال تعمل بأعداد قليلة,https://syria.liveuamap.com/ar/2025/20-january-14-very-heavy-clashes-around-the-tishrin-dam-again,22730829,1 الشهر منذ,,
21.01.2025,مجموعة تابعة لقوات العشائر تسيطر على نقاط عسكرية لميليشيات قسد في بلدة ذيبان شرق دير_الزور، وتتمكن من السيطرة على عدة مواقع داخل البلدة، بالإضافة إلى الاستيلاء على أسلحة وعتاد,https://syria.liveuamap.com/ar/2025/20-january-14-a-group-affiliated-with-the-tribal-forces-takes,22730823,1 الشهر منذ,,
21.01.2025,عدسة المرصد_السوري: الطيران الحربي التركي يـ ـسـ ـتـ ـهـ ـدف موقعين في ريفي منبج و كوباني,https://syria.liveuamap.com/ar/2025/20-january-14-turkish-warplanes-target-two-locations-in-the,22730814,1 الشهر منذ,,
21.01.2025,"الطيران الحربي التركي يستهدف مواقع قسد بعدة غارات قرب ""صرين"" في ريف حلب الشرقي",https://syria.liveuamap.com/ar/2025/20-january-14-turkish-warplanes-target-sdf-sites-with-several,22730815,1 الشهر منذ,,
21.01.2025,"مراسل نهر_ميديا: مجموعة من ""قوات العشائر"" تشنّهجوماً على مقر لقسد في مخفر ناحية ذيبان شرقي ديرالزور وتسيطر عليه",https://syria.liveuamap.com/ar/2025/20-january-13-a-group-of-tribal-forces-launched-an-attack,22730818,1 الشهر منذ,,
21.01.2025,قال الادعاء العام السويدي يوم الاثنين إنه طلب احتجاز رجل سويدي للاشتباه في ارتكابه جرائم إرهابية فيما يتعلق بقتل تنظيم الدولة الإسلامية للطيار الأردني معاذ الكساسبة في سوريا قبل عقد من الزمان.,https://syria.liveuamap.com/ar/2025/20-january-13-swedish-prosecutors-requested-the-detention,22730804,1 الشهر منذ,,
21.01.2025,طائرات مسيرة تابعة للقوات المسلحة التركية تستهدف قوات سوريا الديمقراطية في عين عيسى شمال الرقة والقحطانية شمال الحسكة,https://syria.liveuamap.com/ar/2025/20-january-12-turkish-armed-forces-uavs-hit-sdf-in-ayn-issa,22730785,1 الشهر منذ,,
21.01.2025,غارة جوية للطيران التركي المسير استهدفت موقع عسكري لمليشيا قسد شرقي عين عيسى بريف الرقة الشمالي,https://syria.liveuamap.com/ar/2025/20-january-11-an-airstrike-by-turkish-drones-targeted-a-military,22730760,1 الشهر منذ,,
21.01.2025,أهالي مدينة الحسكة شمال شرقي سوريا يتجمعون أمام قاعدة التحالف احتجاجاً على الضربات التركية على المنطقة,https://syria.liveuamap.com/ar/2025/20-january-11-residents-of-hasakah-city-in-nesyria-gather,22730757,1 الشهر منذ,,
22.01.2025,سماع دوي انفجار في مدينة الطبقة بريف الرقة الغربي,https://syria.liveuamap.com/ar/2025/23-january-20-explosion-heard-in-tabqa-city-in-western-raqqa,22731714,1 الشهر منذ,,
22.01.2025,المكتب الإعلامي في وزارة الداخلية: بعد الرصد وال تمكنت مديرية أمن حلب بالتعاون مع جهاز الاستخبارات العامة من اكتشاف سيارة مفخخة كانت في طريقها إلى مدينة حلب. و أفادت  أن السيارة كانت قادمة من مناطق تسيطر عليها قوات (قسد)، حيث تم رصدها قبل دخولها إلى المناطق الآمنة,https://syria.liveuamap.com/ar/2025/23-january-20-media-office-of-the-ministry-of-interior-after,22731721,1 الشهر منذ,,
22.01.2025,قوات إدارة العمليات تبسط سيطرتها على منطقة الرصافة جنوب المنصورة في ريف الرقة الجنوبيThe Operations Forces take full control over the AlRasafa area south of AlMansoura in the southern countryside of Raqqa,https://syria.liveuamap.com/ar/2025/23-january-20-military-operations-forces-take-full-control,22731727,1 الشهر منذ,,
22.01.2025,وصف وزير الخارجية العراقي فؤاد حسين هجوم أنقرة على قوات سوريا الديمقراطية بالخطير,https://syria.liveuamap.com/ar/2025/23-january-19-iraqi-foreign-minister-fuad-hussein-described,22731708,1 الشهر منذ,,
22.01.2025,قوات سوريا الديمقراطية تستهدف مواقع الفصائل المسلحة المدعومة من تركيا براجمة الصواريخ في منطقة حبوبة الصغيرة ومحطة معالجة المياه الخفسة على جبهة دير حافر,https://syria.liveuamap.com/ar/2025/23-january-19-sdf-are-targeting-turkishbacked-armed-groups,22731725,1 الشهر منذ,,
22.01.2025,وكالة سانا: الاجتماع ناقش آلية ضبط الحدود بين سوريا و لبنان,https://syria.liveuamap.com/ar/2025/23-january-18-sana-officials-at-the-meeting-discussed-the,22731710,1 الشهر منذ,,
22.01.2025,انفجار سيارة ملغمة قرب المشفى الوطني في وسط منبج شرقي حلب     نيو_ميديا_سوريا,https://syria.liveuamap.com/ar/2025/23-january-17-a-car-bomb-exploded-near-the-national-hospital,22731713,1 الشهر منذ,,
22.01.2025,"أحمد الشرع:  سوريا مستعدة للتعاون مع تركيا في مكافحة الإرهاب بمناطق ""الميليشيات الانفصالية""",https://syria.liveuamap.com/ar/2025/23-january-16-ahmed-alsharaa-syria-is-ready-to-cooperate,22731648,1 الشهر منذ,,
22.01.2025,وزير خارجية العراق: قوات سوريا الديمقراطية تسيطر على قرابة 26 سجنا لعناصر داعش,https://syria.liveuamap.com/ar/2025/23-january-15-iraqi-foreign-minister-syrian-democratic-forces,22731711,1 الشهر منذ,,
22.01.2025,قائد الإدارة السورية الجديدة: وحدات حماية الشعب الكردية وحدها لم تلب دعوتنا لحصر السلاح بيد السلطة,https://syria.liveuamap.com/ar/2025/23-january-14-leader-of-the-new-syrian-administration-the,22731638,1 الشهر منذ,,
22.01.2025,أعلنت الإدارة الذاتية أنها ستسمح للسوريين المقيمين في مخيم الهول بالعودة الطوعية إلى مناطقهم,https://syria.liveuamap.com/ar/2025/23-january-14-the-aanes-announced-that-it-would-allow-syrians,22731634,1 الشهر منذ,,
22.01.2025,وزير الخارجية العراقي من دافوس: هجوم تركيا على قسد في شمالي سوريا سيكون خطيرا,https://syria.liveuamap.com/ar/2025/23-january-13-iraqi-foreign-minister-from-davos-trkiyes,22731631,1 الشهر منذ,,
22.01.2025,قوات إدارة العمليات تتوسع في ريف الرقة الجنوبي وتبسط سيطرتها على اجزاء واسعة من طريق الرقة اثريا بالقرب من حقول توينان للغاز,https://syria.liveuamap.com/ar/2025/23-january-12-operations-management-forces-expand-in-the,22731618,1 الشهر منذ,,
22.01.2025,"وزير الخارجية العراقي في جلسة حوارية بدافوس: ناقشت مع نظيري السوري ملف ""داعش""",https://syria.liveuamap.com/ar/2025/23-january-12-iraqi-foreign-minister-in-a-dialogue-session,22731616,1 الشهر منذ,,
22.01.2025,الرقة غرفة العمليات العسكرية تسيطر على قرى ابو الطابات والمكسار والراشد والحالول والسوادية وتروازية العمالة بريف الرقة الجنوبي الغربي,https://syria.liveuamap.com/ar/2025/23-january-12-raqqa-the-military-operations-room-controls,22731729,1 الشهر منذ,,
22.01.2025,شنت قسد حملة مداهمات واعتقالات في بلدات الحصان شقرا و الجيعة غربي ديرالزور.,https://syria.liveuamap.com/ar/2025/23-january-11-the-sdf-launched-a-campaign-of-raids-and-arrests,22731612,1 الشهر منذ,,
22.01.2025,الجيش الوطني يستهدف بالمدفعية الثقيلة مواقع قسد في القرى المحيطة بمدينة عين العرب شمال شرق حلب,https://syria.liveuamap.com/ar/2025/23-january-11-turkishbacked-factions-targeted-sdf-positions,22731605,1 الشهر منذ,,
22.01.2025,موجز أخبار الثانية 23 01 2025 وفيه: إدارة العمليات العسكرية تسيطر على منطقة الزملة جنوب بلدة المنصورة في البادية السورية,https://syria.liveuamap.com/ar/2025/23-january-11-the-military-operations-department-takes-control,22731575,1 الشهر منذ,,
22.01.2025,قوات سوريا الديمقراطية تقصف براجمات الصواريخ مدينة جرابلس شرقي حلب شمال سوريا,https://syria.liveuamap.com/ar/2025/23-january-10-syrian-democratic-forces-shell-the-city-of,22731574,1 الشهر منذ,,
22.01.2025,إدارة العمليات العسكرية تسيطر على عدد من آبار حقل الرملة النفطية جنوبي محافظة الرقة.,https://syria.liveuamap.com/ar/2025/23-january-10-the-military-operations-department-controls,22731579,1 الشهر منذ,,
22.01.2025,تم رصد صواريخ كورية شمالية عيار 122 ملم متخفية في شكل شاحنات مدنية في روسيا، على جبهة كورسك. هذه هي المرة الأولى التي يتم فيها رصد صواريخ كورية شمالية عيار 122 ملم في روسيا,https://syria.liveuamap.com/ar/2025/23-january-08-north-korean-122mm-mlrs-disguised-as-civilian,22731640,1 الشهر منذ,,
22.01.2025,وزارة الداخلية السورية: إدارة الأمن العام تحبط محاولة خطف في حي السكري بمدينة حلب وتعتقل المتورطين,https://syria.liveuamap.com/ar/2025/23-january-07-syrian-ministry-of-interior-the-general-security,22731516,1 الشهر منذ,,
22.01.2025,الغارة الجوية التي شنتها طائرة F16 التركية اليوم على مواقع مليشيا قسد SDF في محيط صرين,https://syria.liveuamap.com/ar/2025/22-january-19-the-airstrike-launched-by-the-turkish-f16-aircraft,22731444,1 الشهر منذ,,
22.01.2025,المبعوث الأممي لسوريا: على الولايات المتحدة وتركيا منع التصعيد بشمال شرق سوريا,https://syria.liveuamap.com/ar/2025/22-january-14-un-envoy-to-syria-us-turkey-must-prevent-escalation,22731376,1 الشهر منذ,,
22.01.2025,"المبعوث الأممي لسوريا: يجب إعطاء فرصة للمفاوضات بين الإدارة الجديدة و""قسد""",https://syria.liveuamap.com/ar/2025/22-january-14-un-envoy-to-syria-a-chance-must-be-given-to,22731375,1 الشهر منذ,,
22.01.2025,وزير الدفاع السوري: ملف سوريا الديمقراطية قيد البحث مع القيادة وإذا طلبت منا التدخل فنحن جاهزون,https://syria.liveuamap.com/ar/2025/22-january-12-syrian-defense-minister-the-file-of-the-democratic,22731349,1 الشهر منذ,,
22.01.2025,جيش  الإسرائيلي يقتحم بلدة أبو غارة بريف القنيطرة ووزير الدفاع السوري يعلن تعيين قائد عسكري لمنطقة حوران بهدف ضبط المنطقة الحدودية.. التفاصيل مع موفد التلفزيون العربي في دمشق زاهر عمرين @zomareen@zomareen,https://syria.liveuamap.com/ar/2025/22-january-12-the-israeli-army-storms-the-town-of-abu-ghara,22731359,1 الشهر منذ,,
22.01.2025,أهالي تل حميس في القامشلي شمال شرقي سوريا يحتجون على الهجمات التركية بالقرب من سد تشرين ويعلنون تضامنهم مع قوات سوريا الديمقراطية,https://syria.liveuamap.com/ar/2025/22-january-11-residents-of-tel-hamis-in-nesyrias-qamishli,22731334,1 الشهر منذ,,
22.01.2025,الطيران التركي يستهدف بعدة غارات مواقع لمليشيا قسد في قرية بير حسو جنوبي عين العرب/ كوباني,https://syria.liveuamap.com/ar/2025/22-january-11-turkish-aircraft-target-several-sdf-militia,22731338,1 الشهر منذ,,
22.01.2025,أهالي كوباني شمال سوريا يحتجون وينددون بالهجمات التركية على المدنيين وسد تشرين,https://syria.liveuamap.com/ar/2025/22-january-11-residents-in-kobani-in-northren-syria-protest,22731342,1 الشهر منذ,,
22.01.2025,أهالي مدينة الحسكة شمال شرقي سوريا يتجمعون أمام قاعدة التحالف احتجاجاً على الضربات التركية على المنطقة,https://syria.liveuamap.com/ar/2025/22-january-11-residents-of-hasakah-city-in-nesyria-gather,22731340,1 الشهر منذ,,
22.01.2025,الأمن العام في درعا ينهي الإضراب ويعيد افتتاح طريق معبر نصيب الدوليإغلاق الطريق في معبر نصيب الحدودي جراء احتجاجات من سائقي الشاحنات السوريون أمام شاحنات النقل الأجنبية، مع مطالبتهم بمحاسبة بعض موظفي النظام السابق الذين كانوا يتقاضون الرشاوى داخل المعبر، وفرض المعاملة بالمثل مع الدول التي تفرض غرامات عالية وضرائب عالية على النقل السوري,https://syria.liveuamap.com/ar/2025/22-january-11-general-security-in-daraa-ends-strike-and-reopens,22731386,1 الشهر منذ,,
22.01.2025,الأمين العام للأمم المتحدة: الوضع في سوريا  هو علامة الاستفهام الكبيرة في الشرق الأوسط,https://syria.liveuamap.com/ar/2025/22-january-10-un-secretarygeneral-the-situation-in-syria,22731310,1 الشهر منذ,,
22.01.2025,أهالي بلدة تل تمر بريف الحسكة شمال شرق سورية يحتجون وينددون بالاعتداءات التركية على المدنيين وسد تشرين,https://syria.liveuamap.com/ar/2025/22-january-10-residents-in-the-town-of-tel-tamr-in-hasakah,22731336,1 الشهر منذ,,
22.01.2025,تجمع أحرار حوران: محتجون من سائقي الشاحنات يغلقون معبر نصيب الحدودي مع الأردن، ويطالبون بمحاسبة بعض موظفي النظام المخلوع الذين كانوا يتقاضون الرشاوى داخل المعبر، وفرض المعاملة بالمثل مع الدول التي تفرض غرامات عالية وضرائب عالية على النقل السوري,https://syria.liveuamap.com/ar/2025/22-january-10-houran-free-gathering-protesting-truck-drivers,22731298,1 الشهر منذ,,
22.01.2025,عدسة المرصد_السوري: احتجاجات ضد القصف التركي في بلدة المالكية بريف الحسكة,https://syria.liveuamap.com/ar/2025/22-january-09-syrian-observatory-protests-against-the-turkish,22731312,1 الشهر منذ,,
22.01.2025,المرصد_السوريالطائرات الحربية التركية تنفذ 7 غارات جوية على قرى في ريف عين_العرب (كوباني),https://syria.liveuamap.com/ar/2025/22-january-09-syrian-observatory-turkish-warplanes-carry,22731287,1 الشهر منذ,,
23.01.2025,وزير الخارجية السعودي فيصل بن فرحان يصل إلى قصر الشعب في دمشق,https://syria.liveuamap.com/ar/2025/24-january-10-saudi-foreign-minister-faisal-bin-farhan-arrives,22731847,1 الشهر منذ,,
23.01.2025,سماع دوي انفجار في مدينة الطبقة بريف الرقة الغربي,https://syria.liveuamap.com/ar/2025/23-january-20-explosion-heard-in-tabqa-city-in-western-raqqa,22731714,1 الشهر منذ,,
23.01.2025,المكتب الإعلامي في وزارة الداخلية: بعد الرصد وال تمكنت مديرية أمن حلب بالتعاون مع جهاز الاستخبارات العامة من اكتشاف سيارة مفخخة كانت في طريقها إلى مدينة حلب. و أفادت  أن السيارة كانت قادمة من مناطق تسيطر عليها قوات (قسد)، حيث تم رصدها قبل دخولها إلى المناطق الآمنة,https://syria.liveuamap.com/ar/2025/23-january-20-media-office-of-the-ministry-of-interior-after,22731721,1 الشهر منذ,,
23.01.2025,قوات إدارة العمليات تبسط سيطرتها على منطقة الرصافة جنوب المنصورة في ريف الرقة الجنوبيThe Operations Forces take full control over the AlRasafa area south of AlMansoura in the southern countryside of Raqqa,https://syria.liveuamap.com/ar/2025/23-january-20-military-operations-forces-take-full-control,22731727,1 الشهر منذ,,
23.01.2025,وصف وزير الخارجية العراقي فؤاد حسين هجوم أنقرة على قوات سوريا الديمقراطية بالخطير,https://syria.liveuamap.com/ar/2025/23-january-19-iraqi-foreign-minister-fuad-hussein-described,22731708,1 الشهر منذ,,
23.01.2025,قوات سوريا الديمقراطية تستهدف مواقع الفصائل المسلحة المدعومة من تركيا براجمة الصواريخ في منطقة حبوبة الصغيرة ومحطة معالجة المياه الخفسة على جبهة دير حافر,https://syria.liveuamap.com/ar/2025/23-january-19-sdf-are-targeting-turkishbacked-armed-groups,22731725,1 الشهر منذ,,
23.01.2025,وكالة سانا: الاجتماع ناقش آلية ضبط الحدود بين سوريا و لبنان,https://syria.liveuamap.com/ar/2025/23-january-18-sana-officials-at-the-meeting-discussed-the,22731710,1 الشهر منذ,,
23.01.2025,انفجار سيارة ملغمة قرب المشفى الوطني في وسط منبج شرقي حلب     نيو_ميديا_سوريا,https://syria.liveuamap.com/ar/2025/23-january-17-a-car-bomb-exploded-near-the-national-hospital,22731713,1 الشهر منذ,,
23.01.2025,"أحمد الشرع:  سوريا مستعدة للتعاون مع تركيا في مكافحة الإرهاب بمناطق ""الميليشيات الانفصالية""",https://syria.liveuamap.com/ar/2025/23-january-16-ahmed-alsharaa-syria-is-ready-to-cooperate,22731648,1 الشهر منذ,,
23.01.2025,وزير خارجية العراق: قوات سوريا الديمقراطية تسيطر على قرابة 26 سجنا لعناصر داعش,https://syria.liveuamap.com/ar/2025/23-january-15-iraqi-foreign-minister-syrian-democratic-forces,22731711,1 الشهر منذ,,
23.01.2025,قائد الإدارة السورية الجديدة: وحدات حماية الشعب الكردية وحدها لم تلب دعوتنا لحصر السلاح بيد السلطة,https://syria.liveuamap.com/ar/2025/23-january-14-leader-of-the-new-syrian-administration-the,22731638,1 الشهر منذ,,
23.01.2025,أعلنت الإدارة الذاتية أنها ستسمح للسوريين المقيمين في مخيم الهول بالعودة الطوعية إلى مناطقهم,https://syria.liveuamap.com/ar/2025/23-january-14-the-aanes-announced-that-it-would-allow-syrians,22731634,1 الشهر منذ,,
23.01.2025,وزير الخارجية العراقي من دافوس: هجوم تركيا على قسد في شمالي سوريا سيكون خطيرا,https://syria.liveuamap.com/ar/2025/23-january-13-iraqi-foreign-minister-from-davos-trkiyes,22731631,1 الشهر منذ,,
23.01.2025,قوات إدارة العمليات تتوسع في ريف الرقة الجنوبي وتبسط سيطرتها على اجزاء واسعة من طريق الرقة اثريا بالقرب من حقول توينان للغاز,https://syria.liveuamap.com/ar/2025/23-january-12-operations-management-forces-expand-in-the,22731618,1 الشهر منذ,,
23.01.2025,"وزير الخارجية العراقي في جلسة حوارية بدافوس: ناقشت مع نظيري السوري ملف ""داعش""",https://syria.liveuamap.com/ar/2025/23-january-12-iraqi-foreign-minister-in-a-dialogue-session,22731616,1 الشهر منذ,,
23.01.2025,الرقة غرفة العمليات العسكرية تسيطر على قرى ابو الطابات والمكسار والراشد والحالول والسوادية وتروازية العمالة بريف الرقة الجنوبي الغربي,https://syria.liveuamap.com/ar/2025/23-january-12-raqqa-the-military-operations-room-controls,22731729,1 الشهر منذ,,
23.01.2025,شنت قسد حملة مداهمات واعتقالات في بلدات الحصان شقرا و الجيعة غربي ديرالزور.,https://syria.liveuamap.com/ar/2025/23-january-11-the-sdf-launched-a-campaign-of-raids-and-arrests,22731612,1 الشهر منذ,,
23.01.2025,الجيش الوطني يستهدف بالمدفعية الثقيلة مواقع قسد في القرى المحيطة بمدينة عين العرب شمال شرق حلب,https://syria.liveuamap.com/ar/2025/23-january-11-turkishbacked-factions-targeted-sdf-positions,22731605,1 الشهر منذ,,
23.01.2025,موجز أخبار الثانية 23 01 2025 وفيه: إدارة العمليات العسكرية تسيطر على منطقة الزملة جنوب بلدة المنصورة في البادية السورية,https://syria.liveuamap.com/ar/2025/23-january-11-the-military-operations-department-takes-control,22731575,1 الشهر منذ,,
23.01.2025,قوات سوريا الديمقراطية تقصف براجمات الصواريخ مدينة جرابلس شرقي حلب شمال سوريا,https://syria.liveuamap.com/ar/2025/23-january-10-syrian-democratic-forces-shell-the-city-of,22731574,1 الشهر منذ,,
23.01.2025,إدارة العمليات العسكرية تسيطر على عدد من آبار حقل الرملة النفطية جنوبي محافظة الرقة.,https://syria.liveuamap.com/ar/2025/23-january-10-the-military-operations-department-controls,22731579,1 الشهر منذ,,
23.01.2025,تم رصد صواريخ كورية شمالية عيار 122 ملم متخفية في شكل شاحنات مدنية في روسيا، على جبهة كورسك. هذه هي المرة الأولى التي يتم فيها رصد صواريخ كورية شمالية عيار 122 ملم في روسيا,https://syria.liveuamap.com/ar/2025/23-january-08-north-korean-122mm-mlrs-disguised-as-civilian,22731640,1 الشهر منذ,,
23.01.2025,وزارة الداخلية السورية: إدارة الأمن العام تحبط محاولة خطف في حي السكري بمدينة حلب وتعتقل المتورطين,https://syria.liveuamap.com/ar/2025/23-january-07-syrian-ministry-of-interior-the-general-security,22731516,1 الشهر منذ,,
23.01.2025,الغارة الجوية التي شنتها طائرة F16 التركية اليوم على مواقع مليشيا قسد SDF في محيط صرين,https://syria.liveuamap.com/ar/2025/22-january-19-the-airstrike-launched-by-the-turkish-f16-aircraft,22731444,1 الشهر منذ,,
23.01.2025,المبعوث الأممي لسوريا: على الولايات المتحدة وتركيا منع التصعيد بشمال شرق سوريا,https://syria.liveuamap.com/ar/2025/22-january-14-un-envoy-to-syria-us-turkey-must-prevent-escalation,22731376,1 الشهر منذ,,
23.01.2025,"المبعوث الأممي لسوريا: يجب إعطاء فرصة للمفاوضات بين الإدارة الجديدة و""قسد""",https://syria.liveuamap.com/ar/2025/22-january-14-un-envoy-to-syria-a-chance-must-be-given-to,22731375,1 الشهر منذ,,
23.01.2025,وزير الدفاع السوري: ملف سوريا الديمقراطية قيد البحث مع القيادة وإذا طلبت منا التدخل فنحن جاهزون,https://syria.liveuamap.com/ar/2025/22-january-12-syrian-defense-minister-the-file-of-the-democratic,22731349,1 الشهر منذ,,
23.01.2025,جيش  الإسرائيلي يقتحم بلدة أبو غارة بريف القنيطرة ووزير الدفاع السوري يعلن تعيين قائد عسكري لمنطقة حوران بهدف ضبط المنطقة الحدودية.. التفاصيل مع موفد التلفزيون العربي في دمشق زاهر عمرين @zomareen@zomareen,https://syria.liveuamap.com/ar/2025/22-january-12-the-israeli-army-storms-the-town-of-abu-ghara,22731359,1 الشهر منذ,,
23.01.2025,أهالي تل حميس في القامشلي شمال شرقي سوريا يحتجون على الهجمات التركية بالقرب من سد تشرين ويعلنون تضامنهم مع قوات سوريا الديمقراطية,https://syria.liveuamap.com/ar/2025/22-january-11-residents-of-tel-hamis-in-nesyrias-qamishli,22731334,1 الشهر منذ,,
23.01.2025,الطيران التركي يستهدف بعدة غارات مواقع لمليشيا قسد في قرية بير حسو جنوبي عين العرب/ كوباني,https://syria.liveuamap.com/ar/2025/22-january-11-turkish-aircraft-target-several-sdf-militia,22731338,1 الشهر منذ,,
24.01.2025,قال مدير مخيم الهول، جيهان حنان، إن السلطات الكردية التي تدير معسكرًا مترامي الأطراف للسجناء المرتبطين بتنظيم الدولة الإسلامية في شمال شرق سوريا تستعد لأول عودة على الإطلاق للمحتجزين إلى المناطق السورية، وهي الخطوة التي أتاحها سقوط نظام الأسد. وقالت مديرة مخيم الهول، جيهان حنان، إن الاستعدادات جارية للعودة الطوعية لـ 66 عائلة من مدينة الخيام الضخمة، حيث الغالبية العظمى من النزلاء من النساء والأطفال، إلى مناطق داخل سوريا.,https://syria.liveuamap.com/ar/2025/25-january-07-kurdishled-authorities-who-run-a-sprawling,22732011,1 الشهر منذ,,
24.01.2025,الطيران الحربي التركي يستهدف نقاط لميليشيا قوات سوريا الديمقراطية قسد قرب قرية شاش البوبنا في جوار سد تشرين بريف منبج,https://syria.liveuamap.com/ar/2025/24-january-15-turkish-warplanes-target-points-of-the-syrian,22731900,1 الشهر منذ,,
24.01.2025,إعلام سوري: غارات جوية تركية على منطقة منبج بريف حلب,https://syria.liveuamap.com/ar/2025/24-january-14-syrian-media-turkish-air-strikes-on-manbij,22731893,1 الشهر منذ,,
24.01.2025,صور لبعض الغارات الجوية التي شنتها الطائرات التركية F-16 على مواقع ميليشيا «قسد» SDF قبل قليل في محيط جسر قراقوزاق جنوبي مدينة عين العرب/كوباني,https://syria.liveuamap.com/ar/2025/24-january-13-pictures-of-some-of-the-airstrikes-launched,22731882,1 الشهر منذ,,
24.01.2025,غارات جوية جديدة تستهدف مواقع ميليشيا «قسد» SDF جنوب مدينة عين العرب/كوباني,https://syria.liveuamap.com/ar/2025/24-january-12-new-airstrikes-target-sdf-militia-sites-south,22731887,1 الشهر منذ,,
24.01.2025,الجيش السوري الوطني يستهدف مواقع ميليشيا «قسد» SDF في محيط سد تشرين بالمدفعية الثقيلة.  Tishreen_Dam Tişrin Tishrin,https://syria.liveuamap.com/ar/2025/24-january-11-turkishbacked-factions-targeted-the-positions,22731858,1 الشهر منذ,,
24.01.2025,وزير الخارجية السعودي فيصل بن فرحان يصل إلى قصر الشعب في دمشق,https://syria.liveuamap.com/ar/2025/24-january-10-saudi-foreign-minister-faisal-bin-farhan-arrives,22731847,1 الشهر منذ,,
24.01.2025,سماع دوي انفجار في مدينة الطبقة بريف الرقة الغربي,https://syria.liveuamap.com/ar/2025/23-january-20-explosion-heard-in-tabqa-city-in-western-raqqa,22731714,1 الشهر منذ,,
24.01.2025,المكتب الإعلامي في وزارة الداخلية: بعد الرصد وال تمكنت مديرية أمن حلب بالتعاون مع جهاز الاستخبارات العامة من اكتشاف سيارة مفخخة كانت في طريقها إلى مدينة حلب. و أفادت  أن السيارة كانت قادمة من مناطق تسيطر عليها قوات (قسد)، حيث تم رصدها قبل دخولها إلى المناطق الآمنة,https://syria.liveuamap.com/ar/2025/23-january-20-media-office-of-the-ministry-of-interior-after,22731721,1 الشهر منذ,,
24.01.2025,قوات إدارة العمليات تبسط سيطرتها على منطقة الرصافة جنوب المنصورة في ريف الرقة الجنوبيThe Operations Forces take full control over the AlRasafa area south of AlMansoura in the southern countryside of Raqqa,https://syria.liveuamap.com/ar/2025/23-january-20-military-operations-forces-take-full-control,22731727,1 الشهر منذ,,
24.01.2025,وصف وزير الخارجية العراقي فؤاد حسين هجوم أنقرة على قوات سوريا الديمقراطية بالخطير,https://syria.liveuamap.com/ar/2025/23-january-19-iraqi-foreign-minister-fuad-hussein-described,22731708,1 الشهر منذ,,
24.01.2025,قوات سوريا الديمقراطية تستهدف مواقع الفصائل المسلحة المدعومة من تركيا براجمة الصواريخ في منطقة حبوبة الصغيرة ومحطة معالجة المياه الخفسة على جبهة دير حافر,https://syria.liveuamap.com/ar/2025/23-january-19-sdf-are-targeting-turkishbacked-armed-groups,22731725,1 الشهر منذ,,
24.01.2025,وكالة سانا: الاجتماع ناقش آلية ضبط الحدود بين سوريا و لبنان,https://syria.liveuamap.com/ar/2025/23-january-18-sana-officials-at-the-meeting-discussed-the,22731710,1 الشهر منذ,,
24.01.2025,انفجار سيارة ملغمة قرب المشفى الوطني في وسط منبج شرقي حلب     نيو_ميديا_سوريا,https://syria.liveuamap.com/ar/2025/23-january-17-a-car-bomb-exploded-near-the-national-hospital,22731713,1 الشهر منذ,,
24.01.2025,"أحمد الشرع:  سوريا مستعدة للتعاون مع تركيا في مكافحة الإرهاب بمناطق ""الميليشيات الانفصالية""",https://syria.liveuamap.com/ar/2025/23-january-16-ahmed-alsharaa-syria-is-ready-to-cooperate,22731648,1 الشهر منذ,,
24.01.2025,وزير خارجية العراق: قوات سوريا الديمقراطية تسيطر على قرابة 26 سجنا لعناصر داعش,https://syria.liveuamap.com/ar/2025/23-january-15-iraqi-foreign-minister-syrian-democratic-forces,22731711,1 الشهر منذ,,
24.01.2025,قائد الإدارة السورية الجديدة: وحدات حماية الشعب الكردية وحدها لم تلب دعوتنا لحصر السلاح بيد السلطة,https://syria.liveuamap.com/ar/2025/23-january-14-leader-of-the-new-syrian-administration-the,22731638,1 الشهر منذ,,
24.01.2025,أعلنت الإدارة الذاتية أنها ستسمح للسوريين المقيمين في مخيم الهول بالعودة الطوعية إلى مناطقهم,https://syria.liveuamap.com/ar/2025/23-january-14-the-aanes-announced-that-it-would-allow-syrians,22731634,1 الشهر منذ,,
24.01.2025,وزير الخارجية العراقي من دافوس: هجوم تركيا على قسد في شمالي سوريا سيكون خطيرا,https://syria.liveuamap.com/ar/2025/23-january-13-iraqi-foreign-minister-from-davos-trkiyes,22731631,1 الشهر منذ,,
24.01.2025,قوات إدارة العمليات تتوسع في ريف الرقة الجنوبي وتبسط سيطرتها على اجزاء واسعة من طريق الرقة اثريا بالقرب من حقول توينان للغاز,https://syria.liveuamap.com/ar/2025/23-january-12-operations-management-forces-expand-in-the,22731618,1 الشهر منذ,,
24.01.2025,"وزير الخارجية العراقي في جلسة حوارية بدافوس: ناقشت مع نظيري السوري ملف ""داعش""",https://syria.liveuamap.com/ar/2025/23-january-12-iraqi-foreign-minister-in-a-dialogue-session,22731616,1 الشهر منذ,,
24.01.2025,الرقة غرفة العمليات العسكرية تسيطر على قرى ابو الطابات والمكسار والراشد والحالول والسوادية وتروازية العمالة بريف الرقة الجنوبي الغربي,https://syria.liveuamap.com/ar/2025/23-january-12-raqqa-the-military-operations-room-controls,22731729,1 الشهر منذ,,
24.01.2025,شنت قسد حملة مداهمات واعتقالات في بلدات الحصان شقرا و الجيعة غربي ديرالزور.,https://syria.liveuamap.com/ar/2025/23-january-11-the-sdf-launched-a-campaign-of-raids-and-arrests,22731612,1 الشهر منذ,,
24.01.2025,الجيش الوطني يستهدف بالمدفعية الثقيلة مواقع قسد في القرى المحيطة بمدينة عين العرب شمال شرق حلب,https://syria.liveuamap.com/ar/2025/23-january-11-turkishbacked-factions-targeted-sdf-positions,22731605,1 الشهر منذ,,
24.01.2025,موجز أخبار الثانية 23 01 2025 وفيه: إدارة العمليات العسكرية تسيطر على منطقة الزملة جنوب بلدة المنصورة في البادية السورية,https://syria.liveuamap.com/ar/2025/23-january-11-the-military-operations-department-takes-control,22731575,1 الشهر منذ,,
24.01.2025,قوات سوريا الديمقراطية تقصف براجمات الصواريخ مدينة جرابلس شرقي حلب شمال سوريا,https://syria.liveuamap.com/ar/2025/23-january-10-syrian-democratic-forces-shell-the-city-of,22731574,1 الشهر منذ,,
24.01.2025,إدارة العمليات العسكرية تسيطر على عدد من آبار حقل الرملة النفطية جنوبي محافظة الرقة.,https://syria.liveuamap.com/ar/2025/23-january-10-the-military-operations-department-controls,22731579,1 الشهر منذ,,
24.01.2025,تم رصد صواريخ كورية شمالية عيار 122 ملم متخفية في شكل شاحنات مدنية في روسيا، على جبهة كورسك. هذه هي المرة الأولى التي يتم فيها رصد صواريخ كورية شمالية عيار 122 ملم في روسيا,https://syria.liveuamap.com/ar/2025/23-january-08-north-korean-122mm-mlrs-disguised-as-civilian,22731640,1 الشهر منذ,,
24.01.2025,وزارة الداخلية السورية: إدارة الأمن العام تحبط محاولة خطف في حي السكري بمدينة حلب وتعتقل المتورطين,https://syria.liveuamap.com/ar/2025/23-january-07-syrian-ministry-of-interior-the-general-security,22731516,1 الشهر منذ,,
24.01.2025,الغارة الجوية التي شنتها طائرة F16 التركية اليوم على مواقع مليشيا قسد SDF في محيط صرين,https://syria.liveuamap.com/ar/2025/22-january-19-the-airstrike-launched-by-the-turkish-f16-aircraft,22731444,1 الشهر منذ,,
25.01.2025,"وزارة الداخلية السورية: الإدارة العامة لأمن الحدود تضبط شحنة أسلحة متجهة إلى ""حزب الله"" اللبناني عبر طرقات التهريب في مدينة سرغايا بريف دمشق",https://syria.liveuamap.com/ar/2025/26-january-08-syrian-ministry-of-interior-the-general-administration,22732282,1 الشهر منذ,,
25.01.2025,طائرات حربية تركية تقصف أهدافاً لقوات سوريا الديمقراطية في جبل الرمانة شرقي منبج,https://syria.liveuamap.com/ar/2025/25-january-12-turkish-warplanes-strike-sdf-targets-in-ramaneh,22732113,1 الشهر منذ,,
25.01.2025,قال مدير مخيم الهول، جيهان حنان، إن السلطات الكردية التي تدير معسكرًا مترامي الأطراف للسجناء المرتبطين بتنظيم الدولة الإسلامية في شمال شرق سوريا تستعد لأول عودة على الإطلاق للمحتجزين إلى المناطق السورية، وهي الخطوة التي أتاحها سقوط نظام الأسد. وقالت مديرة مخيم الهول، جيهان حنان، إن الاستعدادات جارية للعودة الطوعية لـ 66 عائلة من مدينة الخيام الضخمة، حيث الغالبية العظمى من النزلاء من النساء والأطفال، إلى مناطق داخل سوريا.,https://syria.liveuamap.com/ar/2025/25-january-07-kurdishled-authorities-who-run-a-sprawling,22732011,1 الشهر منذ,,
25.01.2025,الطيران الحربي التركي يستهدف نقاط لميليشيا قوات سوريا الديمقراطية قسد قرب قرية شاش البوبنا في جوار سد تشرين بريف منبج,https://syria.liveuamap.com/ar/2025/24-january-15-turkish-warplanes-target-points-of-the-syrian,22731900,1 الشهر منذ,,
25.01.2025,إعلام سوري: غارات جوية تركية على منطقة منبج بريف حلب,https://syria.liveuamap.com/ar/2025/24-january-14-syrian-media-turkish-air-strikes-on-manbij,22731893,1 الشهر منذ,,
25.01.2025,صور لبعض الغارات الجوية التي شنتها الطائرات التركية F-16 على مواقع ميليشيا «قسد» SDF قبل قليل في محيط جسر قراقوزاق جنوبي مدينة عين العرب/كوباني,https://syria.liveuamap.com/ar/2025/24-january-13-pictures-of-some-of-the-airstrikes-launched,22731882,1 الشهر منذ,,
25.01.2025,غارات جوية جديدة تستهدف مواقع ميليشيا «قسد» SDF جنوب مدينة عين العرب/كوباني,https://syria.liveuamap.com/ar/2025/24-january-12-new-airstrikes-target-sdf-militia-sites-south,22731887,1 الشهر منذ,,
25.01.2025,الجيش السوري الوطني يستهدف مواقع ميليشيا «قسد» SDF في محيط سد تشرين بالمدفعية الثقيلة.  Tishreen_Dam Tişrin Tishrin,https://syria.liveuamap.com/ar/2025/24-january-11-turkishbacked-factions-targeted-the-positions,22731858,1 الشهر منذ,,
25.01.2025,وزير الخارجية السعودي فيصل بن فرحان يصل إلى قصر الشعب في دمشق,https://syria.liveuamap.com/ar/2025/24-january-10-saudi-foreign-minister-faisal-bin-farhan-arrives,22731847,1 الشهر منذ,,
25.01.2025,سماع دوي انفجار في مدينة الطبقة بريف الرقة الغربي,https://syria.liveuamap.com/ar/2025/23-january-20-explosion-heard-in-tabqa-city-in-western-raqqa,22731714,1 الشهر منذ,,
25.01.2025,المكتب الإعلامي في وزارة الداخلية: بعد الرصد وال تمكنت مديرية أمن حلب بالتعاون مع جهاز الاستخبارات العامة من اكتشاف سيارة مفخخة كانت في طريقها إلى مدينة حلب. و أفادت  أن السيارة كانت قادمة من مناطق تسيطر عليها قوات (قسد)، حيث تم رصدها قبل دخولها إلى المناطق الآمنة,https://syria.liveuamap.com/ar/2025/23-january-20-media-office-of-the-ministry-of-interior-after,22731721,1 الشهر منذ,,
25.01.2025,قوات إدارة العمليات تبسط سيطرتها على منطقة الرصافة جنوب المنصورة في ريف الرقة الجنوبيThe Operations Forces take full control over the AlRasafa area south of AlMansoura in the southern countryside of Raqqa,https://syria.liveuamap.com/ar/2025/23-january-20-military-operations-forces-take-full-control,22731727,1 الشهر منذ,,
25.01.2025,وصف وزير الخارجية العراقي فؤاد حسين هجوم أنقرة على قوات سوريا الديمقراطية بالخطير,https://syria.liveuamap.com/ar/2025/23-january-19-iraqi-foreign-minister-fuad-hussein-described,22731708,1 الشهر منذ,,
25.01.2025,قوات سوريا الديمقراطية تستهدف مواقع الفصائل المسلحة المدعومة من تركيا براجمة الصواريخ في منطقة حبوبة الصغيرة ومحطة معالجة المياه الخفسة على جبهة دير حافر,https://syria.liveuamap.com/ar/2025/23-january-19-sdf-are-targeting-turkishbacked-armed-groups,22731725,1 الشهر منذ,,
25.01.2025,وكالة سانا: الاجتماع ناقش آلية ضبط الحدود بين سوريا و لبنان,https://syria.liveuamap.com/ar/2025/23-january-18-sana-officials-at-the-meeting-discussed-the,22731710,1 الشهر منذ,,
25.01.2025,انفجار سيارة ملغمة قرب المشفى الوطني في وسط منبج شرقي حلب     نيو_ميديا_سوريا,https://syria.liveuamap.com/ar/2025/23-january-17-a-car-bomb-exploded-near-the-national-hospital,22731713,1 الشهر منذ,,
25.01.2025,"أحمد الشرع:  سوريا مستعدة للتعاون مع تركيا في مكافحة الإرهاب بمناطق ""الميليشيات الانفصالية""",https://syria.liveuamap.com/ar/2025/23-january-16-ahmed-alsharaa-syria-is-ready-to-cooperate,22731648,1 الشهر منذ,,
25.01.2025,وزير خارجية العراق: قوات سوريا الديمقراطية تسيطر على قرابة 26 سجنا لعناصر داعش,https://syria.liveuamap.com/ar/2025/23-january-15-iraqi-foreign-minister-syrian-democratic-forces,22731711,1 الشهر منذ,,
25.01.2025,قائد الإدارة السورية الجديدة: وحدات حماية الشعب الكردية وحدها لم تلب دعوتنا لحصر السلاح بيد السلطة,https://syria.liveuamap.com/ar/2025/23-january-14-leader-of-the-new-syrian-administration-the,22731638,1 الشهر منذ,,
25.01.2025,أعلنت الإدارة الذاتية أنها ستسمح للسوريين المقيمين في مخيم الهول بالعودة الطوعية إلى مناطقهم,https://syria.liveuamap.com/ar/2025/23-january-14-the-aanes-announced-that-it-would-allow-syrians,22731634,1 الشهر منذ,,
25.01.2025,وزير الخارجية العراقي من دافوس: هجوم تركيا على قسد في شمالي سوريا سيكون خطيرا,https://syria.liveuamap.com/ar/2025/23-january-13-iraqi-foreign-minister-from-davos-trkiyes,22731631,1 الشهر منذ,,
25.01.2025,قوات إدارة العمليات تتوسع في ريف الرقة الجنوبي وتبسط سيطرتها على اجزاء واسعة من طريق الرقة اثريا بالقرب من حقول توينان للغاز,https://syria.liveuamap.com/ar/2025/23-january-12-operations-management-forces-expand-in-the,22731618,1 الشهر منذ,,
25.01.2025,"وزير الخارجية العراقي في جلسة حوارية بدافوس: ناقشت مع نظيري السوري ملف ""داعش""",https://syria.liveuamap.com/ar/2025/23-january-12-iraqi-foreign-minister-in-a-dialogue-session,22731616,1 الشهر منذ,,
25.01.2025,الرقة غرفة العمليات العسكرية تسيطر على قرى ابو الطابات والمكسار والراشد والحالول والسوادية وتروازية العمالة بريف الرقة الجنوبي الغربي,https://syria.liveuamap.com/ar/2025/23-january-12-raqqa-the-military-operations-room-controls,22731729,1 الشهر منذ,,
25.01.2025,شنت قسد حملة مداهمات واعتقالات في بلدات الحصان شقرا و الجيعة غربي ديرالزور.,https://syria.liveuamap.com/ar/2025/23-january-11-the-sdf-launched-a-campaign-of-raids-and-arrests,22731612,1 الشهر منذ,,
25.01.2025,الجيش الوطني يستهدف بالمدفعية الثقيلة مواقع قسد في القرى المحيطة بمدينة عين العرب شمال شرق حلب,https://syria.liveuamap.com/ar/2025/23-january-11-turkishbacked-factions-targeted-sdf-positions,22731605,1 الشهر منذ,,
25.01.2025,موجز أخبار الثانية 23 01 2025 وفيه: إدارة العمليات العسكرية تسيطر على منطقة الزملة جنوب بلدة المنصورة في البادية السورية,https://syria.liveuamap.com/ar/2025/23-january-11-the-military-operations-department-takes-control,22731575,1 الشهر منذ,,
25.01.2025,قوات سوريا الديمقراطية تقصف براجمات الصواريخ مدينة جرابلس شرقي حلب شمال سوريا,https://syria.liveuamap.com/ar/2025/23-january-10-syrian-democratic-forces-shell-the-city-of,22731574,1 الشهر منذ,,
25.01.2025,إدارة العمليات العسكرية تسيطر على عدد من آبار حقل الرملة النفطية جنوبي محافظة الرقة.,https://syria.liveuamap.com/ar/2025/23-january-10-the-military-operations-department-controls,22731579,1 الشهر منذ,,
25.01.2025,تم رصد صواريخ كورية شمالية عيار 122 ملم متخفية في شكل شاحنات مدنية في روسيا، على جبهة كورسك. هذه هي المرة الأولى التي يتم فيها رصد صواريخ كورية شمالية عيار 122 ملم في روسيا,https://syria.liveuamap.com/ar/2025/23-january-08-north-korean-122mm-mlrs-disguised-as-civilian,22731640,1 الشهر منذ,,
26.01.2025,قصف تركي على محيط بلدة أبو راسين بريف الحسكة,https://syria.liveuamap.com/ar/2025/27-january-10-turkish-shelling-in-the-vicinity-of-the-town,22732577,1 الشهر منذ,,
26.01.2025,مصادر سورية: وقفة احتجاجية لمدنيين أمام مبنى قيادة الشرطة في القنيطرة رفضا للتوغل الإسرائيلي في جنوب سوريا,https://syria.liveuamap.com/ar/2025/27-january-10-civilians-protest-in-front-of-the-police-headquarters,22732580,1 الشهر منذ,,
26.01.2025,دمشق : قـ.ـائد الإدارة السورية الجديدة أحمد الشرع ووزير الخارجية أسعد الشيباني ورئيس جهاز الاسـ.ـتخبارات العامة أنس خطاب في حكومة تصريف الأعمال السورية يستقبلون وفد الجمهورية التركية برئاسة إبراهيم قالن رئيس جهاز الاسـ.ـتخبارات التركية,https://syria.liveuamap.com/ar/2025/26-january-17-damascus-leader-of-the-new-syrian-administration,22732471,1 الشهر منذ,,
26.01.2025,تمكنت قيادة شرطة حماة من إلقاء القبض على تاجر مخدرات، وضبطت كمية كبيرة من الحبوب المخدرة بحوزته. حماة سوريا,https://syria.liveuamap.com/ar/2025/26-january-16-hama-police-command-managed-to-arrest-a-drug,22732360,1 الشهر منذ,,
26.01.2025,توثيق أسماء مصابي قصف  للمحتجين على سد تشرينعرض المزيد (  وكالة أنباء هاوار ANHA    لحظة بلحظة عبر الواتس اب,https://syria.liveuamap.com/ar/2025/26-january-16-several-injured-in-the-bombing-of-protesters,22732359,1 الشهر منذ,,
26.01.2025,وحدات مدفعية تابعة للقوات المسلحة التركية تقصف أهدافاً لقوات سوريا الديمقراطية على خط عين عيسى شمال الرقة,https://syria.liveuamap.com/ar/2025/26-january-16-turkish-armed-forces-artillery-units-hit-sdf,22732345,1 الشهر منذ,,
26.01.2025,الطيران المروحي السوري يشارك في عمليات الأمن العام لتمشيط محافظة طرطوس  فيديو,https://syria.liveuamap.com/ar/2025/26-january-16-syrian-helicopters-participate-in-public-security,22732346,1 الشهر منذ,,
26.01.2025,أفادت تقارير أن قوات سوريا الديمقراطية استولت على مدفعين من طراز M-46 وصاروخ غراد وسيارة من الجيش السوري الحر في ريف منبج. ويشير نمط التمويه إلى أن هذه المدافع تم التخلي عنها مؤخرًا بعد انهيار نظام الأسد.,https://syria.liveuamap.com/ar/2025/26-january-15-the-sdf-reportedly-captured-2-m46-howitzers,22732355,1 الشهر منذ,,
26.01.2025,وقفة احتجاجية في مدينة إدلب تطالب برفع العقوبات الدولية عن سورياتصوير: راميا الأخرس,https://syria.liveuamap.com/ar/2025/26-january-13-protest-in-idlib-city-demanding-lifting-international,22732432,1 الشهر منذ,,
26.01.2025,"وزارة الداخلية السورية: الإدارة العامة لأمن الحدود تضبط شحنة أسلحة متجهة إلى ""حزب الله"" اللبناني عبر طرقات التهريب في مدينة سرغايا بريف دمشق",https://syria.liveuamap.com/ar/2025/26-january-08-syrian-ministry-of-interior-the-general-administration,22732282,1 الشهر منذ,,
26.01.2025,طائرات حربية تركية تقصف أهدافاً لقوات سوريا الديمقراطية في جبل الرمانة شرقي منبج,https://syria.liveuamap.com/ar/2025/25-january-12-turkish-warplanes-strike-sdf-targets-in-ramaneh,22732113,1 الشهر منذ,,
26.01.2025,قال مدير مخيم الهول، جيهان حنان، إن السلطات الكردية التي تدير معسكرًا مترامي الأطراف للسجناء المرتبطين بتنظيم الدولة الإسلامية في شمال شرق سوريا تستعد لأول عودة على الإطلاق للمحتجزين إلى المناطق السورية، وهي الخطوة التي أتاحها سقوط نظام الأسد. وقالت مديرة مخيم الهول، جيهان حنان، إن الاستعدادات جارية للعودة الطوعية لـ 66 عائلة من مدينة الخيام الضخمة، حيث الغالبية العظمى من النزلاء من النساء والأطفال، إلى مناطق داخل سوريا.,https://syria.liveuamap.com/ar/2025/25-january-07-kurdishled-authorities-who-run-a-sprawling,22732011,1 الشهر منذ,,
26.01.2025,الطيران الحربي التركي يستهدف نقاط لميليشيا قوات سوريا الديمقراطية قسد قرب قرية شاش البوبنا في جوار سد تشرين بريف منبج,https://syria.liveuamap.com/ar/2025/24-january-15-turkish-warplanes-target-points-of-the-syrian,22731900,1 الشهر منذ,,
26.01.2025,إعلام سوري: غارات جوية تركية على منطقة منبج بريف حلب,https://syria.liveuamap.com/ar/2025/24-january-14-syrian-media-turkish-air-strikes-on-manbij,22731893,1 الشهر منذ,,
26.01.2025,صور لبعض الغارات الجوية التي شنتها الطائرات التركية F-16 على مواقع ميليشيا «قسد» SDF قبل قليل في محيط جسر قراقوزاق جنوبي مدينة عين العرب/كوباني,https://syria.liveuamap.com/ar/2025/24-january-13-pictures-of-some-of-the-airstrikes-launched,22731882,1 الشهر منذ,,
26.01.2025,غارات جوية جديدة تستهدف مواقع ميليشيا «قسد» SDF جنوب مدينة عين العرب/كوباني,https://syria.liveuamap.com/ar/2025/24-january-12-new-airstrikes-target-sdf-militia-sites-south,22731887,1 الشهر منذ,,
26.01.2025,الجيش السوري الوطني يستهدف مواقع ميليشيا «قسد» SDF في محيط سد تشرين بالمدفعية الثقيلة.  Tishreen_Dam Tişrin Tishrin,https://syria.liveuamap.com/ar/2025/24-january-11-turkishbacked-factions-targeted-the-positions,22731858,1 الشهر منذ,,
26.01.2025,وزير الخارجية السعودي فيصل بن فرحان يصل إلى قصر الشعب في دمشق,https://syria.liveuamap.com/ar/2025/24-january-10-saudi-foreign-minister-faisal-bin-farhan-arrives,22731847,1 الشهر منذ,,
26.01.2025,سماع دوي انفجار في مدينة الطبقة بريف الرقة الغربي,https://syria.liveuamap.com/ar/2025/23-january-20-explosion-heard-in-tabqa-city-in-western-raqqa,22731714,1 الشهر منذ,,
26.01.2025,المكتب الإعلامي في وزارة الداخلية: بعد الرصد وال تمكنت مديرية أمن حلب بالتعاون مع جهاز الاستخبارات العامة من اكتشاف سيارة مفخخة كانت في طريقها إلى مدينة حلب. و أفادت  أن السيارة كانت قادمة من مناطق تسيطر عليها قوات (قسد)، حيث تم رصدها قبل دخولها إلى المناطق الآمنة,https://syria.liveuamap.com/ar/2025/23-january-20-media-office-of-the-ministry-of-interior-after,22731721,1 الشهر منذ,,
26.01.2025,قوات إدارة العمليات تبسط سيطرتها على منطقة الرصافة جنوب المنصورة في ريف الرقة الجنوبيThe Operations Forces take full control over the AlRasafa area south of AlMansoura in the southern countryside of Raqqa,https://syria.liveuamap.com/ar/2025/23-january-20-military-operations-forces-take-full-control,22731727,1 الشهر منذ,,
26.01.2025,وصف وزير الخارجية العراقي فؤاد حسين هجوم أنقرة على قوات سوريا الديمقراطية بالخطير,https://syria.liveuamap.com/ar/2025/23-january-19-iraqi-foreign-minister-fuad-hussein-described,22731708,1 الشهر منذ,,
26.01.2025,قوات سوريا الديمقراطية تستهدف مواقع الفصائل المسلحة المدعومة من تركيا براجمة الصواريخ في منطقة حبوبة الصغيرة ومحطة معالجة المياه الخفسة على جبهة دير حافر,https://syria.liveuamap.com/ar/2025/23-january-19-sdf-are-targeting-turkishbacked-armed-groups,22731725,1 الشهر منذ,,
26.01.2025,وكالة سانا: الاجتماع ناقش آلية ضبط الحدود بين سوريا و لبنان,https://syria.liveuamap.com/ar/2025/23-january-18-sana-officials-at-the-meeting-discussed-the,22731710,1 الشهر منذ,,
26.01.2025,انفجار سيارة ملغمة قرب المشفى الوطني في وسط منبج شرقي حلب     نيو_ميديا_سوريا,https://syria.liveuamap.com/ar/2025/23-january-17-a-car-bomb-exploded-near-the-national-hospital,22731713,1 الشهر منذ,,
26.01.2025,"أحمد الشرع:  سوريا مستعدة للتعاون مع تركيا في مكافحة الإرهاب بمناطق ""الميليشيات الانفصالية""",https://syria.liveuamap.com/ar/2025/23-january-16-ahmed-alsharaa-syria-is-ready-to-cooperate,22731648,1 الشهر منذ,,
26.01.2025,وزير خارجية العراق: قوات سوريا الديمقراطية تسيطر على قرابة 26 سجنا لعناصر داعش,https://syria.liveuamap.com/ar/2025/23-january-15-iraqi-foreign-minister-syrian-democratic-forces,22731711,1 الشهر منذ,,
26.01.2025,قائد الإدارة السورية الجديدة: وحدات حماية الشعب الكردية وحدها لم تلب دعوتنا لحصر السلاح بيد السلطة,https://syria.liveuamap.com/ar/2025/23-january-14-leader-of-the-new-syrian-administration-the,22731638,1 الشهر منذ,,
26.01.2025,أعلنت الإدارة الذاتية أنها ستسمح للسوريين المقيمين في مخيم الهول بالعودة الطوعية إلى مناطقهم,https://syria.liveuamap.com/ar/2025/23-january-14-the-aanes-announced-that-it-would-allow-syrians,22731634,1 الشهر منذ,,
26.01.2025,وزير الخارجية العراقي من دافوس: هجوم تركيا على قسد في شمالي سوريا سيكون خطيرا,https://syria.liveuamap.com/ar/2025/23-january-13-iraqi-foreign-minister-from-davos-trkiyes,22731631,1 الشهر منذ,,
27.01.2025,جنوب سورية: ضبطت الجمارك 7 ملايين حبة كبتاغون على معبر نصيب الحدودي مع الأردن، كانت الحبوب مخبأة بعناية داخل بسكويت، وتم إلقاء القبض على سائق وموظفي مكتب السفر الذي كانت تجهز فيه الشحنة والذي داهمته القوى الأمنية.,https://syria.liveuamap.com/ar/2025/28-january-10-south-syria-the-customs-seized-7-million-captagon,22732842,1 الشهر منذ,,
27.01.2025,طائرات حربية تركية تقصف أهدافاً لقوات سوريا الديمقراطية على خط صرين جنوب كوباني/عين العرب,https://syria.liveuamap.com/ar/2025/28-january-10-turkish-warplanes-strike-sdf-targets-on-the,22732840,1 الشهر منذ,,
27.01.2025,وسائل إعلام روسية: وفد روسي رفيع يصل إلى دمشق لأول مرة منذ سقوط نظام الأسد,https://syria.liveuamap.com/ar/2025/28-january-09-russian-media-a-highranking-russian-delegation,22732819,1 الشهر منذ,,
27.01.2025,"قسد تعتقل الناشط الإعلامي ""ثامر الشحاذة"" خلال حملة مداهمات نفذتها فجر اليوم في بلدة الشعفة بريف ديرالزور الشرقي.",https://syria.liveuamap.com/ar/2025/28-january-09-sdf-arrests-media-activist-thamer-alshahadah,22732821,1 الشهر منذ,,
27.01.2025,احتجاجات الأهالي على سد تشرين مستمرة لليوم 21 على التواليعرض المزيد (  وكالة أنباء هاوار ANHA    لحظة بلحظة عبر الواتس اب,https://syria.liveuamap.com/ar/2025/28-january-08-protests-by-residents-against-tishreen-dam,22732881,1 الشهر منذ,,
27.01.2025,قالت نائبة رئيسة المفوضية الأوروبية كايا كالاس إن وزراء خارجية الاتحاد الأوروبي اتفقوا على خارطة طريق لتخفيف العقوبات على سوريا,https://syria.liveuamap.com/ar/2025/27-january-16-european-commission-vice-president-kaja-kallas,22732631,1 الشهر منذ,,
27.01.2025,طائرة حربية تركية F16 تستهدف مواقع ميليشيا قسد على التلال القريبة من سد تشرين في ريف منبج بعدة غارات جوية .منبج حلب سوريا,https://syria.liveuamap.com/ar/2025/27-january-15-a-turkish-f16-warplane-targets-the-positions,22732618,1 الشهر منذ,,
27.01.2025,قصف تركي على محيط بلدة أبو راسين بريف الحسكة,https://syria.liveuamap.com/ar/2025/27-january-10-turkish-shelling-in-the-vicinity-of-the-town,22732577,1 الشهر منذ,,
27.01.2025,مصادر سورية: وقفة احتجاجية لمدنيين أمام مبنى قيادة الشرطة في القنيطرة رفضا للتوغل الإسرائيلي في جنوب سوريا,https://syria.liveuamap.com/ar/2025/27-january-10-civilians-protest-in-front-of-the-police-headquarters,22732580,1 الشهر منذ,,
27.01.2025,دمشق : قـ.ـائد الإدارة السورية الجديدة أحمد الشرع ووزير الخارجية أسعد الشيباني ورئيس جهاز الاسـ.ـتخبارات العامة أنس خطاب في حكومة تصريف الأعمال السورية يستقبلون وفد الجمهورية التركية برئاسة إبراهيم قالن رئيس جهاز الاسـ.ـتخبارات التركية,https://syria.liveuamap.com/ar/2025/26-january-17-damascus-leader-of-the-new-syrian-administration,22732471,1 الشهر منذ,,
27.01.2025,تمكنت قيادة شرطة حماة من إلقاء القبض على تاجر مخدرات، وضبطت كمية كبيرة من الحبوب المخدرة بحوزته. حماة سوريا,https://syria.liveuamap.com/ar/2025/26-january-16-hama-police-command-managed-to-arrest-a-drug,22732360,1 الشهر منذ,,
27.01.2025,توثيق أسماء مصابي قصف  للمحتجين على سد تشرينعرض المزيد (  وكالة أنباء هاوار ANHA    لحظة بلحظة عبر الواتس اب,https://syria.liveuamap.com/ar/2025/26-january-16-several-injured-in-the-bombing-of-protesters,22732359,1 الشهر منذ,,
27.01.2025,وحدات مدفعية تابعة للقوات المسلحة التركية تقصف أهدافاً لقوات سوريا الديمقراطية على خط عين عيسى شمال الرقة,https://syria.liveuamap.com/ar/2025/26-january-16-turkish-armed-forces-artillery-units-hit-sdf,22732345,1 الشهر منذ,,
27.01.2025,الطيران المروحي السوري يشارك في عمليات الأمن العام لتمشيط محافظة طرطوس  فيديو,https://syria.liveuamap.com/ar/2025/26-january-16-syrian-helicopters-participate-in-public-security,22732346,1 الشهر منذ,,
27.01.2025,أفادت تقارير أن قوات سوريا الديمقراطية استولت على مدفعين من طراز M-46 وصاروخ غراد وسيارة من الجيش السوري الحر في ريف منبج. ويشير نمط التمويه إلى أن هذه المدافع تم التخلي عنها مؤخرًا بعد انهيار نظام الأسد.,https://syria.liveuamap.com/ar/2025/26-january-15-the-sdf-reportedly-captured-2-m46-howitzers,22732355,1 الشهر منذ,,
27.01.2025,وقفة احتجاجية في مدينة إدلب تطالب برفع العقوبات الدولية عن سورياتصوير: راميا الأخرس,https://syria.liveuamap.com/ar/2025/26-january-13-protest-in-idlib-city-demanding-lifting-international,22732432,1 الشهر منذ,,
27.01.2025,"وزارة الداخلية السورية: الإدارة العامة لأمن الحدود تضبط شحنة أسلحة متجهة إلى ""حزب الله"" اللبناني عبر طرقات التهريب في مدينة سرغايا بريف دمشق",https://syria.liveuamap.com/ar/2025/26-january-08-syrian-ministry-of-interior-the-general-administration,22732282,1 الشهر منذ,,
27.01.2025,طائرات حربية تركية تقصف أهدافاً لقوات سوريا الديمقراطية في جبل الرمانة شرقي منبج,https://syria.liveuamap.com/ar/2025/25-january-12-turkish-warplanes-strike-sdf-targets-in-ramaneh,22732113,1 الشهر منذ,,
27.01.2025,قال مدير مخيم الهول، جيهان حنان، إن السلطات الكردية التي تدير معسكرًا مترامي الأطراف للسجناء المرتبطين بتنظيم الدولة الإسلامية في شمال شرق سوريا تستعد لأول عودة على الإطلاق للمحتجزين إلى المناطق السورية، وهي الخطوة التي أتاحها سقوط نظام الأسد. وقالت مديرة مخيم الهول، جيهان حنان، إن الاستعدادات جارية للعودة الطوعية لـ 66 عائلة من مدينة الخيام الضخمة، حيث الغالبية العظمى من النزلاء من النساء والأطفال، إلى مناطق داخل سوريا.,https://syria.liveuamap.com/ar/2025/25-january-07-kurdishled-authorities-who-run-a-sprawling,22732011,1 الشهر منذ,,
27.01.2025,الطيران الحربي التركي يستهدف نقاط لميليشيا قوات سوريا الديمقراطية قسد قرب قرية شاش البوبنا في جوار سد تشرين بريف منبج,https://syria.liveuamap.com/ar/2025/24-january-15-turkish-warplanes-target-points-of-the-syrian,22731900,1 الشهر منذ,,
27.01.2025,إعلام سوري: غارات جوية تركية على منطقة منبج بريف حلب,https://syria.liveuamap.com/ar/2025/24-january-14-syrian-media-turkish-air-strikes-on-manbij,22731893,1 الشهر منذ,,
27.01.2025,صور لبعض الغارات الجوية التي شنتها الطائرات التركية F-16 على مواقع ميليشيا «قسد» SDF قبل قليل في محيط جسر قراقوزاق جنوبي مدينة عين العرب/كوباني,https://syria.liveuamap.com/ar/2025/24-january-13-pictures-of-some-of-the-airstrikes-launched,22731882,1 الشهر منذ,,
27.01.2025,غارات جوية جديدة تستهدف مواقع ميليشيا «قسد» SDF جنوب مدينة عين العرب/كوباني,https://syria.liveuamap.com/ar/2025/24-january-12-new-airstrikes-target-sdf-militia-sites-south,22731887,1 الشهر منذ,,
27.01.2025,الجيش السوري الوطني يستهدف مواقع ميليشيا «قسد» SDF في محيط سد تشرين بالمدفعية الثقيلة.  Tishreen_Dam Tişrin Tishrin,https://syria.liveuamap.com/ar/2025/24-january-11-turkishbacked-factions-targeted-the-positions,22731858,1 الشهر منذ,,
27.01.2025,وزير الخارجية السعودي فيصل بن فرحان يصل إلى قصر الشعب في دمشق,https://syria.liveuamap.com/ar/2025/24-january-10-saudi-foreign-minister-faisal-bin-farhan-arrives,22731847,1 الشهر منذ,,
27.01.2025,سماع دوي انفجار في مدينة الطبقة بريف الرقة الغربي,https://syria.liveuamap.com/ar/2025/23-january-20-explosion-heard-in-tabqa-city-in-western-raqqa,22731714,1 الشهر منذ,,
27.01.2025,المكتب الإعلامي في وزارة الداخلية: بعد الرصد وال تمكنت مديرية أمن حلب بالتعاون مع جهاز الاستخبارات العامة من اكتشاف سيارة مفخخة كانت في طريقها إلى مدينة حلب. و أفادت  أن السيارة كانت قادمة من مناطق تسيطر عليها قوات (قسد)، حيث تم رصدها قبل دخولها إلى المناطق الآمنة,https://syria.liveuamap.com/ar/2025/23-january-20-media-office-of-the-ministry-of-interior-after,22731721,1 الشهر منذ,,
27.01.2025,قوات إدارة العمليات تبسط سيطرتها على منطقة الرصافة جنوب المنصورة في ريف الرقة الجنوبيThe Operations Forces take full control over the AlRasafa area south of AlMansoura in the southern countryside of Raqqa,https://syria.liveuamap.com/ar/2025/23-january-20-military-operations-forces-take-full-control,22731727,1 الشهر منذ,,
27.01.2025,وصف وزير الخارجية العراقي فؤاد حسين هجوم أنقرة على قوات سوريا الديمقراطية بالخطير,https://syria.liveuamap.com/ar/2025/23-january-19-iraqi-foreign-minister-fuad-hussein-described,22731708,1 الشهر منذ,,
27.01.2025,قوات سوريا الديمقراطية تستهدف مواقع الفصائل المسلحة المدعومة من تركيا براجمة الصواريخ في منطقة حبوبة الصغيرة ومحطة معالجة المياه الخفسة على جبهة دير حافر,https://syria.liveuamap.com/ar/2025/23-january-19-sdf-are-targeting-turkishbacked-armed-groups,22731725,1 الشهر منذ,,
28.01.2025,صور من فعاليات مؤتمر إعلان انتصار الثورة السورية وتنصيب الشرع رئيساً للبلاد,https://syria.liveuamap.com/ar/2025/29-january-18-pictures-from-the-activities-of-the-conference,22733198,1 الشهر منذ,,
28.01.2025,"العقيد حسن عبد الغني : نعلن تولية السيد القائد ""أحمد الشرع"" رئاسة البلاد في المرحلة الانتقالية، ويقوم بمهام رئاسة الجمهورية العربية السورية، ويمثلها في المحافل الدولية  مؤتمر_النصر",https://syria.liveuamap.com/ar/2025/29-january-18-colonel-hassan-abdul-ghani-we-announce-the,22733196,1 الشهر منذ,,
28.01.2025,العقيد حسن عبد الغني: نعلن حل حزب البعث العربي الاشتراكي، وأحزاب الجبهة الوطنية التقدمية، وما يتبع لها من منظمات ومؤسسات ولجان، ويحظر إعادة تشكيلها تحت أي اسم آخر، على أن تعود جميع أصولها إلى الدولة السورية   مؤتمر_النصر,https://syria.liveuamap.com/ar/2025/29-january-18-colonel-hassan-abdul-ghani-we-announce-the,22733195,1 الشهر منذ,,
28.01.2025,تنصيب أحمد الشرع رئيساً للجمهورية العربية السورية  للمرحلة الانتقالية وحل الأجهزة الأمنية وحزب البعث والجيش و مجلس الشعب,https://syria.liveuamap.com/ar/2025/29-january-18-inauguration-of-ahmed-alsharaa-as-president,22733194,1 الشهر منذ,,
28.01.2025,الناطق باسم إدارة العمليات العسكرية العقيد حسن عبد الغني: نعلن انتصار الثورة السورية العظيمة، واعتبار الثامن من كانون الأول من كل عام يوماً وطنياً.  مؤتمر_النصر,https://syria.liveuamap.com/ar/2025/29-january-18-spokesman-for-the-military-operations-department,22733197,1 الشهر منذ,,
28.01.2025,العقيد حسن عبد الغني: نعلن حل جميع الأجهزة الأمنية التابعة للنظام البائد، بفروعها وتسمياتها المختلفة، وجميع الميليشيات التي أنشأها، وتشكيل مؤسسة أمنية جديدة تحفظ أمن المواطنين   مؤتمر_النصر,https://syria.liveuamap.com/ar/2025/29-january-18-colonel-hassan-abdul-ghani-we-announce-the,22733193,1 الشهر منذ,,
28.01.2025,سوريا : تمديد الفترة الانتقالية ثلاثة أشهر أخرى,https://syria.liveuamap.com/ar/2025/29-january-18-syria-transitional-period-extended-for-another,22733192,1 الشهر منذ,,
28.01.2025,القائد العسكري أحمد عيسى الشيخ: يجب أن نعمل لكي نبني سوريا الجديدة ولن يكون ذلك إلا بالتكاتف والتراحم والتعاطف وأن نكون كالجسد الواحد.  مؤتمر_النصر,https://syria.liveuamap.com/ar/2025/29-january-18-military-commander-ahmed-issa-alsheikh-we-must,22733190,1 الشهر منذ,,
28.01.2025,وزير الخارجية السوري: سنستمر في تعزيز علاقات سوريا مع الدول المجاورة,https://syria.liveuamap.com/ar/2025/29-january-17-syrian-foreign-minister-we-will-continue-to,22733188,1 الشهر منذ,,
28.01.2025,وزير الخارجية السوري: في المنطقة العربية على وجه الخصوص تعاني منطقتنا من إرث مثقل بالصراعات، وسنحاول في سياستنا الخارجية العمل على تخفيف هذا التوتر وإرساء السلام، حتى تتمكن سورية من قيادة دور فعال في هذا المسعى.,https://syria.liveuamap.com/ar/2025/29-january-17-syrian-foreign-minister-in-the-arab-region,22733187,1 الشهر منذ,,
28.01.2025,وزير الخارجية أسعد الشيباني: نجحنا في رسم هوية سورية لائقة تعبر عن تطلعات شعبنا، وتؤسس لبلد يقوم على الحرية والعدل والكرامة، ويشعر فيه الجميع بحب الوطن والانتماء والبذل والتضحية.  مؤتمر_النصر,https://syria.liveuamap.com/ar/1970/1-january-00-foreign-minister-asaad-alsheibani-we-have-succeeded,22733185,1 الشهر منذ,,
28.01.2025,اتفقت الفصائل العسكرية السورية على تعيين أحمد الشرع رئيسا للمرحلة الانتقالية، وفق ما أوردته قناة سكاي نيوز عربية.,https://syria.liveuamap.com/ar/2025/29-january-17-syrian-military-factions-have-agreed-to-appoint,22733184,1 الشهر منذ,,
28.01.2025,خطاب_النصر من داخل مؤتمر إعلان انتصار الثورة السورية وسط حضور موسع من فصائل إدارة العمليات العسكرية وقوى الثورة السورية,https://syria.liveuamap.com/ar/2025/29-january-17-victory-speech-from-inside-the-conference-announcing,22733186,1 الشهر منذ,,
28.01.2025,طائرات تركية تقصف أهدافاً لقوات سوريا الديمقراطية على خط صرين جنوب عين العرب,https://syria.liveuamap.com/ar/2025/29-january-15-turkish-warplanes-strike-sdf-targets-on-the,22733173,1 الشهر منذ,,
28.01.2025,غارة جوية تركية على كوباني أدت إلى مقتل مدنيين وإصابة آخرين، وتسببت الغارة الجوية على مبنى سكني في انفجار مولد ديزل,https://syria.liveuamap.com/ar/2025/29-january-14-a-turkish-airstrike-on-kobane-killed-2-civilians,22733163,1 الشهر منذ,,
28.01.2025,مباركة قيادة جيش سوريا الحرة للقائد أحمد الشرع بمناسبة إنتصار الثورة السورية.سانا,https://syria.liveuamap.com/ar/2025/29-january-14-syrian-leader-ahmed-sharaa-meets-with-usbacked,22733161,1 الشهر منذ,,
28.01.2025,مصادر خاصة لـ الإدارة السورية الجديدة تتجه نحو تأجيل المؤتمر الوطني,https://syria.liveuamap.com/ar/2025/29-january-13-syrian-administration-are-moving-towards-postponing,22733159,1 الشهر منذ,,
28.01.2025,الطيران المسير التركي يستهدف مدينة عين العرب/كوباني بغارة جوية,https://syria.liveuamap.com/ar/2025/29-january-13-turkish-drones-target-ayn-alarabkobani-city,22733145,1 الشهر منذ,,
28.01.2025,طائرات مسيرة تابعة للقوات المسلحة التركية تقصف أهدافاً لقوات سوريا الديمقراطية في مناطق تشرين - الطبقة - كرامة,https://syria.liveuamap.com/ar/2025/29-january-12-turkish-armed-forces-uavs-hit-sdf-targets-in,22733134,1 الشهر منذ,,
28.01.2025,"أكد وزير الدفاع الإسرائيلي، يسرائيل_كاتس، ""أن القوات الإسرائيلية التي سيطرت على مواقع استراتيجية في جنوب سوريا بعد سقوط نظام بشار_الأسد ستبقى على جبل_الشيخ لأجل غير مسمى""",https://israelpalestine.liveuamap.com/ar/2025/29-january-12-israeli-defense-minister-israel-katz-confirmed,22733139,1 الشهر منذ,,
28.01.2025,غارات جوية تركية عبر طائرة مسيرة تستهدف مقراً لقوات سوريا الديمقراطية في بلدة الكرامة شرقي الرقة,https://syria.liveuamap.com/ar/2025/29-january-12-turkish-airstrikes-by-a-drone-targeted-a-headquarters,22733147,1 الشهر منذ,,
28.01.2025,ناقش وزير المالية السوري محمد أبازيد الوضع المالي لبلاده واحتمال تخفيف العقوبات في أول اجتماع له مع مسؤولي الاتحاد الأوروبي يوم الأربعاء,https://syria.liveuamap.com/ar/2025/29-january-10-syrian-finance-minister-mohammed-abazeed-discussed,22733103,1 الشهر منذ,,
28.01.2025,رويترز: الزعيم السوري أحمد الشرع طلب من موسكو تسليم بشار الأسد,https://syria.liveuamap.com/ar/2025/29-january-10-reuters-syrian-leader-ahmed-alsharaa-asked,22733102,1 الشهر منذ,,
28.01.2025,أهالي مدينة كوباني شمال سوريا يحتجون على استهداف تركيا للمدنيين في بلدة صرين والذي أدى إلى سقوط أكثر من 10 قتلى,https://syria.liveuamap.com/ar/2025/29-january-10-residents-in-kobani-city-in-northern-syria,22733099,1 الشهر منذ,,
28.01.2025,غارة تركية بطائرة مسيرة على سوق خضار في بلدة صرين جنوب كوباني أدت إلى مقتل 8 مدنيين بينهم أطفال وإصابة 20 آخرين، مصادر طبية تؤكد وقوع إصابات خطيرة,https://syria.liveuamap.com/ar/2025/29-january-07-a-turkish-drone-strike-in-syria-on-a-vegetable,22733082,1 الشهر منذ,,
28.01.2025,"أبلغ مسؤولون أميركيون كبار إسرائيل أن ترامب يريد سحب آلاف الجنود الأميركيين الموجودين حاليا في سوريا، بحسب ما أوردته هيئة الإذاعة الإسرائيلية العامة ""كان"".",https://syria.liveuamap.com/ar/2025/28-january-20-senior-us-officials-informed-israel-that-trump,22732987,1 الشهر منذ,,
28.01.2025,وزير الخارجية القطري يناقش مع نظيره الأمريكي أخر التطورات في غزة وسوريا ولبنان,https://israelpalestine.liveuamap.com/ar/2025/28-january-15-qatari-foreign-minister-discusses-with-us-counterpart,22732921,1 الشهر منذ,,
28.01.2025,الطيران الحربي التركي يستهدف بغارات جوية مواقع ميليشيا قسد في محيط بلدة عين_عيسى شمال الرقة.,https://syria.liveuamap.com/ar/2025/28-january-14-turkish-warplanes-target-sdf-militia-positions,22732903,1 الشهر منذ,,
28.01.2025,وزير الدفاع الإسرائيلي: سنعمل ضد أي تهديد من سوريا,https://syria.liveuamap.com/ar/2025/28-january-14-israeli-defense-minister-we-will-act-against,22732905,1 الشهر منذ,,
28.01.2025,وزير الدفاع الإسرائيلي: لن نسمح بتمركز قوى  بالجنوب السوري,https://syria.liveuamap.com/ar/2025/28-january-14-israeli-defense-minister-we-will-not-allow,22732902,1 الشهر منذ,,
28.01.2025,Raqqa الرقة: غارة جوية للطيران التركي المسيّرة استهدفت مركزًا عسكريًا لقوات HAT التابعة لميليشيا «قسد» PKK/SDF  في مركز الأقطان شمال الرقة,https://syria.liveuamap.com/ar/2025/28-january-14-raqqa-a-turkish-drone-airstrike-targeted-a,22732901,1 الشهر منذ,,
28.01.2025,استقبل الزعيم السوري الفعلي أحمد الشرع اليوم الثلاثاء رئيس الوزراء الفلسطيني محمد مصطفى في دمشق,https://syria.liveuamap.com/ar/2025/28-january-14-syrias-de-facto-leader-ahmed-alsharaa-on-tuesday,22732897,1 الشهر منذ,,
28.01.2025,غارة جوية للطيران التركي (F16) استهدفت وسط بلدة صرين.  Tishreen_Dam Tişrin Tishrin  Sarrin,https://syria.liveuamap.com/ar/2025/28-january-13-turkish-airstrike-f16-targeted-the-center-of,22732891,1 الشهر منذ,,
28.01.2025,غارة جوية للطيران التركي استهدفت محطة الكهرباء داخل اللواء 93 في عين عيسى. بريف الرقة الشمالي,https://syria.liveuamap.com/ar/2025/28-january-12-turkish-airstrike-targeted-the-power-station,22732871,1 الشهر منذ,,
28.01.2025,قصف مدفعي تركي على قرية زركان خلال الليل أدى إلى مقتل 3 مدنيين بينهم طفل وإصابة 8 مدنيين,https://syria.liveuamap.com/ar/2025/28-january-11-overnight-turkish-artillery-strikes-on-zirgan,22732873,1 الشهر منذ,,
28.01.2025,جنوب سورية: ضبطت الجمارك 7 ملايين حبة كبتاغون على معبر نصيب الحدودي مع الأردن، كانت الحبوب مخبأة بعناية داخل بسكويت، وتم إلقاء القبض على سائق وموظفي مكتب السفر الذي كانت تجهز فيه الشحنة والذي داهمته القوى الأمنية.,https://syria.liveuamap.com/ar/2025/28-january-10-south-syria-the-customs-seized-7-million-captagon,22732842,1 الشهر منذ,,
28.01.2025,طائرات حربية تركية تقصف أهدافاً لقوات سوريا الديمقراطية على خط صرين جنوب كوباني/عين العرب,https://syria.liveuamap.com/ar/2025/28-january-10-turkish-warplanes-strike-sdf-targets-on-the,22732840,1 الشهر منذ,,
28.01.2025,وسائل إعلام روسية: وفد روسي رفيع يصل إلى دمشق لأول مرة منذ سقوط نظام الأسد,https://syria.liveuamap.com/ar/2025/28-january-09-russian-media-a-highranking-russian-delegation,22732819,1 الشهر منذ,,
28.01.2025,"قسد تعتقل الناشط الإعلامي ""ثامر الشحاذة"" خلال حملة مداهمات نفذتها فجر اليوم في بلدة الشعفة بريف ديرالزور الشرقي.",https://syria.liveuamap.com/ar/2025/28-january-09-sdf-arrests-media-activist-thamer-alshahadah,22732821,1 الشهر منذ,,
28.01.2025,احتجاجات الأهالي على سد تشرين مستمرة لليوم 21 على التواليعرض المزيد (  وكالة أنباء هاوار ANHA    لحظة بلحظة عبر الواتس اب,https://syria.liveuamap.com/ar/2025/28-january-08-protests-by-residents-against-tishreen-dam,22732881,1 الشهر منذ,,
29.01.2025,شنت طائرة تابعة للتحالف الدولي غارة جوية على هدف قرب بلدة باتبو جنوب سرمدا,https://syria.liveuamap.com/ar/2025/30-january-20-an-international-coalition-aircraft-launched,22733500,1 الشهر منذ,,
29.01.2025,الشرع: سنركز في الفترة المقبلة على بناء مؤسسات قوية للدولة لا فساد فيها ولا رشاوى وتحقيق السلم الأهلي وملاحقة ين ممن ولغوا في الدم السوري,https://syria.liveuamap.com/ar/2025/30-january-20-alsharaa-we-will-focus-in-the-coming-period,22733487,1 الشهر منذ,,
29.01.2025,أحمد الشرع في أول خطاب قصير له منذ توليه منصبه أمس: يقول إنه ليس حاكماً بل خادماً؛ سيشكل حكومة شاملة من مختلف مكونات سورية؛ سيعلن عن لجنة تحضيرية لمؤتمر الحوار الوطني,https://syria.liveuamap.com/ar/2025/30-january-19-ahmed-sharaa-in-short-first-speech-since-taking,22733486,1 الشهر منذ,,
29.01.2025,الشرع:  سوريا تحررت من نظام مجرم    سوريا تحررت بفضل تضحيات جميع السوريين بالداخل والخارج    نفتح فصلا جديدا في تاريخ سوريا  قناة_العربية,https://syria.liveuamap.com/ar/2025/30-january-19-alsharaa-in-a-speech-syria-was-liberated-from,22733485,1 الشهر منذ,,
29.01.2025,اشتباكات بين الجيش الوطني وقوات سوريا الديمقراطية على خط دير حافر شرقي منبج,https://syria.liveuamap.com/ar/2025/30-january-19-clashes-are-taking-place-between-sna-and-sdf,22733488,1 الشهر منذ,,
29.01.2025,"جلسة استماع للجنة الاستخبارات بمجلس الشيوخ الأمريكي لتأكيد تعيين تولسي جابارد في منصب مدير الاستخبارات الوطنية الأمريكية. قالت تولسي جابارد: ""أنا أكره تنظيم القاعدة. أكره أن يكون لدينا قادة يتقربون من المتطرفين الإسلاميين، ويقللون من شأنهم إلى ما يسمى بالمتمردين"". تقول إن سوريا  تحت سيطرة فرع من تنظيم القاعدة وزعيم ""رقص في الشوارع"" في الحادي عشر من سبتمبر.",https://syria.liveuamap.com/ar/2025/30-january-16-senate-intelligence-committee-confirmation,22733443,1 الشهر منذ,,
29.01.2025,الخارجية القطرية: رئيس الوزراء وزير الخارجية بحث مع وزير الخارجية الإيراني في الدوحة الأوضاع في غزة وسوريا,https://syria.liveuamap.com/ar/2025/30-january-14-qatari-foreign-ministry-prime-minister-and,22733436,1 الشهر منذ,,
29.01.2025,قصفت القوات المسلحة التركية بنيران المدفعية أهدافاً لقوات سوريا الديمقراطية في قرية أم براميل على محور عين عيسى.,https://syria.liveuamap.com/ar/2025/30-january-14-the-turkish-armed-forces-hit-sdf-targets-in,22733431,1 الشهر منذ,,
29.01.2025,سمو الأمير المفدى يصل إلى العاصمة دمشق في زيارة رسمية إلى الجمهورية العربية السورية الشقيقة، وفي مقدمة مستقبليه أخوه فخامة السيد أحمد الشرع رئيس الجمهورية العربية السورية. قطر سوريا,https://syria.liveuamap.com/ar/2025/30-january-09-qatari-emir-arrives-in-the-capital-damascus,22733391,1 الشهر منذ,,
29.01.2025,رئيس دولة قطر يصل إلى العاصمة السورية دمشق,https://syria.liveuamap.com/ar/2025/30-january-09-the-president-of-the-state-of-qatar-arrives,22733389,1 الشهر منذ,,
29.01.2025,وفد عسكري رفيع المستوى من وزارة الدفاع التركية يلتقي مسؤولين في الجيش السوري الجديد,https://syria.liveuamap.com/ar/2025/30-january-06-a-highlevel-military-delegation-from-the-turkish,22733321,1 الشهر منذ,,
29.01.2025,المحتجون على سد تشرين: حماية السد مسؤولية جميع المكونات السوريةعرض المزيد (  وكالة أنباء هاوار ANHA    لحظة بلحظة عبر الواتس اب,https://syria.liveuamap.com/ar/2025/30-january-05-protesters-at-tishreen-dam-protecting-the-dam,22733293,1 الشهر منذ,,
29.01.2025,صور من فعاليات مؤتمر إعلان انتصار الثورة السورية وتنصيب الشرع رئيساً للبلاد,https://syria.liveuamap.com/ar/2025/29-january-18-pictures-from-the-activities-of-the-conference,22733198,1 الشهر منذ,,
29.01.2025,"العقيد حسن عبد الغني : نعلن تولية السيد القائد ""أحمد الشرع"" رئاسة البلاد في المرحلة الانتقالية، ويقوم بمهام رئاسة الجمهورية العربية السورية، ويمثلها في المحافل الدولية  مؤتمر_النصر",https://syria.liveuamap.com/ar/2025/29-january-18-colonel-hassan-abdul-ghani-we-announce-the,22733196,1 الشهر منذ,,
29.01.2025,العقيد حسن عبد الغني: نعلن حل حزب البعث العربي الاشتراكي، وأحزاب الجبهة الوطنية التقدمية، وما يتبع لها من منظمات ومؤسسات ولجان، ويحظر إعادة تشكيلها تحت أي اسم آخر، على أن تعود جميع أصولها إلى الدولة السورية   مؤتمر_النصر,https://syria.liveuamap.com/ar/2025/29-january-18-colonel-hassan-abdul-ghani-we-announce-the,22733195,1 الشهر منذ,,
29.01.2025,تنصيب أحمد الشرع رئيساً للجمهورية العربية السورية  للمرحلة الانتقالية وحل الأجهزة الأمنية وحزب البعث والجيش و مجلس الشعب,https://syria.liveuamap.com/ar/2025/29-january-18-inauguration-of-ahmed-alsharaa-as-president,22733194,1 الشهر منذ,,
29.01.2025,الناطق باسم إدارة العمليات العسكرية العقيد حسن عبد الغني: نعلن انتصار الثورة السورية العظيمة، واعتبار الثامن من كانون الأول من كل عام يوماً وطنياً.  مؤتمر_النصر,https://syria.liveuamap.com/ar/2025/29-january-18-spokesman-for-the-military-operations-department,22733197,1 الشهر منذ,,
29.01.2025,العقيد حسن عبد الغني: نعلن حل جميع الأجهزة الأمنية التابعة للنظام البائد، بفروعها وتسمياتها المختلفة، وجميع الميليشيات التي أنشأها، وتشكيل مؤسسة أمنية جديدة تحفظ أمن المواطنين   مؤتمر_النصر,https://syria.liveuamap.com/ar/2025/29-january-18-colonel-hassan-abdul-ghani-we-announce-the,22733193,1 الشهر منذ,,
29.01.2025,سوريا : تمديد الفترة الانتقالية ثلاثة أشهر أخرى,https://syria.liveuamap.com/ar/2025/29-january-18-syria-transitional-period-extended-for-another,22733192,1 الشهر منذ,,
29.01.2025,القائد العسكري أحمد عيسى الشيخ: يجب أن نعمل لكي نبني سوريا الجديدة ولن يكون ذلك إلا بالتكاتف والتراحم والتعاطف وأن نكون كالجسد الواحد.  مؤتمر_النصر,https://syria.liveuamap.com/ar/2025/29-january-18-military-commander-ahmed-issa-alsheikh-we-must,22733190,1 الشهر منذ,,
29.01.2025,وزير الخارجية السوري: سنستمر في تعزيز علاقات سوريا مع الدول المجاورة,https://syria.liveuamap.com/ar/2025/29-january-17-syrian-foreign-minister-we-will-continue-to,22733188,1 الشهر منذ,,
29.01.2025,وزير الخارجية السوري: في المنطقة العربية على وجه الخصوص تعاني منطقتنا من إرث مثقل بالصراعات، وسنحاول في سياستنا الخارجية العمل على تخفيف هذا التوتر وإرساء السلام، حتى تتمكن سورية من قيادة دور فعال في هذا المسعى.,https://syria.liveuamap.com/ar/2025/29-january-17-syrian-foreign-minister-in-the-arab-region,22733187,1 الشهر منذ,,
29.01.2025,وزير الخارجية أسعد الشيباني: نجحنا في رسم هوية سورية لائقة تعبر عن تطلعات شعبنا، وتؤسس لبلد يقوم على الحرية والعدل والكرامة، ويشعر فيه الجميع بحب الوطن والانتماء والبذل والتضحية.  مؤتمر_النصر,https://syria.liveuamap.com/ar/1970/1-january-00-foreign-minister-asaad-alsheibani-we-have-succeeded,22733185,1 الشهر منذ,,
29.01.2025,اتفقت الفصائل العسكرية السورية على تعيين أحمد الشرع رئيسا للمرحلة الانتقالية، وفق ما أوردته قناة سكاي نيوز عربية.,https://syria.liveuamap.com/ar/2025/29-january-17-syrian-military-factions-have-agreed-to-appoint,22733184,1 الشهر منذ,,
29.01.2025,خطاب_النصر من داخل مؤتمر إعلان انتصار الثورة السورية وسط حضور موسع من فصائل إدارة العمليات العسكرية وقوى الثورة السورية,https://syria.liveuamap.com/ar/2025/29-january-17-victory-speech-from-inside-the-conference-announcing,22733186,1 الشهر منذ,,
29.01.2025,طائرات تركية تقصف أهدافاً لقوات سوريا الديمقراطية على خط صرين جنوب عين العرب,https://syria.liveuamap.com/ar/2025/29-january-15-turkish-warplanes-strike-sdf-targets-on-the,22733173,1 الشهر منذ,,
29.01.2025,غارة جوية تركية على كوباني أدت إلى مقتل مدنيين وإصابة آخرين، وتسببت الغارة الجوية على مبنى سكني في انفجار مولد ديزل,https://syria.liveuamap.com/ar/2025/29-january-14-a-turkish-airstrike-on-kobane-killed-2-civilians,22733163,1 الشهر منذ,,
29.01.2025,مباركة قيادة جيش سوريا الحرة للقائد أحمد الشرع بمناسبة إنتصار الثورة السورية.سانا,https://syria.liveuamap.com/ar/2025/29-january-14-syrian-leader-ahmed-sharaa-meets-with-usbacked,22733161,1 الشهر منذ,,
29.01.2025,مصادر خاصة لـ الإدارة السورية الجديدة تتجه نحو تأجيل المؤتمر الوطني,https://syria.liveuamap.com/ar/2025/29-january-13-syrian-administration-are-moving-towards-postponing,22733159,1 الشهر منذ,,
29.01.2025,الطيران المسير التركي يستهدف مدينة عين العرب/كوباني بغارة جوية,https://syria.liveuamap.com/ar/2025/29-january-13-turkish-drones-target-ayn-alarabkobani-city,22733145,1 الشهر منذ,,
29.01.2025,طائرات مسيرة تابعة للقوات المسلحة التركية تقصف أهدافاً لقوات سوريا الديمقراطية في مناطق تشرين - الطبقة - كرامة,https://syria.liveuamap.com/ar/2025/29-january-12-turkish-armed-forces-uavs-hit-sdf-targets-in,22733134,1 الشهر منذ,,
29.01.2025,"أكد وزير الدفاع الإسرائيلي، يسرائيل_كاتس، ""أن القوات الإسرائيلية التي سيطرت على مواقع استراتيجية في جنوب سوريا بعد سقوط نظام بشار_الأسد ستبقى على جبل_الشيخ لأجل غير مسمى""",https://israelpalestine.liveuamap.com/ar/2025/29-january-12-israeli-defense-minister-israel-katz-confirmed,22733139,1 الشهر منذ,,
29.01.2025,غارات جوية تركية عبر طائرة مسيرة تستهدف مقراً لقوات سوريا الديمقراطية في بلدة الكرامة شرقي الرقة,https://syria.liveuamap.com/ar/2025/29-january-12-turkish-airstrikes-by-a-drone-targeted-a-headquarters,22733147,1 الشهر منذ,,
29.01.2025,ناقش وزير المالية السوري محمد أبازيد الوضع المالي لبلاده واحتمال تخفيف العقوبات في أول اجتماع له مع مسؤولي الاتحاد الأوروبي يوم الأربعاء,https://syria.liveuamap.com/ar/2025/29-january-10-syrian-finance-minister-mohammed-abazeed-discussed,22733103,1 الشهر منذ,,
29.01.2025,رويترز: الزعيم السوري أحمد الشرع طلب من موسكو تسليم بشار الأسد,https://syria.liveuamap.com/ar/2025/29-january-10-reuters-syrian-leader-ahmed-alsharaa-asked,22733102,1 الشهر منذ,,
29.01.2025,أهالي مدينة كوباني شمال سوريا يحتجون على استهداف تركيا للمدنيين في بلدة صرين والذي أدى إلى سقوط أكثر من 10 قتلى,https://syria.liveuamap.com/ar/2025/29-january-10-residents-in-kobani-city-in-northern-syria,22733099,1 الشهر منذ,,
29.01.2025,غارة تركية بطائرة مسيرة على سوق خضار في بلدة صرين جنوب كوباني أدت إلى مقتل 8 مدنيين بينهم أطفال وإصابة 20 آخرين، مصادر طبية تؤكد وقوع إصابات خطيرة,https://syria.liveuamap.com/ar/2025/29-january-07-a-turkish-drone-strike-in-syria-on-a-vegetable,22733082,1 الشهر منذ,,
30.01.2025,استهدفت غارة إسرائيلية، حوالي الساعة الثالثة فجر اليوم الجمعة، الطريق الرئيسي الواصل بين سوريا ولبنان، والذي يربط بلدة الطفيل اللبنانية ببلدة عسال الورد السورية في القلمون الغربي.,https://israelpalestine.liveuamap.com/ar/2025/31-january-10-an-israeli-airstrike-targeted-the-main-road,22733624,1 الشهر منذ,,
30.01.2025,"أعلنت القيادة المركزية الأمريكية (CENTCOM) في بيانٍ رسمي عن تنفيذ غارة جوية دقيقة يوم 30 كانون الثاني في شمال غرب سوريا، استهدفت القيادي في جماعة حراس الدين المرتبطة بتنظيم القاعدة، محمد صلاح الزبير  ووفقًا للبيان، أكدت القوات الأمريكية نجاح العملية في تحييد ""الزبير"" الذي وصفته…",https://syria.liveuamap.com/ar/2025/31-january-09-the-us-central-command-centcom-announced-in,22733613,1 الشهر منذ,,
30.01.2025,الجيش الأميركي يقول إنه قتل قياديا بارزا في جماعة حراس الدين التابعة لتنظيم القاعدة في غارة جوية بشمال غرب سوريا,https://syria.liveuamap.com/ar/2025/31-january-08-the-us-military-says-it-has-killed-a-senior,22733591,1 الشهر منذ,,
30.01.2025,وحدات مدفعية تابعة للقوات المسلحة التركية تقصف أهدافاً لقوات سوريا الديمقراطية في منطقة أبو راسين شرقي رأس العين,https://syria.liveuamap.com/ar/2025/31-january-07-turkish-armed-forces-artillery-units-hit-sdf,22733563,1 الشهر منذ,,
30.01.2025,شنت طائرة تابعة للتحالف الدولي غارة جوية على هدف قرب بلدة باتبو جنوب سرمدا,https://syria.liveuamap.com/ar/2025/30-january-20-an-international-coalition-aircraft-launched,22733500,1 الشهر منذ,,
30.01.2025,الشرع: سنركز في الفترة المقبلة على بناء مؤسسات قوية للدولة لا فساد فيها ولا رشاوى وتحقيق السلم الأهلي وملاحقة ين ممن ولغوا في الدم السوري,https://syria.liveuamap.com/ar/2025/30-january-20-alsharaa-we-will-focus-in-the-coming-period,22733487,1 الشهر منذ,,
30.01.2025,أحمد الشرع في أول خطاب قصير له منذ توليه منصبه أمس: يقول إنه ليس حاكماً بل خادماً؛ سيشكل حكومة شاملة من مختلف مكونات سورية؛ سيعلن عن لجنة تحضيرية لمؤتمر الحوار الوطني,https://syria.liveuamap.com/ar/2025/30-january-19-ahmed-sharaa-in-short-first-speech-since-taking,22733486,1 الشهر منذ,,
30.01.2025,الشرع:  سوريا تحررت من نظام مجرم    سوريا تحررت بفضل تضحيات جميع السوريين بالداخل والخارج    نفتح فصلا جديدا في تاريخ سوريا  قناة_العربية,https://syria.liveuamap.com/ar/2025/30-january-19-alsharaa-in-a-speech-syria-was-liberated-from,22733485,1 الشهر منذ,,
30.01.2025,اشتباكات بين الجيش الوطني وقوات سوريا الديمقراطية على خط دير حافر شرقي منبج,https://syria.liveuamap.com/ar/2025/30-january-19-clashes-are-taking-place-between-sna-and-sdf,22733488,1 الشهر منذ,,
30.01.2025,"جلسة استماع للجنة الاستخبارات بمجلس الشيوخ الأمريكي لتأكيد تعيين تولسي جابارد في منصب مدير الاستخبارات الوطنية الأمريكية. قالت تولسي جابارد: ""أنا أكره تنظيم القاعدة. أكره أن يكون لدينا قادة يتقربون من المتطرفين الإسلاميين، ويقللون من شأنهم إلى ما يسمى بالمتمردين"". تقول إن سوريا  تحت سيطرة فرع من تنظيم القاعدة وزعيم ""رقص في الشوارع"" في الحادي عشر من سبتمبر.",https://syria.liveuamap.com/ar/2025/30-january-16-senate-intelligence-committee-confirmation,22733443,1 الشهر منذ,,
30.01.2025,الخارجية القطرية: رئيس الوزراء وزير الخارجية بحث مع وزير الخارجية الإيراني في الدوحة الأوضاع في غزة وسوريا,https://syria.liveuamap.com/ar/2025/30-january-14-qatari-foreign-ministry-prime-minister-and,22733436,1 الشهر منذ,,
30.01.2025,قصفت القوات المسلحة التركية بنيران المدفعية أهدافاً لقوات سوريا الديمقراطية في قرية أم براميل على محور عين عيسى.,https://syria.liveuamap.com/ar/2025/30-january-14-the-turkish-armed-forces-hit-sdf-targets-in,22733431,1 الشهر منذ,,
30.01.2025,سمو الأمير المفدى يصل إلى العاصمة دمشق في زيارة رسمية إلى الجمهورية العربية السورية الشقيقة، وفي مقدمة مستقبليه أخوه فخامة السيد أحمد الشرع رئيس الجمهورية العربية السورية. قطر سوريا,https://syria.liveuamap.com/ar/2025/30-january-09-qatari-emir-arrives-in-the-capital-damascus,22733391,1 الشهر منذ,,
30.01.2025,رئيس دولة قطر يصل إلى العاصمة السورية دمشق,https://syria.liveuamap.com/ar/2025/30-january-09-the-president-of-the-state-of-qatar-arrives,22733389,1 الشهر منذ,,
30.01.2025,وفد عسكري رفيع المستوى من وزارة الدفاع التركية يلتقي مسؤولين في الجيش السوري الجديد,https://syria.liveuamap.com/ar/2025/30-january-06-a-highlevel-military-delegation-from-the-turkish,22733321,1 الشهر منذ,,
30.01.2025,المحتجون على سد تشرين: حماية السد مسؤولية جميع المكونات السوريةعرض المزيد (  وكالة أنباء هاوار ANHA    لحظة بلحظة عبر الواتس اب,https://syria.liveuamap.com/ar/2025/30-january-05-protesters-at-tishreen-dam-protecting-the-dam,22733293,1 الشهر منذ,,
30.01.2025,صور من فعاليات مؤتمر إعلان انتصار الثورة السورية وتنصيب الشرع رئيساً للبلاد,https://syria.liveuamap.com/ar/2025/29-january-18-pictures-from-the-activities-of-the-conference,22733198,1 الشهر منذ,,
30.01.2025,"العقيد حسن عبد الغني : نعلن تولية السيد القائد ""أحمد الشرع"" رئاسة البلاد في المرحلة الانتقالية، ويقوم بمهام رئاسة الجمهورية العربية السورية، ويمثلها في المحافل الدولية  مؤتمر_النصر",https://syria.liveuamap.com/ar/2025/29-january-18-colonel-hassan-abdul-ghani-we-announce-the,22733196,1 الشهر منذ,,
30.01.2025,العقيد حسن عبد الغني: نعلن حل حزب البعث العربي الاشتراكي، وأحزاب الجبهة الوطنية التقدمية، وما يتبع لها من منظمات ومؤسسات ولجان، ويحظر إعادة تشكيلها تحت أي اسم آخر، على أن تعود جميع أصولها إلى الدولة السورية   مؤتمر_النصر,https://syria.liveuamap.com/ar/2025/29-january-18-colonel-hassan-abdul-ghani-we-announce-the,22733195,1 الشهر منذ,,
30.01.2025,تنصيب أحمد الشرع رئيساً للجمهورية العربية السورية  للمرحلة الانتقالية وحل الأجهزة الأمنية وحزب البعث والجيش و مجلس الشعب,https://syria.liveuamap.com/ar/2025/29-january-18-inauguration-of-ahmed-alsharaa-as-president,22733194,1 الشهر منذ,,
30.01.2025,الناطق باسم إدارة العمليات العسكرية العقيد حسن عبد الغني: نعلن انتصار الثورة السورية العظيمة، واعتبار الثامن من كانون الأول من كل عام يوماً وطنياً.  مؤتمر_النصر,https://syria.liveuamap.com/ar/2025/29-january-18-spokesman-for-the-military-operations-department,22733197,1 الشهر منذ,,
30.01.2025,العقيد حسن عبد الغني: نعلن حل جميع الأجهزة الأمنية التابعة للنظام البائد، بفروعها وتسمياتها المختلفة، وجميع الميليشيات التي أنشأها، وتشكيل مؤسسة أمنية جديدة تحفظ أمن المواطنين   مؤتمر_النصر,https://syria.liveuamap.com/ar/2025/29-january-18-colonel-hassan-abdul-ghani-we-announce-the,22733193,1 الشهر منذ,,
30.01.2025,سوريا : تمديد الفترة الانتقالية ثلاثة أشهر أخرى,https://syria.liveuamap.com/ar/2025/29-january-18-syria-transitional-period-extended-for-another,22733192,1 الشهر منذ,,
30.01.2025,القائد العسكري أحمد عيسى الشيخ: يجب أن نعمل لكي نبني سوريا الجديدة ولن يكون ذلك إلا بالتكاتف والتراحم والتعاطف وأن نكون كالجسد الواحد.  مؤتمر_النصر,https://syria.liveuamap.com/ar/2025/29-january-18-military-commander-ahmed-issa-alsheikh-we-must,22733190,1 الشهر منذ,,
30.01.2025,وزير الخارجية السوري: سنستمر في تعزيز علاقات سوريا مع الدول المجاورة,https://syria.liveuamap.com/ar/2025/29-january-17-syrian-foreign-minister-we-will-continue-to,22733188,1 الشهر منذ,,
30.01.2025,وزير الخارجية السوري: في المنطقة العربية على وجه الخصوص تعاني منطقتنا من إرث مثقل بالصراعات، وسنحاول في سياستنا الخارجية العمل على تخفيف هذا التوتر وإرساء السلام، حتى تتمكن سورية من قيادة دور فعال في هذا المسعى.,https://syria.liveuamap.com/ar/2025/29-january-17-syrian-foreign-minister-in-the-arab-region,22733187,1 الشهر منذ,,
30.01.2025,وزير الخارجية أسعد الشيباني: نجحنا في رسم هوية سورية لائقة تعبر عن تطلعات شعبنا، وتؤسس لبلد يقوم على الحرية والعدل والكرامة، ويشعر فيه الجميع بحب الوطن والانتماء والبذل والتضحية.  مؤتمر_النصر,https://syria.liveuamap.com/ar/1970/1-january-00-foreign-minister-asaad-alsheibani-we-have-succeeded,22733185,1 الشهر منذ,,
30.01.2025,اتفقت الفصائل العسكرية السورية على تعيين أحمد الشرع رئيسا للمرحلة الانتقالية، وفق ما أوردته قناة سكاي نيوز عربية.,https://syria.liveuamap.com/ar/2025/29-january-17-syrian-military-factions-have-agreed-to-appoint,22733184,1 الشهر منذ,,
30.01.2025,خطاب_النصر من داخل مؤتمر إعلان انتصار الثورة السورية وسط حضور موسع من فصائل إدارة العمليات العسكرية وقوى الثورة السورية,https://syria.liveuamap.com/ar/2025/29-january-17-victory-speech-from-inside-the-conference-announcing,22733186,1 الشهر منذ,,
30.01.2025,طائرات تركية تقصف أهدافاً لقوات سوريا الديمقراطية على خط صرين جنوب عين العرب,https://syria.liveuamap.com/ar/2025/29-january-15-turkish-warplanes-strike-sdf-targets-on-the,22733173,1 الشهر منذ,,
31.01.2025,جنوب سوريا: أفادت الأنباء أن رجلاً أطلق النار على جنود إسرائيليين في منطقة ترنجة (محافظة القنيطرة) الليلة الماضية، ثم داهم جيش  القرية واعتقل رجلين، وهذه هي الحادثة الأولى من نوعها في المنطقة,https://syria.liveuamap.com/ar/2025/1-february-10-south-syria-last-night-a-man-reportedly-opened,22733858,1 الشهر منذ,,
31.01.2025,الرئيس المصري يهنئ أحمد الشرع بتوليه منصب رئاسة سوريا خلال المرحلة الانتقالية,https://syria.liveuamap.com/ar/2025/1-february-01-egyptian-president-congratulates-ahmed-alsharaa,22733769,1 الشهر منذ,,
31.01.2025,"إذاعة الجيش الإسرائيلي: ""إرهابيون مسلحون"" أطلقوا النار على قوات الجيش الإسرائيلي في المنطقة العازلة في سوريا",https://syria.liveuamap.com/ar/2025/31-january-21-israel-army-radio-armed-militants-opened-fire,22733768,1 الشهر منذ,,
31.01.2025,"المرصد السوري: غارات جوية تركية استهدفت بلدة صرين ومحطيها ومحيط سد تشرين وقرقوزاق ومدرسة بقرية خروص في ريف عين العرب ""كوباني""",https://syria.liveuamap.com/ar/2025/31-january-21-turkish-airstrikes-targeted-the-town-of-sarrin,22733748,1 الشهر منذ,,
31.01.2025,الطيران الحربي التركي يستهدف بغارات جوية عنيفة مواقع مليشيا قسد في محيط سد_تشرين شرقي حلب.,https://syria.liveuamap.com/ar/2025/31-january-20-turkish-warplanes-target-sdf-positions-in-the,22733729,1 الشهر منذ,,
31.01.2025,مصدر في الخارجية التركية لرويترز: وزير الخارجية التركي ونظيره الروسي يبحثان هاتفيا الوضع في سوريا,https://syria.liveuamap.com/ar/2025/31-january-15-the-turkish-foreign-minister-and-his-russian,22733670,1 الشهر منذ,,
31.01.2025,القبض على عاطف نجيب ، ابن خالة رئيس النظام البائد بشار الأسد، ورئيس فرع الأمن السياسي السابق في درعا.n نجيب متهم بارتكاب جرائم في بداية الثورة السورية، من بينها اقتلاع أظـ.افـ.ر الأطـ.فال الذين طالبوا بالحرية في درعا من بينهم حمزة_الخطيب,https://syria.liveuamap.com/ar/2025/31-january-14-arrest-of-atef-najib-cousin-of-the-former-regime,22733668,1 الشهر منذ,,
31.01.2025,الاتحاد الأوروبي للعربية: نعمل على تعزيز الحضور الأوروبي في سوريا,https://syria.liveuamap.com/ar/2025/31-january-11-eu-we-are-working-to-strengthen-the-european,22733631,1 الشهر منذ,,
31.01.2025,استهدفت غارة إسرائيلية، حوالي الساعة الثالثة فجر اليوم الجمعة، الطريق الرئيسي الواصل بين سوريا ولبنان، والذي يربط بلدة الطفيل اللبنانية ببلدة عسال الورد السورية في القلمون الغربي.,https://israelpalestine.liveuamap.com/ar/2025/31-january-10-an-israeli-airstrike-targeted-the-main-road,22733624,1 الشهر منذ,,
31.01.2025,"أعلنت القيادة المركزية الأمريكية (CENTCOM) في بيانٍ رسمي عن تنفيذ غارة جوية دقيقة يوم 30 كانون الثاني في شمال غرب سوريا، استهدفت القيادي في جماعة حراس الدين المرتبطة بتنظيم القاعدة، محمد صلاح الزبير  ووفقًا للبيان، أكدت القوات الأمريكية نجاح العملية في تحييد ""الزبير"" الذي وصفته…",https://syria.liveuamap.com/ar/2025/31-january-09-the-us-central-command-centcom-announced-in,22733613,1 الشهر منذ,,
31.01.2025,الجيش الأميركي يقول إنه قتل قياديا بارزا في جماعة حراس الدين التابعة لتنظيم القاعدة في غارة جوية بشمال غرب سوريا,https://syria.liveuamap.com/ar/2025/31-january-08-the-us-military-says-it-has-killed-a-senior,22733591,1 الشهر منذ,,
31.01.2025,وحدات مدفعية تابعة للقوات المسلحة التركية تقصف أهدافاً لقوات سوريا الديمقراطية في منطقة أبو راسين شرقي رأس العين,https://syria.liveuamap.com/ar/2025/31-january-07-turkish-armed-forces-artillery-units-hit-sdf,22733563,1 الشهر منذ,,
31.01.2025,شنت طائرة تابعة للتحالف الدولي غارة جوية على هدف قرب بلدة باتبو جنوب سرمدا,https://syria.liveuamap.com/ar/2025/30-january-20-an-international-coalition-aircraft-launched,22733500,1 الشهر منذ,,
31.01.2025,الشرع: سنركز في الفترة المقبلة على بناء مؤسسات قوية للدولة لا فساد فيها ولا رشاوى وتحقيق السلم الأهلي وملاحقة ين ممن ولغوا في الدم السوري,https://syria.liveuamap.com/ar/2025/30-january-20-alsharaa-we-will-focus-in-the-coming-period,22733487,1 الشهر منذ,,
31.01.2025,أحمد الشرع في أول خطاب قصير له منذ توليه منصبه أمس: يقول إنه ليس حاكماً بل خادماً؛ سيشكل حكومة شاملة من مختلف مكونات سورية؛ سيعلن عن لجنة تحضيرية لمؤتمر الحوار الوطني,https://syria.liveuamap.com/ar/2025/30-january-19-ahmed-sharaa-in-short-first-speech-since-taking,22733486,1 الشهر منذ,,
31.01.2025,الشرع:  سوريا تحررت من نظام مجرم    سوريا تحررت بفضل تضحيات جميع السوريين بالداخل والخارج    نفتح فصلا جديدا في تاريخ سوريا  قناة_العربية,https://syria.liveuamap.com/ar/2025/30-january-19-alsharaa-in-a-speech-syria-was-liberated-from,22733485,1 الشهر منذ,,
31.01.2025,اشتباكات بين الجيش الوطني وقوات سوريا الديمقراطية على خط دير حافر شرقي منبج,https://syria.liveuamap.com/ar/2025/30-january-19-clashes-are-taking-place-between-sna-and-sdf,22733488,1 الشهر منذ,,
31.01.2025,"جلسة استماع للجنة الاستخبارات بمجلس الشيوخ الأمريكي لتأكيد تعيين تولسي جابارد في منصب مدير الاستخبارات الوطنية الأمريكية. قالت تولسي جابارد: ""أنا أكره تنظيم القاعدة. أكره أن يكون لدينا قادة يتقربون من المتطرفين الإسلاميين، ويقللون من شأنهم إلى ما يسمى بالمتمردين"". تقول إن سوريا  تحت سيطرة فرع من تنظيم القاعدة وزعيم ""رقص في الشوارع"" في الحادي عشر من سبتمبر.",https://syria.liveuamap.com/ar/2025/30-january-16-senate-intelligence-committee-confirmation,22733443,1 الشهر منذ,,
31.01.2025,الخارجية القطرية: رئيس الوزراء وزير الخارجية بحث مع وزير الخارجية الإيراني في الدوحة الأوضاع في غزة وسوريا,https://syria.liveuamap.com/ar/2025/30-january-14-qatari-foreign-ministry-prime-minister-and,22733436,1 الشهر منذ,,
31.01.2025,قصفت القوات المسلحة التركية بنيران المدفعية أهدافاً لقوات سوريا الديمقراطية في قرية أم براميل على محور عين عيسى.,https://syria.liveuamap.com/ar/2025/30-january-14-the-turkish-armed-forces-hit-sdf-targets-in,22733431,1 الشهر منذ,,
31.01.2025,سمو الأمير المفدى يصل إلى العاصمة دمشق في زيارة رسمية إلى الجمهورية العربية السورية الشقيقة، وفي مقدمة مستقبليه أخوه فخامة السيد أحمد الشرع رئيس الجمهورية العربية السورية. قطر سوريا,https://syria.liveuamap.com/ar/2025/30-january-09-qatari-emir-arrives-in-the-capital-damascus,22733391,1 الشهر منذ,,
31.01.2025,رئيس دولة قطر يصل إلى العاصمة السورية دمشق,https://syria.liveuamap.com/ar/2025/30-january-09-the-president-of-the-state-of-qatar-arrives,22733389,1 الشهر منذ,,
31.01.2025,وفد عسكري رفيع المستوى من وزارة الدفاع التركية يلتقي مسؤولين في الجيش السوري الجديد,https://syria.liveuamap.com/ar/2025/30-january-06-a-highlevel-military-delegation-from-the-turkish,22733321,1 الشهر منذ,,
31.01.2025,المحتجون على سد تشرين: حماية السد مسؤولية جميع المكونات السوريةعرض المزيد (  وكالة أنباء هاوار ANHA    لحظة بلحظة عبر الواتس اب,https://syria.liveuamap.com/ar/2025/30-january-05-protesters-at-tishreen-dam-protecting-the-dam,22733293,1 الشهر منذ,,
31.01.2025,صور من فعاليات مؤتمر إعلان انتصار الثورة السورية وتنصيب الشرع رئيساً للبلاد,https://syria.liveuamap.com/ar/2025/29-january-18-pictures-from-the-activities-of-the-conference,22733198,1 الشهر منذ,,
31.01.2025,"العقيد حسن عبد الغني : نعلن تولية السيد القائد ""أحمد الشرع"" رئاسة البلاد في المرحلة الانتقالية، ويقوم بمهام رئاسة الجمهورية العربية السورية، ويمثلها في المحافل الدولية  مؤتمر_النصر",https://syria.liveuamap.com/ar/2025/29-january-18-colonel-hassan-abdul-ghani-we-announce-the,22733196,1 الشهر منذ,,
31.01.2025,العقيد حسن عبد الغني: نعلن حل حزب البعث العربي الاشتراكي، وأحزاب الجبهة الوطنية التقدمية، وما يتبع لها من منظمات ومؤسسات ولجان، ويحظر إعادة تشكيلها تحت أي اسم آخر، على أن تعود جميع أصولها إلى الدولة السورية   مؤتمر_النصر,https://syria.liveuamap.com/ar/2025/29-january-18-colonel-hassan-abdul-ghani-we-announce-the,22733195,1 الشهر منذ,,
31.01.2025,تنصيب أحمد الشرع رئيساً للجمهورية العربية السورية  للمرحلة الانتقالية وحل الأجهزة الأمنية وحزب البعث والجيش و مجلس الشعب,https://syria.liveuamap.com/ar/2025/29-january-18-inauguration-of-ahmed-alsharaa-as-president,22733194,1 الشهر منذ,,
31.01.2025,الناطق باسم إدارة العمليات العسكرية العقيد حسن عبد الغني: نعلن انتصار الثورة السورية العظيمة، واعتبار الثامن من كانون الأول من كل عام يوماً وطنياً.  مؤتمر_النصر,https://syria.liveuamap.com/ar/2025/29-january-18-spokesman-for-the-military-operations-department,22733197,1 الشهر منذ,,
31.01.2025,العقيد حسن عبد الغني: نعلن حل جميع الأجهزة الأمنية التابعة للنظام البائد، بفروعها وتسمياتها المختلفة، وجميع الميليشيات التي أنشأها، وتشكيل مؤسسة أمنية جديدة تحفظ أمن المواطنين   مؤتمر_النصر,https://syria.liveuamap.com/ar/2025/29-january-18-colonel-hassan-abdul-ghani-we-announce-the,22733193,1 الشهر منذ,,
01.02.2025,تفجير طائرة مسيرة انتحارية تابعة للجيش التركي عند سد تشرين دون ورود أنباء عن إصابات,https://syria.liveuamap.com/ar/2025/1-february-14-a-turkish-army-suicide-drone-detonated-at-tishreen,22733926,1 الشهر منذ,,
01.02.2025,جنوب سوريا: أفادت الأنباء أن رجلاً أطلق النار على جنود إسرائيليين في منطقة ترنجة (محافظة القنيطرة) الليلة الماضية، ثم داهم جيش  القرية واعتقل رجلين، وهذه هي الحادثة الأولى من نوعها في المنطقة,https://syria.liveuamap.com/ar/2025/1-february-10-south-syria-last-night-a-man-reportedly-opened,22733858,1 الشهر منذ,,
01.02.2025,الرئيس المصري يهنئ أحمد الشرع بتوليه منصب رئاسة سوريا خلال المرحلة الانتقالية,https://syria.liveuamap.com/ar/2025/1-february-01-egyptian-president-congratulates-ahmed-alsharaa,22733769,1 الشهر منذ,,
01.02.2025,"إذاعة الجيش الإسرائيلي: ""إرهابيون مسلحون"" أطلقوا النار على قوات الجيش الإسرائيلي في المنطقة العازلة في سوريا",https://syria.liveuamap.com/ar/2025/31-january-21-israel-army-radio-armed-militants-opened-fire,22733768,1 الشهر منذ,,
01.02.2025,"المرصد السوري: غارات جوية تركية استهدفت بلدة صرين ومحطيها ومحيط سد تشرين وقرقوزاق ومدرسة بقرية خروص في ريف عين العرب ""كوباني""",https://syria.liveuamap.com/ar/2025/31-january-21-turkish-airstrikes-targeted-the-town-of-sarrin,22733748,1 الشهر منذ,,
01.02.2025,الطيران الحربي التركي يستهدف بغارات جوية عنيفة مواقع مليشيا قسد في محيط سد_تشرين شرقي حلب.,https://syria.liveuamap.com/ar/2025/31-january-20-turkish-warplanes-target-sdf-positions-in-the,22733729,1 الشهر منذ,,
01.02.2025,مصدر في الخارجية التركية لرويترز: وزير الخارجية التركي ونظيره الروسي يبحثان هاتفيا الوضع في سوريا,https://syria.liveuamap.com/ar/2025/31-january-15-the-turkish-foreign-minister-and-his-russian,22733670,1 الشهر منذ,,
01.02.2025,القبض على عاطف نجيب ، ابن خالة رئيس النظام البائد بشار الأسد، ورئيس فرع الأمن السياسي السابق في درعا.n نجيب متهم بارتكاب جرائم في بداية الثورة السورية، من بينها اقتلاع أظـ.افـ.ر الأطـ.فال الذين طالبوا بالحرية في درعا من بينهم حمزة_الخطيب,https://syria.liveuamap.com/ar/2025/31-january-14-arrest-of-atef-najib-cousin-of-the-former-regime,22733668,1 الشهر منذ,,
01.02.2025,الاتحاد الأوروبي للعربية: نعمل على تعزيز الحضور الأوروبي في سوريا,https://syria.liveuamap.com/ar/2025/31-january-11-eu-we-are-working-to-strengthen-the-european,22733631,1 الشهر منذ,,
01.02.2025,استهدفت غارة إسرائيلية، حوالي الساعة الثالثة فجر اليوم الجمعة، الطريق الرئيسي الواصل بين سوريا ولبنان، والذي يربط بلدة الطفيل اللبنانية ببلدة عسال الورد السورية في القلمون الغربي.,https://israelpalestine.liveuamap.com/ar/2025/31-january-10-an-israeli-airstrike-targeted-the-main-road,22733624,1 الشهر منذ,,
01.02.2025,"أعلنت القيادة المركزية الأمريكية (CENTCOM) في بيانٍ رسمي عن تنفيذ غارة جوية دقيقة يوم 30 كانون الثاني في شمال غرب سوريا، استهدفت القيادي في جماعة حراس الدين المرتبطة بتنظيم القاعدة، محمد صلاح الزبير  ووفقًا للبيان، أكدت القوات الأمريكية نجاح العملية في تحييد ""الزبير"" الذي وصفته…",https://syria.liveuamap.com/ar/2025/31-january-09-the-us-central-command-centcom-announced-in,22733613,1 الشهر منذ,,
01.02.2025,الجيش الأميركي يقول إنه قتل قياديا بارزا في جماعة حراس الدين التابعة لتنظيم القاعدة في غارة جوية بشمال غرب سوريا,https://syria.liveuamap.com/ar/2025/31-january-08-the-us-military-says-it-has-killed-a-senior,22733591,1 الشهر منذ,,
01.02.2025,وحدات مدفعية تابعة للقوات المسلحة التركية تقصف أهدافاً لقوات سوريا الديمقراطية في منطقة أبو راسين شرقي رأس العين,https://syria.liveuamap.com/ar/2025/31-january-07-turkish-armed-forces-artillery-units-hit-sdf,22733563,1 الشهر منذ,,
01.02.2025,شنت طائرة تابعة للتحالف الدولي غارة جوية على هدف قرب بلدة باتبو جنوب سرمدا,https://syria.liveuamap.com/ar/2025/30-january-20-an-international-coalition-aircraft-launched,22733500,1 الشهر منذ,,
01.02.2025,الشرع: سنركز في الفترة المقبلة على بناء مؤسسات قوية للدولة لا فساد فيها ولا رشاوى وتحقيق السلم الأهلي وملاحقة ين ممن ولغوا في الدم السوري,https://syria.liveuamap.com/ar/2025/30-january-20-alsharaa-we-will-focus-in-the-coming-period,22733487,1 الشهر منذ,,
01.02.2025,أحمد الشرع في أول خطاب قصير له منذ توليه منصبه أمس: يقول إنه ليس حاكماً بل خادماً؛ سيشكل حكومة شاملة من مختلف مكونات سورية؛ سيعلن عن لجنة تحضيرية لمؤتمر الحوار الوطني,https://syria.liveuamap.com/ar/2025/30-january-19-ahmed-sharaa-in-short-first-speech-since-taking,22733486,1 الشهر منذ,,
01.02.2025,الشرع:  سوريا تحررت من نظام مجرم    سوريا تحررت بفضل تضحيات جميع السوريين بالداخل والخارج    نفتح فصلا جديدا في تاريخ سوريا  قناة_العربية,https://syria.liveuamap.com/ar/2025/30-january-19-alsharaa-in-a-speech-syria-was-liberated-from,22733485,1 الشهر منذ,,
01.02.2025,اشتباكات بين الجيش الوطني وقوات سوريا الديمقراطية على خط دير حافر شرقي منبج,https://syria.liveuamap.com/ar/2025/30-january-19-clashes-are-taking-place-between-sna-and-sdf,22733488,1 الشهر منذ,,
01.02.2025,"جلسة استماع للجنة الاستخبارات بمجلس الشيوخ الأمريكي لتأكيد تعيين تولسي جابارد في منصب مدير الاستخبارات الوطنية الأمريكية. قالت تولسي جابارد: ""أنا أكره تنظيم القاعدة. أكره أن يكون لدينا قادة يتقربون من المتطرفين الإسلاميين، ويقللون من شأنهم إلى ما يسمى بالمتمردين"". تقول إن سوريا  تحت سيطرة فرع من تنظيم القاعدة وزعيم ""رقص في الشوارع"" في الحادي عشر من سبتمبر.",https://syria.liveuamap.com/ar/2025/30-january-16-senate-intelligence-committee-confirmation,22733443,1 الشهر منذ,,
01.02.2025,الخارجية القطرية: رئيس الوزراء وزير الخارجية بحث مع وزير الخارجية الإيراني في الدوحة الأوضاع في غزة وسوريا,https://syria.liveuamap.com/ar/2025/30-january-14-qatari-foreign-ministry-prime-minister-and,22733436,1 الشهر منذ,,
01.02.2025,قصفت القوات المسلحة التركية بنيران المدفعية أهدافاً لقوات سوريا الديمقراطية في قرية أم براميل على محور عين عيسى.,https://syria.liveuamap.com/ar/2025/30-january-14-the-turkish-armed-forces-hit-sdf-targets-in,22733431,1 الشهر منذ,,
01.02.2025,سمو الأمير المفدى يصل إلى العاصمة دمشق في زيارة رسمية إلى الجمهورية العربية السورية الشقيقة، وفي مقدمة مستقبليه أخوه فخامة السيد أحمد الشرع رئيس الجمهورية العربية السورية. قطر سوريا,https://syria.liveuamap.com/ar/2025/30-january-09-qatari-emir-arrives-in-the-capital-damascus,22733391,1 الشهر منذ,,
01.02.2025,رئيس دولة قطر يصل إلى العاصمة السورية دمشق,https://syria.liveuamap.com/ar/2025/30-january-09-the-president-of-the-state-of-qatar-arrives,22733389,1 الشهر منذ,,
01.02.2025,وفد عسكري رفيع المستوى من وزارة الدفاع التركية يلتقي مسؤولين في الجيش السوري الجديد,https://syria.liveuamap.com/ar/2025/30-january-06-a-highlevel-military-delegation-from-the-turkish,22733321,1 الشهر منذ,,
01.02.2025,المحتجون على سد تشرين: حماية السد مسؤولية جميع المكونات السوريةعرض المزيد (  وكالة أنباء هاوار ANHA    لحظة بلحظة عبر الواتس اب,https://syria.liveuamap.com/ar/2025/30-january-05-protesters-at-tishreen-dam-protecting-the-dam,22733293,1 الشهر منذ,,
01.02.2025,صور من فعاليات مؤتمر إعلان انتصار الثورة السورية وتنصيب الشرع رئيساً للبلاد,https://syria.liveuamap.com/ar/2025/29-january-18-pictures-from-the-activities-of-the-conference,22733198,1 الشهر منذ,,
01.02.2025,"العقيد حسن عبد الغني : نعلن تولية السيد القائد ""أحمد الشرع"" رئاسة البلاد في المرحلة الانتقالية، ويقوم بمهام رئاسة الجمهورية العربية السورية، ويمثلها في المحافل الدولية  مؤتمر_النصر",https://syria.liveuamap.com/ar/2025/29-january-18-colonel-hassan-abdul-ghani-we-announce-the,22733196,1 الشهر منذ,,
01.02.2025,العقيد حسن عبد الغني: نعلن حل حزب البعث العربي الاشتراكي، وأحزاب الجبهة الوطنية التقدمية، وما يتبع لها من منظمات ومؤسسات ولجان، ويحظر إعادة تشكيلها تحت أي اسم آخر، على أن تعود جميع أصولها إلى الدولة السورية   مؤتمر_النصر,https://syria.liveuamap.com/ar/2025/29-january-18-colonel-hassan-abdul-ghani-we-announce-the,22733195,1 الشهر منذ,,
01.02.2025,تنصيب أحمد الشرع رئيساً للجمهورية العربية السورية  للمرحلة الانتقالية وحل الأجهزة الأمنية وحزب البعث والجيش و مجلس الشعب,https://syria.liveuamap.com/ar/2025/29-january-18-inauguration-of-ahmed-alsharaa-as-president,22733194,1 الشهر منذ,,
01.02.2025,الناطق باسم إدارة العمليات العسكرية العقيد حسن عبد الغني: نعلن انتصار الثورة السورية العظيمة، واعتبار الثامن من كانون الأول من كل عام يوماً وطنياً.  مؤتمر_النصر,https://syria.liveuamap.com/ar/2025/29-january-18-spokesman-for-the-military-operations-department,22733197,1 الشهر منذ,,
02.02.2025,قالت الرئاسة التركية يوم الاثنين إن الرئيس الانتقالي السوري المعين حديثا أحمد الشرع سيزور أنقرة يوم الثلاثاء بدعوة من الرئيس التركي رجب طيب أردوغان.,https://syria.liveuamap.com/ar/2025/3-february-09-syrias-newly-appointed-transitional-president,22734284,1 الشهر منذ,,
02.02.2025,قوات سوريا الديمقراطية تلقي القبض على 13 مشتبهاً بالإرهاب خلال مداهمات في بلدة الكبر غرب دير الزور,https://isis.liveuamap.com/ar/2025/3-february-07-sdf-special-forces-captured-13-terror-suspects,22734343,1 الشهر منذ,,
02.02.2025,ارتفاع عدد قتلى انفجار منبج في ريف حلب الشرقي إلى 13,https://syria.liveuamap.com/ar/2025/3-february-07-death-toll-from-manbij-explosion-in-eastern,22734195,1 الشهر منذ,,
02.02.2025,القوات الإسرائيلية تنسحب من مبنيي المحافظة والمحكمة في مدينة البعث بمحافظة القنيطرة جنوبي سوريا,https://syria.liveuamap.com/ar/2025/2-february-20-israeli-forces-withdraw-from-the-governorate,22734168,1 الشهر منذ,,
02.02.2025,ريف_حلب طيران مجهول الهوية يستهدف بـ 3 غارات جوية قبل قليل مقرات لميليشيات الأنجاس QSD فوق جبل الضيجة قرب بلدة صرين شرق حلب,https://syria.liveuamap.com/ar/2025/2-february-19-aleppo-countryside-unidentified-aircraft-targeted,22734167,1 الشهر منذ,,
02.02.2025,مصادر سورية: القوات الإسرائيلية تنسحب من النقاط العسكرية التي سيطرت عليها عقب سقوط نظام الأسد في محيط قرية القحطانية بريف القنيطرة,https://syria.liveuamap.com/ar/2025/2-february-18-syrian-sources-israeli-forces-withdraw-from,22734115,1 الشهر منذ,,
02.02.2025,مصادر سورية: انسحاب جزئي للقوات الإسرائيلية من سد المنطرة بريف القنيطرة الشمالي,https://syria.liveuamap.com/ar/2025/2-february-18-syrian-sources-partial-withdrawal-of-israeli,22734116,1 الشهر منذ,,
02.02.2025,الطيران المُسّير التركي يستهدف بغارة جوية مواقع ميليشيا «قسد» PKK/SDF في محيط سد تشرين.  Tishreen_Dam Tişrin Tishrin,https://syria.liveuamap.com/ar/2025/2-february-12-turkish-drones-target-sdf-militia-positions,22734092,1 الشهر منذ,,
02.02.2025,تفجير طائرة مسيرة انتحارية تابعة للجيش التركي عند سد تشرين دون ورود أنباء عن إصابات,https://syria.liveuamap.com/ar/2025/1-february-14-a-turkish-army-suicide-drone-detonated-at-tishreen,22733926,1 الشهر منذ,,
02.02.2025,جنوب سوريا: أفادت الأنباء أن رجلاً أطلق النار على جنود إسرائيليين في منطقة ترنجة (محافظة القنيطرة) الليلة الماضية، ثم داهم جيش  القرية واعتقل رجلين، وهذه هي الحادثة الأولى من نوعها في المنطقة,https://syria.liveuamap.com/ar/2025/1-february-10-south-syria-last-night-a-man-reportedly-opened,22733858,1 الشهر منذ,,
02.02.2025,الرئيس المصري يهنئ أحمد الشرع بتوليه منصب رئاسة سوريا خلال المرحلة الانتقالية,https://syria.liveuamap.com/ar/2025/1-february-01-egyptian-president-congratulates-ahmed-alsharaa,22733769,1 الشهر منذ,,
02.02.2025,"إذاعة الجيش الإسرائيلي: ""إرهابيون مسلحون"" أطلقوا النار على قوات الجيش الإسرائيلي في المنطقة العازلة في سوريا",https://syria.liveuamap.com/ar/2025/31-january-21-israel-army-radio-armed-militants-opened-fire,22733768,1 الشهر منذ,,
02.02.2025,"المرصد السوري: غارات جوية تركية استهدفت بلدة صرين ومحطيها ومحيط سد تشرين وقرقوزاق ومدرسة بقرية خروص في ريف عين العرب ""كوباني""",https://syria.liveuamap.com/ar/2025/31-january-21-turkish-airstrikes-targeted-the-town-of-sarrin,22733748,1 الشهر منذ,,
02.02.2025,الطيران الحربي التركي يستهدف بغارات جوية عنيفة مواقع مليشيا قسد في محيط سد_تشرين شرقي حلب.,https://syria.liveuamap.com/ar/2025/31-january-20-turkish-warplanes-target-sdf-positions-in-the,22733729,1 الشهر منذ,,
02.02.2025,مصدر في الخارجية التركية لرويترز: وزير الخارجية التركي ونظيره الروسي يبحثان هاتفيا الوضع في سوريا,https://syria.liveuamap.com/ar/2025/31-january-15-the-turkish-foreign-minister-and-his-russian,22733670,1 الشهر منذ,,
02.02.2025,القبض على عاطف نجيب ، ابن خالة رئيس النظام البائد بشار الأسد، ورئيس فرع الأمن السياسي السابق في درعا.n نجيب متهم بارتكاب جرائم في بداية الثورة السورية، من بينها اقتلاع أظـ.افـ.ر الأطـ.فال الذين طالبوا بالحرية في درعا من بينهم حمزة_الخطيب,https://syria.liveuamap.com/ar/2025/31-january-14-arrest-of-atef-najib-cousin-of-the-former-regime,22733668,1 الشهر منذ,,
02.02.2025,الاتحاد الأوروبي للعربية: نعمل على تعزيز الحضور الأوروبي في سوريا,https://syria.liveuamap.com/ar/2025/31-january-11-eu-we-are-working-to-strengthen-the-european,22733631,1 الشهر منذ,,
02.02.2025,استهدفت غارة إسرائيلية، حوالي الساعة الثالثة فجر اليوم الجمعة، الطريق الرئيسي الواصل بين سوريا ولبنان، والذي يربط بلدة الطفيل اللبنانية ببلدة عسال الورد السورية في القلمون الغربي.,https://israelpalestine.liveuamap.com/ar/2025/31-january-10-an-israeli-airstrike-targeted-the-main-road,22733624,1 الشهر منذ,,
02.02.2025,"أعلنت القيادة المركزية الأمريكية (CENTCOM) في بيانٍ رسمي عن تنفيذ غارة جوية دقيقة يوم 30 كانون الثاني في شمال غرب سوريا، استهدفت القيادي في جماعة حراس الدين المرتبطة بتنظيم القاعدة، محمد صلاح الزبير  ووفقًا للبيان، أكدت القوات الأمريكية نجاح العملية في تحييد ""الزبير"" الذي وصفته…",https://syria.liveuamap.com/ar/2025/31-january-09-the-us-central-command-centcom-announced-in,22733613,1 الشهر منذ,,
02.02.2025,الجيش الأميركي يقول إنه قتل قياديا بارزا في جماعة حراس الدين التابعة لتنظيم القاعدة في غارة جوية بشمال غرب سوريا,https://syria.liveuamap.com/ar/2025/31-january-08-the-us-military-says-it-has-killed-a-senior,22733591,1 الشهر منذ,,
02.02.2025,وحدات مدفعية تابعة للقوات المسلحة التركية تقصف أهدافاً لقوات سوريا الديمقراطية في منطقة أبو راسين شرقي رأس العين,https://syria.liveuamap.com/ar/2025/31-january-07-turkish-armed-forces-artillery-units-hit-sdf,22733563,1 الشهر منذ,,
02.02.2025,شنت طائرة تابعة للتحالف الدولي غارة جوية على هدف قرب بلدة باتبو جنوب سرمدا,https://syria.liveuamap.com/ar/2025/30-january-20-an-international-coalition-aircraft-launched,22733500,1 الشهر منذ,,
02.02.2025,الشرع: سنركز في الفترة المقبلة على بناء مؤسسات قوية للدولة لا فساد فيها ولا رشاوى وتحقيق السلم الأهلي وملاحقة ين ممن ولغوا في الدم السوري,https://syria.liveuamap.com/ar/2025/30-january-20-alsharaa-we-will-focus-in-the-coming-period,22733487,1 الشهر منذ,,
02.02.2025,أحمد الشرع في أول خطاب قصير له منذ توليه منصبه أمس: يقول إنه ليس حاكماً بل خادماً؛ سيشكل حكومة شاملة من مختلف مكونات سورية؛ سيعلن عن لجنة تحضيرية لمؤتمر الحوار الوطني,https://syria.liveuamap.com/ar/2025/30-january-19-ahmed-sharaa-in-short-first-speech-since-taking,22733486,1 الشهر منذ,,
02.02.2025,الشرع:  سوريا تحررت من نظام مجرم    سوريا تحررت بفضل تضحيات جميع السوريين بالداخل والخارج    نفتح فصلا جديدا في تاريخ سوريا  قناة_العربية,https://syria.liveuamap.com/ar/2025/30-january-19-alsharaa-in-a-speech-syria-was-liberated-from,22733485,1 الشهر منذ,,
02.02.2025,اشتباكات بين الجيش الوطني وقوات سوريا الديمقراطية على خط دير حافر شرقي منبج,https://syria.liveuamap.com/ar/2025/30-january-19-clashes-are-taking-place-between-sna-and-sdf,22733488,1 الشهر منذ,,
02.02.2025,"جلسة استماع للجنة الاستخبارات بمجلس الشيوخ الأمريكي لتأكيد تعيين تولسي جابارد في منصب مدير الاستخبارات الوطنية الأمريكية. قالت تولسي جابارد: ""أنا أكره تنظيم القاعدة. أكره أن يكون لدينا قادة يتقربون من المتطرفين الإسلاميين، ويقللون من شأنهم إلى ما يسمى بالمتمردين"". تقول إن سوريا  تحت سيطرة فرع من تنظيم القاعدة وزعيم ""رقص في الشوارع"" في الحادي عشر من سبتمبر.",https://syria.liveuamap.com/ar/2025/30-january-16-senate-intelligence-committee-confirmation,22733443,1 الشهر منذ,,
02.02.2025,الخارجية القطرية: رئيس الوزراء وزير الخارجية بحث مع وزير الخارجية الإيراني في الدوحة الأوضاع في غزة وسوريا,https://syria.liveuamap.com/ar/2025/30-january-14-qatari-foreign-ministry-prime-minister-and,22733436,1 الشهر منذ,,
02.02.2025,قصفت القوات المسلحة التركية بنيران المدفعية أهدافاً لقوات سوريا الديمقراطية في قرية أم براميل على محور عين عيسى.,https://syria.liveuamap.com/ar/2025/30-january-14-the-turkish-armed-forces-hit-sdf-targets-in,22733431,1 الشهر منذ,,
02.02.2025,سمو الأمير المفدى يصل إلى العاصمة دمشق في زيارة رسمية إلى الجمهورية العربية السورية الشقيقة، وفي مقدمة مستقبليه أخوه فخامة السيد أحمد الشرع رئيس الجمهورية العربية السورية. قطر سوريا,https://syria.liveuamap.com/ar/2025/30-january-09-qatari-emir-arrives-in-the-capital-damascus,22733391,1 الشهر منذ,,
03.02.2025,مدير منظمة الصحة العالمية: قلقون من العنف المستمر في مدينة منبج السورية,https://syria.liveuamap.com/ar/2025/4-february-22-who-director-we-are-concerned-about-the-ongoing,22734771,1 الشهر منذ,,
03.02.2025,أردوغان: تم افتتاح قنصليتنا بشكل رسمي في حلب.,https://syria.liveuamap.com/ar/2025/4-february-18-erdogan-our-consulate-has-been-officially-opened,22734645,1 الشهر منذ,,
03.02.2025,الرئيس السوري: بدأنا العمل مع تركيا في ملفات كبرى على رأسها بناء استراتيجية مشتركة لمواجهة التهديدات الأمنية,https://syria.liveuamap.com/ar/2025/4-february-18-ahmed-al-sharaa-we-have-started-working-with,22734644,1 الشهر منذ,,
03.02.2025,أصحاب المحلات التجارية في مدينة منبج بريف حلب ينفذون إضرابًا عامًا احتجاجا على التفجيرات الأخيرة التي ضربت المدينة وراح ضحيتها قتلى من المدنيينفيديو,https://syria.liveuamap.com/ar/2025/4-february-18-shop-owners-in-the-city-of-manbij-in-the-countryside,22734643,1 الشهر منذ,,
03.02.2025,أردوغان: العقوبات الغربية على سوريا تمثل عقبة أمام نهوض البلاد وسنعمل على دعم الجهود لرفعها,https://syria.liveuamap.com/ar/2025/4-february-19-erdogan-western-sanctions-on-syria-are-an-obstacle,22734640,1 الشهر منذ,,
03.02.2025,الشرع: ناقشنا مع الرئيس التركي ضرورة انسحاب إسرائيل من المنطقة العازلة,https://syria.liveuamap.com/ar/2025/4-february-17-alsharaa-we-discussed-with-the-turkish-president,22734641,1 الشهر منذ,,
03.02.2025,الشرع: بدأنا العمل على تعزيز العلاقات بين سوريا وتركيا في مختلف المجالات,https://syria.liveuamap.com/ar/2025/4-february-17-alsharaa-we-have-started-working-to-strengthen,22734642,1 الشهر منذ,,
03.02.2025,الشرع: الشعب السوري لن ينسى الوقفة التاريخية لدولة تركيا مع شعبنا,https://syria.liveuamap.com/ar/2025/4-february-17-alsharaa-the-syrian-people-will-not-forget,22734648,1 الشهر منذ,,
03.02.2025,الرئيس السوري: العلاقة بين سوريا وتركيا ممتدة عبر التاريخ والجغرافيا,https://syria.liveuamap.com/ar/2025/4-february-17-ahmed-al-sharaa-the-relationship-between-syria,22734646,1 الشهر منذ,,
03.02.2025,أردوغان: من الضروري أن تقدم البلدان العربية والإسلامية الدعم للإدارة الجديدة في سوريا,https://syria.liveuamap.com/ar/2025/4-february-17-erdogan-it-is-necessary-for-arab-and-islamic,22734652,1 الشهر منذ,,
03.02.2025,أردوغان: سنساهم في الجهود الرامية لرفع العقوبات المفروضة على سوريا,https://syria.liveuamap.com/ar/2025/4-february-17-erdogan-we-will-contribute-to-efforts-to-lift,22734649,1 الشهر منذ,,
03.02.2025,أردوغان: أكدت للرئيس السوري استعدادنا لتقديم الدعم اللازم في مواجهة التنظيمات بكل أشكالها,https://syria.liveuamap.com/ar/2025/4-february-17-erdogan-i-assured-the-syrian-president-of-our,22734639,1 الشهر منذ,,
03.02.2025,أردوغان: نؤكد على احترام سيادة سوريا ووحدة أراضيها,https://syria.liveuamap.com/ar/2025/4-february-17-erdogan-we-stress-respect-for-syrias-sovereignty,22734638,1 الشهر منذ,,
03.02.2025,الرئيس التركي: سنعمل بكل مؤسساتنا لرفع العلاقة مع سوريا للمستوى الاستراتيجي,https://syria.liveuamap.com/ar/2025/4-february-17-turkish-president-we-will-work-with-all-our,22734637,1 الشهر منذ,,
03.02.2025,أردوغان: هذه الزيارة للرئيس السوري لبلدنا تاريخية,https://syria.liveuamap.com/ar/2025/4-february-17-erdogan-this-visit-of-the-syrian-president,22734636,1 الشهر منذ,,
03.02.2025,أردوغان: فصل جديد بدأ ليس في سوريا فحسب بل في المنطقة كلها,https://syria.liveuamap.com/ar/2025/4-february-17-erdogan-a-new-chapter-has-begun-not-only-in,22734633,1 الشهر منذ,,
03.02.2025,أردوغان: الشعب السوري عانى على مدى أكثر من 13 عاما من الظلم والقتل بكل أشكاله,https://syria.liveuamap.com/ar/2025/4-february-17-erdogan-the-syrian-people-have-suffered-for,22734632,1 الشهر منذ,,
03.02.2025,الرئيس السوري أحمد الشرع يلتقي نظيره التركي رجب طيب أردوغان في أنقرة، لبحث المستجدات السياسية والتعاون الثنائي بين البلدين.n,https://syria.liveuamap.com/ar/2025/4-february-14-syrian-president-ahmed-alsharaa-meets-his-turkish,22734623,1 الشهر منذ,,
03.02.2025,الرقة: طائرات تركية تستهدف مواقع ميليشيا قسد داخل اللواء 93 في عين عيسى بغارة جوية,https://syria.liveuamap.com/ar/2025/4-february-14-raqqa-turkish-aircraft-target-sdf-positions,22734625,1 الشهر منذ,,
03.02.2025,مسؤول إدارة الأمن العام في محافظة دمشق: إدارة الأمن العام تطوق منطقة السومرية وتحرر أربعة مختطفين وتعتقل الخلية الخاطفة (وكالة سانا),https://syria.liveuamap.com/ar/2025/4-february-13-damascus-public-security-directorate-official,22734601,1 الشهر منذ,,
03.02.2025,طائرات حربية تركية (F16) تجدد غاراتها على مواقع مليشيا قسد في مدينة سد تشرين السكنية,https://syria.liveuamap.com/ar/2025/4-february-13-turkish-warplanes-f16-renew-airstrikes-on-sdf,22734602,1 الشهر منذ,,
03.02.2025,من المتوقع أن يناقش الرئيس السوري الانتقالي أحمد الشرع والرئيس التركي رجب طيب أردوغان اتفاقية دفاع مشترك في أنقرة يوم الثلاثاء، بما في ذلك إنشاء قواعد جوية تركية في وسط سوريا وتدريب الجيش السوري الجديد، حسبما قالت أربعة مصادر مطلعة على الأمر.,https://syria.liveuamap.com/ar/2025/4-february-10-syrias-transitional-president-ahmed-alsharaa,22734574,1 الشهر منذ,,
03.02.2025,"الرئيس السوري: يوجد حوار بيننا وبين ""قسد"" لحل بعض الخلافات، وسيتم تشكيل لجنة تحضيرية لاختيار ممثلين عن الشعب السوري في مؤتمر الحوار الوطني.(التلفزيون العربي)",https://syria.liveuamap.com/ar/2025/4-february-08-syrian-president-there-is-a-dialogue-between,22734560,1 الشهر منذ,,
03.02.2025,وتقصف القوات التركية والفصائل الموالية لها أهدافاً لقوات سوريا الديمقراطية الواقعة على خط سد تشرين بنيران المدفعية.,https://syria.liveuamap.com/ar/2025/3-february-20-the-turkish-armed-forces-and-factions-are-hitting,22734436,1 الشهر منذ,,
03.02.2025,يكشف الشرع السوري أن دمشق طلبت من تركيا وقف الهجوم الشامل ضد قوات سوريا الديمقراطية لإفساح المجال للمفاوضات، لكنه يضيف أنه ليس متفائلاً كثيراً بشأن التوصل إلى اتفاق مع قوات سوريا الديمقراطية — الإيكونوميست,https://syria.liveuamap.com/ar/2025/3-february-19-syrias-al-sharaa-reveals-that-damascus-asked,22734380,1 الشهر منذ,,
03.02.2025,الرئيس السوري أحمد الشرع لتلفزيون سوريا: الفترة الزمنية للوصول إلى انتخابات رئاسية تحتاج ما بين 4 و5 سنوات,https://syria.liveuamap.com/ar/2025/3-february-17-syrian-president-ahmad-alsharaa-to-syria-tv,22734365,1 الشهر منذ,,
03.02.2025,الشرع: نرفض أي مساع لتقسيم سوريا أو انفصال أي جزء منها وسنشكل جيشا وطنيا لكل السوريين,https://syria.liveuamap.com/ar/2025/3-february-17-alsharaa-we-reject-any-efforts-to-divide-syria,22734363,1 الشهر منذ,,
03.02.2025,الرئيس السوري: قسد أبدت استعدادها لحصر السلاح بيد الدولة,https://syria.liveuamap.com/ar/2025/3-february-17-syrian-president-sdf-expressed-its-readiness,22734362,1 الشهر منذ,,
03.02.2025,"طائرات حربية تركية (F16) تستهدف بغارة جوية مواقع الميليشيات في الجبال المحيطة بقرية ""زور مغار"" المقابلة لمدينة جرابلس.",https://syria.liveuamap.com/ar/2025/3-february-16-turkish-warplanes-f16-target--militia-positions,22734359,1 الشهر منذ,,
03.02.2025,"سلاح الجو التركي يشن عشرات الغارات بالصواريخ الفراغية اتجاه مواقع ميليشيا قسد المتمركزة بقرية ""سبته"" ومحيط بلدة ""صرين"" جنوبي عين العرب شرق حلب شمال سوريا",https://syria.liveuamap.com/ar/2025/3-february-14-the-turkish-air-force-launches-dozens-of-raids,22734352,1 الشهر منذ,,
03.02.2025,طائرات حربية تركية من طراز (F16) تستهدف مواقع ميليشيا قسد في مطار صرين العسكري ومحيطه جنوب عين العرب/كوباني بعدة غارات جوية,https://syria.liveuamap.com/ar/2025/3-february-14-turkish-warplanes-f16-target-sdf-militia-positions,22734349,1 الشهر منذ,,
03.02.2025,إعلام سوري: انقطاع خدمات الإنترنت عن مناطق عديدة في البلاد,https://syria.liveuamap.com/ar/2025/3-february-13-syrian-media-internet-services-cut-off-in-many,22734344,1 الشهر منذ,,
03.02.2025,تمكنت قوات التحالف الدولي بقيادة الولايات المتحدة، الأحد، من القبض على قيادي في تنظيم الدولة الإسلامية (داعش) خلال غارة جوية ليلية في ريف دير الزور شرقي سوريا.,https://syria.liveuamap.com/ar/2025/3-february-12-the-usled-global-coalition-forces-captured,22734333,1 الشهر منذ,,
03.02.2025,"نفت قوات سوريا الديمقراطية التي يقودها الأكراد تورطها في هجوم السيارة المفخخة الذي وقع يوم الاثنين بالقرب من منبج شمال سوريا والذي أسفر عن مقتل 15 شخصا، قائلة إن مثل هذه الأعمال يقوم بها الجيش الوطني السوري ""لإرهاب"" السكان من الاحتجاج على الظروف المعيشية السيئة - بيان",https://syria.liveuamap.com/ar/2025/3-february-12-the-kurdishled-sdf-denies-involvement-in-mondays,22734327,1 الشهر منذ,,
03.02.2025,قال مسؤولون في الإدارة الذاتية لشمال وشرق سوريا إن طائرات حربية تركية استهدفت محطة المياه الرئيسية في مدينة كوباني شمال سوريا، ما أدى إلى خروجها عن الخدمة.,https://syria.liveuamap.com/ar/2025/3-february-11-aanes-officials-say-turkish-warplanes-targeted,22734297,1 الشهر منذ,,
03.02.2025,قُتل 22 شخصاً على الأقل، معظمهم من العاملات الزراعيات، في هجوم بسيارة مفخخة في منطقة منبج بمحافظة حلب في سوريا.,https://syria.liveuamap.com/ar/2025/3-february-11-at-least-22-people-mostly-women-agricultural,22734301,1 الشهر منذ,,
03.02.2025,قالت الرئاسة التركية يوم الاثنين إن الرئيس الانتقالي السوري المعين حديثا أحمد الشرع سيزور أنقرة يوم الثلاثاء بدعوة من الرئيس التركي رجب طيب أردوغان.,https://syria.liveuamap.com/ar/2025/3-february-09-syrias-newly-appointed-transitional-president,22734284,1 الشهر منذ,,
03.02.2025,قوات سوريا الديمقراطية تلقي القبض على 13 مشتبهاً بالإرهاب خلال مداهمات في بلدة الكبر غرب دير الزور,https://isis.liveuamap.com/ar/2025/3-february-07-sdf-special-forces-captured-13-terror-suspects,22734343,1 الشهر منذ,,
03.02.2025,ارتفاع عدد قتلى انفجار منبج في ريف حلب الشرقي إلى 13,https://syria.liveuamap.com/ar/2025/3-february-07-death-toll-from-manbij-explosion-in-eastern,22734195,1 الشهر منذ,,
04.02.2025,البنتاغون يعد خططا لسحب جميع القوات الأميركية من سوريا بعد تصريحات ترامب الأخيرة: إن بي سي,https://syria.liveuamap.com/ar/2025/5-february-10-the-pentagon-is-drafting-plans-to-withdraw,22734883,1 الشهر منذ,,
04.02.2025,طائرات  التركي تقصف قرية زور مغارة في كوباني عرض المزيد (  وكالة أنباء هاوار ANHA    لحظة بلحظة عبر الواتس اب,https://syria.liveuamap.com/ar/2025/5-february-09-turkish-aircraft-bomb-the-village-of-zor-maghara,22734884,1 الشهر منذ,,
04.02.2025,مدير منظمة الصحة العالمية: قلقون من العنف المستمر في مدينة منبج السورية,https://syria.liveuamap.com/ar/2025/4-february-22-who-director-we-are-concerned-about-the-ongoing,22734771,1 الشهر منذ,,
04.02.2025,أردوغان: تم افتتاح قنصليتنا بشكل رسمي في حلب.,https://syria.liveuamap.com/ar/2025/4-february-18-erdogan-our-consulate-has-been-officially-opened,22734645,1 الشهر منذ,,
04.02.2025,الرئيس السوري: بدأنا العمل مع تركيا في ملفات كبرى على رأسها بناء استراتيجية مشتركة لمواجهة التهديدات الأمنية,https://syria.liveuamap.com/ar/2025/4-february-18-ahmed-al-sharaa-we-have-started-working-with,22734644,1 الشهر منذ,,
04.02.2025,أصحاب المحلات التجارية في مدينة منبج بريف حلب ينفذون إضرابًا عامًا احتجاجا على التفجيرات الأخيرة التي ضربت المدينة وراح ضحيتها قتلى من المدنيينفيديو,https://syria.liveuamap.com/ar/2025/4-february-18-shop-owners-in-the-city-of-manbij-in-the-countryside,22734643,1 الشهر منذ,,
04.02.2025,أردوغان: العقوبات الغربية على سوريا تمثل عقبة أمام نهوض البلاد وسنعمل على دعم الجهود لرفعها,https://syria.liveuamap.com/ar/2025/4-february-19-erdogan-western-sanctions-on-syria-are-an-obstacle,22734640,1 الشهر منذ,,
04.02.2025,الشرع: ناقشنا مع الرئيس التركي ضرورة انسحاب إسرائيل من المنطقة العازلة,https://syria.liveuamap.com/ar/2025/4-february-17-alsharaa-we-discussed-with-the-turkish-president,22734641,1 الشهر منذ,,
04.02.2025,الشرع: بدأنا العمل على تعزيز العلاقات بين سوريا وتركيا في مختلف المجالات,https://syria.liveuamap.com/ar/2025/4-february-17-alsharaa-we-have-started-working-to-strengthen,22734642,1 الشهر منذ,,
04.02.2025,الشرع: الشعب السوري لن ينسى الوقفة التاريخية لدولة تركيا مع شعبنا,https://syria.liveuamap.com/ar/2025/4-february-17-alsharaa-the-syrian-people-will-not-forget,22734648,1 الشهر منذ,,
04.02.2025,الرئيس السوري: العلاقة بين سوريا وتركيا ممتدة عبر التاريخ والجغرافيا,https://syria.liveuamap.com/ar/2025/4-february-17-ahmed-al-sharaa-the-relationship-between-syria,22734646,1 الشهر منذ,,
04.02.2025,أردوغان: من الضروري أن تقدم البلدان العربية والإسلامية الدعم للإدارة الجديدة في سوريا,https://syria.liveuamap.com/ar/2025/4-february-17-erdogan-it-is-necessary-for-arab-and-islamic,22734652,1 الشهر منذ,,
04.02.2025,أردوغان: سنساهم في الجهود الرامية لرفع العقوبات المفروضة على سوريا,https://syria.liveuamap.com/ar/2025/4-february-17-erdogan-we-will-contribute-to-efforts-to-lift,22734649,1 الشهر منذ,,
04.02.2025,أردوغان: أكدت للرئيس السوري استعدادنا لتقديم الدعم اللازم في مواجهة التنظيمات بكل أشكالها,https://syria.liveuamap.com/ar/2025/4-february-17-erdogan-i-assured-the-syrian-president-of-our,22734639,1 الشهر منذ,,
04.02.2025,أردوغان: نؤكد على احترام سيادة سوريا ووحدة أراضيها,https://syria.liveuamap.com/ar/2025/4-february-17-erdogan-we-stress-respect-for-syrias-sovereignty,22734638,1 الشهر منذ,,
04.02.2025,الرئيس التركي: سنعمل بكل مؤسساتنا لرفع العلاقة مع سوريا للمستوى الاستراتيجي,https://syria.liveuamap.com/ar/2025/4-february-17-turkish-president-we-will-work-with-all-our,22734637,1 الشهر منذ,,
04.02.2025,أردوغان: هذه الزيارة للرئيس السوري لبلدنا تاريخية,https://syria.liveuamap.com/ar/2025/4-february-17-erdogan-this-visit-of-the-syrian-president,22734636,1 الشهر منذ,,
04.02.2025,أردوغان: فصل جديد بدأ ليس في سوريا فحسب بل في المنطقة كلها,https://syria.liveuamap.com/ar/2025/4-february-17-erdogan-a-new-chapter-has-begun-not-only-in,22734633,1 الشهر منذ,,
04.02.2025,أردوغان: الشعب السوري عانى على مدى أكثر من 13 عاما من الظلم والقتل بكل أشكاله,https://syria.liveuamap.com/ar/2025/4-february-17-erdogan-the-syrian-people-have-suffered-for,22734632,1 الشهر منذ,,
04.02.2025,الرئيس السوري أحمد الشرع يلتقي نظيره التركي رجب طيب أردوغان في أنقرة، لبحث المستجدات السياسية والتعاون الثنائي بين البلدين.n,https://syria.liveuamap.com/ar/2025/4-february-14-syrian-president-ahmed-alsharaa-meets-his-turkish,22734623,1 الشهر منذ,,
04.02.2025,الرقة: طائرات تركية تستهدف مواقع ميليشيا قسد داخل اللواء 93 في عين عيسى بغارة جوية,https://syria.liveuamap.com/ar/2025/4-february-14-raqqa-turkish-aircraft-target-sdf-positions,22734625,1 الشهر منذ,,
04.02.2025,مسؤول إدارة الأمن العام في محافظة دمشق: إدارة الأمن العام تطوق منطقة السومرية وتحرر أربعة مختطفين وتعتقل الخلية الخاطفة (وكالة سانا),https://syria.liveuamap.com/ar/2025/4-february-13-damascus-public-security-directorate-official,22734601,1 الشهر منذ,,
04.02.2025,طائرات حربية تركية (F16) تجدد غاراتها على مواقع مليشيا قسد في مدينة سد تشرين السكنية,https://syria.liveuamap.com/ar/2025/4-february-13-turkish-warplanes-f16-renew-airstrikes-on-sdf,22734602,1 الشهر منذ,,
04.02.2025,من المتوقع أن يناقش الرئيس السوري الانتقالي أحمد الشرع والرئيس التركي رجب طيب أردوغان اتفاقية دفاع مشترك في أنقرة يوم الثلاثاء، بما في ذلك إنشاء قواعد جوية تركية في وسط سوريا وتدريب الجيش السوري الجديد، حسبما قالت أربعة مصادر مطلعة على الأمر.,https://syria.liveuamap.com/ar/2025/4-february-10-syrias-transitional-president-ahmed-alsharaa,22734574,1 الشهر منذ,,
04.02.2025,"الرئيس السوري: يوجد حوار بيننا وبين ""قسد"" لحل بعض الخلافات، وسيتم تشكيل لجنة تحضيرية لاختيار ممثلين عن الشعب السوري في مؤتمر الحوار الوطني.(التلفزيون العربي)",https://syria.liveuamap.com/ar/2025/4-february-08-syrian-president-there-is-a-dialogue-between,22734560,1 الشهر منذ,,
04.02.2025,وتقصف القوات التركية والفصائل الموالية لها أهدافاً لقوات سوريا الديمقراطية الواقعة على خط سد تشرين بنيران المدفعية.,https://syria.liveuamap.com/ar/2025/3-february-20-the-turkish-armed-forces-and-factions-are-hitting,22734436,1 الشهر منذ,,
04.02.2025,يكشف الشرع السوري أن دمشق طلبت من تركيا وقف الهجوم الشامل ضد قوات سوريا الديمقراطية لإفساح المجال للمفاوضات، لكنه يضيف أنه ليس متفائلاً كثيراً بشأن التوصل إلى اتفاق مع قوات سوريا الديمقراطية — الإيكونوميست,https://syria.liveuamap.com/ar/2025/3-february-19-syrias-al-sharaa-reveals-that-damascus-asked,22734380,1 الشهر منذ,,
04.02.2025,الرئيس السوري أحمد الشرع لتلفزيون سوريا: الفترة الزمنية للوصول إلى انتخابات رئاسية تحتاج ما بين 4 و5 سنوات,https://syria.liveuamap.com/ar/2025/3-february-17-syrian-president-ahmad-alsharaa-to-syria-tv,22734365,1 الشهر منذ,,
04.02.2025,الشرع: نرفض أي مساع لتقسيم سوريا أو انفصال أي جزء منها وسنشكل جيشا وطنيا لكل السوريين,https://syria.liveuamap.com/ar/2025/3-february-17-alsharaa-we-reject-any-efforts-to-divide-syria,22734363,1 الشهر منذ,,
04.02.2025,الرئيس السوري: قسد أبدت استعدادها لحصر السلاح بيد الدولة,https://syria.liveuamap.com/ar/2025/3-february-17-syrian-president-sdf-expressed-its-readiness,22734362,1 الشهر منذ,,
05.02.2025,إدارة العمليات العسكرية تبسط سيطرتها التامة على قرية حاويك الحدودية بريف القصير الغربي وتواصل عمليات تمشيط الحدود لطرد فلول حزب الله الإرهابي من المنطقة,https://syria.liveuamap.com/ar/2025/6-february-10-the-military-operations-department-extends,22735135,1 الشهر منذ,,
05.02.2025,قوات سوريا الديمقراطية تشن عمليات أمنية واسعة في ريف الحسكة الجنوبي تستهدف مسلحي داعش بمشاركة قوات التحالف الدولي بقيادة الولايات المتحدة,https://syria.liveuamap.com/ar/2025/6-february-10-sdf-forces-launched-large-scale-security-operations,22735106,1 الشهر منذ,,
05.02.2025,قوات من قيادة الأمن العام تدخل عفرين,https://syria.liveuamap.com/ar/2025/6-february-10-general-security-command-forces-are-entering,22735107,1 الشهر منذ,,
05.02.2025,"رئيس فرنسا ""ماكرون"" اتصل بالرئيس السوري ""احمد الشرع"" وهنئه بمناسبة تولية رئيساً للجمهورية العربية السورية",https://syria.liveuamap.com/ar/2025/5-february-19-french-president-macron-called-syrian-president,22734938,1 الشهر منذ,,
05.02.2025,قالت هيئة المعابر والحدود السورية إنها وقعت عقدا جديدا مع مجموعة CMA CGM الفرنسية لتشغيل مرفأ اللاذقية، مضيفة أن الشركة ستسدد كافة المستحقات السابقة للطرفين.,https://syria.liveuamap.com/ar/2025/5-february-15-syria-has-signed-a-new-contract-with-french,22734929,1 الشهر منذ,,
05.02.2025,البنتاغون يعد خططا لسحب جميع القوات الأميركية من سوريا بعد تصريحات ترامب الأخيرة: إن بي سي,https://syria.liveuamap.com/ar/2025/5-february-10-the-pentagon-is-drafting-plans-to-withdraw,22734883,1 الشهر منذ,,
05.02.2025,طائرات  التركي تقصف قرية زور مغارة في كوباني عرض المزيد (  وكالة أنباء هاوار ANHA    لحظة بلحظة عبر الواتس اب,https://syria.liveuamap.com/ar/2025/5-february-09-turkish-aircraft-bomb-the-village-of-zor-maghara,22734884,1 الشهر منذ,,
05.02.2025,مدير منظمة الصحة العالمية: قلقون من العنف المستمر في مدينة منبج السورية,https://syria.liveuamap.com/ar/2025/4-february-22-who-director-we-are-concerned-about-the-ongoing,22734771,1 الشهر منذ,,
05.02.2025,أردوغان: تم افتتاح قنصليتنا بشكل رسمي في حلب.,https://syria.liveuamap.com/ar/2025/4-february-18-erdogan-our-consulate-has-been-officially-opened,22734645,1 الشهر منذ,,
05.02.2025,الرئيس السوري: بدأنا العمل مع تركيا في ملفات كبرى على رأسها بناء استراتيجية مشتركة لمواجهة التهديدات الأمنية,https://syria.liveuamap.com/ar/2025/4-february-18-ahmed-al-sharaa-we-have-started-working-with,22734644,1 الشهر منذ,,
05.02.2025,أصحاب المحلات التجارية في مدينة منبج بريف حلب ينفذون إضرابًا عامًا احتجاجا على التفجيرات الأخيرة التي ضربت المدينة وراح ضحيتها قتلى من المدنيينفيديو,https://syria.liveuamap.com/ar/2025/4-february-18-shop-owners-in-the-city-of-manbij-in-the-countryside,22734643,1 الشهر منذ,,
05.02.2025,أردوغان: العقوبات الغربية على سوريا تمثل عقبة أمام نهوض البلاد وسنعمل على دعم الجهود لرفعها,https://syria.liveuamap.com/ar/2025/4-february-19-erdogan-western-sanctions-on-syria-are-an-obstacle,22734640,1 الشهر منذ,,
05.02.2025,الشرع: ناقشنا مع الرئيس التركي ضرورة انسحاب إسرائيل من المنطقة العازلة,https://syria.liveuamap.com/ar/2025/4-february-17-alsharaa-we-discussed-with-the-turkish-president,22734641,1 الشهر منذ,,
05.02.2025,الشرع: بدأنا العمل على تعزيز العلاقات بين سوريا وتركيا في مختلف المجالات,https://syria.liveuamap.com/ar/2025/4-february-17-alsharaa-we-have-started-working-to-strengthen,22734642,1 الشهر منذ,,
05.02.2025,الشرع: الشعب السوري لن ينسى الوقفة التاريخية لدولة تركيا مع شعبنا,https://syria.liveuamap.com/ar/2025/4-february-17-alsharaa-the-syrian-people-will-not-forget,22734648,1 الشهر منذ,,
05.02.2025,الرئيس السوري: العلاقة بين سوريا وتركيا ممتدة عبر التاريخ والجغرافيا,https://syria.liveuamap.com/ar/2025/4-february-17-ahmed-al-sharaa-the-relationship-between-syria,22734646,1 الشهر منذ,,
05.02.2025,أردوغان: من الضروري أن تقدم البلدان العربية والإسلامية الدعم للإدارة الجديدة في سوريا,https://syria.liveuamap.com/ar/2025/4-february-17-erdogan-it-is-necessary-for-arab-and-islamic,22734652,1 الشهر منذ,,
05.02.2025,أردوغان: سنساهم في الجهود الرامية لرفع العقوبات المفروضة على سوريا,https://syria.liveuamap.com/ar/2025/4-february-17-erdogan-we-will-contribute-to-efforts-to-lift,22734649,1 الشهر منذ,,
05.02.2025,أردوغان: أكدت للرئيس السوري استعدادنا لتقديم الدعم اللازم في مواجهة التنظيمات بكل أشكالها,https://syria.liveuamap.com/ar/2025/4-february-17-erdogan-i-assured-the-syrian-president-of-our,22734639,1 الشهر منذ,,
05.02.2025,أردوغان: نؤكد على احترام سيادة سوريا ووحدة أراضيها,https://syria.liveuamap.com/ar/2025/4-february-17-erdogan-we-stress-respect-for-syrias-sovereignty,22734638,1 الشهر منذ,,
05.02.2025,الرئيس التركي: سنعمل بكل مؤسساتنا لرفع العلاقة مع سوريا للمستوى الاستراتيجي,https://syria.liveuamap.com/ar/2025/4-february-17-turkish-president-we-will-work-with-all-our,22734637,1 الشهر منذ,,
05.02.2025,أردوغان: هذه الزيارة للرئيس السوري لبلدنا تاريخية,https://syria.liveuamap.com/ar/2025/4-february-17-erdogan-this-visit-of-the-syrian-president,22734636,1 الشهر منذ,,
05.02.2025,أردوغان: فصل جديد بدأ ليس في سوريا فحسب بل في المنطقة كلها,https://syria.liveuamap.com/ar/2025/4-february-17-erdogan-a-new-chapter-has-begun-not-only-in,22734633,1 الشهر منذ,,
05.02.2025,أردوغان: الشعب السوري عانى على مدى أكثر من 13 عاما من الظلم والقتل بكل أشكاله,https://syria.liveuamap.com/ar/2025/4-february-17-erdogan-the-syrian-people-have-suffered-for,22734632,1 الشهر منذ,,
05.02.2025,الرئيس السوري أحمد الشرع يلتقي نظيره التركي رجب طيب أردوغان في أنقرة، لبحث المستجدات السياسية والتعاون الثنائي بين البلدين.n,https://syria.liveuamap.com/ar/2025/4-february-14-syrian-president-ahmed-alsharaa-meets-his-turkish,22734623,1 الشهر منذ,,
05.02.2025,الرقة: طائرات تركية تستهدف مواقع ميليشيا قسد داخل اللواء 93 في عين عيسى بغارة جوية,https://syria.liveuamap.com/ar/2025/4-february-14-raqqa-turkish-aircraft-target-sdf-positions,22734625,1 الشهر منذ,,
05.02.2025,مسؤول إدارة الأمن العام في محافظة دمشق: إدارة الأمن العام تطوق منطقة السومرية وتحرر أربعة مختطفين وتعتقل الخلية الخاطفة (وكالة سانا),https://syria.liveuamap.com/ar/2025/4-february-13-damascus-public-security-directorate-official,22734601,1 الشهر منذ,,
05.02.2025,طائرات حربية تركية (F16) تجدد غاراتها على مواقع مليشيا قسد في مدينة سد تشرين السكنية,https://syria.liveuamap.com/ar/2025/4-february-13-turkish-warplanes-f16-renew-airstrikes-on-sdf,22734602,1 الشهر منذ,,
05.02.2025,من المتوقع أن يناقش الرئيس السوري الانتقالي أحمد الشرع والرئيس التركي رجب طيب أردوغان اتفاقية دفاع مشترك في أنقرة يوم الثلاثاء، بما في ذلك إنشاء قواعد جوية تركية في وسط سوريا وتدريب الجيش السوري الجديد، حسبما قالت أربعة مصادر مطلعة على الأمر.,https://syria.liveuamap.com/ar/2025/4-february-10-syrias-transitional-president-ahmed-alsharaa,22734574,1 الشهر منذ,,
05.02.2025,"الرئيس السوري: يوجد حوار بيننا وبين ""قسد"" لحل بعض الخلافات، وسيتم تشكيل لجنة تحضيرية لاختيار ممثلين عن الشعب السوري في مؤتمر الحوار الوطني.(التلفزيون العربي)",https://syria.liveuamap.com/ar/2025/4-february-08-syrian-president-there-is-a-dialogue-between,22734560,1 الشهر منذ,,
06.02.2025,الطيران التركي ينفذ غارات جوية في محيط سد تشرين وقسد تطلق عملية أوسع في ريف منبج,https://syria.liveuamap.com/ar/2025/7-february-10-turkish-airforce-is-carrying-out-airstrikes,22735366,1 الشهر منذ,,
06.02.2025,"مصادر الحدث: ""العمليات العسكرية"" تسيطر على التلال المحيطة بقرية أكّوم الاستراتيجية على الحدود مع لبنان",https://syria.liveuamap.com/ar/2025/7-february-10-military-operations-control-the-hills-surrounding,22735367,1 الشهر منذ,,
06.02.2025,متحدث باسم قسد: سكان شمال سوريا قادرون على إدارة أنفسهم,https://syria.liveuamap.com/ar/2025/6-february-20-sdf-spokesman-residents-of-northern-syria-are,22735231,1 الشهر منذ,,
06.02.2025,بطل الثورة السورية الذي ساهمت شجاعته ومثابرته في فضح عمليات التعذيب والقتل الوحشية التي يرتكبها نظام الأسد من خلال تسريب آلاف الصور من مواقع الإبادة. فريد المدحان المعروف أيضًا باسم قيصر يكشف عن نفسه,https://syria.liveuamap.com/ar/2025/6-february-19-the-hero-of-the-syrian-revolution-whose-courage,22735212,1 الشهر منذ,,
06.02.2025,مراسل نهر_ميديا: نفذت مجموعات من قسد عمليات تسلل متزامنة، أمس على مواقع الجيش الوطني في تلة السيرتيل بريف حلب، وسيطرت على أجزاء منها، وقصفت قرى السعيدين و البلاشة و الكدرو بقذائف الهاون,https://syria.liveuamap.com/ar/2025/6-february-16-sdf-groups-carried-out-simultaneous-infiltration,22735217,1 الشهر منذ,,
06.02.2025,الطيران التركي (بيرقدار) يستهدف ميليشيا «قسد» PKK/SDF في سد تشرين بغارة جوية.  Tishreen_Dam Tişrin Tishrin,https://syria.liveuamap.com/ar/2025/6-february-14-turkish-air-force-bayraktar-targets-area-of,22735166,1 الشهر منذ,,
06.02.2025,"قصف مدفعي ""للجيش السوري"" يستهدف مواقع ""ميليشيا حزب اللات"" في قضاء",https://syria.liveuamap.com/ar/2025/6-february-14-artillery-shelling-by-the-syrian-military-department,22735156,1 الشهر منذ,,
06.02.2025,الطيران التركي يستهدف بعدة غارات جوية نقاط تمركز ميليشيا «قسد» PKK/SDF في قرى كل من (زور مغار - الشيوخ - بيلونه) غربي مدينة عين العرب/كوباني، بالتزامن مع قصف مدفعي مكثف من قِبل الجيش السوري على تلك المناطق,https://syria.liveuamap.com/ar/2025/6-february-14-turkish-aircraft-targeted-sdf-positions-in,22735216,1 الشهر منذ,,
06.02.2025,الجيش التركي ينفذ غارات جوية على منطقة صرين جنوب كوباني,https://syria.liveuamap.com/ar/2025/6-february-12-turkish-military-is-carrying-out-airstrikes,22735141,1 الشهر منذ,,
06.02.2025,الاتحاد الأوروبي: وجهنا دعوة لوزير خارجية سوريا لزيارة بروكسل قريبا,https://syria.liveuamap.com/ar/2025/6-february-11-eu-we-have-invited-the-syrian-foreign-minister,22735124,1 الشهر منذ,,
06.02.2025,إدارة العمليات العسكرية تبسط سيطرتها التامة على قرية حاويك الحدودية بريف القصير الغربي وتواصل عمليات تمشيط الحدود لطرد فلول حزب الله الإرهابي من المنطقة,https://syria.liveuamap.com/ar/2025/6-february-10-the-military-operations-department-extends,22735135,1 الشهر منذ,,
06.02.2025,قوات سوريا الديمقراطية تشن عمليات أمنية واسعة في ريف الحسكة الجنوبي تستهدف مسلحي داعش بمشاركة قوات التحالف الدولي بقيادة الولايات المتحدة,https://syria.liveuamap.com/ar/2025/6-february-10-sdf-forces-launched-large-scale-security-operations,22735106,1 الشهر منذ,,
06.02.2025,قوات من قيادة الأمن العام تدخل عفرين,https://syria.liveuamap.com/ar/2025/6-february-10-general-security-command-forces-are-entering,22735107,1 الشهر منذ,,
06.02.2025,"رئيس فرنسا ""ماكرون"" اتصل بالرئيس السوري ""احمد الشرع"" وهنئه بمناسبة تولية رئيساً للجمهورية العربية السورية",https://syria.liveuamap.com/ar/2025/5-february-19-french-president-macron-called-syrian-president,22734938,1 الشهر منذ,,
06.02.2025,قالت هيئة المعابر والحدود السورية إنها وقعت عقدا جديدا مع مجموعة CMA CGM الفرنسية لتشغيل مرفأ اللاذقية، مضيفة أن الشركة ستسدد كافة المستحقات السابقة للطرفين.,https://syria.liveuamap.com/ar/2025/5-february-15-syria-has-signed-a-new-contract-with-french,22734929,1 الشهر منذ,,
06.02.2025,البنتاغون يعد خططا لسحب جميع القوات الأميركية من سوريا بعد تصريحات ترامب الأخيرة: إن بي سي,https://syria.liveuamap.com/ar/2025/5-february-10-the-pentagon-is-drafting-plans-to-withdraw,22734883,1 الشهر منذ,,
06.02.2025,طائرات  التركي تقصف قرية زور مغارة في كوباني عرض المزيد (  وكالة أنباء هاوار ANHA    لحظة بلحظة عبر الواتس اب,https://syria.liveuamap.com/ar/2025/5-february-09-turkish-aircraft-bomb-the-village-of-zor-maghara,22734884,1 الشهر منذ,,
06.02.2025,مدير منظمة الصحة العالمية: قلقون من العنف المستمر في مدينة منبج السورية,https://syria.liveuamap.com/ar/2025/4-february-22-who-director-we-are-concerned-about-the-ongoing,22734771,1 الشهر منذ,,
06.02.2025,أردوغان: تم افتتاح قنصليتنا بشكل رسمي في حلب.,https://syria.liveuamap.com/ar/2025/4-february-18-erdogan-our-consulate-has-been-officially-opened,22734645,1 الشهر منذ,,
06.02.2025,الرئيس السوري: بدأنا العمل مع تركيا في ملفات كبرى على رأسها بناء استراتيجية مشتركة لمواجهة التهديدات الأمنية,https://syria.liveuamap.com/ar/2025/4-february-18-ahmed-al-sharaa-we-have-started-working-with,22734644,1 الشهر منذ,,
06.02.2025,أصحاب المحلات التجارية في مدينة منبج بريف حلب ينفذون إضرابًا عامًا احتجاجا على التفجيرات الأخيرة التي ضربت المدينة وراح ضحيتها قتلى من المدنيينفيديو,https://syria.liveuamap.com/ar/2025/4-february-18-shop-owners-in-the-city-of-manbij-in-the-countryside,22734643,1 الشهر منذ,,
06.02.2025,أردوغان: العقوبات الغربية على سوريا تمثل عقبة أمام نهوض البلاد وسنعمل على دعم الجهود لرفعها,https://syria.liveuamap.com/ar/2025/4-february-19-erdogan-western-sanctions-on-syria-are-an-obstacle,22734640,1 الشهر منذ,,
06.02.2025,الشرع: ناقشنا مع الرئيس التركي ضرورة انسحاب إسرائيل من المنطقة العازلة,https://syria.liveuamap.com/ar/2025/4-february-17-alsharaa-we-discussed-with-the-turkish-president,22734641,1 الشهر منذ,,
06.02.2025,الشرع: بدأنا العمل على تعزيز العلاقات بين سوريا وتركيا في مختلف المجالات,https://syria.liveuamap.com/ar/2025/4-february-17-alsharaa-we-have-started-working-to-strengthen,22734642,1 الشهر منذ,,
06.02.2025,الشرع: الشعب السوري لن ينسى الوقفة التاريخية لدولة تركيا مع شعبنا,https://syria.liveuamap.com/ar/2025/4-february-17-alsharaa-the-syrian-people-will-not-forget,22734648,1 الشهر منذ,,
06.02.2025,الرئيس السوري: العلاقة بين سوريا وتركيا ممتدة عبر التاريخ والجغرافيا,https://syria.liveuamap.com/ar/2025/4-february-17-ahmed-al-sharaa-the-relationship-between-syria,22734646,1 الشهر منذ,,
06.02.2025,أردوغان: من الضروري أن تقدم البلدان العربية والإسلامية الدعم للإدارة الجديدة في سوريا,https://syria.liveuamap.com/ar/2025/4-february-17-erdogan-it-is-necessary-for-arab-and-islamic,22734652,1 الشهر منذ,,
06.02.2025,أردوغان: سنساهم في الجهود الرامية لرفع العقوبات المفروضة على سوريا,https://syria.liveuamap.com/ar/2025/4-february-17-erdogan-we-will-contribute-to-efforts-to-lift,22734649,1 الشهر منذ,,
06.02.2025,أردوغان: أكدت للرئيس السوري استعدادنا لتقديم الدعم اللازم في مواجهة التنظيمات بكل أشكالها,https://syria.liveuamap.com/ar/2025/4-february-17-erdogan-i-assured-the-syrian-president-of-our,22734639,1 الشهر منذ,,
06.02.2025,أردوغان: نؤكد على احترام سيادة سوريا ووحدة أراضيها,https://syria.liveuamap.com/ar/2025/4-february-17-erdogan-we-stress-respect-for-syrias-sovereignty,22734638,1 الشهر منذ,,
07.02.2025,"إدارة الأمن العام تحبط محاولة تهريب أسلحة لـ""قسد"" إلى داخل الأحياء التي تسيطر عليها في مدينة حلب",https://syria.liveuamap.com/ar/2025/8-february-09-the-public-security-department-thwarts-an-attempt,22735653,1 الشهر منذ,,
07.02.2025,الرئاسة السورية: الرئيس أحمد الشرع تلقى اتصالا هاتفيا من الرئيس اللبناني جوزيف عون الذي هنأه بتوليه الرئاسة,https://syria.liveuamap.com/ar/2025/7-february-21-syrian-presidency-president-ahmad-alshara-received,22735511,1 الشهر منذ,,
07.02.2025,مراسل  محمد هارون: إدارة العمليات العسكرية سيطرت على بلدات عدة وتلال أكوم الاستراتيجية المحاذية للحدود مع لبنان,https://syria.liveuamap.com/ar/2025/7-february-19-correspondent-muhammad-haroun-the-military,22735497,1 الشهر منذ,,
07.02.2025,"جبلةمظاهرات غاضبة في مدينة جبلة احتجاجا على قرار الأمن العام بإطلاق سراح شبيحة متهمين بتعذيب معتقلين في أجهزة الأمن التابعة للنظام السابق.بينما المسؤول الأمني في مدينة جبلة يصرح: ""تم الإفراج عنهم لعدم تقديم الأهالي أي شكاوى بحقهم""",https://syria.liveuamap.com/ar/2025/7-february-18-jableh-angry-demonstrations-in-the-city-of,22735506,1 الشهر منذ,,
07.02.2025,الرئيس السوري الشرع يتحدث مع المستشارة الألمانية,https://syria.liveuamap.com/ar/2025/7-february-15-syrias-president-alsharaa-spoke-with-the-german,22735440,1 الشهر منذ,,
07.02.2025,مظاهرات في دمشق تطالب بمحاكمة فادي صقر قائد سابق في قوات الدفاع الوطني، ومتظاهرون في حي التضامن يرفضون عودته ويطالبون بالمحاسبة,https://syria.liveuamap.com/ar/2025/7-february-15-protests-erupt-in-damascus-as-residents-demand,22735437,1 الشهر منذ,,
07.02.2025,تحليق مكثف للطيران الحربي التابع للتحالف الدولي في سماء مدينتي القورية و العشارة شرق ديرالزور.  ديرالزور,https://syria.liveuamap.com/ar/2025/7-february-15-intensive-flights-of-the-international-coalition,22735434,1 الشهر منذ,,
07.02.2025,الطيران التركي ينفذ غارات جوية في محيط سد تشرين وقسد تطلق عملية أوسع في ريف منبج,https://syria.liveuamap.com/ar/2025/7-february-10-turkish-airforce-is-carrying-out-airstrikes,22735366,1 الشهر منذ,,
07.02.2025,"مصادر الحدث: ""العمليات العسكرية"" تسيطر على التلال المحيطة بقرية أكّوم الاستراتيجية على الحدود مع لبنان",https://syria.liveuamap.com/ar/2025/7-february-10-military-operations-control-the-hills-surrounding,22735367,1 الشهر منذ,,
07.02.2025,متحدث باسم قسد: سكان شمال سوريا قادرون على إدارة أنفسهم,https://syria.liveuamap.com/ar/2025/6-february-20-sdf-spokesman-residents-of-northern-syria-are,22735231,1 الشهر منذ,,
07.02.2025,بطل الثورة السورية الذي ساهمت شجاعته ومثابرته في فضح عمليات التعذيب والقتل الوحشية التي يرتكبها نظام الأسد من خلال تسريب آلاف الصور من مواقع الإبادة. فريد المدحان المعروف أيضًا باسم قيصر يكشف عن نفسه,https://syria.liveuamap.com/ar/2025/6-february-19-the-hero-of-the-syrian-revolution-whose-courage,22735212,1 الشهر منذ,,
07.02.2025,مراسل نهر_ميديا: نفذت مجموعات من قسد عمليات تسلل متزامنة، أمس على مواقع الجيش الوطني في تلة السيرتيل بريف حلب، وسيطرت على أجزاء منها، وقصفت قرى السعيدين و البلاشة و الكدرو بقذائف الهاون,https://syria.liveuamap.com/ar/2025/6-february-16-sdf-groups-carried-out-simultaneous-infiltration,22735217,1 الشهر منذ,,
07.02.2025,الطيران التركي (بيرقدار) يستهدف ميليشيا «قسد» PKK/SDF في سد تشرين بغارة جوية.  Tishreen_Dam Tişrin Tishrin,https://syria.liveuamap.com/ar/2025/6-february-14-turkish-air-force-bayraktar-targets-area-of,22735166,1 الشهر منذ,,
07.02.2025,"قصف مدفعي ""للجيش السوري"" يستهدف مواقع ""ميليشيا حزب اللات"" في قضاء",https://syria.liveuamap.com/ar/2025/6-february-14-artillery-shelling-by-the-syrian-military-department,22735156,1 الشهر منذ,,
07.02.2025,الطيران التركي يستهدف بعدة غارات جوية نقاط تمركز ميليشيا «قسد» PKK/SDF في قرى كل من (زور مغار - الشيوخ - بيلونه) غربي مدينة عين العرب/كوباني، بالتزامن مع قصف مدفعي مكثف من قِبل الجيش السوري على تلك المناطق,https://syria.liveuamap.com/ar/2025/6-february-14-turkish-aircraft-targeted-sdf-positions-in,22735216,1 الشهر منذ,,
07.02.2025,الجيش التركي ينفذ غارات جوية على منطقة صرين جنوب كوباني,https://syria.liveuamap.com/ar/2025/6-february-12-turkish-military-is-carrying-out-airstrikes,22735141,1 الشهر منذ,,
07.02.2025,الاتحاد الأوروبي: وجهنا دعوة لوزير خارجية سوريا لزيارة بروكسل قريبا,https://syria.liveuamap.com/ar/2025/6-february-11-eu-we-have-invited-the-syrian-foreign-minister,22735124,1 الشهر منذ,,
07.02.2025,إدارة العمليات العسكرية تبسط سيطرتها التامة على قرية حاويك الحدودية بريف القصير الغربي وتواصل عمليات تمشيط الحدود لطرد فلول حزب الله الإرهابي من المنطقة,https://syria.liveuamap.com/ar/2025/6-february-10-the-military-operations-department-extends,22735135,1 الشهر منذ,,
07.02.2025,قوات سوريا الديمقراطية تشن عمليات أمنية واسعة في ريف الحسكة الجنوبي تستهدف مسلحي داعش بمشاركة قوات التحالف الدولي بقيادة الولايات المتحدة,https://syria.liveuamap.com/ar/2025/6-february-10-sdf-forces-launched-large-scale-security-operations,22735106,1 الشهر منذ,,
07.02.2025,قوات من قيادة الأمن العام تدخل عفرين,https://syria.liveuamap.com/ar/2025/6-february-10-general-security-command-forces-are-entering,22735107,1 الشهر منذ,,
07.02.2025,"رئيس فرنسا ""ماكرون"" اتصل بالرئيس السوري ""احمد الشرع"" وهنئه بمناسبة تولية رئيساً للجمهورية العربية السورية",https://syria.liveuamap.com/ar/2025/5-february-19-french-president-macron-called-syrian-president,22734938,1 الشهر منذ,,
07.02.2025,قالت هيئة المعابر والحدود السورية إنها وقعت عقدا جديدا مع مجموعة CMA CGM الفرنسية لتشغيل مرفأ اللاذقية، مضيفة أن الشركة ستسدد كافة المستحقات السابقة للطرفين.,https://syria.liveuamap.com/ar/2025/5-february-15-syria-has-signed-a-new-contract-with-french,22734929,1 الشهر منذ,,
07.02.2025,البنتاغون يعد خططا لسحب جميع القوات الأميركية من سوريا بعد تصريحات ترامب الأخيرة: إن بي سي,https://syria.liveuamap.com/ar/2025/5-february-10-the-pentagon-is-drafting-plans-to-withdraw,22734883,1 الشهر منذ,,
07.02.2025,طائرات  التركي تقصف قرية زور مغارة في كوباني عرض المزيد (  وكالة أنباء هاوار ANHA    لحظة بلحظة عبر الواتس اب,https://syria.liveuamap.com/ar/2025/5-february-09-turkish-aircraft-bomb-the-village-of-zor-maghara,22734884,1 الشهر منذ,,
07.02.2025,مدير منظمة الصحة العالمية: قلقون من العنف المستمر في مدينة منبج السورية,https://syria.liveuamap.com/ar/2025/4-february-22-who-director-we-are-concerned-about-the-ongoing,22734771,1 الشهر منذ,,
07.02.2025,أردوغان: تم افتتاح قنصليتنا بشكل رسمي في حلب.,https://syria.liveuamap.com/ar/2025/4-february-18-erdogan-our-consulate-has-been-officially-opened,22734645,1 الشهر منذ,,
07.02.2025,الرئيس السوري: بدأنا العمل مع تركيا في ملفات كبرى على رأسها بناء استراتيجية مشتركة لمواجهة التهديدات الأمنية,https://syria.liveuamap.com/ar/2025/4-february-18-ahmed-al-sharaa-we-have-started-working-with,22734644,1 الشهر منذ,,
07.02.2025,أصحاب المحلات التجارية في مدينة منبج بريف حلب ينفذون إضرابًا عامًا احتجاجا على التفجيرات الأخيرة التي ضربت المدينة وراح ضحيتها قتلى من المدنيينفيديو,https://syria.liveuamap.com/ar/2025/4-february-18-shop-owners-in-the-city-of-manbij-in-the-countryside,22734643,1 الشهر منذ,,
07.02.2025,أردوغان: العقوبات الغربية على سوريا تمثل عقبة أمام نهوض البلاد وسنعمل على دعم الجهود لرفعها,https://syria.liveuamap.com/ar/2025/4-february-19-erdogan-western-sanctions-on-syria-are-an-obstacle,22734640,1 الشهر منذ,,
07.02.2025,الشرع: ناقشنا مع الرئيس التركي ضرورة انسحاب إسرائيل من المنطقة العازلة,https://syria.liveuamap.com/ar/2025/4-february-17-alsharaa-we-discussed-with-the-turkish-president,22734641,1 الشهر منذ,,
08.02.2025,"Raqqa الرقة: استشهاد المدني ""محمد أحمد المراد"" نتيجة القصف الجوي التركي قبل قليل على قرية (الخاتونية) شمال شرق بلدة الجرنية بريف الرقة الغربي.Raqqa الرقة: الطيران التركي يستهدف قرية الخاتونية شمال مفرق (الكــلي) بغارة جوية وإصابات في صفوف المدنيين عرف من المصابين (محمد المراد)",https://syria.liveuamap.com/ar/2025/8-february-20-raqqa-the-civilian-mohammed-ahmed-almurad-was,22735757,1 الشهر منذ,,
08.02.2025,nالجـ ـيش السوري يستهدف بقـ ـذائف المدفـ ـعية الثقيلة مواقع قسد في صوامع قرية أم_الكيف وقرية الكوزلية في ريف تل_تمر شمال الحسكة,https://syria.liveuamap.com/ar/2025/8-february-19-turkishbacked-factions-target-with-heavy-artillery,22735745,1 الشهر منذ,,
08.02.2025,وصل وزير الشؤون الخارجية الجزائرية أحمد_عطاف إلى العاصمة السورية دمشق في زيارة رسمية,https://syria.liveuamap.com/ar/2025/8-february-18-algerian-foreign-minister-ahmed-attaf-arrived,22735758,1 الشهر منذ,,
08.02.2025,"ردًا على سؤال حول الانسحاب من سوريا، قال وزير الدفاع إن مثل هذه القرارات يتخذها الرئيس، مع وضع جميع مصالحنا الاستراتيجية في الاعتبار. ""ما نقوم به هنا في البنتاغون هو التخطيط. لذلك نحن نخطط لكل طارئ محتمل مهما كان"".",https://syria.liveuamap.com/ar/2025/8-february-17-responding-to-a-question-about-withdrawal-from,22735775,1 الشهر منذ,,
08.02.2025,غارة لطيران  الإسرائيلي تستهدف اللواء 15 على أطرف مدينة إنخل بريف درعا الشمالي مع استمرار تحليق الطيران المسير في المنطقة,https://syria.liveuamap.com/ar/2025/8-february-16-an-israeli-air-raid-targets-the-15th-brigade,22735774,1 الشهر منذ,,
08.02.2025,سوريا: تم العثور على سيارة مفخخة في مدينة الباب (شمال شرق حلب)، كانت مركونة في سوق الهال، وكان من الممكن أن تؤدي إلى وقوع عدد كبير من الضحايا، وتم تفجيرها بأمان من قبل فريق هندسي.,https://syria.liveuamap.com/ar/2025/8-february-15-syria-a-car-bomb-was-discovered-in-town-of,22735691,1 الشهر منذ,,
08.02.2025,تحديث  وسائل إعلام لبنانية: 6 شهداء وجريحان في غارة من مسيّرة إسرائيلية على تخوم بلدة جنتا على سفوح سلسلة جبال لبنان الشرقية,https://israelpalestine.liveuamap.com/ar/2025/8-february-15-6-dead-and-2-wounded-in-an-israeli-drone-strike,22735694,1 الشهر منذ,,
08.02.2025,بناءً على توجيهات رئيس الجمهورية العماد جوزاف عون، أصدرت قيادة الجيش الأوامر للوحدات العسكرية المنتشرة على الحدود الشمالية والشرقية بالرد على مصادر النيران التي تُطلَق من الأراضي السورية وتستهدف الأراضي اللبنانية. وقد باشرت هذه الوحدات بالرد بالأسلحة المناسبة، وذلك على خلفية الاشتباكات الأخيرة التي تعرضت خلالها عدة مناطق لبنانية للقصف وإطلاق النار,https://syria.liveuamap.com/ar/2025/8-february-15-lebanese-army-based-on-the-directives-of-president,22735742,1 الشهر منذ,,
08.02.2025,"قال الجيش الإسرائيلي إن طائرات مقاتلة إسرائيلية قصفت مستودع أسلحة لحماس بالقرب من بلدة دير علي السورية جنوب دمشق قبل قليل. ووفقا للجيش فإن الأسلحة المخزنة في الموقع كانت ستستخدم في هجمات على القوات. ويقول الجيش الإسرائيلي إن ""المنظمات الفلسطينية وعلى رأسها حماس تستغل سوريا لإقامة نشاط إرهابي بتوجيه من إيران""، مضيفا أنه سيعمل ضد حماس في أي مكان تحاول فيه ترسيخ وجودها.",https://syria.liveuamap.com/ar/2025/8-february-13-israeli-fighter-jets-struck-a-hamas-weapon,22735689,1 الشهر منذ,,
08.02.2025,الجيش الإسرائيلي: استهدفنا مستودع أسلحة تابع لحركة حماس في منطقة دير علي جنوبي سوريا,https://syria.liveuamap.com/ar/2025/8-february-13-israeli-army-we-targeted-a-hamas-weapons-depot,22735678,1 الشهر منذ,,
08.02.2025,مصادر سورية: غارة لطيران العدو الإسرائيلي على تل المانع في منطقة الكسوة بريف دمشق,https://syria.liveuamap.com/ar/2025/8-february-13-israeli-aircraft-raid-on-tal-almanea-in-the,22735668,1 الشهر منذ,,
08.02.2025,"مراسل ""النهار"": سقوط 3 ضحايا وجريح اثر غارة من مسيرة إسرائيلية استهدفت معبرا غير شرعي في منطقة الشعرة في جرود بلدة النبي شيت قضاء بعلبك",https://israelpalestine.liveuamap.com/ar/2025/8-february-13-three-victims-and-one-wounded-as-a-result-of,22735672,1 الشهر منذ,,
08.02.2025,سوريا: بعد توقف دام خمسة أسابيع، نفذت إسرائيل غارات جوية استهدفت قاعدة سابقة للجيش العربي السوري بالقرب من الكسوة (جنوب دمشق).,https://syria.liveuamap.com/ar/2025/8-february-13-syria-after-a-pause-of-5-weeks-israel-just,22735679,1 الشهر منذ,,
08.02.2025,سوريا-لبنان: إسقاط طائرة مسيرة من نوع شاهين، على ما يبدو نموذج انتحاري، من قبل مقاتلين تابعين لحزب الله (القوات تهريب),https://syria.liveuamap.com/ar/2025/8-february-11-syrialebanon-a-shaheen-drone-apparently-a-suicide,22735669,1 الشهر منذ,,
08.02.2025,"إدارة الأمن العام تحبط محاولة تهريب أسلحة لـ""قسد"" إلى داخل الأحياء التي تسيطر عليها في مدينة حلب",https://syria.liveuamap.com/ar/2025/8-february-09-the-public-security-department-thwarts-an-attempt,22735653,1 الشهر منذ,,
08.02.2025,الرئاسة السورية: الرئيس أحمد الشرع تلقى اتصالا هاتفيا من الرئيس اللبناني جوزيف عون الذي هنأه بتوليه الرئاسة,https://syria.liveuamap.com/ar/2025/7-february-21-syrian-presidency-president-ahmad-alshara-received,22735511,1 الشهر منذ,,
08.02.2025,مراسل  محمد هارون: إدارة العمليات العسكرية سيطرت على بلدات عدة وتلال أكوم الاستراتيجية المحاذية للحدود مع لبنان,https://syria.liveuamap.com/ar/2025/7-february-19-correspondent-muhammad-haroun-the-military,22735497,1 الشهر منذ,,
08.02.2025,"جبلةمظاهرات غاضبة في مدينة جبلة احتجاجا على قرار الأمن العام بإطلاق سراح شبيحة متهمين بتعذيب معتقلين في أجهزة الأمن التابعة للنظام السابق.بينما المسؤول الأمني في مدينة جبلة يصرح: ""تم الإفراج عنهم لعدم تقديم الأهالي أي شكاوى بحقهم""",https://syria.liveuamap.com/ar/2025/7-february-18-jableh-angry-demonstrations-in-the-city-of,22735506,1 الشهر منذ,,
08.02.2025,الرئيس السوري الشرع يتحدث مع المستشارة الألمانية,https://syria.liveuamap.com/ar/2025/7-february-15-syrias-president-alsharaa-spoke-with-the-german,22735440,1 الشهر منذ,,
08.02.2025,مظاهرات في دمشق تطالب بمحاكمة فادي صقر قائد سابق في قوات الدفاع الوطني، ومتظاهرون في حي التضامن يرفضون عودته ويطالبون بالمحاسبة,https://syria.liveuamap.com/ar/2025/7-february-15-protests-erupt-in-damascus-as-residents-demand,22735437,1 الشهر منذ,,
08.02.2025,تحليق مكثف للطيران الحربي التابع للتحالف الدولي في سماء مدينتي القورية و العشارة شرق ديرالزور.  ديرالزور,https://syria.liveuamap.com/ar/2025/7-february-15-intensive-flights-of-the-international-coalition,22735434,1 الشهر منذ,,
08.02.2025,الطيران التركي ينفذ غارات جوية في محيط سد تشرين وقسد تطلق عملية أوسع في ريف منبج,https://syria.liveuamap.com/ar/2025/7-february-10-turkish-airforce-is-carrying-out-airstrikes,22735366,1 الشهر منذ,,
08.02.2025,"مصادر الحدث: ""العمليات العسكرية"" تسيطر على التلال المحيطة بقرية أكّوم الاستراتيجية على الحدود مع لبنان",https://syria.liveuamap.com/ar/2025/7-february-10-military-operations-control-the-hills-surrounding,22735367,1 الشهر منذ,,
08.02.2025,متحدث باسم قسد: سكان شمال سوريا قادرون على إدارة أنفسهم,https://syria.liveuamap.com/ar/2025/6-february-20-sdf-spokesman-residents-of-northern-syria-are,22735231,1 الشهر منذ,,
08.02.2025,بطل الثورة السورية الذي ساهمت شجاعته ومثابرته في فضح عمليات التعذيب والقتل الوحشية التي يرتكبها نظام الأسد من خلال تسريب آلاف الصور من مواقع الإبادة. فريد المدحان المعروف أيضًا باسم قيصر يكشف عن نفسه,https://syria.liveuamap.com/ar/2025/6-february-19-the-hero-of-the-syrian-revolution-whose-courage,22735212,1 الشهر منذ,,
08.02.2025,مراسل نهر_ميديا: نفذت مجموعات من قسد عمليات تسلل متزامنة، أمس على مواقع الجيش الوطني في تلة السيرتيل بريف حلب، وسيطرت على أجزاء منها، وقصفت قرى السعيدين و البلاشة و الكدرو بقذائف الهاون,https://syria.liveuamap.com/ar/2025/6-february-16-sdf-groups-carried-out-simultaneous-infiltration,22735217,1 الشهر منذ,,
08.02.2025,الطيران التركي (بيرقدار) يستهدف ميليشيا «قسد» PKK/SDF في سد تشرين بغارة جوية.  Tishreen_Dam Tişrin Tishrin,https://syria.liveuamap.com/ar/2025/6-february-14-turkish-air-force-bayraktar-targets-area-of,22735166,1 الشهر منذ,,
08.02.2025,"قصف مدفعي ""للجيش السوري"" يستهدف مواقع ""ميليشيا حزب اللات"" في قضاء",https://syria.liveuamap.com/ar/2025/6-february-14-artillery-shelling-by-the-syrian-military-department,22735156,1 الشهر منذ,,
08.02.2025,الطيران التركي يستهدف بعدة غارات جوية نقاط تمركز ميليشيا «قسد» PKK/SDF في قرى كل من (زور مغار - الشيوخ - بيلونه) غربي مدينة عين العرب/كوباني، بالتزامن مع قصف مدفعي مكثف من قِبل الجيش السوري على تلك المناطق,https://syria.liveuamap.com/ar/2025/6-february-14-turkish-aircraft-targeted-sdf-positions-in,22735216,1 الشهر منذ,,
08.02.2025,الجيش التركي ينفذ غارات جوية على منطقة صرين جنوب كوباني,https://syria.liveuamap.com/ar/2025/6-february-12-turkish-military-is-carrying-out-airstrikes,22735141,1 الشهر منذ,,
09.02.2025,أفاد مراسل درعا 24 نقلاً عن مصدر محلي، بوجود تحركات لقوات  الإسرائيلي المتمركزة على تل الأحمر الغربي في ريف محافظة القنيطرة. حيث شوهدت آليات وجرافات تنزل من التل، ويُرجح أن وجهتها هي قرية أبو غارة في المنطقة. أضاف المراسل أن الطيران الحربي الإسرائيلي يحلق بكثافة في…,https://syria.liveuamap.com/ar/2025/10-february-10-daraa-24-correspondent-reported-quoting-a,22736143,1 الشهر منذ,,
09.02.2025,وكالة الأنباء اللبنانية: الجيش اللبناني يستكمل اليوم انتشاره في المنطقة الحدودية الشمالية لمدينة الهرمل مع سوريا بعد انسحاب مقاتلي العشائر اللبنانيين,https://syria.liveuamap.com/ar/2025/10-february-10-lebanese-news-agency-the-lebanese-army-today,22736128,1 الشهر منذ,,
09.02.2025,الأمن العام يبدأ حملة أمنية تستهدف تجار السلاح والمخدرات في قرى دير قانون وكفير الزيت بريف دمشق,https://syria.liveuamap.com/ar/2025/10-february-10-public-security-launches-a-security-campaign,22736126,1 الشهر منذ,,
09.02.2025,"أعلن الجيش الإسرائيلي الأحد أن إسرائيل نفذت ""ضربة استخباراتية دقيقة على نفق تحت الأرض يمتد من الأراضي السورية إلى الأراضي اللبنانية كان يستخدمه حزب الله لتهريب الأسلحة في منطقة البقاع وتعرض للقصف في الماضي"".",https://israelpalestine.liveuamap.com/ar/2025/9-february-20-israel-conducted-a-precise-intelligencebased,22736011,1 الشهر منذ,,
09.02.2025,وكالة الأنباء اللبنانية: الجيش يرسل تعزيزات عسكرية إلى منطقة مشاريع القاع بعد تعرضها لاطلاق نار من الجانب السوري,https://syria.liveuamap.com/ar/2025/9-february-15-lebanese-news-agency-the-army-sends-military,22736008,1 الشهر منذ,,
09.02.2025,الجيش اللبناني: نفذنا تدابير أمنية على الحدود مع سوريا,https://syria.liveuamap.com/ar/2025/9-february-15-lebanese-army-we-have-implemented-security,22735942,1 الشهر منذ,,
09.02.2025,"معلومات ""النهار"": عودة الهدوء إلى الحدود اللبنانية السورية بعد استعادة الجيش اللبناني زمام الأمور وإحكام سيطرته على الوضع",https://syria.liveuamap.com/ar/2025/9-february-15-calm-returns-to-the-lebanesesyrian-border-after,22735938,1 الشهر منذ,,
09.02.2025,القناة 12 الإسرائيلية عن مصادر: الجيش لا يعرف إلى متى سيبقى سيطرته على أراض سورية,https://syria.liveuamap.com/ar/2025/9-february-14-channel-12-israel-citing-sources-the-army-does,22735928,1 الشهر منذ,,
09.02.2025,غارات لطيران  الإسرائيلي تستهدف مطار خلخلة العسكري بالسويداء,https://syria.liveuamap.com/ar/2025/9-february-13-israeli-air-strikes-target-khalkhala-military,22735906,1 الشهر منذ,,
09.02.2025,"مراسل نهر_ميديا: نفذت قسد حملة مداهمات في قرية التوامية التابعة لمدينة البصيرة شرقي ديرالزور، صباح اليوم، استهدفت منازل عناصر منشقين عنها واعتقلت عدداً منهم عرف منهم ""بشار السليم""",https://syria.liveuamap.com/ar/2025/9-february-13-the-sdf-carried-out-a-raid-campaign-in-the,22735918,1 الشهر منذ,,
09.02.2025,تستمر الاشتباكات في غابات أكوم وجرمش على الحدود بين سوريا ولبنان بين الجيش السوري وحزب الله,https://syria.liveuamap.com/ar/2025/9-february-12-clashes-continue-at-the-forests-of-akum-and,22735893,1 الشهر منذ,,
09.02.2025,"Raqqa الرقة: استشهاد المدني ""محمد أحمد المراد"" نتيجة القصف الجوي التركي قبل قليل على قرية (الخاتونية) شمال شرق بلدة الجرنية بريف الرقة الغربي.Raqqa الرقة: الطيران التركي يستهدف قرية الخاتونية شمال مفرق (الكــلي) بغارة جوية وإصابات في صفوف المدنيين عرف من المصابين (محمد المراد)",https://syria.liveuamap.com/ar/2025/8-february-20-raqqa-the-civilian-mohammed-ahmed-almurad-was,22735757,1 الشهر منذ,,
09.02.2025,nالجـ ـيش السوري يستهدف بقـ ـذائف المدفـ ـعية الثقيلة مواقع قسد في صوامع قرية أم_الكيف وقرية الكوزلية في ريف تل_تمر شمال الحسكة,https://syria.liveuamap.com/ar/2025/8-february-19-turkishbacked-factions-target-with-heavy-artillery,22735745,1 الشهر منذ,,
09.02.2025,وصل وزير الشؤون الخارجية الجزائرية أحمد_عطاف إلى العاصمة السورية دمشق في زيارة رسمية,https://syria.liveuamap.com/ar/2025/8-february-18-algerian-foreign-minister-ahmed-attaf-arrived,22735758,1 الشهر منذ,,
09.02.2025,"ردًا على سؤال حول الانسحاب من سوريا، قال وزير الدفاع إن مثل هذه القرارات يتخذها الرئيس، مع وضع جميع مصالحنا الاستراتيجية في الاعتبار. ""ما نقوم به هنا في البنتاغون هو التخطيط. لذلك نحن نخطط لكل طارئ محتمل مهما كان"".",https://syria.liveuamap.com/ar/2025/8-february-17-responding-to-a-question-about-withdrawal-from,22735775,1 الشهر منذ,,
09.02.2025,غارة لطيران  الإسرائيلي تستهدف اللواء 15 على أطرف مدينة إنخل بريف درعا الشمالي مع استمرار تحليق الطيران المسير في المنطقة,https://syria.liveuamap.com/ar/2025/8-february-16-an-israeli-air-raid-targets-the-15th-brigade,22735774,1 الشهر منذ,,
09.02.2025,سوريا: تم العثور على سيارة مفخخة في مدينة الباب (شمال شرق حلب)، كانت مركونة في سوق الهال، وكان من الممكن أن تؤدي إلى وقوع عدد كبير من الضحايا، وتم تفجيرها بأمان من قبل فريق هندسي.,https://syria.liveuamap.com/ar/2025/8-february-15-syria-a-car-bomb-was-discovered-in-town-of,22735691,1 الشهر منذ,,
09.02.2025,تحديث  وسائل إعلام لبنانية: 6 شهداء وجريحان في غارة من مسيّرة إسرائيلية على تخوم بلدة جنتا على سفوح سلسلة جبال لبنان الشرقية,https://israelpalestine.liveuamap.com/ar/2025/8-february-15-6-dead-and-2-wounded-in-an-israeli-drone-strike,22735694,1 الشهر منذ,,
09.02.2025,بناءً على توجيهات رئيس الجمهورية العماد جوزاف عون، أصدرت قيادة الجيش الأوامر للوحدات العسكرية المنتشرة على الحدود الشمالية والشرقية بالرد على مصادر النيران التي تُطلَق من الأراضي السورية وتستهدف الأراضي اللبنانية. وقد باشرت هذه الوحدات بالرد بالأسلحة المناسبة، وذلك على خلفية الاشتباكات الأخيرة التي تعرضت خلالها عدة مناطق لبنانية للقصف وإطلاق النار,https://syria.liveuamap.com/ar/2025/8-february-15-lebanese-army-based-on-the-directives-of-president,22735742,1 الشهر منذ,,
09.02.2025,"قال الجيش الإسرائيلي إن طائرات مقاتلة إسرائيلية قصفت مستودع أسلحة لحماس بالقرب من بلدة دير علي السورية جنوب دمشق قبل قليل. ووفقا للجيش فإن الأسلحة المخزنة في الموقع كانت ستستخدم في هجمات على القوات. ويقول الجيش الإسرائيلي إن ""المنظمات الفلسطينية وعلى رأسها حماس تستغل سوريا لإقامة نشاط إرهابي بتوجيه من إيران""، مضيفا أنه سيعمل ضد حماس في أي مكان تحاول فيه ترسيخ وجودها.",https://syria.liveuamap.com/ar/2025/8-february-13-israeli-fighter-jets-struck-a-hamas-weapon,22735689,1 الشهر منذ,,
09.02.2025,الجيش الإسرائيلي: استهدفنا مستودع أسلحة تابع لحركة حماس في منطقة دير علي جنوبي سوريا,https://syria.liveuamap.com/ar/2025/8-february-13-israeli-army-we-targeted-a-hamas-weapons-depot,22735678,1 الشهر منذ,,
09.02.2025,مصادر سورية: غارة لطيران العدو الإسرائيلي على تل المانع في منطقة الكسوة بريف دمشق,https://syria.liveuamap.com/ar/2025/8-february-13-israeli-aircraft-raid-on-tal-almanea-in-the,22735668,1 الشهر منذ,,
09.02.2025,"مراسل ""النهار"": سقوط 3 ضحايا وجريح اثر غارة من مسيرة إسرائيلية استهدفت معبرا غير شرعي في منطقة الشعرة في جرود بلدة النبي شيت قضاء بعلبك",https://israelpalestine.liveuamap.com/ar/2025/8-february-13-three-victims-and-one-wounded-as-a-result-of,22735672,1 الشهر منذ,,
09.02.2025,سوريا: بعد توقف دام خمسة أسابيع، نفذت إسرائيل غارات جوية استهدفت قاعدة سابقة للجيش العربي السوري بالقرب من الكسوة (جنوب دمشق).,https://syria.liveuamap.com/ar/2025/8-february-13-syria-after-a-pause-of-5-weeks-israel-just,22735679,1 الشهر منذ,,
09.02.2025,سوريا-لبنان: إسقاط طائرة مسيرة من نوع شاهين، على ما يبدو نموذج انتحاري، من قبل مقاتلين تابعين لحزب الله (القوات تهريب),https://syria.liveuamap.com/ar/2025/8-february-11-syrialebanon-a-shaheen-drone-apparently-a-suicide,22735669,1 الشهر منذ,,
09.02.2025,"إدارة الأمن العام تحبط محاولة تهريب أسلحة لـ""قسد"" إلى داخل الأحياء التي تسيطر عليها في مدينة حلب",https://syria.liveuamap.com/ar/2025/8-february-09-the-public-security-department-thwarts-an-attempt,22735653,1 الشهر منذ,,
09.02.2025,الرئاسة السورية: الرئيس أحمد الشرع تلقى اتصالا هاتفيا من الرئيس اللبناني جوزيف عون الذي هنأه بتوليه الرئاسة,https://syria.liveuamap.com/ar/2025/7-february-21-syrian-presidency-president-ahmad-alshara-received,22735511,1 الشهر منذ,,
09.02.2025,مراسل  محمد هارون: إدارة العمليات العسكرية سيطرت على بلدات عدة وتلال أكوم الاستراتيجية المحاذية للحدود مع لبنان,https://syria.liveuamap.com/ar/2025/7-february-19-correspondent-muhammad-haroun-the-military,22735497,1 الشهر منذ,,
09.02.2025,"جبلةمظاهرات غاضبة في مدينة جبلة احتجاجا على قرار الأمن العام بإطلاق سراح شبيحة متهمين بتعذيب معتقلين في أجهزة الأمن التابعة للنظام السابق.بينما المسؤول الأمني في مدينة جبلة يصرح: ""تم الإفراج عنهم لعدم تقديم الأهالي أي شكاوى بحقهم""",https://syria.liveuamap.com/ar/2025/7-february-18-jableh-angry-demonstrations-in-the-city-of,22735506,1 الشهر منذ,,
09.02.2025,الرئيس السوري الشرع يتحدث مع المستشارة الألمانية,https://syria.liveuamap.com/ar/2025/7-february-15-syrias-president-alsharaa-spoke-with-the-german,22735440,1 الشهر منذ,,
10.02.2025,إذاعة الجيش الإسرائيلي: الوجود الإسرائيلي في سوريا لم يعد مؤقتا ويتم بناء 9 مواقع عسكرية بالمنطقة الأمنية,https://syria.liveuamap.com/ar/2025/11-february-10-israeli-army-radio-israeli-presence-in-syria,22736442,4 الأسبوع منذ,,
10.02.2025,طائرات حربية التركي تشن غارات جوية على جنوب كوبانيعرض المزيد,https://syria.liveuamap.com/ar/2025/10-february-20-turkish-warplanes-launch-airstrikes-on-southern,22736245,4 الأسبوع منذ,,
10.02.2025,طائرات بدون طيار تابعة للقوات المسلحة التركية تقصف أهدافاً لقوات سوريا الديمقراطية في محيط سد تشرين وجسر قره كوزاك شرقي منبج، ووقعت انفجارات متتالية في المنطقة,https://syria.liveuamap.com/ar/2025/10-february-19-turkish-armed-forces-uavs-are-hitting-sdf,22736209,4 الأسبوع منذ,,
10.02.2025,طائرات بدون طيار تابعة للقوات المسلحة التركية تقصف أهدافاً لقوات سوريا الديمقراطية في قرية بوكاك جنوب كوباني,https://syria.liveuamap.com/ar/2025/10-february-15-turkish-armed-forces-uavs-hit-sdf-targets,22736192,1 الشهر منذ,,
10.02.2025,إدارة أمن الحدود السورية تعلن سيطرتها الكاملة على الحدود السورية اللبنانية بعد اشتباكات مع عصـ.ـابات لتهريب الأسـ.ـلحة والمـ.ـخدرات,https://syria.liveuamap.com/ar/2025/10-february-11-the-syrian-border-security-administration,22736144,1 الشهر منذ,,
10.02.2025,أفاد مراسل درعا 24 نقلاً عن مصدر محلي، بوجود تحركات لقوات  الإسرائيلي المتمركزة على تل الأحمر الغربي في ريف محافظة القنيطرة. حيث شوهدت آليات وجرافات تنزل من التل، ويُرجح أن وجهتها هي قرية أبو غارة في المنطقة. أضاف المراسل أن الطيران الحربي الإسرائيلي يحلق بكثافة في…,https://syria.liveuamap.com/ar/2025/10-february-10-daraa-24-correspondent-reported-quoting-a,22736143,1 الشهر منذ,,
10.02.2025,وكالة الأنباء اللبنانية: الجيش اللبناني يستكمل اليوم انتشاره في المنطقة الحدودية الشمالية لمدينة الهرمل مع سوريا بعد انسحاب مقاتلي العشائر اللبنانيين,https://syria.liveuamap.com/ar/2025/10-february-10-lebanese-news-agency-the-lebanese-army-today,22736128,1 الشهر منذ,,
10.02.2025,الأمن العام يبدأ حملة أمنية تستهدف تجار السلاح والمخدرات في قرى دير قانون وكفير الزيت بريف دمشق,https://syria.liveuamap.com/ar/2025/10-february-10-public-security-launches-a-security-campaign,22736126,1 الشهر منذ,,
10.02.2025,"أعلن الجيش الإسرائيلي الأحد أن إسرائيل نفذت ""ضربة استخباراتية دقيقة على نفق تحت الأرض يمتد من الأراضي السورية إلى الأراضي اللبنانية كان يستخدمه حزب الله لتهريب الأسلحة في منطقة البقاع وتعرض للقصف في الماضي"".",https://israelpalestine.liveuamap.com/ar/2025/9-february-20-israel-conducted-a-precise-intelligencebased,22736011,1 الشهر منذ,,
10.02.2025,وكالة الأنباء اللبنانية: الجيش يرسل تعزيزات عسكرية إلى منطقة مشاريع القاع بعد تعرضها لاطلاق نار من الجانب السوري,https://syria.liveuamap.com/ar/2025/9-february-15-lebanese-news-agency-the-army-sends-military,22736008,1 الشهر منذ,,
10.02.2025,الجيش اللبناني: نفذنا تدابير أمنية على الحدود مع سوريا,https://syria.liveuamap.com/ar/2025/9-february-15-lebanese-army-we-have-implemented-security,22735942,1 الشهر منذ,,
10.02.2025,"معلومات ""النهار"": عودة الهدوء إلى الحدود اللبنانية السورية بعد استعادة الجيش اللبناني زمام الأمور وإحكام سيطرته على الوضع",https://syria.liveuamap.com/ar/2025/9-february-15-calm-returns-to-the-lebanesesyrian-border-after,22735938,1 الشهر منذ,,
10.02.2025,القناة 12 الإسرائيلية عن مصادر: الجيش لا يعرف إلى متى سيبقى سيطرته على أراض سورية,https://syria.liveuamap.com/ar/2025/9-february-14-channel-12-israel-citing-sources-the-army-does,22735928,1 الشهر منذ,,
10.02.2025,غارات لطيران  الإسرائيلي تستهدف مطار خلخلة العسكري بالسويداء,https://syria.liveuamap.com/ar/2025/9-february-13-israeli-air-strikes-target-khalkhala-military,22735906,1 الشهر منذ,,
10.02.2025,"مراسل نهر_ميديا: نفذت قسد حملة مداهمات في قرية التوامية التابعة لمدينة البصيرة شرقي ديرالزور، صباح اليوم، استهدفت منازل عناصر منشقين عنها واعتقلت عدداً منهم عرف منهم ""بشار السليم""",https://syria.liveuamap.com/ar/2025/9-february-13-the-sdf-carried-out-a-raid-campaign-in-the,22735918,1 الشهر منذ,,
10.02.2025,تستمر الاشتباكات في غابات أكوم وجرمش على الحدود بين سوريا ولبنان بين الجيش السوري وحزب الله,https://syria.liveuamap.com/ar/2025/9-february-12-clashes-continue-at-the-forests-of-akum-and,22735893,1 الشهر منذ,,
10.02.2025,"Raqqa الرقة: استشهاد المدني ""محمد أحمد المراد"" نتيجة القصف الجوي التركي قبل قليل على قرية (الخاتونية) شمال شرق بلدة الجرنية بريف الرقة الغربي.Raqqa الرقة: الطيران التركي يستهدف قرية الخاتونية شمال مفرق (الكــلي) بغارة جوية وإصابات في صفوف المدنيين عرف من المصابين (محمد المراد)",https://syria.liveuamap.com/ar/2025/8-february-20-raqqa-the-civilian-mohammed-ahmed-almurad-was,22735757,1 الشهر منذ,,
10.02.2025,nالجـ ـيش السوري يستهدف بقـ ـذائف المدفـ ـعية الثقيلة مواقع قسد في صوامع قرية أم_الكيف وقرية الكوزلية في ريف تل_تمر شمال الحسكة,https://syria.liveuamap.com/ar/2025/8-february-19-turkishbacked-factions-target-with-heavy-artillery,22735745,1 الشهر منذ,,
10.02.2025,وصل وزير الشؤون الخارجية الجزائرية أحمد_عطاف إلى العاصمة السورية دمشق في زيارة رسمية,https://syria.liveuamap.com/ar/2025/8-february-18-algerian-foreign-minister-ahmed-attaf-arrived,22735758,1 الشهر منذ,,
10.02.2025,"ردًا على سؤال حول الانسحاب من سوريا، قال وزير الدفاع إن مثل هذه القرارات يتخذها الرئيس، مع وضع جميع مصالحنا الاستراتيجية في الاعتبار. ""ما نقوم به هنا في البنتاغون هو التخطيط. لذلك نحن نخطط لكل طارئ محتمل مهما كان"".",https://syria.liveuamap.com/ar/2025/8-february-17-responding-to-a-question-about-withdrawal-from,22735775,1 الشهر منذ,,
10.02.2025,غارة لطيران  الإسرائيلي تستهدف اللواء 15 على أطرف مدينة إنخل بريف درعا الشمالي مع استمرار تحليق الطيران المسير في المنطقة,https://syria.liveuamap.com/ar/2025/8-february-16-an-israeli-air-raid-targets-the-15th-brigade,22735774,1 الشهر منذ,,
10.02.2025,سوريا: تم العثور على سيارة مفخخة في مدينة الباب (شمال شرق حلب)، كانت مركونة في سوق الهال، وكان من الممكن أن تؤدي إلى وقوع عدد كبير من الضحايا، وتم تفجيرها بأمان من قبل فريق هندسي.,https://syria.liveuamap.com/ar/2025/8-february-15-syria-a-car-bomb-was-discovered-in-town-of,22735691,1 الشهر منذ,,
10.02.2025,تحديث  وسائل إعلام لبنانية: 6 شهداء وجريحان في غارة من مسيّرة إسرائيلية على تخوم بلدة جنتا على سفوح سلسلة جبال لبنان الشرقية,https://israelpalestine.liveuamap.com/ar/2025/8-february-15-6-dead-and-2-wounded-in-an-israeli-drone-strike,22735694,1 الشهر منذ,,
10.02.2025,بناءً على توجيهات رئيس الجمهورية العماد جوزاف عون، أصدرت قيادة الجيش الأوامر للوحدات العسكرية المنتشرة على الحدود الشمالية والشرقية بالرد على مصادر النيران التي تُطلَق من الأراضي السورية وتستهدف الأراضي اللبنانية. وقد باشرت هذه الوحدات بالرد بالأسلحة المناسبة، وذلك على خلفية الاشتباكات الأخيرة التي تعرضت خلالها عدة مناطق لبنانية للقصف وإطلاق النار,https://syria.liveuamap.com/ar/2025/8-february-15-lebanese-army-based-on-the-directives-of-president,22735742,1 الشهر منذ,,
10.02.2025,"قال الجيش الإسرائيلي إن طائرات مقاتلة إسرائيلية قصفت مستودع أسلحة لحماس بالقرب من بلدة دير علي السورية جنوب دمشق قبل قليل. ووفقا للجيش فإن الأسلحة المخزنة في الموقع كانت ستستخدم في هجمات على القوات. ويقول الجيش الإسرائيلي إن ""المنظمات الفلسطينية وعلى رأسها حماس تستغل سوريا لإقامة نشاط إرهابي بتوجيه من إيران""، مضيفا أنه سيعمل ضد حماس في أي مكان تحاول فيه ترسيخ وجودها.",https://syria.liveuamap.com/ar/2025/8-february-13-israeli-fighter-jets-struck-a-hamas-weapon,22735689,1 الشهر منذ,,
10.02.2025,الجيش الإسرائيلي: استهدفنا مستودع أسلحة تابع لحركة حماس في منطقة دير علي جنوبي سوريا,https://syria.liveuamap.com/ar/2025/8-february-13-israeli-army-we-targeted-a-hamas-weapons-depot,22735678,1 الشهر منذ,,
10.02.2025,مصادر سورية: غارة لطيران العدو الإسرائيلي على تل المانع في منطقة الكسوة بريف دمشق,https://syria.liveuamap.com/ar/2025/8-february-13-israeli-aircraft-raid-on-tal-almanea-in-the,22735668,1 الشهر منذ,,
10.02.2025,"مراسل ""النهار"": سقوط 3 ضحايا وجريح اثر غارة من مسيرة إسرائيلية استهدفت معبرا غير شرعي في منطقة الشعرة في جرود بلدة النبي شيت قضاء بعلبك",https://israelpalestine.liveuamap.com/ar/2025/8-february-13-three-victims-and-one-wounded-as-a-result-of,22735672,1 الشهر منذ,,
10.02.2025,سوريا: بعد توقف دام خمسة أسابيع، نفذت إسرائيل غارات جوية استهدفت قاعدة سابقة للجيش العربي السوري بالقرب من الكسوة (جنوب دمشق).,https://syria.liveuamap.com/ar/2025/8-february-13-syria-after-a-pause-of-5-weeks-israel-just,22735679,1 الشهر منذ,,
10.02.2025,سوريا-لبنان: إسقاط طائرة مسيرة من نوع شاهين، على ما يبدو نموذج انتحاري، من قبل مقاتلين تابعين لحزب الله (القوات تهريب),https://syria.liveuamap.com/ar/2025/8-february-11-syrialebanon-a-shaheen-drone-apparently-a-suicide,22735669,1 الشهر منذ,,
11.02.2025,وزير الخارجية السوري: تجنبنا الحرب الطائفية والأهلية بعد سقوط نظام الأسد,https://syria.liveuamap.com/ar/2025/12-february-09-syrian-foreign-minister-we-avoided-sectarian,22736596,4 الأسبوع منذ,,
11.02.2025,الشيباني: الحكومة التي ستعلن في 1 آذار/مارس المقبل ستمثّل تنوّع الشعب السوري,https://syria.liveuamap.com/ar/2025/12-february-09-alshaibani-the-government-that-will-be-announced,22736595,4 الأسبوع منذ,,
11.02.2025,إعلام سوري عن مصادر: الانتهاء من تشكيل اللجنة التحضيرية لمؤتمر الحوار الوطني,https://syria.liveuamap.com/ar/2025/12-february-07-syrian-media-citing-sources-the-preparatory,22736556,4 الأسبوع منذ,,
11.02.2025,طائرات مسيرة تابعة للقوات المسلحة التركية تقصف أهدافاً لقوات سوريا الديمقراطية في قرية سيهلر غربي كوباني,https://syria.liveuamap.com/ar/2025/11-february-12-turkish-armed-forces-uavs-hit-sdf-targets,22736435,4 الأسبوع منذ,,
11.02.2025,أهالي مقاطعة الجزيرة يتوجهون إلى سد تشرين للمشاركة في الاحتجاجاتعرض المزيد (  وكالة أنباء هاوار ANHA    لحظة بلحظة عبر الواتس اب,https://syria.liveuamap.com/ar/2025/11-february-11-residents-of-aljazeera-canton-head-to-tishreen,22736433,4 الأسبوع منذ,,
11.02.2025,السلطات السورية لم تسمح لرتل عسكري روسي محمل بالصواريخ من قاعدة حميميم الجوية بالدخول إلى قاعدة طرطوس البحرية,https://syria.liveuamap.com/ar/2025/11-february-11-syrian-authorities-not-allowed-russian-military,22736424,4 الأسبوع منذ,,
11.02.2025,إذاعة الجيش الإسرائيلي: الوجود الإسرائيلي في سوريا لم يعد مؤقتا ويتم بناء 9 مواقع عسكرية بالمنطقة الأمنية,https://syria.liveuamap.com/ar/2025/11-february-10-israeli-army-radio-israeli-presence-in-syria,22736442,4 الأسبوع منذ,,
11.02.2025,طائرات حربية التركي تشن غارات جوية على جنوب كوبانيعرض المزيد,https://syria.liveuamap.com/ar/2025/10-february-20-turkish-warplanes-launch-airstrikes-on-southern,22736245,4 الأسبوع منذ,,
11.02.2025,طائرات بدون طيار تابعة للقوات المسلحة التركية تقصف أهدافاً لقوات سوريا الديمقراطية في محيط سد تشرين وجسر قره كوزاك شرقي منبج، ووقعت انفجارات متتالية في المنطقة,https://syria.liveuamap.com/ar/2025/10-february-19-turkish-armed-forces-uavs-are-hitting-sdf,22736209,4 الأسبوع منذ,,
11.02.2025,طائرات بدون طيار تابعة للقوات المسلحة التركية تقصف أهدافاً لقوات سوريا الديمقراطية في قرية بوكاك جنوب كوباني,https://syria.liveuamap.com/ar/2025/10-february-15-turkish-armed-forces-uavs-hit-sdf-targets,22736192,1 الشهر منذ,,
11.02.2025,إدارة أمن الحدود السورية تعلن سيطرتها الكاملة على الحدود السورية اللبنانية بعد اشتباكات مع عصـ.ـابات لتهريب الأسـ.ـلحة والمـ.ـخدرات,https://syria.liveuamap.com/ar/2025/10-february-11-the-syrian-border-security-administration,22736144,1 الشهر منذ,,
11.02.2025,أفاد مراسل درعا 24 نقلاً عن مصدر محلي، بوجود تحركات لقوات  الإسرائيلي المتمركزة على تل الأحمر الغربي في ريف محافظة القنيطرة. حيث شوهدت آليات وجرافات تنزل من التل، ويُرجح أن وجهتها هي قرية أبو غارة في المنطقة. أضاف المراسل أن الطيران الحربي الإسرائيلي يحلق بكثافة في…,https://syria.liveuamap.com/ar/2025/10-february-10-daraa-24-correspondent-reported-quoting-a,22736143,1 الشهر منذ,,
11.02.2025,وكالة الأنباء اللبنانية: الجيش اللبناني يستكمل اليوم انتشاره في المنطقة الحدودية الشمالية لمدينة الهرمل مع سوريا بعد انسحاب مقاتلي العشائر اللبنانيين,https://syria.liveuamap.com/ar/2025/10-february-10-lebanese-news-agency-the-lebanese-army-today,22736128,1 الشهر منذ,,
11.02.2025,الأمن العام يبدأ حملة أمنية تستهدف تجار السلاح والمخدرات في قرى دير قانون وكفير الزيت بريف دمشق,https://syria.liveuamap.com/ar/2025/10-february-10-public-security-launches-a-security-campaign,22736126,1 الشهر منذ,,
11.02.2025,"أعلن الجيش الإسرائيلي الأحد أن إسرائيل نفذت ""ضربة استخباراتية دقيقة على نفق تحت الأرض يمتد من الأراضي السورية إلى الأراضي اللبنانية كان يستخدمه حزب الله لتهريب الأسلحة في منطقة البقاع وتعرض للقصف في الماضي"".",https://israelpalestine.liveuamap.com/ar/2025/9-february-20-israel-conducted-a-precise-intelligencebased,22736011,1 الشهر منذ,,
11.02.2025,وكالة الأنباء اللبنانية: الجيش يرسل تعزيزات عسكرية إلى منطقة مشاريع القاع بعد تعرضها لاطلاق نار من الجانب السوري,https://syria.liveuamap.com/ar/2025/9-february-15-lebanese-news-agency-the-army-sends-military,22736008,1 الشهر منذ,,
11.02.2025,الجيش اللبناني: نفذنا تدابير أمنية على الحدود مع سوريا,https://syria.liveuamap.com/ar/2025/9-february-15-lebanese-army-we-have-implemented-security,22735942,1 الشهر منذ,,
11.02.2025,"معلومات ""النهار"": عودة الهدوء إلى الحدود اللبنانية السورية بعد استعادة الجيش اللبناني زمام الأمور وإحكام سيطرته على الوضع",https://syria.liveuamap.com/ar/2025/9-february-15-calm-returns-to-the-lebanesesyrian-border-after,22735938,1 الشهر منذ,,
11.02.2025,القناة 12 الإسرائيلية عن مصادر: الجيش لا يعرف إلى متى سيبقى سيطرته على أراض سورية,https://syria.liveuamap.com/ar/2025/9-february-14-channel-12-israel-citing-sources-the-army-does,22735928,1 الشهر منذ,,
11.02.2025,غارات لطيران  الإسرائيلي تستهدف مطار خلخلة العسكري بالسويداء,https://syria.liveuamap.com/ar/2025/9-february-13-israeli-air-strikes-target-khalkhala-military,22735906,1 الشهر منذ,,
11.02.2025,"مراسل نهر_ميديا: نفذت قسد حملة مداهمات في قرية التوامية التابعة لمدينة البصيرة شرقي ديرالزور، صباح اليوم، استهدفت منازل عناصر منشقين عنها واعتقلت عدداً منهم عرف منهم ""بشار السليم""",https://syria.liveuamap.com/ar/2025/9-february-13-the-sdf-carried-out-a-raid-campaign-in-the,22735918,1 الشهر منذ,,
11.02.2025,تستمر الاشتباكات في غابات أكوم وجرمش على الحدود بين سوريا ولبنان بين الجيش السوري وحزب الله,https://syria.liveuamap.com/ar/2025/9-february-12-clashes-continue-at-the-forests-of-akum-and,22735893,1 الشهر منذ,,
11.02.2025,"Raqqa الرقة: استشهاد المدني ""محمد أحمد المراد"" نتيجة القصف الجوي التركي قبل قليل على قرية (الخاتونية) شمال شرق بلدة الجرنية بريف الرقة الغربي.Raqqa الرقة: الطيران التركي يستهدف قرية الخاتونية شمال مفرق (الكــلي) بغارة جوية وإصابات في صفوف المدنيين عرف من المصابين (محمد المراد)",https://syria.liveuamap.com/ar/2025/8-february-20-raqqa-the-civilian-mohammed-ahmed-almurad-was,22735757,1 الشهر منذ,,
11.02.2025,nالجـ ـيش السوري يستهدف بقـ ـذائف المدفـ ـعية الثقيلة مواقع قسد في صوامع قرية أم_الكيف وقرية الكوزلية في ريف تل_تمر شمال الحسكة,https://syria.liveuamap.com/ar/2025/8-february-19-turkishbacked-factions-target-with-heavy-artillery,22735745,1 الشهر منذ,,
11.02.2025,وصل وزير الشؤون الخارجية الجزائرية أحمد_عطاف إلى العاصمة السورية دمشق في زيارة رسمية,https://syria.liveuamap.com/ar/2025/8-february-18-algerian-foreign-minister-ahmed-attaf-arrived,22735758,1 الشهر منذ,,
11.02.2025,"ردًا على سؤال حول الانسحاب من سوريا، قال وزير الدفاع إن مثل هذه القرارات يتخذها الرئيس، مع وضع جميع مصالحنا الاستراتيجية في الاعتبار. ""ما نقوم به هنا في البنتاغون هو التخطيط. لذلك نحن نخطط لكل طارئ محتمل مهما كان"".",https://syria.liveuamap.com/ar/2025/8-february-17-responding-to-a-question-about-withdrawal-from,22735775,1 الشهر منذ,,
11.02.2025,غارة لطيران  الإسرائيلي تستهدف اللواء 15 على أطرف مدينة إنخل بريف درعا الشمالي مع استمرار تحليق الطيران المسير في المنطقة,https://syria.liveuamap.com/ar/2025/8-february-16-an-israeli-air-raid-targets-the-15th-brigade,22735774,1 الشهر منذ,,
11.02.2025,سوريا: تم العثور على سيارة مفخخة في مدينة الباب (شمال شرق حلب)، كانت مركونة في سوق الهال، وكان من الممكن أن تؤدي إلى وقوع عدد كبير من الضحايا، وتم تفجيرها بأمان من قبل فريق هندسي.,https://syria.liveuamap.com/ar/2025/8-february-15-syria-a-car-bomb-was-discovered-in-town-of,22735691,1 الشهر منذ,,
11.02.2025,تحديث  وسائل إعلام لبنانية: 6 شهداء وجريحان في غارة من مسيّرة إسرائيلية على تخوم بلدة جنتا على سفوح سلسلة جبال لبنان الشرقية,https://israelpalestine.liveuamap.com/ar/2025/8-february-15-6-dead-and-2-wounded-in-an-israeli-drone-strike,22735694,1 الشهر منذ,,
11.02.2025,بناءً على توجيهات رئيس الجمهورية العماد جوزاف عون، أصدرت قيادة الجيش الأوامر للوحدات العسكرية المنتشرة على الحدود الشمالية والشرقية بالرد على مصادر النيران التي تُطلَق من الأراضي السورية وتستهدف الأراضي اللبنانية. وقد باشرت هذه الوحدات بالرد بالأسلحة المناسبة، وذلك على خلفية الاشتباكات الأخيرة التي تعرضت خلالها عدة مناطق لبنانية للقصف وإطلاق النار,https://syria.liveuamap.com/ar/2025/8-february-15-lebanese-army-based-on-the-directives-of-president,22735742,1 الشهر منذ,,
12.02.2025,قالت الولايات المتحدة إن المساعدة في إدارة وتأمين المعسكرات في شمال شرق سوريا التي تضم سجناء مرتبطين بتنظيم الدولة الإسلامية لا يمكن أن تستمر إلى الأبد، ولا يمكن أن تظل المعسكرات مسؤولية مالية ة للولايات المتحدة، وتحث الدول على إعادة مواطنيها النازحين والمحتجزين في المنطقة.,https://syria.liveuamap.com/ar/2025/12-february-16-us-says-assistance-for-managing-and-securing,22736676,4 الأسبوع منذ,,
12.02.2025,، أفادت قراءة سورية للمكالمة أن بوتن هنأ الشرع على توليه الرئاسة. وأشار الشرع إلى العلاقة الاستراتيجية العميقة بين البلدين. وقال بوتن إنه مستعد لإعادة النظر في الاتفاقيات الموقعة بين موسكو والنظام السابق، وفقًا للقراءة. كما دعا بوتن وزير الخارجية السوري إلى موسكو,https://syria.liveuamap.com/ar/2025/12-february-15-now-syria-readout-of-call-says-putin-congratulated,22736672,4 الأسبوع منذ,,
12.02.2025,بوتين يجري محادثات مع أحمد الشرع - الكرملين,https://syria.liveuamap.com/ar/2025/12-february-13-putin-held-a-talks-with-ahmed-al-sharaa--kremlin,22736659,4 الأسبوع منذ,,
12.02.2025,المرصد_السوريتصعيد جوي تركي في ريف حلب.. مسيّرة تـ ـسـ ـتـ ـهـ ـدف سد_تشرين وغارة حربية تـ ـضـ ـرب جبال_القصق,https://syria.liveuamap.com/ar/2025/12-february-12-drone-targets-tishreen-dam-and-warplanes-raid,22736669,4 الأسبوع منذ,,
12.02.2025,"غارات تركية تستهدف مواقع ""قسد"" في جبال زور مغار والشيوخ شرقي حلب",https://syria.liveuamap.com/ar/2025/12-february-11-turkish-raids-target-sdf-sites-in-zor-maghar,22736633,4 الأسبوع منذ,,
12.02.2025,وزير الخارجية السوري: تجنبنا الحرب الطائفية والأهلية بعد سقوط نظام الأسد,https://syria.liveuamap.com/ar/2025/12-february-09-syrian-foreign-minister-we-avoided-sectarian,22736596,4 الأسبوع منذ,,
12.02.2025,الشيباني: الحكومة التي ستعلن في 1 آذار/مارس المقبل ستمثّل تنوّع الشعب السوري,https://syria.liveuamap.com/ar/2025/12-february-09-alshaibani-the-government-that-will-be-announced,22736595,4 الأسبوع منذ,,
12.02.2025,إعلام سوري عن مصادر: الانتهاء من تشكيل اللجنة التحضيرية لمؤتمر الحوار الوطني,https://syria.liveuamap.com/ar/2025/12-february-07-syrian-media-citing-sources-the-preparatory,22736556,4 الأسبوع منذ,,
12.02.2025,طائرات مسيرة تابعة للقوات المسلحة التركية تقصف أهدافاً لقوات سوريا الديمقراطية في قرية سيهلر غربي كوباني,https://syria.liveuamap.com/ar/2025/11-february-12-turkish-armed-forces-uavs-hit-sdf-targets,22736435,4 الأسبوع منذ,,
12.02.2025,أهالي مقاطعة الجزيرة يتوجهون إلى سد تشرين للمشاركة في الاحتجاجاتعرض المزيد (  وكالة أنباء هاوار ANHA    لحظة بلحظة عبر الواتس اب,https://syria.liveuamap.com/ar/2025/11-february-11-residents-of-aljazeera-canton-head-to-tishreen,22736433,4 الأسبوع منذ,,
12.02.2025,السلطات السورية لم تسمح لرتل عسكري روسي محمل بالصواريخ من قاعدة حميميم الجوية بالدخول إلى قاعدة طرطوس البحرية,https://syria.liveuamap.com/ar/2025/11-february-11-syrian-authorities-not-allowed-russian-military,22736424,4 الأسبوع منذ,,
12.02.2025,إذاعة الجيش الإسرائيلي: الوجود الإسرائيلي في سوريا لم يعد مؤقتا ويتم بناء 9 مواقع عسكرية بالمنطقة الأمنية,https://syria.liveuamap.com/ar/2025/11-february-10-israeli-army-radio-israeli-presence-in-syria,22736442,4 الأسبوع منذ,,
12.02.2025,طائرات حربية التركي تشن غارات جوية على جنوب كوبانيعرض المزيد,https://syria.liveuamap.com/ar/2025/10-february-20-turkish-warplanes-launch-airstrikes-on-southern,22736245,4 الأسبوع منذ,,
12.02.2025,طائرات بدون طيار تابعة للقوات المسلحة التركية تقصف أهدافاً لقوات سوريا الديمقراطية في محيط سد تشرين وجسر قره كوزاك شرقي منبج، ووقعت انفجارات متتالية في المنطقة,https://syria.liveuamap.com/ar/2025/10-february-19-turkish-armed-forces-uavs-are-hitting-sdf,22736209,4 الأسبوع منذ,,
12.02.2025,طائرات بدون طيار تابعة للقوات المسلحة التركية تقصف أهدافاً لقوات سوريا الديمقراطية في قرية بوكاك جنوب كوباني,https://syria.liveuamap.com/ar/2025/10-february-15-turkish-armed-forces-uavs-hit-sdf-targets,22736192,1 الشهر منذ,,
12.02.2025,إدارة أمن الحدود السورية تعلن سيطرتها الكاملة على الحدود السورية اللبنانية بعد اشتباكات مع عصـ.ـابات لتهريب الأسـ.ـلحة والمـ.ـخدرات,https://syria.liveuamap.com/ar/2025/10-february-11-the-syrian-border-security-administration,22736144,1 الشهر منذ,,
12.02.2025,أفاد مراسل درعا 24 نقلاً عن مصدر محلي، بوجود تحركات لقوات  الإسرائيلي المتمركزة على تل الأحمر الغربي في ريف محافظة القنيطرة. حيث شوهدت آليات وجرافات تنزل من التل، ويُرجح أن وجهتها هي قرية أبو غارة في المنطقة. أضاف المراسل أن الطيران الحربي الإسرائيلي يحلق بكثافة في…,https://syria.liveuamap.com/ar/2025/10-february-10-daraa-24-correspondent-reported-quoting-a,22736143,1 الشهر منذ,,
12.02.2025,وكالة الأنباء اللبنانية: الجيش اللبناني يستكمل اليوم انتشاره في المنطقة الحدودية الشمالية لمدينة الهرمل مع سوريا بعد انسحاب مقاتلي العشائر اللبنانيين,https://syria.liveuamap.com/ar/2025/10-february-10-lebanese-news-agency-the-lebanese-army-today,22736128,1 الشهر منذ,,
12.02.2025,الأمن العام يبدأ حملة أمنية تستهدف تجار السلاح والمخدرات في قرى دير قانون وكفير الزيت بريف دمشق,https://syria.liveuamap.com/ar/2025/10-february-10-public-security-launches-a-security-campaign,22736126,1 الشهر منذ,,
12.02.2025,"أعلن الجيش الإسرائيلي الأحد أن إسرائيل نفذت ""ضربة استخباراتية دقيقة على نفق تحت الأرض يمتد من الأراضي السورية إلى الأراضي اللبنانية كان يستخدمه حزب الله لتهريب الأسلحة في منطقة البقاع وتعرض للقصف في الماضي"".",https://israelpalestine.liveuamap.com/ar/2025/9-february-20-israel-conducted-a-precise-intelligencebased,22736011,1 الشهر منذ,,
12.02.2025,وكالة الأنباء اللبنانية: الجيش يرسل تعزيزات عسكرية إلى منطقة مشاريع القاع بعد تعرضها لاطلاق نار من الجانب السوري,https://syria.liveuamap.com/ar/2025/9-february-15-lebanese-news-agency-the-army-sends-military,22736008,1 الشهر منذ,,
12.02.2025,الجيش اللبناني: نفذنا تدابير أمنية على الحدود مع سوريا,https://syria.liveuamap.com/ar/2025/9-february-15-lebanese-army-we-have-implemented-security,22735942,1 الشهر منذ,,
12.02.2025,"معلومات ""النهار"": عودة الهدوء إلى الحدود اللبنانية السورية بعد استعادة الجيش اللبناني زمام الأمور وإحكام سيطرته على الوضع",https://syria.liveuamap.com/ar/2025/9-february-15-calm-returns-to-the-lebanesesyrian-border-after,22735938,1 الشهر منذ,,
12.02.2025,القناة 12 الإسرائيلية عن مصادر: الجيش لا يعرف إلى متى سيبقى سيطرته على أراض سورية,https://syria.liveuamap.com/ar/2025/9-february-14-channel-12-israel-citing-sources-the-army-does,22735928,1 الشهر منذ,,
12.02.2025,غارات لطيران  الإسرائيلي تستهدف مطار خلخلة العسكري بالسويداء,https://syria.liveuamap.com/ar/2025/9-february-13-israeli-air-strikes-target-khalkhala-military,22735906,1 الشهر منذ,,
12.02.2025,"مراسل نهر_ميديا: نفذت قسد حملة مداهمات في قرية التوامية التابعة لمدينة البصيرة شرقي ديرالزور، صباح اليوم، استهدفت منازل عناصر منشقين عنها واعتقلت عدداً منهم عرف منهم ""بشار السليم""",https://syria.liveuamap.com/ar/2025/9-february-13-the-sdf-carried-out-a-raid-campaign-in-the,22735918,1 الشهر منذ,,
12.02.2025,تستمر الاشتباكات في غابات أكوم وجرمش على الحدود بين سوريا ولبنان بين الجيش السوري وحزب الله,https://syria.liveuamap.com/ar/2025/9-february-12-clashes-continue-at-the-forests-of-akum-and,22735893,1 الشهر منذ,,
12.02.2025,"Raqqa الرقة: استشهاد المدني ""محمد أحمد المراد"" نتيجة القصف الجوي التركي قبل قليل على قرية (الخاتونية) شمال شرق بلدة الجرنية بريف الرقة الغربي.Raqqa الرقة: الطيران التركي يستهدف قرية الخاتونية شمال مفرق (الكــلي) بغارة جوية وإصابات في صفوف المدنيين عرف من المصابين (محمد المراد)",https://syria.liveuamap.com/ar/2025/8-february-20-raqqa-the-civilian-mohammed-ahmed-almurad-was,22735757,1 الشهر منذ,,
12.02.2025,nالجـ ـيش السوري يستهدف بقـ ـذائف المدفـ ـعية الثقيلة مواقع قسد في صوامع قرية أم_الكيف وقرية الكوزلية في ريف تل_تمر شمال الحسكة,https://syria.liveuamap.com/ar/2025/8-february-19-turkishbacked-factions-target-with-heavy-artillery,22735745,1 الشهر منذ,,
12.02.2025,وصل وزير الشؤون الخارجية الجزائرية أحمد_عطاف إلى العاصمة السورية دمشق في زيارة رسمية,https://syria.liveuamap.com/ar/2025/8-february-18-algerian-foreign-minister-ahmed-attaf-arrived,22735758,1 الشهر منذ,,
13.02.2025,يقول البنك المركزي السوري إن شحنة من العملة المحلية وصلت من روسيا، حيث كانت تُطبع هناك لسنوات. وهي علامة على بناء الثقة بعد مكالمة هاتفية بين الشرع وبوتن. ولا يزال حجم الليرة السورية التي تم شحنها غير واضح. وقال المسؤولون إن بعضها كان قد تم طباعته بالفعل وينتظر الشحن عندما سقط الأسد.,https://syria.liveuamap.com/ar/2025/14-february-10-syrian-central-bank-says-a-shipment-of-local,22737121,3 الأسبوع منذ,,
13.02.2025,بيان مؤتمر باريس بشأن سوريا: دعم سيادة سوريا ووحدة أراضيها وفقا لميثاق الأمم المتحدة والقانون الدولي وقرارات مجلس الأمن,https://syria.liveuamap.com/ar/2025/13-february-19-statement-of-the-paris-conference-on-syria,22736965,3 الأسبوع منذ,,
13.02.2025,"ماكرون: يجب دمج ""قوات سوريا الديمقراطية"" في الجيش السوري",https://syria.liveuamap.com/ar/2025/13-february-16-macron-sdf-must-be-integrated-into-syrian,22736946,3 الأسبوع منذ,,
13.02.2025,"الرئيس الفرنسي: الحرب ضد ""داعش"" يجب أن تستمر",https://syria.liveuamap.com/ar/2025/13-february-16-french-president-war-against-isis-must-continue,22736949,3 الأسبوع منذ,,
13.02.2025,الرئاسة السورية: الشرع تلقى اتصالا من رئيس وزراء كندا الذي أكد العمل على رفع العقوبات الاقتصادية عن سوريا,https://syria.liveuamap.com/ar/2025/13-february-16-syrian-presidency-alshara-received-a-call,22736941,3 الأسبوع منذ,,
13.02.2025,تركيا ترفع كافة القيود المفروضة على مرور البضائع السورية إلى أوروبا.,https://syria.liveuamap.com/ar/2025/13-february-16-trkiye-lifts-all-restrictions-on-the-passage,22736937,3 الأسبوع منذ,,
13.02.2025,وزير الخارجية الفرنسي: نعمل على رفع العقوبات عن سوريا,https://syria.liveuamap.com/ar/2025/13-february-14-french-foreign-minister-we-are-working-to,22736923,3 الأسبوع منذ,,
13.02.2025,استهدفت طائرات حربية تركية بعدة غارات جوية مواقع تابعة لقوات سوريا الديمقراطية في محيط قرية التينة شمال بلدة صرين.,https://syria.liveuamap.com/ar/2025/13-february-11-turkish-warplanes-targeted-several-airstrikes,22736872,3 الأسبوع منذ,,
13.02.2025,قالت الولايات المتحدة إن المساعدة في إدارة وتأمين المعسكرات في شمال شرق سوريا التي تضم سجناء مرتبطين بتنظيم الدولة الإسلامية لا يمكن أن تستمر إلى الأبد، ولا يمكن أن تظل المعسكرات مسؤولية مالية ة للولايات المتحدة، وتحث الدول على إعادة مواطنيها النازحين والمحتجزين في المنطقة.,https://syria.liveuamap.com/ar/2025/12-february-16-us-says-assistance-for-managing-and-securing,22736676,4 الأسبوع منذ,,
13.02.2025,، أفادت قراءة سورية للمكالمة أن بوتن هنأ الشرع على توليه الرئاسة. وأشار الشرع إلى العلاقة الاستراتيجية العميقة بين البلدين. وقال بوتن إنه مستعد لإعادة النظر في الاتفاقيات الموقعة بين موسكو والنظام السابق، وفقًا للقراءة. كما دعا بوتن وزير الخارجية السوري إلى موسكو,https://syria.liveuamap.com/ar/2025/12-february-15-now-syria-readout-of-call-says-putin-congratulated,22736672,4 الأسبوع منذ,,
13.02.2025,بوتين يجري محادثات مع أحمد الشرع - الكرملين,https://syria.liveuamap.com/ar/2025/12-february-13-putin-held-a-talks-with-ahmed-al-sharaa--kremlin,22736659,4 الأسبوع منذ,,
13.02.2025,المرصد_السوريتصعيد جوي تركي في ريف حلب.. مسيّرة تـ ـسـ ـتـ ـهـ ـدف سد_تشرين وغارة حربية تـ ـضـ ـرب جبال_القصق,https://syria.liveuamap.com/ar/2025/12-february-12-drone-targets-tishreen-dam-and-warplanes-raid,22736669,4 الأسبوع منذ,,
13.02.2025,"غارات تركية تستهدف مواقع ""قسد"" في جبال زور مغار والشيوخ شرقي حلب",https://syria.liveuamap.com/ar/2025/12-february-11-turkish-raids-target-sdf-sites-in-zor-maghar,22736633,4 الأسبوع منذ,,
13.02.2025,وزير الخارجية السوري: تجنبنا الحرب الطائفية والأهلية بعد سقوط نظام الأسد,https://syria.liveuamap.com/ar/2025/12-february-09-syrian-foreign-minister-we-avoided-sectarian,22736596,4 الأسبوع منذ,,
13.02.2025,الشيباني: الحكومة التي ستعلن في 1 آذار/مارس المقبل ستمثّل تنوّع الشعب السوري,https://syria.liveuamap.com/ar/2025/12-february-09-alshaibani-the-government-that-will-be-announced,22736595,4 الأسبوع منذ,,
13.02.2025,إعلام سوري عن مصادر: الانتهاء من تشكيل اللجنة التحضيرية لمؤتمر الحوار الوطني,https://syria.liveuamap.com/ar/2025/12-february-07-syrian-media-citing-sources-the-preparatory,22736556,4 الأسبوع منذ,,
13.02.2025,طائرات مسيرة تابعة للقوات المسلحة التركية تقصف أهدافاً لقوات سوريا الديمقراطية في قرية سيهلر غربي كوباني,https://syria.liveuamap.com/ar/2025/11-february-12-turkish-armed-forces-uavs-hit-sdf-targets,22736435,4 الأسبوع منذ,,
13.02.2025,أهالي مقاطعة الجزيرة يتوجهون إلى سد تشرين للمشاركة في الاحتجاجاتعرض المزيد (  وكالة أنباء هاوار ANHA    لحظة بلحظة عبر الواتس اب,https://syria.liveuamap.com/ar/2025/11-february-11-residents-of-aljazeera-canton-head-to-tishreen,22736433,4 الأسبوع منذ,,
13.02.2025,السلطات السورية لم تسمح لرتل عسكري روسي محمل بالصواريخ من قاعدة حميميم الجوية بالدخول إلى قاعدة طرطوس البحرية,https://syria.liveuamap.com/ar/2025/11-february-11-syrian-authorities-not-allowed-russian-military,22736424,4 الأسبوع منذ,,
13.02.2025,إذاعة الجيش الإسرائيلي: الوجود الإسرائيلي في سوريا لم يعد مؤقتا ويتم بناء 9 مواقع عسكرية بالمنطقة الأمنية,https://syria.liveuamap.com/ar/2025/11-february-10-israeli-army-radio-israeli-presence-in-syria,22736442,4 الأسبوع منذ,,
13.02.2025,طائرات حربية التركي تشن غارات جوية على جنوب كوبانيعرض المزيد,https://syria.liveuamap.com/ar/2025/10-february-20-turkish-warplanes-launch-airstrikes-on-southern,22736245,4 الأسبوع منذ,,
13.02.2025,طائرات بدون طيار تابعة للقوات المسلحة التركية تقصف أهدافاً لقوات سوريا الديمقراطية في محيط سد تشرين وجسر قره كوزاك شرقي منبج، ووقعت انفجارات متتالية في المنطقة,https://syria.liveuamap.com/ar/2025/10-february-19-turkish-armed-forces-uavs-are-hitting-sdf,22736209,4 الأسبوع منذ,,
13.02.2025,طائرات بدون طيار تابعة للقوات المسلحة التركية تقصف أهدافاً لقوات سوريا الديمقراطية في قرية بوكاك جنوب كوباني,https://syria.liveuamap.com/ar/2025/10-february-15-turkish-armed-forces-uavs-hit-sdf-targets,22736192,1 الشهر منذ,,
13.02.2025,إدارة أمن الحدود السورية تعلن سيطرتها الكاملة على الحدود السورية اللبنانية بعد اشتباكات مع عصـ.ـابات لتهريب الأسـ.ـلحة والمـ.ـخدرات,https://syria.liveuamap.com/ar/2025/10-february-11-the-syrian-border-security-administration,22736144,1 الشهر منذ,,
13.02.2025,أفاد مراسل درعا 24 نقلاً عن مصدر محلي، بوجود تحركات لقوات  الإسرائيلي المتمركزة على تل الأحمر الغربي في ريف محافظة القنيطرة. حيث شوهدت آليات وجرافات تنزل من التل، ويُرجح أن وجهتها هي قرية أبو غارة في المنطقة. أضاف المراسل أن الطيران الحربي الإسرائيلي يحلق بكثافة في…,https://syria.liveuamap.com/ar/2025/10-february-10-daraa-24-correspondent-reported-quoting-a,22736143,1 الشهر منذ,,
13.02.2025,وكالة الأنباء اللبنانية: الجيش اللبناني يستكمل اليوم انتشاره في المنطقة الحدودية الشمالية لمدينة الهرمل مع سوريا بعد انسحاب مقاتلي العشائر اللبنانيين,https://syria.liveuamap.com/ar/2025/10-february-10-lebanese-news-agency-the-lebanese-army-today,22736128,1 الشهر منذ,,
13.02.2025,الأمن العام يبدأ حملة أمنية تستهدف تجار السلاح والمخدرات في قرى دير قانون وكفير الزيت بريف دمشق,https://syria.liveuamap.com/ar/2025/10-february-10-public-security-launches-a-security-campaign,22736126,1 الشهر منذ,,
13.02.2025,"أعلن الجيش الإسرائيلي الأحد أن إسرائيل نفذت ""ضربة استخباراتية دقيقة على نفق تحت الأرض يمتد من الأراضي السورية إلى الأراضي اللبنانية كان يستخدمه حزب الله لتهريب الأسلحة في منطقة البقاع وتعرض للقصف في الماضي"".",https://israelpalestine.liveuamap.com/ar/2025/9-february-20-israel-conducted-a-precise-intelligencebased,22736011,1 الشهر منذ,,
13.02.2025,وكالة الأنباء اللبنانية: الجيش يرسل تعزيزات عسكرية إلى منطقة مشاريع القاع بعد تعرضها لاطلاق نار من الجانب السوري,https://syria.liveuamap.com/ar/2025/9-february-15-lebanese-news-agency-the-army-sends-military,22736008,1 الشهر منذ,,
13.02.2025,الجيش اللبناني: نفذنا تدابير أمنية على الحدود مع سوريا,https://syria.liveuamap.com/ar/2025/9-february-15-lebanese-army-we-have-implemented-security,22735942,1 الشهر منذ,,
14.02.2025,سوريا: مراسل  دوي 3 انفجارات في مطار خلخلة العسكري شمال السويداء جنوبي البلاد,https://syria.liveuamap.com/ar/2025/14-february-16-syria-correspondent-3-explosions-heard-at,22737197,3 الأسبوع منذ,,
14.02.2025,سماع دوي انفجار في محيط العاصمة السورية دمشق,https://syria.liveuamap.com/ar/2025/14-february-16-explosion-heard-in-the-vicinity-of-the-syrian,22737191,3 الأسبوع منذ,,
14.02.2025,nسوريا :nمسـ.ـؤول فرنسي رفيع: إسـ.ـرائيـ.ـل لم تتجاوب مع طلب فرنسي بالانسحاب من مناطق احـ.ـتلتها في سوريا مؤخرا بذريعة وجود مسـ.ـلحـ.ـين,https://syria.liveuamap.com/ar/2025/14-february-16-senior-french-official-israel-did-not-respond,22737193,3 الأسبوع منذ,,
14.02.2025,الخارجية الروسية: الاتصالات مع سوريا بشأن تواجدنا على أراضيها جارية,https://syria.liveuamap.com/ar/2025/14-february-14-russian-foreign-ministry-contacts-with-syria,22737176,3 الأسبوع منذ,,
14.02.2025,توترات جديدة في منطقة فحل القبو العلوية بريف حمص الغربي، حيث تم استهداف حاجزين لقوات الأمن الليلة الماضية، وفرض حظر تجوال وسط عمليات بحث متواصلة,https://syria.liveuamap.com/ar/2025/14-february-11-new-tensions-in-alawite-area-of-fahelqabu,22737152,3 الأسبوع منذ,,
14.02.2025,أردوغان: تركيا لن تسمح للمنظمات بالوجود شمالي سوريا,https://syria.liveuamap.com/ar/2025/14-february-11-erdogan-trkiye-will-not-allow-terrorist-organizations,22737158,3 الأسبوع منذ,,
14.02.2025,يقول البنك المركزي السوري إن شحنة من العملة المحلية وصلت من روسيا، حيث كانت تُطبع هناك لسنوات. وهي علامة على بناء الثقة بعد مكالمة هاتفية بين الشرع وبوتن. ولا يزال حجم الليرة السورية التي تم شحنها غير واضح. وقال المسؤولون إن بعضها كان قد تم طباعته بالفعل وينتظر الشحن عندما سقط الأسد.,https://syria.liveuamap.com/ar/2025/14-february-10-syrian-central-bank-says-a-shipment-of-local,22737121,3 الأسبوع منذ,,
14.02.2025,بيان مؤتمر باريس بشأن سوريا: دعم سيادة سوريا ووحدة أراضيها وفقا لميثاق الأمم المتحدة والقانون الدولي وقرارات مجلس الأمن,https://syria.liveuamap.com/ar/2025/13-february-19-statement-of-the-paris-conference-on-syria,22736965,3 الأسبوع منذ,,
14.02.2025,"ماكرون: يجب دمج ""قوات سوريا الديمقراطية"" في الجيش السوري",https://syria.liveuamap.com/ar/2025/13-february-16-macron-sdf-must-be-integrated-into-syrian,22736946,3 الأسبوع منذ,,
14.02.2025,"الرئيس الفرنسي: الحرب ضد ""داعش"" يجب أن تستمر",https://syria.liveuamap.com/ar/2025/13-february-16-french-president-war-against-isis-must-continue,22736949,3 الأسبوع منذ,,
14.02.2025,الرئاسة السورية: الشرع تلقى اتصالا من رئيس وزراء كندا الذي أكد العمل على رفع العقوبات الاقتصادية عن سوريا,https://syria.liveuamap.com/ar/2025/13-february-16-syrian-presidency-alshara-received-a-call,22736941,3 الأسبوع منذ,,
14.02.2025,تركيا ترفع كافة القيود المفروضة على مرور البضائع السورية إلى أوروبا.,https://syria.liveuamap.com/ar/2025/13-february-16-trkiye-lifts-all-restrictions-on-the-passage,22736937,3 الأسبوع منذ,,
14.02.2025,وزير الخارجية الفرنسي: نعمل على رفع العقوبات عن سوريا,https://syria.liveuamap.com/ar/2025/13-february-14-french-foreign-minister-we-are-working-to,22736923,3 الأسبوع منذ,,
14.02.2025,استهدفت طائرات حربية تركية بعدة غارات جوية مواقع تابعة لقوات سوريا الديمقراطية في محيط قرية التينة شمال بلدة صرين.,https://syria.liveuamap.com/ar/2025/13-february-11-turkish-warplanes-targeted-several-airstrikes,22736872,3 الأسبوع منذ,,
14.02.2025,قالت الولايات المتحدة إن المساعدة في إدارة وتأمين المعسكرات في شمال شرق سوريا التي تضم سجناء مرتبطين بتنظيم الدولة الإسلامية لا يمكن أن تستمر إلى الأبد، ولا يمكن أن تظل المعسكرات مسؤولية مالية ة للولايات المتحدة، وتحث الدول على إعادة مواطنيها النازحين والمحتجزين في المنطقة.,https://syria.liveuamap.com/ar/2025/12-february-16-us-says-assistance-for-managing-and-securing,22736676,4 الأسبوع منذ,,
14.02.2025,، أفادت قراءة سورية للمكالمة أن بوتن هنأ الشرع على توليه الرئاسة. وأشار الشرع إلى العلاقة الاستراتيجية العميقة بين البلدين. وقال بوتن إنه مستعد لإعادة النظر في الاتفاقيات الموقعة بين موسكو والنظام السابق، وفقًا للقراءة. كما دعا بوتن وزير الخارجية السوري إلى موسكو,https://syria.liveuamap.com/ar/2025/12-february-15-now-syria-readout-of-call-says-putin-congratulated,22736672,4 الأسبوع منذ,,
14.02.2025,بوتين يجري محادثات مع أحمد الشرع - الكرملين,https://syria.liveuamap.com/ar/2025/12-february-13-putin-held-a-talks-with-ahmed-al-sharaa--kremlin,22736659,4 الأسبوع منذ,,
14.02.2025,المرصد_السوريتصعيد جوي تركي في ريف حلب.. مسيّرة تـ ـسـ ـتـ ـهـ ـدف سد_تشرين وغارة حربية تـ ـضـ ـرب جبال_القصق,https://syria.liveuamap.com/ar/2025/12-february-12-drone-targets-tishreen-dam-and-warplanes-raid,22736669,4 الأسبوع منذ,,
14.02.2025,"غارات تركية تستهدف مواقع ""قسد"" في جبال زور مغار والشيوخ شرقي حلب",https://syria.liveuamap.com/ar/2025/12-february-11-turkish-raids-target-sdf-sites-in-zor-maghar,22736633,4 الأسبوع منذ,,
14.02.2025,وزير الخارجية السوري: تجنبنا الحرب الطائفية والأهلية بعد سقوط نظام الأسد,https://syria.liveuamap.com/ar/2025/12-february-09-syrian-foreign-minister-we-avoided-sectarian,22736596,4 الأسبوع منذ,,
14.02.2025,الشيباني: الحكومة التي ستعلن في 1 آذار/مارس المقبل ستمثّل تنوّع الشعب السوري,https://syria.liveuamap.com/ar/2025/12-february-09-alshaibani-the-government-that-will-be-announced,22736595,4 الأسبوع منذ,,
14.02.2025,إعلام سوري عن مصادر: الانتهاء من تشكيل اللجنة التحضيرية لمؤتمر الحوار الوطني,https://syria.liveuamap.com/ar/2025/12-february-07-syrian-media-citing-sources-the-preparatory,22736556,4 الأسبوع منذ,,
14.02.2025,طائرات مسيرة تابعة للقوات المسلحة التركية تقصف أهدافاً لقوات سوريا الديمقراطية في قرية سيهلر غربي كوباني,https://syria.liveuamap.com/ar/2025/11-february-12-turkish-armed-forces-uavs-hit-sdf-targets,22736435,4 الأسبوع منذ,,
14.02.2025,أهالي مقاطعة الجزيرة يتوجهون إلى سد تشرين للمشاركة في الاحتجاجاتعرض المزيد (  وكالة أنباء هاوار ANHA    لحظة بلحظة عبر الواتس اب,https://syria.liveuamap.com/ar/2025/11-february-11-residents-of-aljazeera-canton-head-to-tishreen,22736433,4 الأسبوع منذ,,
14.02.2025,السلطات السورية لم تسمح لرتل عسكري روسي محمل بالصواريخ من قاعدة حميميم الجوية بالدخول إلى قاعدة طرطوس البحرية,https://syria.liveuamap.com/ar/2025/11-february-11-syrian-authorities-not-allowed-russian-military,22736424,4 الأسبوع منذ,,
14.02.2025,إذاعة الجيش الإسرائيلي: الوجود الإسرائيلي في سوريا لم يعد مؤقتا ويتم بناء 9 مواقع عسكرية بالمنطقة الأمنية,https://syria.liveuamap.com/ar/2025/11-february-10-israeli-army-radio-israeli-presence-in-syria,22736442,4 الأسبوع منذ,,
14.02.2025,طائرات حربية التركي تشن غارات جوية على جنوب كوبانيعرض المزيد,https://syria.liveuamap.com/ar/2025/10-february-20-turkish-warplanes-launch-airstrikes-on-southern,22736245,4 الأسبوع منذ,,
14.02.2025,طائرات بدون طيار تابعة للقوات المسلحة التركية تقصف أهدافاً لقوات سوريا الديمقراطية في محيط سد تشرين وجسر قره كوزاك شرقي منبج، ووقعت انفجارات متتالية في المنطقة,https://syria.liveuamap.com/ar/2025/10-february-19-turkish-armed-forces-uavs-are-hitting-sdf,22736209,4 الأسبوع منذ,,
14.02.2025,طائرات بدون طيار تابعة للقوات المسلحة التركية تقصف أهدافاً لقوات سوريا الديمقراطية في قرية بوكاك جنوب كوباني,https://syria.liveuamap.com/ar/2025/10-february-15-turkish-armed-forces-uavs-hit-sdf-targets,22736192,1 الشهر منذ,,
14.02.2025,إدارة أمن الحدود السورية تعلن سيطرتها الكاملة على الحدود السورية اللبنانية بعد اشتباكات مع عصـ.ـابات لتهريب الأسـ.ـلحة والمـ.ـخدرات,https://syria.liveuamap.com/ar/2025/10-february-11-the-syrian-border-security-administration,22736144,1 الشهر منذ,,
15.02.2025,أحمد الشرع وصل إلى اللاذقية,https://syria.liveuamap.com/ar/2025/16-february-10-ahmed-al-shara-has-arrived-in-latakia,22737560,3 الأسبوع منذ,,
15.02.2025,"مراسل نهر_ميديا: نفّذ جهاز الأمن الداخلي حملة مداهمات، أمس، في حي ""هرابش"" بمدينة ديرالزور، أسفرت عن اعتقال ثلة من قياديي ميليشـ ـيا ""الدفـ ـاع الوطني"" وهم:1- خضر السنجار2- سليمان عزيز الشارع3- رشيد الفرج قـ ـائد قطاع الجفرة في الميليـ ـشيا",https://syria.liveuamap.com/ar/2025/16-february-09-nahr-media-correspondent-the-internal-security,22737580,3 الأسبوع منذ,,
15.02.2025,وزير الخارجية السوري أسعد الشيباني: الجولان أرض سورية ولا يحق لأحد أن يعطيها لأحد,https://syria.liveuamap.com/ar/2025/16-february-08-syrian-foreign-minister-asaad-alshaibani-the,22737562,3 الأسبوع منذ,,
15.02.2025,قُتل الصحفي الكردي السوري أغيد روج في غارة جوية تركية بالقرب من سد تشرين في منبج. يدين المدافعون عن حرية الصحافة الهجوم، ويحثون على حماية الصحفيين في مناطق الصراع,https://syria.liveuamap.com/ar/2025/15-february-20-syrian-kurdish-journalist-agid-roj-was-killed,22737397,3 الأسبوع منذ,,
15.02.2025,سوريا: مراسل  دوي 3 انفجارات في مطار خلخلة العسكري شمال السويداء جنوبي البلاد,https://syria.liveuamap.com/ar/2025/14-february-16-syria-correspondent-3-explosions-heard-at,22737197,3 الأسبوع منذ,,
15.02.2025,سماع دوي انفجار في محيط العاصمة السورية دمشق,https://syria.liveuamap.com/ar/2025/14-february-16-explosion-heard-in-the-vicinity-of-the-syrian,22737191,3 الأسبوع منذ,,
15.02.2025,nسوريا :nمسـ.ـؤول فرنسي رفيع: إسـ.ـرائيـ.ـل لم تتجاوب مع طلب فرنسي بالانسحاب من مناطق احـ.ـتلتها في سوريا مؤخرا بذريعة وجود مسـ.ـلحـ.ـين,https://syria.liveuamap.com/ar/2025/14-february-16-senior-french-official-israel-did-not-respond,22737193,3 الأسبوع منذ,,
15.02.2025,الخارجية الروسية: الاتصالات مع سوريا بشأن تواجدنا على أراضيها جارية,https://syria.liveuamap.com/ar/2025/14-february-14-russian-foreign-ministry-contacts-with-syria,22737176,3 الأسبوع منذ,,
15.02.2025,توترات جديدة في منطقة فحل القبو العلوية بريف حمص الغربي، حيث تم استهداف حاجزين لقوات الأمن الليلة الماضية، وفرض حظر تجوال وسط عمليات بحث متواصلة,https://syria.liveuamap.com/ar/2025/14-february-11-new-tensions-in-alawite-area-of-fahelqabu,22737152,3 الأسبوع منذ,,
15.02.2025,أردوغان: تركيا لن تسمح للمنظمات بالوجود شمالي سوريا,https://syria.liveuamap.com/ar/2025/14-february-11-erdogan-trkiye-will-not-allow-terrorist-organizations,22737158,3 الأسبوع منذ,,
15.02.2025,يقول البنك المركزي السوري إن شحنة من العملة المحلية وصلت من روسيا، حيث كانت تُطبع هناك لسنوات. وهي علامة على بناء الثقة بعد مكالمة هاتفية بين الشرع وبوتن. ولا يزال حجم الليرة السورية التي تم شحنها غير واضح. وقال المسؤولون إن بعضها كان قد تم طباعته بالفعل وينتظر الشحن عندما سقط الأسد.,https://syria.liveuamap.com/ar/2025/14-february-10-syrian-central-bank-says-a-shipment-of-local,22737121,3 الأسبوع منذ,,
15.02.2025,بيان مؤتمر باريس بشأن سوريا: دعم سيادة سوريا ووحدة أراضيها وفقا لميثاق الأمم المتحدة والقانون الدولي وقرارات مجلس الأمن,https://syria.liveuamap.com/ar/2025/13-february-19-statement-of-the-paris-conference-on-syria,22736965,3 الأسبوع منذ,,
15.02.2025,"ماكرون: يجب دمج ""قوات سوريا الديمقراطية"" في الجيش السوري",https://syria.liveuamap.com/ar/2025/13-february-16-macron-sdf-must-be-integrated-into-syrian,22736946,3 الأسبوع منذ,,
15.02.2025,"الرئيس الفرنسي: الحرب ضد ""داعش"" يجب أن تستمر",https://syria.liveuamap.com/ar/2025/13-february-16-french-president-war-against-isis-must-continue,22736949,3 الأسبوع منذ,,
15.02.2025,الرئاسة السورية: الشرع تلقى اتصالا من رئيس وزراء كندا الذي أكد العمل على رفع العقوبات الاقتصادية عن سوريا,https://syria.liveuamap.com/ar/2025/13-february-16-syrian-presidency-alshara-received-a-call,22736941,3 الأسبوع منذ,,
15.02.2025,تركيا ترفع كافة القيود المفروضة على مرور البضائع السورية إلى أوروبا.,https://syria.liveuamap.com/ar/2025/13-february-16-trkiye-lifts-all-restrictions-on-the-passage,22736937,3 الأسبوع منذ,,
15.02.2025,وزير الخارجية الفرنسي: نعمل على رفع العقوبات عن سوريا,https://syria.liveuamap.com/ar/2025/13-february-14-french-foreign-minister-we-are-working-to,22736923,3 الأسبوع منذ,,
15.02.2025,استهدفت طائرات حربية تركية بعدة غارات جوية مواقع تابعة لقوات سوريا الديمقراطية في محيط قرية التينة شمال بلدة صرين.,https://syria.liveuamap.com/ar/2025/13-february-11-turkish-warplanes-targeted-several-airstrikes,22736872,3 الأسبوع منذ,,
15.02.2025,قالت الولايات المتحدة إن المساعدة في إدارة وتأمين المعسكرات في شمال شرق سوريا التي تضم سجناء مرتبطين بتنظيم الدولة الإسلامية لا يمكن أن تستمر إلى الأبد، ولا يمكن أن تظل المعسكرات مسؤولية مالية ة للولايات المتحدة، وتحث الدول على إعادة مواطنيها النازحين والمحتجزين في المنطقة.,https://syria.liveuamap.com/ar/2025/12-february-16-us-says-assistance-for-managing-and-securing,22736676,4 الأسبوع منذ,,
15.02.2025,، أفادت قراءة سورية للمكالمة أن بوتن هنأ الشرع على توليه الرئاسة. وأشار الشرع إلى العلاقة الاستراتيجية العميقة بين البلدين. وقال بوتن إنه مستعد لإعادة النظر في الاتفاقيات الموقعة بين موسكو والنظام السابق، وفقًا للقراءة. كما دعا بوتن وزير الخارجية السوري إلى موسكو,https://syria.liveuamap.com/ar/2025/12-february-15-now-syria-readout-of-call-says-putin-congratulated,22736672,4 الأسبوع منذ,,
15.02.2025,بوتين يجري محادثات مع أحمد الشرع - الكرملين,https://syria.liveuamap.com/ar/2025/12-february-13-putin-held-a-talks-with-ahmed-al-sharaa--kremlin,22736659,4 الأسبوع منذ,,
15.02.2025,المرصد_السوريتصعيد جوي تركي في ريف حلب.. مسيّرة تـ ـسـ ـتـ ـهـ ـدف سد_تشرين وغارة حربية تـ ـضـ ـرب جبال_القصق,https://syria.liveuamap.com/ar/2025/12-february-12-drone-targets-tishreen-dam-and-warplanes-raid,22736669,4 الأسبوع منذ,,
15.02.2025,"غارات تركية تستهدف مواقع ""قسد"" في جبال زور مغار والشيوخ شرقي حلب",https://syria.liveuamap.com/ar/2025/12-february-11-turkish-raids-target-sdf-sites-in-zor-maghar,22736633,4 الأسبوع منذ,,
15.02.2025,وزير الخارجية السوري: تجنبنا الحرب الطائفية والأهلية بعد سقوط نظام الأسد,https://syria.liveuamap.com/ar/2025/12-february-09-syrian-foreign-minister-we-avoided-sectarian,22736596,4 الأسبوع منذ,,
15.02.2025,الشيباني: الحكومة التي ستعلن في 1 آذار/مارس المقبل ستمثّل تنوّع الشعب السوري,https://syria.liveuamap.com/ar/2025/12-february-09-alshaibani-the-government-that-will-be-announced,22736595,4 الأسبوع منذ,,
15.02.2025,إعلام سوري عن مصادر: الانتهاء من تشكيل اللجنة التحضيرية لمؤتمر الحوار الوطني,https://syria.liveuamap.com/ar/2025/12-february-07-syrian-media-citing-sources-the-preparatory,22736556,4 الأسبوع منذ,,
15.02.2025,طائرات مسيرة تابعة للقوات المسلحة التركية تقصف أهدافاً لقوات سوريا الديمقراطية في قرية سيهلر غربي كوباني,https://syria.liveuamap.com/ar/2025/11-february-12-turkish-armed-forces-uavs-hit-sdf-targets,22736435,4 الأسبوع منذ,,
15.02.2025,أهالي مقاطعة الجزيرة يتوجهون إلى سد تشرين للمشاركة في الاحتجاجاتعرض المزيد (  وكالة أنباء هاوار ANHA    لحظة بلحظة عبر الواتس اب,https://syria.liveuamap.com/ar/2025/11-february-11-residents-of-aljazeera-canton-head-to-tishreen,22736433,4 الأسبوع منذ,,
15.02.2025,السلطات السورية لم تسمح لرتل عسكري روسي محمل بالصواريخ من قاعدة حميميم الجوية بالدخول إلى قاعدة طرطوس البحرية,https://syria.liveuamap.com/ar/2025/11-february-11-syrian-authorities-not-allowed-russian-military,22736424,4 الأسبوع منذ,,
15.02.2025,إذاعة الجيش الإسرائيلي: الوجود الإسرائيلي في سوريا لم يعد مؤقتا ويتم بناء 9 مواقع عسكرية بالمنطقة الأمنية,https://syria.liveuamap.com/ar/2025/11-february-10-israeli-army-radio-israeli-presence-in-syria,22736442,4 الأسبوع منذ,,
16.02.2025,الرئيس اللبناني: التواصل قائم مع دمشق لمعالجة قضية الموقوفين السوريين بلبنان,https://lebanon.liveuamap.com/ar/2025/17-february-10-lebanese-president-communication-with-damascus,22737824,3 الأسبوع منذ,,
16.02.2025,قوات القيادة المركزية الأمريكية تقتل عنصرا بارزا في تنظيم حراس الدين التابع لتنظيم القاعدة: في 15 فبراير، نفذت قوات القيادة المركزية الأمريكية (CENTCOM) غارة جوية دقيقة في شمال غرب سوريا استهدفت وقتلت مسؤولا كبيرا في المالية واللوجستيات في منظمة حراس الدين الإرهابية، التابعة لتنظيم القاعدة.,https://syria.liveuamap.com/ar/2025/16-february-22-centcom-forces-kill-senior-operative-of-alqaeda,22737724,3 الأسبوع منذ,,
16.02.2025,أنباء عن غارة جوية تركية على صرين (جنوب كوباني),https://syria.liveuamap.com/ar/2025/16-february-16-turkish-airstrike-on-sarrin-south-of-kobane,22737638,3 الأسبوع منذ,,
16.02.2025,غارة تركية تستهدف موقعا لقسد قرب نهر الفرات شرقي مدينة جرابلس في ريف حلب الشرقي,https://syria.liveuamap.com/ar/2025/16-february-16-a-turkish-raid-targets-a-sdf-site-near-the,22737640,3 الأسبوع منذ,,
16.02.2025,وكالة الأنباء القطرية: التوقيع على مذكرة تفاهم بين قطر وسوريا لزيادة حقوق النقل في مجال الطيران المدني,https://syria.liveuamap.com/ar/2025/16-february-14-qatar-news-agency-signing-of-a-memorandum,22737617,3 الأسبوع منذ,,
16.02.2025,طائرات حربية تركية تقصف أهدافاً لقوات سوريا الديمقراطية في قرية شيوخ غرب كوباني,https://syria.liveuamap.com/ar/2025/16-february-13-turkish-warplanes-hit-sdf-targets-in-the-village,22737602,3 الأسبوع منذ,,
16.02.2025,nطرطوس : nالرئيس أحمد الشرع يصل إلى مدينة طرطوس,https://syria.liveuamap.com/ar/2025/16-february-13-ahmed-alsharaa-continues-his-trip-around-regions,22737599,3 الأسبوع منذ,,
16.02.2025,جنوب سوريا: عمليات النهب في مطار خلخلة (شمال السويداء) خارجة عن السيطرة، الناس ينهبون كل شيء: الطائرات الحربية والذخائر وحتى الكابلات (للنحاس) ويحفرون الخنادق,https://syria.liveuamap.com/ar/2025/16-february-11-south-syria-looting-in-khalkhalah-airbase,22737578,3 الأسبوع منذ,,
16.02.2025,وزير الدفاع الهولندي: ٦ سفن روسية عبرت بحر الشمال في طريقها من سوريا إلى روسيا,https://syria.liveuamap.com/ar/2025/16-february-11-dutch-defense-minister-6-russian-ships-crossed,22737577,3 الأسبوع منذ,,
16.02.2025,أحمد الشرع وصل إلى اللاذقية,https://syria.liveuamap.com/ar/2025/16-february-10-ahmed-al-shara-has-arrived-in-latakia,22737560,3 الأسبوع منذ,,
16.02.2025,"مراسل نهر_ميديا: نفّذ جهاز الأمن الداخلي حملة مداهمات، أمس، في حي ""هرابش"" بمدينة ديرالزور، أسفرت عن اعتقال ثلة من قياديي ميليشـ ـيا ""الدفـ ـاع الوطني"" وهم:1- خضر السنجار2- سليمان عزيز الشارع3- رشيد الفرج قـ ـائد قطاع الجفرة في الميليـ ـشيا",https://syria.liveuamap.com/ar/2025/16-february-09-nahr-media-correspondent-the-internal-security,22737580,3 الأسبوع منذ,,
16.02.2025,وزير الخارجية السوري أسعد الشيباني: الجولان أرض سورية ولا يحق لأحد أن يعطيها لأحد,https://syria.liveuamap.com/ar/2025/16-february-08-syrian-foreign-minister-asaad-alshaibani-the,22737562,3 الأسبوع منذ,,
16.02.2025,قُتل الصحفي الكردي السوري أغيد روج في غارة جوية تركية بالقرب من سد تشرين في منبج. يدين المدافعون عن حرية الصحافة الهجوم، ويحثون على حماية الصحفيين في مناطق الصراع,https://syria.liveuamap.com/ar/2025/15-february-20-syrian-kurdish-journalist-agid-roj-was-killed,22737397,3 الأسبوع منذ,,
16.02.2025,سوريا: مراسل  دوي 3 انفجارات في مطار خلخلة العسكري شمال السويداء جنوبي البلاد,https://syria.liveuamap.com/ar/2025/14-february-16-syria-correspondent-3-explosions-heard-at,22737197,3 الأسبوع منذ,,
16.02.2025,سماع دوي انفجار في محيط العاصمة السورية دمشق,https://syria.liveuamap.com/ar/2025/14-february-16-explosion-heard-in-the-vicinity-of-the-syrian,22737191,3 الأسبوع منذ,,
16.02.2025,nسوريا :nمسـ.ـؤول فرنسي رفيع: إسـ.ـرائيـ.ـل لم تتجاوب مع طلب فرنسي بالانسحاب من مناطق احـ.ـتلتها في سوريا مؤخرا بذريعة وجود مسـ.ـلحـ.ـين,https://syria.liveuamap.com/ar/2025/14-february-16-senior-french-official-israel-did-not-respond,22737193,3 الأسبوع منذ,,
16.02.2025,الخارجية الروسية: الاتصالات مع سوريا بشأن تواجدنا على أراضيها جارية,https://syria.liveuamap.com/ar/2025/14-february-14-russian-foreign-ministry-contacts-with-syria,22737176,3 الأسبوع منذ,,
16.02.2025,توترات جديدة في منطقة فحل القبو العلوية بريف حمص الغربي، حيث تم استهداف حاجزين لقوات الأمن الليلة الماضية، وفرض حظر تجوال وسط عمليات بحث متواصلة,https://syria.liveuamap.com/ar/2025/14-february-11-new-tensions-in-alawite-area-of-fahelqabu,22737152,3 الأسبوع منذ,,
16.02.2025,أردوغان: تركيا لن تسمح للمنظمات بالوجود شمالي سوريا,https://syria.liveuamap.com/ar/2025/14-february-11-erdogan-trkiye-will-not-allow-terrorist-organizations,22737158,3 الأسبوع منذ,,
16.02.2025,يقول البنك المركزي السوري إن شحنة من العملة المحلية وصلت من روسيا، حيث كانت تُطبع هناك لسنوات. وهي علامة على بناء الثقة بعد مكالمة هاتفية بين الشرع وبوتن. ولا يزال حجم الليرة السورية التي تم شحنها غير واضح. وقال المسؤولون إن بعضها كان قد تم طباعته بالفعل وينتظر الشحن عندما سقط الأسد.,https://syria.liveuamap.com/ar/2025/14-february-10-syrian-central-bank-says-a-shipment-of-local,22737121,3 الأسبوع منذ,,
16.02.2025,بيان مؤتمر باريس بشأن سوريا: دعم سيادة سوريا ووحدة أراضيها وفقا لميثاق الأمم المتحدة والقانون الدولي وقرارات مجلس الأمن,https://syria.liveuamap.com/ar/2025/13-february-19-statement-of-the-paris-conference-on-syria,22736965,3 الأسبوع منذ,,
16.02.2025,"ماكرون: يجب دمج ""قوات سوريا الديمقراطية"" في الجيش السوري",https://syria.liveuamap.com/ar/2025/13-february-16-macron-sdf-must-be-integrated-into-syrian,22736946,3 الأسبوع منذ,,
16.02.2025,"الرئيس الفرنسي: الحرب ضد ""داعش"" يجب أن تستمر",https://syria.liveuamap.com/ar/2025/13-february-16-french-president-war-against-isis-must-continue,22736949,3 الأسبوع منذ,,
16.02.2025,الرئاسة السورية: الشرع تلقى اتصالا من رئيس وزراء كندا الذي أكد العمل على رفع العقوبات الاقتصادية عن سوريا,https://syria.liveuamap.com/ar/2025/13-february-16-syrian-presidency-alshara-received-a-call,22736941,3 الأسبوع منذ,,
16.02.2025,تركيا ترفع كافة القيود المفروضة على مرور البضائع السورية إلى أوروبا.,https://syria.liveuamap.com/ar/2025/13-february-16-trkiye-lifts-all-restrictions-on-the-passage,22736937,3 الأسبوع منذ,,
16.02.2025,وزير الخارجية الفرنسي: نعمل على رفع العقوبات عن سوريا,https://syria.liveuamap.com/ar/2025/13-february-14-french-foreign-minister-we-are-working-to,22736923,3 الأسبوع منذ,,
16.02.2025,استهدفت طائرات حربية تركية بعدة غارات جوية مواقع تابعة لقوات سوريا الديمقراطية في محيط قرية التينة شمال بلدة صرين.,https://syria.liveuamap.com/ar/2025/13-february-11-turkish-warplanes-targeted-several-airstrikes,22736872,3 الأسبوع منذ,,
16.02.2025,قالت الولايات المتحدة إن المساعدة في إدارة وتأمين المعسكرات في شمال شرق سوريا التي تضم سجناء مرتبطين بتنظيم الدولة الإسلامية لا يمكن أن تستمر إلى الأبد، ولا يمكن أن تظل المعسكرات مسؤولية مالية ة للولايات المتحدة، وتحث الدول على إعادة مواطنيها النازحين والمحتجزين في المنطقة.,https://syria.liveuamap.com/ar/2025/12-february-16-us-says-assistance-for-managing-and-securing,22736676,4 الأسبوع منذ,,
16.02.2025,، أفادت قراءة سورية للمكالمة أن بوتن هنأ الشرع على توليه الرئاسة. وأشار الشرع إلى العلاقة الاستراتيجية العميقة بين البلدين. وقال بوتن إنه مستعد لإعادة النظر في الاتفاقيات الموقعة بين موسكو والنظام السابق، وفقًا للقراءة. كما دعا بوتن وزير الخارجية السوري إلى موسكو,https://syria.liveuamap.com/ar/2025/12-february-15-now-syria-readout-of-call-says-putin-congratulated,22736672,4 الأسبوع منذ,,
16.02.2025,بوتين يجري محادثات مع أحمد الشرع - الكرملين,https://syria.liveuamap.com/ar/2025/12-february-13-putin-held-a-talks-with-ahmed-al-sharaa--kremlin,22736659,4 الأسبوع منذ,,
17.02.2025,"ملخص اجتماع ""قسد"" و""مسد"": دمج المؤسسات العسكرية والأمنية: الاتفاق على دمج قسد والأجهزة الأمنية التابعة للإدارة الذاتية في هيكلية الجيش السوري لتوحيد الجهود وتعزيز القوة الوطنية. إعادة تفعيل المؤسسات المدنية: اتفق المشاركون على إعادة تأهيل المؤسسات المدنية والخدمية التابعة للدولة في شمال وشرق سوريا لضمان توفير الخدمات الأساسية وتحسين مستويات المعيشة. انسحاب المقاتلين الأجانب: التأكيد على ضرورة انسحاب جميع المقاتلين غير السوريين من قسد والمناطق الشمالية والشرقية من سوريا لتعزيز السيادة الوطنية والاستقرار. تعزيز التنسيق مع الحكومة السورية: الاتفاق على تكثيف اللقاءات والتنسيق مع الحكومة السورية في دمشق لتعزيز التعاون في القضايا الوطنية.",https://syria.liveuamap.com/ar/2025/18-february-09-summary-of-the-sdf-and-sdc-meeting-integration,22738084,3 الأسبوع منذ,,
17.02.2025,جبلة: الأصوات التي سمعت هي لتصدي لأهداف في سماء مطار حميميم والقرى المجاورة,https://syria.liveuamap.com/ar/2025/18-february-00-jableh-the-sounds-heard-were-of-targeting,22738010,3 الأسبوع منذ,,
17.02.2025,قائد قوات سوريا الديمقراطية: منفتحون لإخراج المقاتلين الأجانب وتسليم الملف الأمني بما في ذلك ما تعلق بتنظيم داعش للحكومة السورية,https://syria.liveuamap.com/ar/2025/17-february-17-sdf-commander-we-are-open-to-removing-foreign,22737913,3 الأسبوع منذ,,
17.02.2025,الطيران الحربي التركي يشن عدة غارات جوية تستهدف مواقع ميليشيا قسد  شرق عين عيسى بريف الرقة شمال سوريا,https://syria.liveuamap.com/ar/2025/17-february-15-turkish-warplanes-launch-several-airstrikes,22737896,3 الأسبوع منذ,,
17.02.2025,طائرة حربية تركية تشن غارة جوية على تجمع عسكري لميليشيات قسد بالقرب من بلدة عين عيسى في ريف الرقة الشمالي.الرقة سوريا,https://syria.liveuamap.com/ar/2025/17-february-11-a-turkish-warplane-launches-an-airstrike-on,22737862,3 الأسبوع منذ,,
17.02.2025,"الدفاع المدني: قصف صاروخي من ""قسد"" يستهدف بلدة الخفسة في ريف منبج شرقي حلب",https://syria.liveuamap.com/ar/2025/17-february-11-civil-defense-sdf-missile-attack-targets-alkhafsa,22737855,3 الأسبوع منذ,,
17.02.2025,جيش  الإسرائيلي يتوغل في بلدة الأصبح بريف القنيطرة الجنوبي,https://syria.liveuamap.com/ar/2025/17-february-11-the-israeli-army-penetrates-the-town-of-alasbah,22737856,3 الأسبوع منذ,,
17.02.2025,الرئيس اللبناني: التواصل قائم مع دمشق لمعالجة قضية الموقوفين السوريين بلبنان,https://lebanon.liveuamap.com/ar/2025/17-february-10-lebanese-president-communication-with-damascus,22737824,3 الأسبوع منذ,,
17.02.2025,قوات القيادة المركزية الأمريكية تقتل عنصرا بارزا في تنظيم حراس الدين التابع لتنظيم القاعدة: في 15 فبراير، نفذت قوات القيادة المركزية الأمريكية (CENTCOM) غارة جوية دقيقة في شمال غرب سوريا استهدفت وقتلت مسؤولا كبيرا في المالية واللوجستيات في منظمة حراس الدين الإرهابية، التابعة لتنظيم القاعدة.,https://syria.liveuamap.com/ar/2025/16-february-22-centcom-forces-kill-senior-operative-of-alqaeda,22737724,3 الأسبوع منذ,,
17.02.2025,أنباء عن غارة جوية تركية على صرين (جنوب كوباني),https://syria.liveuamap.com/ar/2025/16-february-16-turkish-airstrike-on-sarrin-south-of-kobane,22737638,3 الأسبوع منذ,,
17.02.2025,غارة تركية تستهدف موقعا لقسد قرب نهر الفرات شرقي مدينة جرابلس في ريف حلب الشرقي,https://syria.liveuamap.com/ar/2025/16-february-16-a-turkish-raid-targets-a-sdf-site-near-the,22737640,3 الأسبوع منذ,,
17.02.2025,وكالة الأنباء القطرية: التوقيع على مذكرة تفاهم بين قطر وسوريا لزيادة حقوق النقل في مجال الطيران المدني,https://syria.liveuamap.com/ar/2025/16-february-14-qatar-news-agency-signing-of-a-memorandum,22737617,3 الأسبوع منذ,,
17.02.2025,طائرات حربية تركية تقصف أهدافاً لقوات سوريا الديمقراطية في قرية شيوخ غرب كوباني,https://syria.liveuamap.com/ar/2025/16-february-13-turkish-warplanes-hit-sdf-targets-in-the-village,22737602,3 الأسبوع منذ,,
17.02.2025,nطرطوس : nالرئيس أحمد الشرع يصل إلى مدينة طرطوس,https://syria.liveuamap.com/ar/2025/16-february-13-ahmed-alsharaa-continues-his-trip-around-regions,22737599,3 الأسبوع منذ,,
17.02.2025,جنوب سوريا: عمليات النهب في مطار خلخلة (شمال السويداء) خارجة عن السيطرة، الناس ينهبون كل شيء: الطائرات الحربية والذخائر وحتى الكابلات (للنحاس) ويحفرون الخنادق,https://syria.liveuamap.com/ar/2025/16-february-11-south-syria-looting-in-khalkhalah-airbase,22737578,3 الأسبوع منذ,,
17.02.2025,وزير الدفاع الهولندي: ٦ سفن روسية عبرت بحر الشمال في طريقها من سوريا إلى روسيا,https://syria.liveuamap.com/ar/2025/16-february-11-dutch-defense-minister-6-russian-ships-crossed,22737577,3 الأسبوع منذ,,
17.02.2025,أحمد الشرع وصل إلى اللاذقية,https://syria.liveuamap.com/ar/2025/16-february-10-ahmed-al-shara-has-arrived-in-latakia,22737560,3 الأسبوع منذ,,
17.02.2025,"مراسل نهر_ميديا: نفّذ جهاز الأمن الداخلي حملة مداهمات، أمس، في حي ""هرابش"" بمدينة ديرالزور، أسفرت عن اعتقال ثلة من قياديي ميليشـ ـيا ""الدفـ ـاع الوطني"" وهم:1- خضر السنجار2- سليمان عزيز الشارع3- رشيد الفرج قـ ـائد قطاع الجفرة في الميليـ ـشيا",https://syria.liveuamap.com/ar/2025/16-february-09-nahr-media-correspondent-the-internal-security,22737580,3 الأسبوع منذ,,
17.02.2025,وزير الخارجية السوري أسعد الشيباني: الجولان أرض سورية ولا يحق لأحد أن يعطيها لأحد,https://syria.liveuamap.com/ar/2025/16-february-08-syrian-foreign-minister-asaad-alshaibani-the,22737562,3 الأسبوع منذ,,
17.02.2025,قُتل الصحفي الكردي السوري أغيد روج في غارة جوية تركية بالقرب من سد تشرين في منبج. يدين المدافعون عن حرية الصحافة الهجوم، ويحثون على حماية الصحفيين في مناطق الصراع,https://syria.liveuamap.com/ar/2025/15-february-20-syrian-kurdish-journalist-agid-roj-was-killed,22737397,3 الأسبوع منذ,,
17.02.2025,سوريا: مراسل  دوي 3 انفجارات في مطار خلخلة العسكري شمال السويداء جنوبي البلاد,https://syria.liveuamap.com/ar/2025/14-february-16-syria-correspondent-3-explosions-heard-at,22737197,3 الأسبوع منذ,,
17.02.2025,سماع دوي انفجار في محيط العاصمة السورية دمشق,https://syria.liveuamap.com/ar/2025/14-february-16-explosion-heard-in-the-vicinity-of-the-syrian,22737191,3 الأسبوع منذ,,
17.02.2025,nسوريا :nمسـ.ـؤول فرنسي رفيع: إسـ.ـرائيـ.ـل لم تتجاوب مع طلب فرنسي بالانسحاب من مناطق احـ.ـتلتها في سوريا مؤخرا بذريعة وجود مسـ.ـلحـ.ـين,https://syria.liveuamap.com/ar/2025/14-february-16-senior-french-official-israel-did-not-respond,22737193,3 الأسبوع منذ,,
17.02.2025,الخارجية الروسية: الاتصالات مع سوريا بشأن تواجدنا على أراضيها جارية,https://syria.liveuamap.com/ar/2025/14-february-14-russian-foreign-ministry-contacts-with-syria,22737176,3 الأسبوع منذ,,
17.02.2025,توترات جديدة في منطقة فحل القبو العلوية بريف حمص الغربي، حيث تم استهداف حاجزين لقوات الأمن الليلة الماضية، وفرض حظر تجوال وسط عمليات بحث متواصلة,https://syria.liveuamap.com/ar/2025/14-february-11-new-tensions-in-alawite-area-of-fahelqabu,22737152,3 الأسبوع منذ,,
17.02.2025,أردوغان: تركيا لن تسمح للمنظمات بالوجود شمالي سوريا,https://syria.liveuamap.com/ar/2025/14-february-11-erdogan-trkiye-will-not-allow-terrorist-organizations,22737158,3 الأسبوع منذ,,
17.02.2025,يقول البنك المركزي السوري إن شحنة من العملة المحلية وصلت من روسيا، حيث كانت تُطبع هناك لسنوات. وهي علامة على بناء الثقة بعد مكالمة هاتفية بين الشرع وبوتن. ولا يزال حجم الليرة السورية التي تم شحنها غير واضح. وقال المسؤولون إن بعضها كان قد تم طباعته بالفعل وينتظر الشحن عندما سقط الأسد.,https://syria.liveuamap.com/ar/2025/14-february-10-syrian-central-bank-says-a-shipment-of-local,22737121,3 الأسبوع منذ,,
17.02.2025,بيان مؤتمر باريس بشأن سوريا: دعم سيادة سوريا ووحدة أراضيها وفقا لميثاق الأمم المتحدة والقانون الدولي وقرارات مجلس الأمن,https://syria.liveuamap.com/ar/2025/13-february-19-statement-of-the-paris-conference-on-syria,22736965,3 الأسبوع منذ,,
17.02.2025,"ماكرون: يجب دمج ""قوات سوريا الديمقراطية"" في الجيش السوري",https://syria.liveuamap.com/ar/2025/13-february-16-macron-sdf-must-be-integrated-into-syrian,22736946,3 الأسبوع منذ,,
17.02.2025,"الرئيس الفرنسي: الحرب ضد ""داعش"" يجب أن تستمر",https://syria.liveuamap.com/ar/2025/13-february-16-french-president-war-against-isis-must-continue,22736949,3 الأسبوع منذ,,
18.02.2025,شنت الطائرات الإسرائيلية غارات على أهداف عسكرية في منطقة سعسع جنوبي سوريا فيما قصفت مدفعيا مناطق سكنية في درعا، مما تسبب في أضرار بالبنى التحتية,https://syria.liveuamap.com/ar/2025/19-february-09-israeli-aircraft-launched-raids-on-military,22738314,3 الأسبوع منذ,,
18.02.2025,ديرالزورقسد تعتقل أربعة أشخاص في قرية الجرذي الشرقياعتقلت دورية تابعة (قسد) أربعة أشخاص من قرية الجرذي الشرقي بريف دير الزور الشرقي، دون توضيح أسباب الاعتقال. وأفادت مصادر محلية بأن العملية جاءت ضمن حملة مداهمات نفذتها القوات في المنطقة,https://syria.liveuamap.com/ar/2025/19-february-09-sdf-arrests-four-people-in-the-village-of,22738315,3 الأسبوع منذ,,
18.02.2025,الجيش الإسرائيلي: دمرنا أسلحة تابعة للنظام السوري السابق في جنوب سوريا,https://syria.liveuamap.com/ar/2025/18-february-21-israeli-army-we-destroyed-weapons-belonging,22738211,3 الأسبوع منذ,,
18.02.2025,قصف مدفعي من جيش  الإسرائيلي يستهدف وادي اليرموك غربي درعا,https://syria.liveuamap.com/ar/2025/18-february-18-israeli-artillery-shelling-targets-yarmouk,22738145,3 الأسبوع منذ,,
18.02.2025,القوات المسلحة التركية تقصف أهدافاً لقوات سوريا الديمقراطية على خط عين عيسى بنيران المدفعية,https://syria.liveuamap.com/ar/2025/18-february-12-the-turkish-armed-forces-hit-the-sdf-targets,22738125,3 الأسبوع منذ,,
18.02.2025,"شنّ طيـ ـران حـ ـربي تركي 3 غارات، قبل قليل، على نقاط تمركز قسد في منطقة ""زور مغار"" على نهر الفرات في الجهة المقابلة لمدينة جرابلس شرق حلب، ما أسفر عن تدمير منصـ ـات إطـ ـلاق صـ ـواريخ وأنفاق. نهر_ميديا",https://syria.liveuamap.com/ar/2025/18-february-12-a-short-while-ago-turkish-warplanes-launched,22738120,3 الأسبوع منذ,,
18.02.2025,"غارة جوية للطيران المسير التركي استهدفت ميليشيا «قسد» في قرية ""سيف علي"" شرقي بلدة الشيوخ جنوب غربي مدينة عين العرب/كوباني",https://syria.liveuamap.com/ar/2025/18-february-11-a-turkish-drone-airstrike-targeted-the-sdf,22738126,3 الأسبوع منذ,,
18.02.2025,مجموعة من الصحفيين والناشطين الحقوقيين ينفذون وقفة احتجاجية في مدينة القامشلي شمال شرقي سوريا احتجاجاً على اعتداءات تركيا وفصائل الجيش الوطني السوري على الصحفيين,https://syria.liveuamap.com/ar/2025/18-february-11-a-group-of-journalists-and-rights-activists,22738113,3 الأسبوع منذ,,
18.02.2025,"ملخص اجتماع ""قسد"" و""مسد"": دمج المؤسسات العسكرية والأمنية: الاتفاق على دمج قسد والأجهزة الأمنية التابعة للإدارة الذاتية في هيكلية الجيش السوري لتوحيد الجهود وتعزيز القوة الوطنية. إعادة تفعيل المؤسسات المدنية: اتفق المشاركون على إعادة تأهيل المؤسسات المدنية والخدمية التابعة للدولة في شمال وشرق سوريا لضمان توفير الخدمات الأساسية وتحسين مستويات المعيشة. انسحاب المقاتلين الأجانب: التأكيد على ضرورة انسحاب جميع المقاتلين غير السوريين من قسد والمناطق الشمالية والشرقية من سوريا لتعزيز السيادة الوطنية والاستقرار. تعزيز التنسيق مع الحكومة السورية: الاتفاق على تكثيف اللقاءات والتنسيق مع الحكومة السورية في دمشق لتعزيز التعاون في القضايا الوطنية.",https://syria.liveuamap.com/ar/2025/18-february-09-summary-of-the-sdf-and-sdc-meeting-integration,22738084,3 الأسبوع منذ,,
18.02.2025,جبلة: الأصوات التي سمعت هي لتصدي لأهداف في سماء مطار حميميم والقرى المجاورة,https://syria.liveuamap.com/ar/2025/18-february-00-jableh-the-sounds-heard-were-of-targeting,22738010,3 الأسبوع منذ,,
18.02.2025,قائد قوات سوريا الديمقراطية: منفتحون لإخراج المقاتلين الأجانب وتسليم الملف الأمني بما في ذلك ما تعلق بتنظيم داعش للحكومة السورية,https://syria.liveuamap.com/ar/2025/17-february-17-sdf-commander-we-are-open-to-removing-foreign,22737913,3 الأسبوع منذ,,
18.02.2025,الطيران الحربي التركي يشن عدة غارات جوية تستهدف مواقع ميليشيا قسد  شرق عين عيسى بريف الرقة شمال سوريا,https://syria.liveuamap.com/ar/2025/17-february-15-turkish-warplanes-launch-several-airstrikes,22737896,3 الأسبوع منذ,,
18.02.2025,طائرة حربية تركية تشن غارة جوية على تجمع عسكري لميليشيات قسد بالقرب من بلدة عين عيسى في ريف الرقة الشمالي.الرقة سوريا,https://syria.liveuamap.com/ar/2025/17-february-11-a-turkish-warplane-launches-an-airstrike-on,22737862,3 الأسبوع منذ,,
18.02.2025,"الدفاع المدني: قصف صاروخي من ""قسد"" يستهدف بلدة الخفسة في ريف منبج شرقي حلب",https://syria.liveuamap.com/ar/2025/17-february-11-civil-defense-sdf-missile-attack-targets-alkhafsa,22737855,3 الأسبوع منذ,,
18.02.2025,جيش  الإسرائيلي يتوغل في بلدة الأصبح بريف القنيطرة الجنوبي,https://syria.liveuamap.com/ar/2025/17-february-11-the-israeli-army-penetrates-the-town-of-alasbah,22737856,3 الأسبوع منذ,,
18.02.2025,الرئيس اللبناني: التواصل قائم مع دمشق لمعالجة قضية الموقوفين السوريين بلبنان,https://lebanon.liveuamap.com/ar/2025/17-february-10-lebanese-president-communication-with-damascus,22737824,3 الأسبوع منذ,,
18.02.2025,قوات القيادة المركزية الأمريكية تقتل عنصرا بارزا في تنظيم حراس الدين التابع لتنظيم القاعدة: في 15 فبراير، نفذت قوات القيادة المركزية الأمريكية (CENTCOM) غارة جوية دقيقة في شمال غرب سوريا استهدفت وقتلت مسؤولا كبيرا في المالية واللوجستيات في منظمة حراس الدين الإرهابية، التابعة لتنظيم القاعدة.,https://syria.liveuamap.com/ar/2025/16-february-22-centcom-forces-kill-senior-operative-of-alqaeda,22737724,3 الأسبوع منذ,,
18.02.2025,أنباء عن غارة جوية تركية على صرين (جنوب كوباني),https://syria.liveuamap.com/ar/2025/16-february-16-turkish-airstrike-on-sarrin-south-of-kobane,22737638,3 الأسبوع منذ,,
18.02.2025,غارة تركية تستهدف موقعا لقسد قرب نهر الفرات شرقي مدينة جرابلس في ريف حلب الشرقي,https://syria.liveuamap.com/ar/2025/16-february-16-a-turkish-raid-targets-a-sdf-site-near-the,22737640,3 الأسبوع منذ,,
18.02.2025,وكالة الأنباء القطرية: التوقيع على مذكرة تفاهم بين قطر وسوريا لزيادة حقوق النقل في مجال الطيران المدني,https://syria.liveuamap.com/ar/2025/16-february-14-qatar-news-agency-signing-of-a-memorandum,22737617,3 الأسبوع منذ,,
18.02.2025,طائرات حربية تركية تقصف أهدافاً لقوات سوريا الديمقراطية في قرية شيوخ غرب كوباني,https://syria.liveuamap.com/ar/2025/16-february-13-turkish-warplanes-hit-sdf-targets-in-the-village,22737602,3 الأسبوع منذ,,
18.02.2025,nطرطوس : nالرئيس أحمد الشرع يصل إلى مدينة طرطوس,https://syria.liveuamap.com/ar/2025/16-february-13-ahmed-alsharaa-continues-his-trip-around-regions,22737599,3 الأسبوع منذ,,
18.02.2025,جنوب سوريا: عمليات النهب في مطار خلخلة (شمال السويداء) خارجة عن السيطرة، الناس ينهبون كل شيء: الطائرات الحربية والذخائر وحتى الكابلات (للنحاس) ويحفرون الخنادق,https://syria.liveuamap.com/ar/2025/16-february-11-south-syria-looting-in-khalkhalah-airbase,22737578,3 الأسبوع منذ,,
18.02.2025,وزير الدفاع الهولندي: ٦ سفن روسية عبرت بحر الشمال في طريقها من سوريا إلى روسيا,https://syria.liveuamap.com/ar/2025/16-february-11-dutch-defense-minister-6-russian-ships-crossed,22737577,3 الأسبوع منذ,,
18.02.2025,أحمد الشرع وصل إلى اللاذقية,https://syria.liveuamap.com/ar/2025/16-february-10-ahmed-al-shara-has-arrived-in-latakia,22737560,3 الأسبوع منذ,,
18.02.2025,"مراسل نهر_ميديا: نفّذ جهاز الأمن الداخلي حملة مداهمات، أمس، في حي ""هرابش"" بمدينة ديرالزور، أسفرت عن اعتقال ثلة من قياديي ميليشـ ـيا ""الدفـ ـاع الوطني"" وهم:1- خضر السنجار2- سليمان عزيز الشارع3- رشيد الفرج قـ ـائد قطاع الجفرة في الميليـ ـشيا",https://syria.liveuamap.com/ar/2025/16-february-09-nahr-media-correspondent-the-internal-security,22737580,3 الأسبوع منذ,,
18.02.2025,وزير الخارجية السوري أسعد الشيباني: الجولان أرض سورية ولا يحق لأحد أن يعطيها لأحد,https://syria.liveuamap.com/ar/2025/16-february-08-syrian-foreign-minister-asaad-alshaibani-the,22737562,3 الأسبوع منذ,,
18.02.2025,قُتل الصحفي الكردي السوري أغيد روج في غارة جوية تركية بالقرب من سد تشرين في منبج. يدين المدافعون عن حرية الصحافة الهجوم، ويحثون على حماية الصحفيين في مناطق الصراع,https://syria.liveuamap.com/ar/2025/15-february-20-syrian-kurdish-journalist-agid-roj-was-killed,22737397,3 الأسبوع منذ,,
18.02.2025,سوريا: مراسل  دوي 3 انفجارات في مطار خلخلة العسكري شمال السويداء جنوبي البلاد,https://syria.liveuamap.com/ar/2025/14-february-16-syria-correspondent-3-explosions-heard-at,22737197,3 الأسبوع منذ,,
18.02.2025,سماع دوي انفجار في محيط العاصمة السورية دمشق,https://syria.liveuamap.com/ar/2025/14-february-16-explosion-heard-in-the-vicinity-of-the-syrian,22737191,3 الأسبوع منذ,,
19.02.2025,وسط قصف مدفعي على محاور سد تشرين طائرات تركية تنفذ غارتين جويتين على ريف كوباني,https://syria.liveuamap.com/ar/2025/19-february-16-amid-artillery-fire-on-frontlines-of-teshreen,22738382,3 الأسبوع منذ,,
19.02.2025,شنت الطائرات الإسرائيلية غارات على أهداف عسكرية في منطقة سعسع جنوبي سوريا فيما قصفت مدفعيا مناطق سكنية في درعا، مما تسبب في أضرار بالبنى التحتية,https://syria.liveuamap.com/ar/2025/19-february-09-israeli-aircraft-launched-raids-on-military,22738314,3 الأسبوع منذ,,
19.02.2025,ديرالزورقسد تعتقل أربعة أشخاص في قرية الجرذي الشرقياعتقلت دورية تابعة (قسد) أربعة أشخاص من قرية الجرذي الشرقي بريف دير الزور الشرقي، دون توضيح أسباب الاعتقال. وأفادت مصادر محلية بأن العملية جاءت ضمن حملة مداهمات نفذتها القوات في المنطقة,https://syria.liveuamap.com/ar/2025/19-february-09-sdf-arrests-four-people-in-the-village-of,22738315,3 الأسبوع منذ,,
19.02.2025,الجيش الإسرائيلي: دمرنا أسلحة تابعة للنظام السوري السابق في جنوب سوريا,https://syria.liveuamap.com/ar/2025/18-february-21-israeli-army-we-destroyed-weapons-belonging,22738211,3 الأسبوع منذ,,
19.02.2025,قصف مدفعي من جيش  الإسرائيلي يستهدف وادي اليرموك غربي درعا,https://syria.liveuamap.com/ar/2025/18-february-18-israeli-artillery-shelling-targets-yarmouk,22738145,3 الأسبوع منذ,,
19.02.2025,القوات المسلحة التركية تقصف أهدافاً لقوات سوريا الديمقراطية على خط عين عيسى بنيران المدفعية,https://syria.liveuamap.com/ar/2025/18-february-12-the-turkish-armed-forces-hit-the-sdf-targets,22738125,3 الأسبوع منذ,,
19.02.2025,"شنّ طيـ ـران حـ ـربي تركي 3 غارات، قبل قليل، على نقاط تمركز قسد في منطقة ""زور مغار"" على نهر الفرات في الجهة المقابلة لمدينة جرابلس شرق حلب، ما أسفر عن تدمير منصـ ـات إطـ ـلاق صـ ـواريخ وأنفاق. نهر_ميديا",https://syria.liveuamap.com/ar/2025/18-february-12-a-short-while-ago-turkish-warplanes-launched,22738120,3 الأسبوع منذ,,
19.02.2025,"غارة جوية للطيران المسير التركي استهدفت ميليشيا «قسد» في قرية ""سيف علي"" شرقي بلدة الشيوخ جنوب غربي مدينة عين العرب/كوباني",https://syria.liveuamap.com/ar/2025/18-february-11-a-turkish-drone-airstrike-targeted-the-sdf,22738126,3 الأسبوع منذ,,
19.02.2025,مجموعة من الصحفيين والناشطين الحقوقيين ينفذون وقفة احتجاجية في مدينة القامشلي شمال شرقي سوريا احتجاجاً على اعتداءات تركيا وفصائل الجيش الوطني السوري على الصحفيين,https://syria.liveuamap.com/ar/2025/18-february-11-a-group-of-journalists-and-rights-activists,22738113,3 الأسبوع منذ,,
19.02.2025,"ملخص اجتماع ""قسد"" و""مسد"": دمج المؤسسات العسكرية والأمنية: الاتفاق على دمج قسد والأجهزة الأمنية التابعة للإدارة الذاتية في هيكلية الجيش السوري لتوحيد الجهود وتعزيز القوة الوطنية. إعادة تفعيل المؤسسات المدنية: اتفق المشاركون على إعادة تأهيل المؤسسات المدنية والخدمية التابعة للدولة في شمال وشرق سوريا لضمان توفير الخدمات الأساسية وتحسين مستويات المعيشة. انسحاب المقاتلين الأجانب: التأكيد على ضرورة انسحاب جميع المقاتلين غير السوريين من قسد والمناطق الشمالية والشرقية من سوريا لتعزيز السيادة الوطنية والاستقرار. تعزيز التنسيق مع الحكومة السورية: الاتفاق على تكثيف اللقاءات والتنسيق مع الحكومة السورية في دمشق لتعزيز التعاون في القضايا الوطنية.",https://syria.liveuamap.com/ar/2025/18-february-09-summary-of-the-sdf-and-sdc-meeting-integration,22738084,3 الأسبوع منذ,,
19.02.2025,جبلة: الأصوات التي سمعت هي لتصدي لأهداف في سماء مطار حميميم والقرى المجاورة,https://syria.liveuamap.com/ar/2025/18-february-00-jableh-the-sounds-heard-were-of-targeting,22738010,3 الأسبوع منذ,,
19.02.2025,قائد قوات سوريا الديمقراطية: منفتحون لإخراج المقاتلين الأجانب وتسليم الملف الأمني بما في ذلك ما تعلق بتنظيم داعش للحكومة السورية,https://syria.liveuamap.com/ar/2025/17-february-17-sdf-commander-we-are-open-to-removing-foreign,22737913,3 الأسبوع منذ,,
19.02.2025,الطيران الحربي التركي يشن عدة غارات جوية تستهدف مواقع ميليشيا قسد  شرق عين عيسى بريف الرقة شمال سوريا,https://syria.liveuamap.com/ar/2025/17-february-15-turkish-warplanes-launch-several-airstrikes,22737896,3 الأسبوع منذ,,
19.02.2025,طائرة حربية تركية تشن غارة جوية على تجمع عسكري لميليشيات قسد بالقرب من بلدة عين عيسى في ريف الرقة الشمالي.الرقة سوريا,https://syria.liveuamap.com/ar/2025/17-february-11-a-turkish-warplane-launches-an-airstrike-on,22737862,3 الأسبوع منذ,,
19.02.2025,"الدفاع المدني: قصف صاروخي من ""قسد"" يستهدف بلدة الخفسة في ريف منبج شرقي حلب",https://syria.liveuamap.com/ar/2025/17-february-11-civil-defense-sdf-missile-attack-targets-alkhafsa,22737855,3 الأسبوع منذ,,
19.02.2025,جيش  الإسرائيلي يتوغل في بلدة الأصبح بريف القنيطرة الجنوبي,https://syria.liveuamap.com/ar/2025/17-february-11-the-israeli-army-penetrates-the-town-of-alasbah,22737856,3 الأسبوع منذ,,
19.02.2025,الرئيس اللبناني: التواصل قائم مع دمشق لمعالجة قضية الموقوفين السوريين بلبنان,https://lebanon.liveuamap.com/ar/2025/17-february-10-lebanese-president-communication-with-damascus,22737824,3 الأسبوع منذ,,
19.02.2025,قوات القيادة المركزية الأمريكية تقتل عنصرا بارزا في تنظيم حراس الدين التابع لتنظيم القاعدة: في 15 فبراير، نفذت قوات القيادة المركزية الأمريكية (CENTCOM) غارة جوية دقيقة في شمال غرب سوريا استهدفت وقتلت مسؤولا كبيرا في المالية واللوجستيات في منظمة حراس الدين الإرهابية، التابعة لتنظيم القاعدة.,https://syria.liveuamap.com/ar/2025/16-february-22-centcom-forces-kill-senior-operative-of-alqaeda,22737724,3 الأسبوع منذ,,
19.02.2025,أنباء عن غارة جوية تركية على صرين (جنوب كوباني),https://syria.liveuamap.com/ar/2025/16-february-16-turkish-airstrike-on-sarrin-south-of-kobane,22737638,3 الأسبوع منذ,,
19.02.2025,غارة تركية تستهدف موقعا لقسد قرب نهر الفرات شرقي مدينة جرابلس في ريف حلب الشرقي,https://syria.liveuamap.com/ar/2025/16-february-16-a-turkish-raid-targets-a-sdf-site-near-the,22737640,3 الأسبوع منذ,,
19.02.2025,وكالة الأنباء القطرية: التوقيع على مذكرة تفاهم بين قطر وسوريا لزيادة حقوق النقل في مجال الطيران المدني,https://syria.liveuamap.com/ar/2025/16-february-14-qatar-news-agency-signing-of-a-memorandum,22737617,3 الأسبوع منذ,,
19.02.2025,طائرات حربية تركية تقصف أهدافاً لقوات سوريا الديمقراطية في قرية شيوخ غرب كوباني,https://syria.liveuamap.com/ar/2025/16-february-13-turkish-warplanes-hit-sdf-targets-in-the-village,22737602,3 الأسبوع منذ,,
19.02.2025,nطرطوس : nالرئيس أحمد الشرع يصل إلى مدينة طرطوس,https://syria.liveuamap.com/ar/2025/16-february-13-ahmed-alsharaa-continues-his-trip-around-regions,22737599,3 الأسبوع منذ,,
19.02.2025,جنوب سوريا: عمليات النهب في مطار خلخلة (شمال السويداء) خارجة عن السيطرة، الناس ينهبون كل شيء: الطائرات الحربية والذخائر وحتى الكابلات (للنحاس) ويحفرون الخنادق,https://syria.liveuamap.com/ar/2025/16-february-11-south-syria-looting-in-khalkhalah-airbase,22737578,3 الأسبوع منذ,,
19.02.2025,وزير الدفاع الهولندي: ٦ سفن روسية عبرت بحر الشمال في طريقها من سوريا إلى روسيا,https://syria.liveuamap.com/ar/2025/16-february-11-dutch-defense-minister-6-russian-ships-crossed,22737577,3 الأسبوع منذ,,
19.02.2025,أحمد الشرع وصل إلى اللاذقية,https://syria.liveuamap.com/ar/2025/16-february-10-ahmed-al-shara-has-arrived-in-latakia,22737560,3 الأسبوع منذ,,
19.02.2025,"مراسل نهر_ميديا: نفّذ جهاز الأمن الداخلي حملة مداهمات، أمس، في حي ""هرابش"" بمدينة ديرالزور، أسفرت عن اعتقال ثلة من قياديي ميليشـ ـيا ""الدفـ ـاع الوطني"" وهم:1- خضر السنجار2- سليمان عزيز الشارع3- رشيد الفرج قـ ـائد قطاع الجفرة في الميليـ ـشيا",https://syria.liveuamap.com/ar/2025/16-february-09-nahr-media-correspondent-the-internal-security,22737580,3 الأسبوع منذ,,
19.02.2025,وزير الخارجية السوري أسعد الشيباني: الجولان أرض سورية ولا يحق لأحد أن يعطيها لأحد,https://syria.liveuamap.com/ar/2025/16-february-08-syrian-foreign-minister-asaad-alshaibani-the,22737562,3 الأسبوع منذ,,
19.02.2025,قُتل الصحفي الكردي السوري أغيد روج في غارة جوية تركية بالقرب من سد تشرين في منبج. يدين المدافعون عن حرية الصحافة الهجوم، ويحثون على حماية الصحفيين في مناطق الصراع,https://syria.liveuamap.com/ar/2025/15-february-20-syrian-kurdish-journalist-agid-roj-was-killed,22737397,3 الأسبوع منذ,,
19.02.2025,سوريا: مراسل  دوي 3 انفجارات في مطار خلخلة العسكري شمال السويداء جنوبي البلاد,https://syria.liveuamap.com/ar/2025/14-february-16-syria-correspondent-3-explosions-heard-at,22737197,3 الأسبوع منذ,,
20.02.2025,الحدود السورية اللبنانية: غارات إسرائيلية تستهدف معابر غير شرعية,https://israelpalestine.liveuamap.com/ar/2025/21-february-10-syrianlebanese-border-israeli-raids-target,22738807,2 الأسبوع منذ,,
20.02.2025,"الجيش الاسرائيلي: طائراتنا أغارت الليلة ""على محاور نقل على الحدود السورية اللبنانية يستخدمها حزب الله في محاولة لنقل وسائل قتالية إلى داخل لبنان""",https://lebanon.liveuamap.com/ar/2025/21-february-05-israeli-army-our-aircraft-tonight-raided-transportation,22738801,2 الأسبوع منذ,,
20.02.2025,"قصف إسرائيلي يستهدف معبر ""وادي الواويات"" على الحدود السورية اللبنانية",https://israelpalestine.liveuamap.com/ar/2025/20-february-21-israeli-bombing-targets-wadi-alwawiyat-crossing,22738808,2 الأسبوع منذ,,
20.02.2025,جنوب سورية: نفذت قوات الأمن اليوم عملية في الحارة ونمر (شمال غرب درعا) استهدفت عناصر سابقين من النظام وتجار مخدرات وأسلحة، وتم ضبط أسلحة واعتقال عدد من الأشخاص بينهم 3 أشخاص أطلقوا النار,https://syria.liveuamap.com/ar/2025/20-february-19-south-syria-today-the-security-forces-carried,22738624,2 الأسبوع منذ,,
20.02.2025,الأمن العام يعلن ضبط سيارة مفخخة في مدينة اعزاز بريف حلب الشمالي,https://syria.liveuamap.com/ar/2025/20-february-17-public-security-announces-the-seizure-of-a,22738617,2 الأسبوع منذ,,
20.02.2025,الرئيس السوري أحمد الشرع يستقبل وزير الخارجية القبرصي كونستاندينوس كومبوس، والوفد المرافق له، في قصر الشعب بدمشق,https://syria.liveuamap.com/ar/2025/20-february-11-syrian-president-ahmad-alshara-receives-cypriot,22738562,2 الأسبوع منذ,,
20.02.2025,"""المرصد السوري"": مقتل 7 مدنيين من جراء انفجار مخلفات حرب شرقي مدينة إدلب السورية",https://syria.liveuamap.com/ar/2025/20-february-11-syrian-observatory-7-civilians-killed-as-a,22738558,2 الأسبوع منذ,,
20.02.2025,شنت قسد حملة مداهمات واعتقالات في بلدة درنج شرق ديرالزور.,https://syria.liveuamap.com/ar/2025/20-february-11-the-sdf-launched-a-campaign-of-raids-and-arrests,22738582,2 الأسبوع منذ,,
20.02.2025,وسط قصف مدفعي على محاور سد تشرين طائرات تركية تنفذ غارتين جويتين على ريف كوباني,https://syria.liveuamap.com/ar/2025/19-february-16-amid-artillery-fire-on-frontlines-of-teshreen,22738382,3 الأسبوع منذ,,
20.02.2025,شنت الطائرات الإسرائيلية غارات على أهداف عسكرية في منطقة سعسع جنوبي سوريا فيما قصفت مدفعيا مناطق سكنية في درعا، مما تسبب في أضرار بالبنى التحتية,https://syria.liveuamap.com/ar/2025/19-february-09-israeli-aircraft-launched-raids-on-military,22738314,3 الأسبوع منذ,,
20.02.2025,ديرالزورقسد تعتقل أربعة أشخاص في قرية الجرذي الشرقياعتقلت دورية تابعة (قسد) أربعة أشخاص من قرية الجرذي الشرقي بريف دير الزور الشرقي، دون توضيح أسباب الاعتقال. وأفادت مصادر محلية بأن العملية جاءت ضمن حملة مداهمات نفذتها القوات في المنطقة,https://syria.liveuamap.com/ar/2025/19-february-09-sdf-arrests-four-people-in-the-village-of,22738315,3 الأسبوع منذ,,
20.02.2025,الجيش الإسرائيلي: دمرنا أسلحة تابعة للنظام السوري السابق في جنوب سوريا,https://syria.liveuamap.com/ar/2025/18-february-21-israeli-army-we-destroyed-weapons-belonging,22738211,3 الأسبوع منذ,,
20.02.2025,قصف مدفعي من جيش  الإسرائيلي يستهدف وادي اليرموك غربي درعا,https://syria.liveuamap.com/ar/2025/18-february-18-israeli-artillery-shelling-targets-yarmouk,22738145,3 الأسبوع منذ,,
20.02.2025,القوات المسلحة التركية تقصف أهدافاً لقوات سوريا الديمقراطية على خط عين عيسى بنيران المدفعية,https://syria.liveuamap.com/ar/2025/18-february-12-the-turkish-armed-forces-hit-the-sdf-targets,22738125,3 الأسبوع منذ,,
20.02.2025,"شنّ طيـ ـران حـ ـربي تركي 3 غارات، قبل قليل، على نقاط تمركز قسد في منطقة ""زور مغار"" على نهر الفرات في الجهة المقابلة لمدينة جرابلس شرق حلب، ما أسفر عن تدمير منصـ ـات إطـ ـلاق صـ ـواريخ وأنفاق. نهر_ميديا",https://syria.liveuamap.com/ar/2025/18-february-12-a-short-while-ago-turkish-warplanes-launched,22738120,3 الأسبوع منذ,,
20.02.2025,"غارة جوية للطيران المسير التركي استهدفت ميليشيا «قسد» في قرية ""سيف علي"" شرقي بلدة الشيوخ جنوب غربي مدينة عين العرب/كوباني",https://syria.liveuamap.com/ar/2025/18-february-11-a-turkish-drone-airstrike-targeted-the-sdf,22738126,3 الأسبوع منذ,,
20.02.2025,مجموعة من الصحفيين والناشطين الحقوقيين ينفذون وقفة احتجاجية في مدينة القامشلي شمال شرقي سوريا احتجاجاً على اعتداءات تركيا وفصائل الجيش الوطني السوري على الصحفيين,https://syria.liveuamap.com/ar/2025/18-february-11-a-group-of-journalists-and-rights-activists,22738113,3 الأسبوع منذ,,
20.02.2025,"ملخص اجتماع ""قسد"" و""مسد"": دمج المؤسسات العسكرية والأمنية: الاتفاق على دمج قسد والأجهزة الأمنية التابعة للإدارة الذاتية في هيكلية الجيش السوري لتوحيد الجهود وتعزيز القوة الوطنية. إعادة تفعيل المؤسسات المدنية: اتفق المشاركون على إعادة تأهيل المؤسسات المدنية والخدمية التابعة للدولة في شمال وشرق سوريا لضمان توفير الخدمات الأساسية وتحسين مستويات المعيشة. انسحاب المقاتلين الأجانب: التأكيد على ضرورة انسحاب جميع المقاتلين غير السوريين من قسد والمناطق الشمالية والشرقية من سوريا لتعزيز السيادة الوطنية والاستقرار. تعزيز التنسيق مع الحكومة السورية: الاتفاق على تكثيف اللقاءات والتنسيق مع الحكومة السورية في دمشق لتعزيز التعاون في القضايا الوطنية.",https://syria.liveuamap.com/ar/2025/18-february-09-summary-of-the-sdf-and-sdc-meeting-integration,22738084,3 الأسبوع منذ,,
20.02.2025,جبلة: الأصوات التي سمعت هي لتصدي لأهداف في سماء مطار حميميم والقرى المجاورة,https://syria.liveuamap.com/ar/2025/18-february-00-jableh-the-sounds-heard-were-of-targeting,22738010,3 الأسبوع منذ,,
20.02.2025,قائد قوات سوريا الديمقراطية: منفتحون لإخراج المقاتلين الأجانب وتسليم الملف الأمني بما في ذلك ما تعلق بتنظيم داعش للحكومة السورية,https://syria.liveuamap.com/ar/2025/17-february-17-sdf-commander-we-are-open-to-removing-foreign,22737913,3 الأسبوع منذ,,
20.02.2025,الطيران الحربي التركي يشن عدة غارات جوية تستهدف مواقع ميليشيا قسد  شرق عين عيسى بريف الرقة شمال سوريا,https://syria.liveuamap.com/ar/2025/17-february-15-turkish-warplanes-launch-several-airstrikes,22737896,3 الأسبوع منذ,,
20.02.2025,طائرة حربية تركية تشن غارة جوية على تجمع عسكري لميليشيات قسد بالقرب من بلدة عين عيسى في ريف الرقة الشمالي.الرقة سوريا,https://syria.liveuamap.com/ar/2025/17-february-11-a-turkish-warplane-launches-an-airstrike-on,22737862,3 الأسبوع منذ,,
20.02.2025,"الدفاع المدني: قصف صاروخي من ""قسد"" يستهدف بلدة الخفسة في ريف منبج شرقي حلب",https://syria.liveuamap.com/ar/2025/17-february-11-civil-defense-sdf-missile-attack-targets-alkhafsa,22737855,3 الأسبوع منذ,,
20.02.2025,جيش  الإسرائيلي يتوغل في بلدة الأصبح بريف القنيطرة الجنوبي,https://syria.liveuamap.com/ar/2025/17-february-11-the-israeli-army-penetrates-the-town-of-alasbah,22737856,3 الأسبوع منذ,,
20.02.2025,الرئيس اللبناني: التواصل قائم مع دمشق لمعالجة قضية الموقوفين السوريين بلبنان,https://lebanon.liveuamap.com/ar/2025/17-february-10-lebanese-president-communication-with-damascus,22737824,3 الأسبوع منذ,,
20.02.2025,قوات القيادة المركزية الأمريكية تقتل عنصرا بارزا في تنظيم حراس الدين التابع لتنظيم القاعدة: في 15 فبراير، نفذت قوات القيادة المركزية الأمريكية (CENTCOM) غارة جوية دقيقة في شمال غرب سوريا استهدفت وقتلت مسؤولا كبيرا في المالية واللوجستيات في منظمة حراس الدين الإرهابية، التابعة لتنظيم القاعدة.,https://syria.liveuamap.com/ar/2025/16-february-22-centcom-forces-kill-senior-operative-of-alqaeda,22737724,3 الأسبوع منذ,,
20.02.2025,أنباء عن غارة جوية تركية على صرين (جنوب كوباني),https://syria.liveuamap.com/ar/2025/16-february-16-turkish-airstrike-on-sarrin-south-of-kobane,22737638,3 الأسبوع منذ,,
20.02.2025,غارة تركية تستهدف موقعا لقسد قرب نهر الفرات شرقي مدينة جرابلس في ريف حلب الشرقي,https://syria.liveuamap.com/ar/2025/16-february-16-a-turkish-raid-targets-a-sdf-site-near-the,22737640,3 الأسبوع منذ,,
20.02.2025,وكالة الأنباء القطرية: التوقيع على مذكرة تفاهم بين قطر وسوريا لزيادة حقوق النقل في مجال الطيران المدني,https://syria.liveuamap.com/ar/2025/16-february-14-qatar-news-agency-signing-of-a-memorandum,22737617,3 الأسبوع منذ,,
20.02.2025,طائرات حربية تركية تقصف أهدافاً لقوات سوريا الديمقراطية في قرية شيوخ غرب كوباني,https://syria.liveuamap.com/ar/2025/16-february-13-turkish-warplanes-hit-sdf-targets-in-the-village,22737602,3 الأسبوع منذ,,
21.02.2025,سوريا: وسيم بيرقدار هو هدف لغارة أميركية بطائرة بدون طيار اليوم، وهو مسؤول الأمن الداخلي السابق في تنظيم حراس الدين.,https://syria.liveuamap.com/ar/2025/21-february-17-syria-wassim-bayrqadar-was-the-target-of-us,22738877,2 الأسبوع منذ,,
21.02.2025,غارة جوية للتحالف الدولي تستهدف سيارة مجهولة في مدينة الدانا شمالي إدلب,https://syria.liveuamap.com/ar/2025/21-february-14-an-airstrike-by-the-international-coalition,22738836,2 الأسبوع منذ,,
21.02.2025,طيران التحالف الدولي ينفذ غارة جوية بمنطقة قاح بريف إدلب الشمالي.,https://syria.liveuamap.com/ar/2025/21-february-14-the-international-coalition-aircraft-carried,22738833,2 الأسبوع منذ,,
21.02.2025,أحمد الشرع يلتقي سفير الصين في سورية اليوم,https://syria.liveuamap.com/ar/2025/21-february-13-ahmad-alshara-meets-with-chinas-ambassador,22738878,2 الأسبوع منذ,,
21.02.2025,وول ستريت جورنال: الاتحاد الأوروبي سيرفع الاثنين العقوبات عن الطاقة والنقل والقطاع المصرفي في سوريا,https://syria.liveuamap.com/ar/2025/21-february-12-wall-street-journal-the-european-union-will,22738814,2 الأسبوع منذ,,
21.02.2025,طائرات حربية تركية تقصف أهدافاً لقوات سوريا الديمقراطية على خط صرين غرب كوباني,https://syria.liveuamap.com/ar/2025/21-february-12-turkish-warplanes-strike-sdf-targets-on-the,22738816,2 الأسبوع منذ,,
21.02.2025,"غارات جوية تركية تستهدف مواقع ""قسد"" جنوبي تل الشيوخ بريف منبج",https://syria.liveuamap.com/ar/2025/21-february-11-turkish-airstrikes-target-sdf-sites-south,22738811,2 الأسبوع منذ,,
21.02.2025,الحدود السورية اللبنانية: غارات إسرائيلية تستهدف معابر غير شرعية,https://israelpalestine.liveuamap.com/ar/2025/21-february-10-syrianlebanese-border-israeli-raids-target,22738807,2 الأسبوع منذ,,
21.02.2025,"الجيش الاسرائيلي: طائراتنا أغارت الليلة ""على محاور نقل على الحدود السورية اللبنانية يستخدمها حزب الله في محاولة لنقل وسائل قتالية إلى داخل لبنان""",https://lebanon.liveuamap.com/ar/2025/21-february-05-israeli-army-our-aircraft-tonight-raided-transportation,22738801,2 الأسبوع منذ,,
21.02.2025,"قصف إسرائيلي يستهدف معبر ""وادي الواويات"" على الحدود السورية اللبنانية",https://israelpalestine.liveuamap.com/ar/2025/20-february-21-israeli-bombing-targets-wadi-alwawiyat-crossing,22738808,2 الأسبوع منذ,,
21.02.2025,جنوب سورية: نفذت قوات الأمن اليوم عملية في الحارة ونمر (شمال غرب درعا) استهدفت عناصر سابقين من النظام وتجار مخدرات وأسلحة، وتم ضبط أسلحة واعتقال عدد من الأشخاص بينهم 3 أشخاص أطلقوا النار,https://syria.liveuamap.com/ar/2025/20-february-19-south-syria-today-the-security-forces-carried,22738624,2 الأسبوع منذ,,
21.02.2025,الأمن العام يعلن ضبط سيارة مفخخة في مدينة اعزاز بريف حلب الشمالي,https://syria.liveuamap.com/ar/2025/20-february-17-public-security-announces-the-seizure-of-a,22738617,2 الأسبوع منذ,,
21.02.2025,الرئيس السوري أحمد الشرع يستقبل وزير الخارجية القبرصي كونستاندينوس كومبوس، والوفد المرافق له، في قصر الشعب بدمشق,https://syria.liveuamap.com/ar/2025/20-february-11-syrian-president-ahmad-alshara-receives-cypriot,22738562,2 الأسبوع منذ,,
21.02.2025,"""المرصد السوري"": مقتل 7 مدنيين من جراء انفجار مخلفات حرب شرقي مدينة إدلب السورية",https://syria.liveuamap.com/ar/2025/20-february-11-syrian-observatory-7-civilians-killed-as-a,22738558,2 الأسبوع منذ,,
21.02.2025,شنت قسد حملة مداهمات واعتقالات في بلدة درنج شرق ديرالزور.,https://syria.liveuamap.com/ar/2025/20-february-11-the-sdf-launched-a-campaign-of-raids-and-arrests,22738582,2 الأسبوع منذ,,
21.02.2025,وسط قصف مدفعي على محاور سد تشرين طائرات تركية تنفذ غارتين جويتين على ريف كوباني,https://syria.liveuamap.com/ar/2025/19-february-16-amid-artillery-fire-on-frontlines-of-teshreen,22738382,3 الأسبوع منذ,,
21.02.2025,شنت الطائرات الإسرائيلية غارات على أهداف عسكرية في منطقة سعسع جنوبي سوريا فيما قصفت مدفعيا مناطق سكنية في درعا، مما تسبب في أضرار بالبنى التحتية,https://syria.liveuamap.com/ar/2025/19-february-09-israeli-aircraft-launched-raids-on-military,22738314,3 الأسبوع منذ,,
21.02.2025,ديرالزورقسد تعتقل أربعة أشخاص في قرية الجرذي الشرقياعتقلت دورية تابعة (قسد) أربعة أشخاص من قرية الجرذي الشرقي بريف دير الزور الشرقي، دون توضيح أسباب الاعتقال. وأفادت مصادر محلية بأن العملية جاءت ضمن حملة مداهمات نفذتها القوات في المنطقة,https://syria.liveuamap.com/ar/2025/19-february-09-sdf-arrests-four-people-in-the-village-of,22738315,3 الأسبوع منذ,,
21.02.2025,الجيش الإسرائيلي: دمرنا أسلحة تابعة للنظام السوري السابق في جنوب سوريا,https://syria.liveuamap.com/ar/2025/18-february-21-israeli-army-we-destroyed-weapons-belonging,22738211,3 الأسبوع منذ,,
21.02.2025,قصف مدفعي من جيش  الإسرائيلي يستهدف وادي اليرموك غربي درعا,https://syria.liveuamap.com/ar/2025/18-february-18-israeli-artillery-shelling-targets-yarmouk,22738145,3 الأسبوع منذ,,
21.02.2025,القوات المسلحة التركية تقصف أهدافاً لقوات سوريا الديمقراطية على خط عين عيسى بنيران المدفعية,https://syria.liveuamap.com/ar/2025/18-february-12-the-turkish-armed-forces-hit-the-sdf-targets,22738125,3 الأسبوع منذ,,
21.02.2025,"شنّ طيـ ـران حـ ـربي تركي 3 غارات، قبل قليل، على نقاط تمركز قسد في منطقة ""زور مغار"" على نهر الفرات في الجهة المقابلة لمدينة جرابلس شرق حلب، ما أسفر عن تدمير منصـ ـات إطـ ـلاق صـ ـواريخ وأنفاق. نهر_ميديا",https://syria.liveuamap.com/ar/2025/18-february-12-a-short-while-ago-turkish-warplanes-launched,22738120,3 الأسبوع منذ,,
21.02.2025,"غارة جوية للطيران المسير التركي استهدفت ميليشيا «قسد» في قرية ""سيف علي"" شرقي بلدة الشيوخ جنوب غربي مدينة عين العرب/كوباني",https://syria.liveuamap.com/ar/2025/18-february-11-a-turkish-drone-airstrike-targeted-the-sdf,22738126,3 الأسبوع منذ,,
21.02.2025,مجموعة من الصحفيين والناشطين الحقوقيين ينفذون وقفة احتجاجية في مدينة القامشلي شمال شرقي سوريا احتجاجاً على اعتداءات تركيا وفصائل الجيش الوطني السوري على الصحفيين,https://syria.liveuamap.com/ar/2025/18-february-11-a-group-of-journalists-and-rights-activists,22738113,3 الأسبوع منذ,,
21.02.2025,"ملخص اجتماع ""قسد"" و""مسد"": دمج المؤسسات العسكرية والأمنية: الاتفاق على دمج قسد والأجهزة الأمنية التابعة للإدارة الذاتية في هيكلية الجيش السوري لتوحيد الجهود وتعزيز القوة الوطنية. إعادة تفعيل المؤسسات المدنية: اتفق المشاركون على إعادة تأهيل المؤسسات المدنية والخدمية التابعة للدولة في شمال وشرق سوريا لضمان توفير الخدمات الأساسية وتحسين مستويات المعيشة. انسحاب المقاتلين الأجانب: التأكيد على ضرورة انسحاب جميع المقاتلين غير السوريين من قسد والمناطق الشمالية والشرقية من سوريا لتعزيز السيادة الوطنية والاستقرار. تعزيز التنسيق مع الحكومة السورية: الاتفاق على تكثيف اللقاءات والتنسيق مع الحكومة السورية في دمشق لتعزيز التعاون في القضايا الوطنية.",https://syria.liveuamap.com/ar/2025/18-february-09-summary-of-the-sdf-and-sdc-meeting-integration,22738084,3 الأسبوع منذ,,
21.02.2025,جبلة: الأصوات التي سمعت هي لتصدي لأهداف في سماء مطار حميميم والقرى المجاورة,https://syria.liveuamap.com/ar/2025/18-february-00-jableh-the-sounds-heard-were-of-targeting,22738010,3 الأسبوع منذ,,
21.02.2025,قائد قوات سوريا الديمقراطية: منفتحون لإخراج المقاتلين الأجانب وتسليم الملف الأمني بما في ذلك ما تعلق بتنظيم داعش للحكومة السورية,https://syria.liveuamap.com/ar/2025/17-february-17-sdf-commander-we-are-open-to-removing-foreign,22737913,3 الأسبوع منذ,,
21.02.2025,الطيران الحربي التركي يشن عدة غارات جوية تستهدف مواقع ميليشيا قسد  شرق عين عيسى بريف الرقة شمال سوريا,https://syria.liveuamap.com/ar/2025/17-february-15-turkish-warplanes-launch-several-airstrikes,22737896,3 الأسبوع منذ,,
21.02.2025,طائرة حربية تركية تشن غارة جوية على تجمع عسكري لميليشيات قسد بالقرب من بلدة عين عيسى في ريف الرقة الشمالي.الرقة سوريا,https://syria.liveuamap.com/ar/2025/17-february-11-a-turkish-warplane-launches-an-airstrike-on,22737862,3 الأسبوع منذ,,
21.02.2025,"الدفاع المدني: قصف صاروخي من ""قسد"" يستهدف بلدة الخفسة في ريف منبج شرقي حلب",https://syria.liveuamap.com/ar/2025/17-february-11-civil-defense-sdf-missile-attack-targets-alkhafsa,22737855,3 الأسبوع منذ,,
22.02.2025,سوريا ستعقد مؤتمرا للحوار الوطني يوم الثلاثاء 25 فبراير، بحسب عضوين في اللجنة التحضيرية. يهدف المؤتمر إلى التوصل إلى إعلان دستوري والاتفاق على الخطوط العريضة للدولة الجديدة.,https://syria.liveuamap.com/ar/2025/23-february-09-syria-to-hold-national-dialogue-conference,22739214,2 الأسبوع منذ,,
22.02.2025,الجيش الإسرائيلي يعلن أنه هاجم طرق تهريب الأسلحة على الحدود اللبنانية السورية,https://syria.liveuamap.com/ar/2025/22-february-19-israeli-army-says-it-attacked-weapons-smuggling,22739052,2 الأسبوع منذ,,
22.02.2025,الطيران التركي يستهدف بعدة غارات مواقع ميليشيا «قسد» PKK/SDF في محيط صرين وسد تشرين.  Tishreen_Dam Tişrin Tishrin,https://syria.liveuamap.com/ar/2025/22-february-14-turkish-aircraft-target-sdf-militia-sites,22739035,2 الأسبوع منذ,,
22.02.2025,تقول القيادة المركزية الأمريكية إن قواتها نفذت غارة جوية دقيقة في شمال غرب سوريا أمس، مما أسفر عن مقتل وسيم تحسين بيرقدار، أحد كبار القادة في منظمة حراس الدين الإرهابية، وهي منظمة تابعة لتنظيم القاعدة.,https://syria.liveuamap.com/ar/2025/22-february-13--centcom-says-its-forces-conducted-a-precision,22739025,2 الأسبوع منذ,,
22.02.2025,مصادر اعلامية: تصدير النفط عبر الصهاريج من حقول الحسكة إلى مصافي التكرير في حمص وبانياس معدل التصدير اليومي يبلغ أكثر من 5 آلاف برميل من النفط الخام ميليشيات قـسـد تخفّض كمية تكرير النفط في مناطق سيطرتها النفط المستخرج من حقول دير الزور والحسكة,https://syria.liveuamap.com/ar/2025/22-february-11-media-sources-oil-is-exported-via-tankers,22738998,2 الأسبوع منذ,,
22.02.2025,سوريا: وسيم بيرقدار هو هدف لغارة أميركية بطائرة بدون طيار اليوم، وهو مسؤول الأمن الداخلي السابق في تنظيم حراس الدين.,https://syria.liveuamap.com/ar/2025/21-february-17-syria-wassim-bayrqadar-was-the-target-of-us,22738877,2 الأسبوع منذ,,
22.02.2025,غارة جوية للتحالف الدولي تستهدف سيارة مجهولة في مدينة الدانا شمالي إدلب,https://syria.liveuamap.com/ar/2025/21-february-14-an-airstrike-by-the-international-coalition,22738836,2 الأسبوع منذ,,
22.02.2025,طيران التحالف الدولي ينفذ غارة جوية بمنطقة قاح بريف إدلب الشمالي.,https://syria.liveuamap.com/ar/2025/21-february-14-the-international-coalition-aircraft-carried,22738833,2 الأسبوع منذ,,
22.02.2025,أحمد الشرع يلتقي سفير الصين في سورية اليوم,https://syria.liveuamap.com/ar/2025/21-february-13-ahmad-alshara-meets-with-chinas-ambassador,22738878,2 الأسبوع منذ,,
22.02.2025,وول ستريت جورنال: الاتحاد الأوروبي سيرفع الاثنين العقوبات عن الطاقة والنقل والقطاع المصرفي في سوريا,https://syria.liveuamap.com/ar/2025/21-february-12-wall-street-journal-the-european-union-will,22738814,2 الأسبوع منذ,,
22.02.2025,طائرات حربية تركية تقصف أهدافاً لقوات سوريا الديمقراطية على خط صرين غرب كوباني,https://syria.liveuamap.com/ar/2025/21-february-12-turkish-warplanes-strike-sdf-targets-on-the,22738816,2 الأسبوع منذ,,
22.02.2025,"غارات جوية تركية تستهدف مواقع ""قسد"" جنوبي تل الشيوخ بريف منبج",https://syria.liveuamap.com/ar/2025/21-february-11-turkish-airstrikes-target-sdf-sites-south,22738811,2 الأسبوع منذ,,
22.02.2025,الحدود السورية اللبنانية: غارات إسرائيلية تستهدف معابر غير شرعية,https://israelpalestine.liveuamap.com/ar/2025/21-february-10-syrianlebanese-border-israeli-raids-target,22738807,2 الأسبوع منذ,,
22.02.2025,"الجيش الاسرائيلي: طائراتنا أغارت الليلة ""على محاور نقل على الحدود السورية اللبنانية يستخدمها حزب الله في محاولة لنقل وسائل قتالية إلى داخل لبنان""",https://lebanon.liveuamap.com/ar/2025/21-february-05-israeli-army-our-aircraft-tonight-raided-transportation,22738801,2 الأسبوع منذ,,
22.02.2025,"قصف إسرائيلي يستهدف معبر ""وادي الواويات"" على الحدود السورية اللبنانية",https://israelpalestine.liveuamap.com/ar/2025/20-february-21-israeli-bombing-targets-wadi-alwawiyat-crossing,22738808,2 الأسبوع منذ,,
22.02.2025,جنوب سورية: نفذت قوات الأمن اليوم عملية في الحارة ونمر (شمال غرب درعا) استهدفت عناصر سابقين من النظام وتجار مخدرات وأسلحة، وتم ضبط أسلحة واعتقال عدد من الأشخاص بينهم 3 أشخاص أطلقوا النار,https://syria.liveuamap.com/ar/2025/20-february-19-south-syria-today-the-security-forces-carried,22738624,2 الأسبوع منذ,,
22.02.2025,الأمن العام يعلن ضبط سيارة مفخخة في مدينة اعزاز بريف حلب الشمالي,https://syria.liveuamap.com/ar/2025/20-february-17-public-security-announces-the-seizure-of-a,22738617,2 الأسبوع منذ,,
22.02.2025,الرئيس السوري أحمد الشرع يستقبل وزير الخارجية القبرصي كونستاندينوس كومبوس، والوفد المرافق له، في قصر الشعب بدمشق,https://syria.liveuamap.com/ar/2025/20-february-11-syrian-president-ahmad-alshara-receives-cypriot,22738562,2 الأسبوع منذ,,
22.02.2025,"""المرصد السوري"": مقتل 7 مدنيين من جراء انفجار مخلفات حرب شرقي مدينة إدلب السورية",https://syria.liveuamap.com/ar/2025/20-february-11-syrian-observatory-7-civilians-killed-as-a,22738558,2 الأسبوع منذ,,
22.02.2025,شنت قسد حملة مداهمات واعتقالات في بلدة درنج شرق ديرالزور.,https://syria.liveuamap.com/ar/2025/20-february-11-the-sdf-launched-a-campaign-of-raids-and-arrests,22738582,2 الأسبوع منذ,,
22.02.2025,وسط قصف مدفعي على محاور سد تشرين طائرات تركية تنفذ غارتين جويتين على ريف كوباني,https://syria.liveuamap.com/ar/2025/19-february-16-amid-artillery-fire-on-frontlines-of-teshreen,22738382,3 الأسبوع منذ,,
22.02.2025,شنت الطائرات الإسرائيلية غارات على أهداف عسكرية في منطقة سعسع جنوبي سوريا فيما قصفت مدفعيا مناطق سكنية في درعا، مما تسبب في أضرار بالبنى التحتية,https://syria.liveuamap.com/ar/2025/19-february-09-israeli-aircraft-launched-raids-on-military,22738314,3 الأسبوع منذ,,
22.02.2025,ديرالزورقسد تعتقل أربعة أشخاص في قرية الجرذي الشرقياعتقلت دورية تابعة (قسد) أربعة أشخاص من قرية الجرذي الشرقي بريف دير الزور الشرقي، دون توضيح أسباب الاعتقال. وأفادت مصادر محلية بأن العملية جاءت ضمن حملة مداهمات نفذتها القوات في المنطقة,https://syria.liveuamap.com/ar/2025/19-february-09-sdf-arrests-four-people-in-the-village-of,22738315,3 الأسبوع منذ,,
22.02.2025,الجيش الإسرائيلي: دمرنا أسلحة تابعة للنظام السوري السابق في جنوب سوريا,https://syria.liveuamap.com/ar/2025/18-february-21-israeli-army-we-destroyed-weapons-belonging,22738211,3 الأسبوع منذ,,
22.02.2025,قصف مدفعي من جيش  الإسرائيلي يستهدف وادي اليرموك غربي درعا,https://syria.liveuamap.com/ar/2025/18-february-18-israeli-artillery-shelling-targets-yarmouk,22738145,3 الأسبوع منذ,,
22.02.2025,القوات المسلحة التركية تقصف أهدافاً لقوات سوريا الديمقراطية على خط عين عيسى بنيران المدفعية,https://syria.liveuamap.com/ar/2025/18-february-12-the-turkish-armed-forces-hit-the-sdf-targets,22738125,3 الأسبوع منذ,,
22.02.2025,"شنّ طيـ ـران حـ ـربي تركي 3 غارات، قبل قليل، على نقاط تمركز قسد في منطقة ""زور مغار"" على نهر الفرات في الجهة المقابلة لمدينة جرابلس شرق حلب، ما أسفر عن تدمير منصـ ـات إطـ ـلاق صـ ـواريخ وأنفاق. نهر_ميديا",https://syria.liveuamap.com/ar/2025/18-february-12-a-short-while-ago-turkish-warplanes-launched,22738120,3 الأسبوع منذ,,
22.02.2025,"غارة جوية للطيران المسير التركي استهدفت ميليشيا «قسد» في قرية ""سيف علي"" شرقي بلدة الشيوخ جنوب غربي مدينة عين العرب/كوباني",https://syria.liveuamap.com/ar/2025/18-february-11-a-turkish-drone-airstrike-targeted-the-sdf,22738126,3 الأسبوع منذ,,
22.02.2025,مجموعة من الصحفيين والناشطين الحقوقيين ينفذون وقفة احتجاجية في مدينة القامشلي شمال شرقي سوريا احتجاجاً على اعتداءات تركيا وفصائل الجيش الوطني السوري على الصحفيين,https://syria.liveuamap.com/ar/2025/18-february-11-a-group-of-journalists-and-rights-activists,22738113,3 الأسبوع منذ,,
22.02.2025,"ملخص اجتماع ""قسد"" و""مسد"": دمج المؤسسات العسكرية والأمنية: الاتفاق على دمج قسد والأجهزة الأمنية التابعة للإدارة الذاتية في هيكلية الجيش السوري لتوحيد الجهود وتعزيز القوة الوطنية. إعادة تفعيل المؤسسات المدنية: اتفق المشاركون على إعادة تأهيل المؤسسات المدنية والخدمية التابعة للدولة في شمال وشرق سوريا لضمان توفير الخدمات الأساسية وتحسين مستويات المعيشة. انسحاب المقاتلين الأجانب: التأكيد على ضرورة انسحاب جميع المقاتلين غير السوريين من قسد والمناطق الشمالية والشرقية من سوريا لتعزيز السيادة الوطنية والاستقرار. تعزيز التنسيق مع الحكومة السورية: الاتفاق على تكثيف اللقاءات والتنسيق مع الحكومة السورية في دمشق لتعزيز التعاون في القضايا الوطنية.",https://syria.liveuamap.com/ar/2025/18-february-09-summary-of-the-sdf-and-sdc-meeting-integration,22738084,3 الأسبوع منذ,,
23.02.2025,وافق الاتحاد الأوروبي على تعليق مجموعة من العقوبات ضد سوريا، بما في ذلك تلك المتعلقة بالطاقة والنقل وإعادة الإعمار,https://syria.liveuamap.com/ar/2025/24-february-10-european-union-agreed-to-suspend-a-range-of,22739495,2 الأسبوع منذ,,
23.02.2025,مظاهرات في السويداء ضد التصريحات الإسرائيلية الأخيرة حول جنوب سوريا، المشاركون يدعون لاستمرار المظاهرات غداً: ساحة الكرامة، السويداء,https://syria.liveuamap.com/ar/2025/24-february-10-demonstrations-taking-place-in-suwayda-against,22739496,2 الأسبوع منذ,,
23.02.2025,درعا  جنوب سوريا – احتجاج على تصريحات نتنياهو أمس,https://syria.liveuamap.com/ar/2025/24-february-10-daraa-now-southern-syria--a-protest-against,22739494,2 الأسبوع منذ,,
23.02.2025,"Intensive flights of the international coalition warplanes in the skies of the cities of Al-Quriyah and Al-Ashara, east of Deir Ezzor. Deir Ezzor",https://syria.liveuamap.com/en/2025/24-february-09a-intensiveflightsoftheinternationalcoalition,22739489,2 الأسبوع منذ,,
23.02.2025,وزير خارجية تركيا: سنواصل حوارنا مع روسيا بخصوص الوضع الإقليمي,https://syria.liveuamap.com/ar/2025/24-february-10-turkish-foreign-minister-we-will-continue,22739454,2 الأسبوع منذ,,
23.02.2025,وزير خارجية تركيا: بحثت مع لافروف ضرورة الحفاظ على وحدة سوريا,https://syria.liveuamap.com/ar/2025/24-february-08-turkish-foreign-minister-i-discussed-with,22739445,2 الأسبوع منذ,,
23.02.2025,Turkish warplanes strike SDF targets on the Sarrin line south of Kobane/Aynel Arab,https://syria.liveuamap.com/en/2025/23-february-19a-turkishwarplanesstrikesdftargetsonthesarrin,22739331,2 الأسبوع منذ,,
23.02.2025,مصادر الحدث: المستهدف في غارة التحالف بريف إدلب هو  مدرب عسكري يدعى جعفر التركي,https://syria.liveuamap.com/ar/2025/23-february-15-the-target-of-the-coalition-raid-in-the-idlib,22739320,2 الأسبوع منذ,,
23.02.2025,"وزير الدفاع الإسرائيلي يسرائيل كاتس: ""أقام الجيش الإسرائيلي موقعين على جبل الشيخ وسبعة مواقع أخرى في المنطقة العازلة مع سوريا. وسيبقى الجيش الإسرائيلي إلى أجل غير مسمى على جبل الشيخ وفي المنطقة العازلة"".",https://syria.liveuamap.com/ar/2025/23-february-15-israeli-defense-minister-israel-katz-the,22739319,2 الأسبوع منذ,,
23.02.2025,نتنياهو يقول إن إسرائيل لن تسمح لقوات النظام السوري الجديدة بدخول المنطقة الواقعة جنوب دمشق,https://syria.liveuamap.com/ar/2025/23-february-15-pm-netanyahu-says-israel-will-not-allow-the,22739312,2 الأسبوع منذ,,
23.02.2025,نتنياهو: لن نتسامح مع أي تهديد للطائفة الدرزية في جنوب سوريا,https://syria.liveuamap.com/ar/2025/23-february-15-netanyahu-we-will-not-tolerate-any-threat,22739309,2 الأسبوع منذ,,
23.02.2025,غارة بطائرة مسيرة للتحالف الأمريكي تستهدف سيارة على الطريق بين كللي وكفتين بريف إدلب الشمالي، سوريا,https://syria.liveuamap.com/ar/2025/23-february-12-us-coalition-drone-strike-targeted-a-vehicle,22739265,2 الأسبوع منذ,,
23.02.2025,مقتل شخص بغارة جوية للتحالف الدولي استهدفت سيارته على طريق كللي - كفتين شمالي إدلب,https://syria.liveuamap.com/ar/2025/23-february-12-a-person-was-killed-in-an-airstrike-by-the,22739266,2 الأسبوع منذ,,
23.02.2025,غارة للتحالف تستهدف سيارة في ريف إدلب,https://syria.liveuamap.com/ar/2025/23-february-12-coalition-airstrike-targets-a-car-in-idlib,22739258,2 الأسبوع منذ,,
23.02.2025,سوريا ستعقد مؤتمرا للحوار الوطني يوم الثلاثاء 25 فبراير، بحسب عضوين في اللجنة التحضيرية. يهدف المؤتمر إلى التوصل إلى إعلان دستوري والاتفاق على الخطوط العريضة للدولة الجديدة.,https://syria.liveuamap.com/ar/2025/23-february-09-syria-to-hold-national-dialogue-conference,22739214,2 الأسبوع منذ,,
23.02.2025,الجيش الإسرائيلي يعلن أنه هاجم طرق تهريب الأسلحة على الحدود اللبنانية السورية,https://syria.liveuamap.com/ar/2025/22-february-19-israeli-army-says-it-attacked-weapons-smuggling,22739052,2 الأسبوع منذ,,
23.02.2025,الطيران التركي يستهدف بعدة غارات مواقع ميليشيا «قسد» PKK/SDF في محيط صرين وسد تشرين.  Tishreen_Dam Tişrin Tishrin,https://syria.liveuamap.com/ar/2025/22-february-14-turkish-aircraft-target-sdf-militia-sites,22739035,2 الأسبوع منذ,,
23.02.2025,تقول القيادة المركزية الأمريكية إن قواتها نفذت غارة جوية دقيقة في شمال غرب سوريا أمس، مما أسفر عن مقتل وسيم تحسين بيرقدار، أحد كبار القادة في منظمة حراس الدين الإرهابية، وهي منظمة تابعة لتنظيم القاعدة.,https://syria.liveuamap.com/ar/2025/22-february-13--centcom-says-its-forces-conducted-a-precision,22739025,2 الأسبوع منذ,,
23.02.2025,مصادر اعلامية: تصدير النفط عبر الصهاريج من حقول الحسكة إلى مصافي التكرير في حمص وبانياس معدل التصدير اليومي يبلغ أكثر من 5 آلاف برميل من النفط الخام ميليشيات قـسـد تخفّض كمية تكرير النفط في مناطق سيطرتها النفط المستخرج من حقول دير الزور والحسكة,https://syria.liveuamap.com/ar/2025/22-february-11-media-sources-oil-is-exported-via-tankers,22738998,2 الأسبوع منذ,,
23.02.2025,سوريا: وسيم بيرقدار هو هدف لغارة أميركية بطائرة بدون طيار اليوم، وهو مسؤول الأمن الداخلي السابق في تنظيم حراس الدين.,https://syria.liveuamap.com/ar/2025/21-february-17-syria-wassim-bayrqadar-was-the-target-of-us,22738877,2 الأسبوع منذ,,
23.02.2025,غارة جوية للتحالف الدولي تستهدف سيارة مجهولة في مدينة الدانا شمالي إدلب,https://syria.liveuamap.com/ar/2025/21-february-14-an-airstrike-by-the-international-coalition,22738836,2 الأسبوع منذ,,
23.02.2025,طيران التحالف الدولي ينفذ غارة جوية بمنطقة قاح بريف إدلب الشمالي.,https://syria.liveuamap.com/ar/2025/21-february-14-the-international-coalition-aircraft-carried,22738833,2 الأسبوع منذ,,
23.02.2025,أحمد الشرع يلتقي سفير الصين في سورية اليوم,https://syria.liveuamap.com/ar/2025/21-february-13-ahmad-alshara-meets-with-chinas-ambassador,22738878,2 الأسبوع منذ,,
23.02.2025,وول ستريت جورنال: الاتحاد الأوروبي سيرفع الاثنين العقوبات عن الطاقة والنقل والقطاع المصرفي في سوريا,https://syria.liveuamap.com/ar/2025/21-february-12-wall-street-journal-the-european-union-will,22738814,2 الأسبوع منذ,,
23.02.2025,طائرات حربية تركية تقصف أهدافاً لقوات سوريا الديمقراطية على خط صرين غرب كوباني,https://syria.liveuamap.com/ar/2025/21-february-12-turkish-warplanes-strike-sdf-targets-on-the,22738816,2 الأسبوع منذ,,
23.02.2025,"غارات جوية تركية تستهدف مواقع ""قسد"" جنوبي تل الشيوخ بريف منبج",https://syria.liveuamap.com/ar/2025/21-february-11-turkish-airstrikes-target-sdf-sites-south,22738811,2 الأسبوع منذ,,
23.02.2025,الحدود السورية اللبنانية: غارات إسرائيلية تستهدف معابر غير شرعية,https://israelpalestine.liveuamap.com/ar/2025/21-february-10-syrianlebanese-border-israeli-raids-target,22738807,2 الأسبوع منذ,,
23.02.2025,"الجيش الاسرائيلي: طائراتنا أغارت الليلة ""على محاور نقل على الحدود السورية اللبنانية يستخدمها حزب الله في محاولة لنقل وسائل قتالية إلى داخل لبنان""",https://lebanon.liveuamap.com/ar/2025/21-february-05-israeli-army-our-aircraft-tonight-raided-transportation,22738801,2 الأسبوع منذ,,
23.02.2025,"قصف إسرائيلي يستهدف معبر ""وادي الواويات"" على الحدود السورية اللبنانية",https://israelpalestine.liveuamap.com/ar/2025/20-february-21-israeli-bombing-targets-wadi-alwawiyat-crossing,22738808,2 الأسبوع منذ,,
23.02.2025,جنوب سورية: نفذت قوات الأمن اليوم عملية في الحارة ونمر (شمال غرب درعا) استهدفت عناصر سابقين من النظام وتجار مخدرات وأسلحة، وتم ضبط أسلحة واعتقال عدد من الأشخاص بينهم 3 أشخاص أطلقوا النار,https://syria.liveuamap.com/ar/2025/20-february-19-south-syria-today-the-security-forces-carried,22738624,2 الأسبوع منذ,,
24.02.2025,وزير الخارجية الإسرائيلي: الحكومة الجديدة في سوريا جماعة إرهابية جهادية من إدلب استولت على دمشق بالقوة,https://syria.liveuamap.com/ar/2025/25-february-09-israeli-foreign-minister-new-government-in,22739755,2 الأسبوع منذ,,
24.02.2025,"أحزاب من الإدارة الذاتية الكردية تنتقد التمثيل ""الشكلي"" بمؤتمر الحوار الوطني السوري",https://syria.liveuamap.com/ar/2025/25-february-09-kurdish-selfadministration-parties-criticize,22739752,2 الأسبوع منذ,,
24.02.2025,الشرع: يجب اتخاذ الخطوات المناسبة لكي تلحق سوريا بالمنطقة,https://syria.liveuamap.com/ar/2025/25-february-07-sharaa-appropriate-steps-must-be-taken-for,22739656,2 الأسبوع منذ,,
24.02.2025,الشرع: سوريا عادت إلى أهلها,https://syria.liveuamap.com/ar/2025/25-february-07-sharia-syria-has-returned-to-its-people,22739655,2 الأسبوع منذ,,
24.02.2025,يزور وزير الخارجية الروسي سيرغي لافروف إيران اليوم لمناقشة الأوضاع في سوريا والشرق الأوسط والاتفاق النووي، بحسب وزارة الخارجية في موسكو.,https://iran.liveuamap.com/ar/2025/25-february-07-russias-foreign-minister-lavrov-will-visit,22739654,2 الأسبوع منذ,,
24.02.2025,"حراك أبناء القنيطرة يدعو الحكومة السورية والمجتمع الدولي للتحرك على المستويين السياسي والدبلوماسي ضد الاعتداءات الإسرائيلية
???? حراك أبناء القنيطرة يدعو جميع القوى الوطنية والمنظمات الحقوقية للمطالبة بوقف الانتهاكات الإسرائيلية التي تهدد وحدة وسلامة الأراضي السورية",https://syria.liveuamap.com/ar/2025/24-february-19-the-quneitra-sons-movement-calls-on-the-syrian,22739590,2 الأسبوع منذ,,
24.02.2025,البث الإسرائيلية: العمال السوريون سيعملون في مجالات البناء والزراعة في البلدات الدرزية في الجولان,https://syria.liveuamap.com/ar/2025/24-february-15-israeli-broadcast-syrian-workers-will-work,22739545,2 الأسبوع منذ,,
24.02.2025,تظاهر مئات السوريين في خان أرنبة جنوب سورية احتجاجاً على تصريحات نتنياهو الاستفزازية لتقسيم بلادهم والسيطرة الإسرائيلية على الأراضي السورية.,https://syria.liveuamap.com/ar/2025/24-february-14-hundreds-of-syrians-protested-in-khan-arnaba,22739543,2 الأسبوع منذ,,
24.02.2025,وافق الاتحاد الأوروبي على تعليق مجموعة من العقوبات ضد سوريا، بما في ذلك تلك المتعلقة بالطاقة والنقل وإعادة الإعمار,https://syria.liveuamap.com/ar/2025/24-february-10-european-union-agreed-to-suspend-a-range-of,22739495,2 الأسبوع منذ,,
24.02.2025,مظاهرات في السويداء ضد التصريحات الإسرائيلية الأخيرة حول جنوب سوريا، المشاركون يدعون لاستمرار المظاهرات غداً: ساحة الكرامة، السويداء,https://syria.liveuamap.com/ar/2025/24-february-10-demonstrations-taking-place-in-suwayda-against,22739496,2 الأسبوع منذ,,
24.02.2025,درعا  جنوب سوريا – احتجاج على تصريحات نتنياهو أمس,https://syria.liveuamap.com/ar/2025/24-february-10-daraa-now-southern-syria--a-protest-against,22739494,2 الأسبوع منذ,,
24.02.2025,"Intensive flights of the international coalition warplanes in the skies of the cities of Al-Quriyah and Al-Ashara, east of Deir Ezzor. Deir Ezzor",https://syria.liveuamap.com/en/2025/24-february-09a-intensiveflightsoftheinternationalcoalition,22739489,2 الأسبوع منذ,,
24.02.2025,وزير خارجية تركيا: سنواصل حوارنا مع روسيا بخصوص الوضع الإقليمي,https://syria.liveuamap.com/ar/2025/24-february-10-turkish-foreign-minister-we-will-continue,22739454,2 الأسبوع منذ,,
24.02.2025,وزير خارجية تركيا: بحثت مع لافروف ضرورة الحفاظ على وحدة سوريا,https://syria.liveuamap.com/ar/2025/24-february-08-turkish-foreign-minister-i-discussed-with,22739445,2 الأسبوع منذ,,
24.02.2025,Turkish warplanes strike SDF targets on the Sarrin line south of Kobane/Aynel Arab,https://syria.liveuamap.com/en/2025/23-february-19a-turkishwarplanesstrikesdftargetsonthesarrin,22739331,2 الأسبوع منذ,,
24.02.2025,مصادر الحدث: المستهدف في غارة التحالف بريف إدلب هو  مدرب عسكري يدعى جعفر التركي,https://syria.liveuamap.com/ar/2025/23-february-15-the-target-of-the-coalition-raid-in-the-idlib,22739320,2 الأسبوع منذ,,
24.02.2025,"وزير الدفاع الإسرائيلي يسرائيل كاتس: ""أقام الجيش الإسرائيلي موقعين على جبل الشيخ وسبعة مواقع أخرى في المنطقة العازلة مع سوريا. وسيبقى الجيش الإسرائيلي إلى أجل غير مسمى على جبل الشيخ وفي المنطقة العازلة"".",https://syria.liveuamap.com/ar/2025/23-february-15-israeli-defense-minister-israel-katz-the,22739319,2 الأسبوع منذ,,
24.02.2025,نتنياهو يقول إن إسرائيل لن تسمح لقوات النظام السوري الجديدة بدخول المنطقة الواقعة جنوب دمشق,https://syria.liveuamap.com/ar/2025/23-february-15-pm-netanyahu-says-israel-will-not-allow-the,22739312,2 الأسبوع منذ,,
24.02.2025,نتنياهو: لن نتسامح مع أي تهديد للطائفة الدرزية في جنوب سوريا,https://syria.liveuamap.com/ar/2025/23-february-15-netanyahu-we-will-not-tolerate-any-threat,22739309,2 الأسبوع منذ,,
24.02.2025,غارة بطائرة مسيرة للتحالف الأمريكي تستهدف سيارة على الطريق بين كللي وكفتين بريف إدلب الشمالي، سوريا,https://syria.liveuamap.com/ar/2025/23-february-12-us-coalition-drone-strike-targeted-a-vehicle,22739265,2 الأسبوع منذ,,
24.02.2025,مقتل شخص بغارة جوية للتحالف الدولي استهدفت سيارته على طريق كللي - كفتين شمالي إدلب,https://syria.liveuamap.com/ar/2025/23-february-12-a-person-was-killed-in-an-airstrike-by-the,22739266,2 الأسبوع منذ,,
24.02.2025,غارة للتحالف تستهدف سيارة في ريف إدلب,https://syria.liveuamap.com/ar/2025/23-february-12-coalition-airstrike-targets-a-car-in-idlib,22739258,2 الأسبوع منذ,,
24.02.2025,سوريا ستعقد مؤتمرا للحوار الوطني يوم الثلاثاء 25 فبراير، بحسب عضوين في اللجنة التحضيرية. يهدف المؤتمر إلى التوصل إلى إعلان دستوري والاتفاق على الخطوط العريضة للدولة الجديدة.,https://syria.liveuamap.com/ar/2025/23-february-09-syria-to-hold-national-dialogue-conference,22739214,2 الأسبوع منذ,,
24.02.2025,الجيش الإسرائيلي يعلن أنه هاجم طرق تهريب الأسلحة على الحدود اللبنانية السورية,https://syria.liveuamap.com/ar/2025/22-february-19-israeli-army-says-it-attacked-weapons-smuggling,22739052,2 الأسبوع منذ,,
24.02.2025,الطيران التركي يستهدف بعدة غارات مواقع ميليشيا «قسد» PKK/SDF في محيط صرين وسد تشرين.  Tishreen_Dam Tişrin Tishrin,https://syria.liveuamap.com/ar/2025/22-february-14-turkish-aircraft-target-sdf-militia-sites,22739035,2 الأسبوع منذ,,
24.02.2025,تقول القيادة المركزية الأمريكية إن قواتها نفذت غارة جوية دقيقة في شمال غرب سوريا أمس، مما أسفر عن مقتل وسيم تحسين بيرقدار، أحد كبار القادة في منظمة حراس الدين الإرهابية، وهي منظمة تابعة لتنظيم القاعدة.,https://syria.liveuamap.com/ar/2025/22-february-13--centcom-says-its-forces-conducted-a-precision,22739025,2 الأسبوع منذ,,
24.02.2025,مصادر اعلامية: تصدير النفط عبر الصهاريج من حقول الحسكة إلى مصافي التكرير في حمص وبانياس معدل التصدير اليومي يبلغ أكثر من 5 آلاف برميل من النفط الخام ميليشيات قـسـد تخفّض كمية تكرير النفط في مناطق سيطرتها النفط المستخرج من حقول دير الزور والحسكة,https://syria.liveuamap.com/ar/2025/22-february-11-media-sources-oil-is-exported-via-tankers,22738998,2 الأسبوع منذ,,
24.02.2025,سوريا: وسيم بيرقدار هو هدف لغارة أميركية بطائرة بدون طيار اليوم، وهو مسؤول الأمن الداخلي السابق في تنظيم حراس الدين.,https://syria.liveuamap.com/ar/2025/21-february-17-syria-wassim-bayrqadar-was-the-target-of-us,22738877,2 الأسبوع منذ,,
24.02.2025,غارة جوية للتحالف الدولي تستهدف سيارة مجهولة في مدينة الدانا شمالي إدلب,https://syria.liveuamap.com/ar/2025/21-february-14-an-airstrike-by-the-international-coalition,22738836,2 الأسبوع منذ,,
24.02.2025,طيران التحالف الدولي ينفذ غارة جوية بمنطقة قاح بريف إدلب الشمالي.,https://syria.liveuamap.com/ar/2025/21-february-14-the-international-coalition-aircraft-carried,22738833,2 الأسبوع منذ,,
25.02.2025,وقفة احتجاجية في درعا رفضًا لتوغل  الإسرائيلي وتصريحات نتنياهوالتلفزيون_العربي,https://syria.liveuamap.com/ar/2025/26-february-10-protest-in-daraa-rejecting-israeli-incursion,22739993,2 الأسبوع منذ,,
25.02.2025,طائرات مسيرة تركية تقصف قافلة للمدنيين الأكراد بالقرب من سد تشرين جنوب كوباني,https://syria.liveuamap.com/ar/2025/26-february-10-turkish-drones-bomb-a-convoy-of-kurdish-civilians,22739992,2 الأسبوع منذ,,
25.02.2025,مبعوث الرئيس الأميركي للشرق الأوسط ستيف ويتكوف: يمكن للبنان وسوريا أن ينضما إلى الاتفاقيات الإبراهيمية للسلام,https://syria.liveuamap.com/ar/2025/26-february-05-us-presidents-middle-east-envoy-steve-witkoff,22739902,2 الأسبوع منذ,,
25.02.2025,"قال الجيش الإسرائيلي إنه قصف مراكز قيادة ومواقع متعددة تحتوي على أسلحة في جنوب سوريا. وأضاف الجيش الإسرائيلي أن ""وجود قوات وأصول عسكرية في الجزء الجنوبي من سوريا يشكل تهديدا لمواطني إسرائيل"".",https://syria.liveuamap.com/ar/2025/25-february-21-the-israeli-army-said-that-it-struck-command,22739880,2 الأسبوع منذ,,
25.02.2025,وزير الحرب الإسرائيلي: سلاح الجو يهاجم حاليا جنوب سوريا بقوة,https://syria.liveuamap.com/ar/2025/25-february-21-israeli-defense-minister-air-force-is-currently,22739877,2 الأسبوع منذ,,
25.02.2025,Small_blue_diamond الجيش الإسرائيلي يتوغل مدعومًا بآليات وعربات عسكرية ثقيلة في منطقتي مزارع الأمل وتل الأحمر باتجاه منطقة المكاسر شمالي القنيطرة,https://syria.liveuamap.com/ar/2025/25-february-21-the-israeli-army-supported-by-heavy-military,22739878,2 الأسبوع منذ,,
25.02.2025,"وزير الدفاع كاتس: ""سلاح الجو موجود  في جنوب سوريا كجزء من السياسة الجديدة التي حددناها بشأن جنوب سوريا منزوع السلاح - والرسالة واضحة: لن نسمح لجنوب سوريا بأن يصبح جنوب لبنان"".",https://syria.liveuamap.com/ar/2025/25-february-21-defense-minister-katz-the-air-force-is-now,22739876,2 الأسبوع منذ,,
25.02.2025,ريف_دمشق : طائرات حـ.ـربية إسـ.ـرائـ.ـيلية تستهـ.ـدف بغـ.ـارة جـ.ـوية موقعاً قرب بلدة الكسوة في ريف دمشق,https://syria.liveuamap.com/ar/2025/25-february-21-damascus-countryside-israeli-warplanes-target,22739871,2 الأسبوع منذ,,
25.02.2025,توغل لقوات  الإسرائيلي في قرية البكار على الحدود الإدارية بين محافظتي درعا و القنيطرة,https://israelpalestine.liveuamap.com/ar/2025/25-february-21-israeli-forces-infiltrate-albakkar-village,22739869,2 الأسبوع منذ,,
25.02.2025,رويترز: سماع دوي انفجارات وطائرات تحلق على ارتفاع منخفض في دمشق,https://syria.liveuamap.com/ar/2025/25-february-20-reuters-explosions-and-lowflying-planes-heard,22739868,2 الأسبوع منذ,,
25.02.2025,غارة إسرائيلية على منطقة جرود جنتا قرب الحدود اللبنانية السورية,https://israelpalestine.liveuamap.com/ar/2025/25-february-20-israeli-raid-on-the-area-of-janta-outskirts,22739859,2 الأسبوع منذ,,
25.02.2025,البيان الختامي لمؤتمر الحوار الوطني السوري: الدعوة إلى رفع العقوبات الدولية المفروضة على سوريا,https://syria.liveuamap.com/ar/2025/25-february-15-final-statement-of-the-syrian-national-dialogue,22739806,2 الأسبوع منذ,,
25.02.2025,الدفاع المدني السوري: قتيل بنيران مسيرة مجهولة قرب قرية النصر السكنية جنوبي مدينة جرابلس بريف حلب الشرقي,https://syria.liveuamap.com/ar/2025/25-february-14-syrian-civil-defense-one-person-killed-by,22739792,2 الأسبوع منذ,,
25.02.2025,مظاهرات تضامنية مع رفض أهالي جنوب سوريا للتصريحات الإسرائيلية الأخيرة في حلب: ساحة سعد الله الجابري، حلب,https://syria.liveuamap.com/ar/2025/25-february-12-protests-in-solidarity-with-south-syrias,22739761,2 الأسبوع منذ,,
25.02.2025,وزير الخارجية الإسرائيلي: الحكومة الجديدة في سوريا جماعة إرهابية جهادية من إدلب استولت على دمشق بالقوة,https://syria.liveuamap.com/ar/2025/25-february-09-israeli-foreign-minister-new-government-in,22739755,2 الأسبوع منذ,,
25.02.2025,"أحزاب من الإدارة الذاتية الكردية تنتقد التمثيل ""الشكلي"" بمؤتمر الحوار الوطني السوري",https://syria.liveuamap.com/ar/2025/25-february-09-kurdish-selfadministration-parties-criticize,22739752,2 الأسبوع منذ,,
25.02.2025,الشرع: يجب اتخاذ الخطوات المناسبة لكي تلحق سوريا بالمنطقة,https://syria.liveuamap.com/ar/2025/25-february-07-sharaa-appropriate-steps-must-be-taken-for,22739656,2 الأسبوع منذ,,
25.02.2025,الشرع: سوريا عادت إلى أهلها,https://syria.liveuamap.com/ar/2025/25-february-07-sharia-syria-has-returned-to-its-people,22739655,2 الأسبوع منذ,,
25.02.2025,يزور وزير الخارجية الروسي سيرغي لافروف إيران اليوم لمناقشة الأوضاع في سوريا والشرق الأوسط والاتفاق النووي، بحسب وزارة الخارجية في موسكو.,https://iran.liveuamap.com/ar/2025/25-february-07-russias-foreign-minister-lavrov-will-visit,22739654,2 الأسبوع منذ,,
25.02.2025,"حراك أبناء القنيطرة يدعو الحكومة السورية والمجتمع الدولي للتحرك على المستويين السياسي والدبلوماسي ضد الاعتداءات الإسرائيلية
???? حراك أبناء القنيطرة يدعو جميع القوى الوطنية والمنظمات الحقوقية للمطالبة بوقف الانتهاكات الإسرائيلية التي تهدد وحدة وسلامة الأراضي السورية",https://syria.liveuamap.com/ar/2025/24-february-19-the-quneitra-sons-movement-calls-on-the-syrian,22739590,2 الأسبوع منذ,,
25.02.2025,البث الإسرائيلية: العمال السوريون سيعملون في مجالات البناء والزراعة في البلدات الدرزية في الجولان,https://syria.liveuamap.com/ar/2025/24-february-15-israeli-broadcast-syrian-workers-will-work,22739545,2 الأسبوع منذ,,
25.02.2025,تظاهر مئات السوريين في خان أرنبة جنوب سورية احتجاجاً على تصريحات نتنياهو الاستفزازية لتقسيم بلادهم والسيطرة الإسرائيلية على الأراضي السورية.,https://syria.liveuamap.com/ar/2025/24-february-14-hundreds-of-syrians-protested-in-khan-arnaba,22739543,2 الأسبوع منذ,,
25.02.2025,وافق الاتحاد الأوروبي على تعليق مجموعة من العقوبات ضد سوريا، بما في ذلك تلك المتعلقة بالطاقة والنقل وإعادة الإعمار,https://syria.liveuamap.com/ar/2025/24-february-10-european-union-agreed-to-suspend-a-range-of,22739495,2 الأسبوع منذ,,
25.02.2025,مظاهرات في السويداء ضد التصريحات الإسرائيلية الأخيرة حول جنوب سوريا، المشاركون يدعون لاستمرار المظاهرات غداً: ساحة الكرامة، السويداء,https://syria.liveuamap.com/ar/2025/24-february-10-demonstrations-taking-place-in-suwayda-against,22739496,2 الأسبوع منذ,,
25.02.2025,درعا  جنوب سوريا – احتجاج على تصريحات نتنياهو أمس,https://syria.liveuamap.com/ar/2025/24-february-10-daraa-now-southern-syria--a-protest-against,22739494,2 الأسبوع منذ,,
25.02.2025,"Intensive flights of the international coalition warplanes in the skies of the cities of Al-Quriyah and Al-Ashara, east of Deir Ezzor. Deir Ezzor",https://syria.liveuamap.com/en/2025/24-february-09a-intensiveflightsoftheinternationalcoalition,22739489,2 الأسبوع منذ,,
25.02.2025,وزير خارجية تركيا: سنواصل حوارنا مع روسيا بخصوص الوضع الإقليمي,https://syria.liveuamap.com/ar/2025/24-february-10-turkish-foreign-minister-we-will-continue,22739454,2 الأسبوع منذ,,
25.02.2025,وزير خارجية تركيا: بحثت مع لافروف ضرورة الحفاظ على وحدة سوريا,https://syria.liveuamap.com/ar/2025/24-february-08-turkish-foreign-minister-i-discussed-with,22739445,2 الأسبوع منذ,,
25.02.2025,Turkish warplanes strike SDF targets on the Sarrin line south of Kobane/Aynel Arab,https://syria.liveuamap.com/en/2025/23-february-19a-turkishwarplanesstrikesdftargetsonthesarrin,22739331,2 الأسبوع منذ,,
25.02.2025,مصادر الحدث: المستهدف في غارة التحالف بريف إدلب هو  مدرب عسكري يدعى جعفر التركي,https://syria.liveuamap.com/ar/2025/23-february-15-the-target-of-the-coalition-raid-in-the-idlib,22739320,2 الأسبوع منذ,,
26.02.2025,وحدات مدفعية القوات المسلحة التركية تقصف أهدافاً لحزب العمال الكردستاني في بلدات عين عيسى وسكيرو وغزالة والحويجة شمال الرقة,https://syria.liveuamap.com/ar/2025/26-february-18-turkish-armed-forces-artillery-units-hit-pkk,22740078,1 الأسبوع منذ,,
26.02.2025,الطيران المروحي يحلق فوق أجواء القرداحة بالتزامن مع انتشار قوات الأمن العام,https://syria.liveuamap.com/ar/2025/26-february-17-helicopters-fly-over-qardaha-coinciding-with,22740064,1 الأسبوع منذ,,
26.02.2025,تشهد بلدة القرداحة الليلة أولى الاضطرابات منذ سقوط الأسد، حيث يتم محاصرة عدد من عناصر الأمن في موقعهم بالبلدة، وتتجه تعزيزات كبيرة إلى المنطقة,https://syria.liveuamap.com/ar/2025/26-february-17-town-of-qerdaha-is-witnessing-tonight-its,22740060,1 الأسبوع منذ,,
26.02.2025,قسد برس: مقتل 8 مدنيين و4 مقاتلين من قسد نتيجة العدوان التركي على ريف الشدادي بأكثر من 16 غارة جوية,https://syria.liveuamap.com/ar/2025/26-february-17-sdf-press-8-civilian-and-4-sdf-fighter-dead,22740062,1 الأسبوع منذ,,
26.02.2025,الاحتجاجات توسعت لتصل إلى مخفر مدينة القرداحة وسط هتافات تحريضية رددها المحتجون قوى الأمن العام تحاول احتواء المشهد في المدينة,https://syria.liveuamap.com/ar/2025/26-february-17-protests-expanded-to-reach-the-qardaha-police,22740068,2 الأسبوع منذ,,
26.02.2025,الرئاسة السورية: الشرع بحث مع العاهل الأردني تطوير التعاون والوصول إلى صيغ مشتركة لزيادة التنسيق على كل الصعد,https://syria.liveuamap.com/ar/2025/26-february-14-syrian-presidency-alshara-discussed-with-the,22740040,2 الأسبوع منذ,,
26.02.2025,العاهل الأردني يلتقي أحمد الشرع في عمان,https://syria.liveuamap.com/ar/2025/26-february-11-king-of-jordan-meets-ahmad-alshara-in-amman,22740031,2 الأسبوع منذ,,
26.02.2025,وقفة احتجاجية في درعا رفضًا لتوغل  الإسرائيلي وتصريحات نتنياهوالتلفزيون_العربي,https://syria.liveuamap.com/ar/2025/26-february-10-protest-in-daraa-rejecting-israeli-incursion,22739993,2 الأسبوع منذ,,
26.02.2025,طائرات مسيرة تركية تقصف قافلة للمدنيين الأكراد بالقرب من سد تشرين جنوب كوباني,https://syria.liveuamap.com/ar/2025/26-february-10-turkish-drones-bomb-a-convoy-of-kurdish-civilians,22739992,2 الأسبوع منذ,,
26.02.2025,مبعوث الرئيس الأميركي للشرق الأوسط ستيف ويتكوف: يمكن للبنان وسوريا أن ينضما إلى الاتفاقيات الإبراهيمية للسلام,https://syria.liveuamap.com/ar/2025/26-february-05-us-presidents-middle-east-envoy-steve-witkoff,22739902,2 الأسبوع منذ,,
26.02.2025,"قال الجيش الإسرائيلي إنه قصف مراكز قيادة ومواقع متعددة تحتوي على أسلحة في جنوب سوريا. وأضاف الجيش الإسرائيلي أن ""وجود قوات وأصول عسكرية في الجزء الجنوبي من سوريا يشكل تهديدا لمواطني إسرائيل"".",https://syria.liveuamap.com/ar/2025/25-february-21-the-israeli-army-said-that-it-struck-command,22739880,2 الأسبوع منذ,,
26.02.2025,وزير الحرب الإسرائيلي: سلاح الجو يهاجم حاليا جنوب سوريا بقوة,https://syria.liveuamap.com/ar/2025/25-february-21-israeli-defense-minister-air-force-is-currently,22739877,2 الأسبوع منذ,,
26.02.2025,Small_blue_diamond الجيش الإسرائيلي يتوغل مدعومًا بآليات وعربات عسكرية ثقيلة في منطقتي مزارع الأمل وتل الأحمر باتجاه منطقة المكاسر شمالي القنيطرة,https://syria.liveuamap.com/ar/2025/25-february-21-the-israeli-army-supported-by-heavy-military,22739878,2 الأسبوع منذ,,
26.02.2025,"وزير الدفاع كاتس: ""سلاح الجو موجود  في جنوب سوريا كجزء من السياسة الجديدة التي حددناها بشأن جنوب سوريا منزوع السلاح - والرسالة واضحة: لن نسمح لجنوب سوريا بأن يصبح جنوب لبنان"".",https://syria.liveuamap.com/ar/2025/25-february-21-defense-minister-katz-the-air-force-is-now,22739876,2 الأسبوع منذ,,
26.02.2025,ريف_دمشق : طائرات حـ.ـربية إسـ.ـرائـ.ـيلية تستهـ.ـدف بغـ.ـارة جـ.ـوية موقعاً قرب بلدة الكسوة في ريف دمشق,https://syria.liveuamap.com/ar/2025/25-february-21-damascus-countryside-israeli-warplanes-target,22739871,2 الأسبوع منذ,,
26.02.2025,توغل لقوات  الإسرائيلي في قرية البكار على الحدود الإدارية بين محافظتي درعا و القنيطرة,https://israelpalestine.liveuamap.com/ar/2025/25-february-21-israeli-forces-infiltrate-albakkar-village,22739869,2 الأسبوع منذ,,
26.02.2025,رويترز: سماع دوي انفجارات وطائرات تحلق على ارتفاع منخفض في دمشق,https://syria.liveuamap.com/ar/2025/25-february-20-reuters-explosions-and-lowflying-planes-heard,22739868,2 الأسبوع منذ,,
26.02.2025,غارة إسرائيلية على منطقة جرود جنتا قرب الحدود اللبنانية السورية,https://israelpalestine.liveuamap.com/ar/2025/25-february-20-israeli-raid-on-the-area-of-janta-outskirts,22739859,2 الأسبوع منذ,,
26.02.2025,البيان الختامي لمؤتمر الحوار الوطني السوري: الدعوة إلى رفع العقوبات الدولية المفروضة على سوريا,https://syria.liveuamap.com/ar/2025/25-february-15-final-statement-of-the-syrian-national-dialogue,22739806,2 الأسبوع منذ,,
26.02.2025,الدفاع المدني السوري: قتيل بنيران مسيرة مجهولة قرب قرية النصر السكنية جنوبي مدينة جرابلس بريف حلب الشرقي,https://syria.liveuamap.com/ar/2025/25-february-14-syrian-civil-defense-one-person-killed-by,22739792,2 الأسبوع منذ,,
26.02.2025,مظاهرات تضامنية مع رفض أهالي جنوب سوريا للتصريحات الإسرائيلية الأخيرة في حلب: ساحة سعد الله الجابري، حلب,https://syria.liveuamap.com/ar/2025/25-february-12-protests-in-solidarity-with-south-syrias,22739761,2 الأسبوع منذ,,
26.02.2025,وزير الخارجية الإسرائيلي: الحكومة الجديدة في سوريا جماعة إرهابية جهادية من إدلب استولت على دمشق بالقوة,https://syria.liveuamap.com/ar/2025/25-february-09-israeli-foreign-minister-new-government-in,22739755,2 الأسبوع منذ,,
26.02.2025,"أحزاب من الإدارة الذاتية الكردية تنتقد التمثيل ""الشكلي"" بمؤتمر الحوار الوطني السوري",https://syria.liveuamap.com/ar/2025/25-february-09-kurdish-selfadministration-parties-criticize,22739752,2 الأسبوع منذ,,
26.02.2025,الشرع: يجب اتخاذ الخطوات المناسبة لكي تلحق سوريا بالمنطقة,https://syria.liveuamap.com/ar/2025/25-february-07-sharaa-appropriate-steps-must-be-taken-for,22739656,2 الأسبوع منذ,,
26.02.2025,الشرع: سوريا عادت إلى أهلها,https://syria.liveuamap.com/ar/2025/25-february-07-sharia-syria-has-returned-to-its-people,22739655,2 الأسبوع منذ,,
26.02.2025,يزور وزير الخارجية الروسي سيرغي لافروف إيران اليوم لمناقشة الأوضاع في سوريا والشرق الأوسط والاتفاق النووي، بحسب وزارة الخارجية في موسكو.,https://iran.liveuamap.com/ar/2025/25-february-07-russias-foreign-minister-lavrov-will-visit,22739654,2 الأسبوع منذ,,
26.02.2025,"حراك أبناء القنيطرة يدعو الحكومة السورية والمجتمع الدولي للتحرك على المستويين السياسي والدبلوماسي ضد الاعتداءات الإسرائيلية
???? حراك أبناء القنيطرة يدعو جميع القوى الوطنية والمنظمات الحقوقية للمطالبة بوقف الانتهاكات الإسرائيلية التي تهدد وحدة وسلامة الأراضي السورية",https://syria.liveuamap.com/ar/2025/24-february-19-the-quneitra-sons-movement-calls-on-the-syrian,22739590,2 الأسبوع منذ,,
26.02.2025,البث الإسرائيلية: العمال السوريون سيعملون في مجالات البناء والزراعة في البلدات الدرزية في الجولان,https://syria.liveuamap.com/ar/2025/24-february-15-israeli-broadcast-syrian-workers-will-work,22739545,2 الأسبوع منذ,,
26.02.2025,تظاهر مئات السوريين في خان أرنبة جنوب سورية احتجاجاً على تصريحات نتنياهو الاستفزازية لتقسيم بلادهم والسيطرة الإسرائيلية على الأراضي السورية.,https://syria.liveuamap.com/ar/2025/24-february-14-hundreds-of-syrians-protested-in-khan-arnaba,22739543,2 الأسبوع منذ,,
26.02.2025,وافق الاتحاد الأوروبي على تعليق مجموعة من العقوبات ضد سوريا، بما في ذلك تلك المتعلقة بالطاقة والنقل وإعادة الإعمار,https://syria.liveuamap.com/ar/2025/24-february-10-european-union-agreed-to-suspend-a-range-of,22739495,2 الأسبوع منذ,,
27.02.2025,سانا: وصول صهريج محمل بالديزل إلى بانياس:,https://syria.liveuamap.com/ar/2025/28-february-10-sana-tanker-carrying-diesel-arrives-in-baniyas,22740448,1 الأسبوع منذ,,
27.02.2025,إعلام سوري: القوات الإسرائيلية تتوغل داخل بلدة الرفيد في ريف القنيطرة جنوب البلاد,https://syria.liveuamap.com/ar/2025/28-february-07-syrian-media-israeli-forces-penetrate-into,22740373,1 الأسبوع منذ,,
27.02.2025,الجيش الإسرائيلي: طائرة هاجمت الليلة الماضية وقتلت محمد مهدي علي شاهين، وهو إرهابي من حزب الله متورط في تنسيق المعاملات لشراء الأسلحة على الحدود السورية اللبنانية.,https://lebanon.liveuamap.com/ar/2025/28-february-07-israeli-army-an-aircraft-attacked-and-killed,22740356,1 الأسبوع منذ,,
27.02.2025,أوجلان حول العلاقات الكردية التركية؛ على مدى أكثر من ألف عام من التاريخ، وجد الأتراك والأكراد دائمًا أنه من الضروري البقاء في تحالف، مع سيطرة الجانب الطوعي، من أجل الحفاظ على وجودهم والوقوف ضد القوى المهيمنة.,https://turkey.liveuamap.com/ar/2025/27-february-14-ocalan-on-kurdishturkish-relations-throughout,22740264,1 الأسبوع منذ,,
27.02.2025,قال زعيم حزب العمال الكردستاني المسجون عبد الله أوجلان إن جميع الجماعات يجب أن تلقي أسلحتها وإن حزب العمال الكردستاني يجب أن يحل نفسه، بحسب ما قاله الحزب المؤيد للأكراد في تركيا.,https://turkey.liveuamap.com/ar/2025/27-february-14-jailed-militant-pkk-leader-ocalan-says-all,22740261,1 الأسبوع منذ,,
27.02.2025,أدانت كل من السعودية، وقطر، ومصر، والأردن، الغارات الجوية الإسرائيلية والتحركات البرية في مناطق من الجنوب السوري.إدانات عربية لتحركات إسرائيل في سورياعنب_بلدي سوريا,https://syria.liveuamap.com/ar/2025/27-february-13-saudi-arabia-qatar-egypt-and-jordan-condemned,22740268,1 الأسبوع منذ,,
27.02.2025,نفذت قوات الأمن أمس عملية تفتيش ومداهمة في منطقة عين شمس (مصياف - شمال غرب حماة) أسفرت عن مقتل 3 مواطنين واعتقال نحو 30 آخرين,https://syria.liveuamap.com/ar/2025/27-february-13-yesterday-the-security-forces-carried-out,22740251,1 الأسبوع منذ,,
27.02.2025,وحدات مدفعية القوات المسلحة التركية تقصف أهدافاً لحزب العمال الكردستاني في بلدات عين عيسى وسكيرو وغزالة والحويجة شمال الرقة,https://syria.liveuamap.com/ar/2025/26-february-18-turkish-armed-forces-artillery-units-hit-pkk,22740078,1 الأسبوع منذ,,
27.02.2025,الطيران المروحي يحلق فوق أجواء القرداحة بالتزامن مع انتشار قوات الأمن العام,https://syria.liveuamap.com/ar/2025/26-february-17-helicopters-fly-over-qardaha-coinciding-with,22740064,1 الأسبوع منذ,,
27.02.2025,تشهد بلدة القرداحة الليلة أولى الاضطرابات منذ سقوط الأسد، حيث يتم محاصرة عدد من عناصر الأمن في موقعهم بالبلدة، وتتجه تعزيزات كبيرة إلى المنطقة,https://syria.liveuamap.com/ar/2025/26-february-17-town-of-qerdaha-is-witnessing-tonight-its,22740060,1 الأسبوع منذ,,
27.02.2025,قسد برس: مقتل 8 مدنيين و4 مقاتلين من قسد نتيجة العدوان التركي على ريف الشدادي بأكثر من 16 غارة جوية,https://syria.liveuamap.com/ar/2025/26-february-17-sdf-press-8-civilian-and-4-sdf-fighter-dead,22740062,1 الأسبوع منذ,,
27.02.2025,الاحتجاجات توسعت لتصل إلى مخفر مدينة القرداحة وسط هتافات تحريضية رددها المحتجون قوى الأمن العام تحاول احتواء المشهد في المدينة,https://syria.liveuamap.com/ar/2025/26-february-17-protests-expanded-to-reach-the-qardaha-police,22740068,2 الأسبوع منذ,,
27.02.2025,الرئاسة السورية: الشرع بحث مع العاهل الأردني تطوير التعاون والوصول إلى صيغ مشتركة لزيادة التنسيق على كل الصعد,https://syria.liveuamap.com/ar/2025/26-february-14-syrian-presidency-alshara-discussed-with-the,22740040,2 الأسبوع منذ,,
27.02.2025,العاهل الأردني يلتقي أحمد الشرع في عمان,https://syria.liveuamap.com/ar/2025/26-february-11-king-of-jordan-meets-ahmad-alshara-in-amman,22740031,2 الأسبوع منذ,,
27.02.2025,وقفة احتجاجية في درعا رفضًا لتوغل  الإسرائيلي وتصريحات نتنياهوالتلفزيون_العربي,https://syria.liveuamap.com/ar/2025/26-february-10-protest-in-daraa-rejecting-israeli-incursion,22739993,2 الأسبوع منذ,,
27.02.2025,طائرات مسيرة تركية تقصف قافلة للمدنيين الأكراد بالقرب من سد تشرين جنوب كوباني,https://syria.liveuamap.com/ar/2025/26-february-10-turkish-drones-bomb-a-convoy-of-kurdish-civilians,22739992,2 الأسبوع منذ,,
27.02.2025,مبعوث الرئيس الأميركي للشرق الأوسط ستيف ويتكوف: يمكن للبنان وسوريا أن ينضما إلى الاتفاقيات الإبراهيمية للسلام,https://syria.liveuamap.com/ar/2025/26-february-05-us-presidents-middle-east-envoy-steve-witkoff,22739902,2 الأسبوع منذ,,
27.02.2025,"قال الجيش الإسرائيلي إنه قصف مراكز قيادة ومواقع متعددة تحتوي على أسلحة في جنوب سوريا. وأضاف الجيش الإسرائيلي أن ""وجود قوات وأصول عسكرية في الجزء الجنوبي من سوريا يشكل تهديدا لمواطني إسرائيل"".",https://syria.liveuamap.com/ar/2025/25-february-21-the-israeli-army-said-that-it-struck-command,22739880,2 الأسبوع منذ,,
27.02.2025,وزير الحرب الإسرائيلي: سلاح الجو يهاجم حاليا جنوب سوريا بقوة,https://syria.liveuamap.com/ar/2025/25-february-21-israeli-defense-minister-air-force-is-currently,22739877,2 الأسبوع منذ,,
27.02.2025,Small_blue_diamond الجيش الإسرائيلي يتوغل مدعومًا بآليات وعربات عسكرية ثقيلة في منطقتي مزارع الأمل وتل الأحمر باتجاه منطقة المكاسر شمالي القنيطرة,https://syria.liveuamap.com/ar/2025/25-february-21-the-israeli-army-supported-by-heavy-military,22739878,2 الأسبوع منذ,,
27.02.2025,"وزير الدفاع كاتس: ""سلاح الجو موجود  في جنوب سوريا كجزء من السياسة الجديدة التي حددناها بشأن جنوب سوريا منزوع السلاح - والرسالة واضحة: لن نسمح لجنوب سوريا بأن يصبح جنوب لبنان"".",https://syria.liveuamap.com/ar/2025/25-february-21-defense-minister-katz-the-air-force-is-now,22739876,2 الأسبوع منذ,,
27.02.2025,ريف_دمشق : طائرات حـ.ـربية إسـ.ـرائـ.ـيلية تستهـ.ـدف بغـ.ـارة جـ.ـوية موقعاً قرب بلدة الكسوة في ريف دمشق,https://syria.liveuamap.com/ar/2025/25-february-21-damascus-countryside-israeli-warplanes-target,22739871,2 الأسبوع منذ,,
27.02.2025,توغل لقوات  الإسرائيلي في قرية البكار على الحدود الإدارية بين محافظتي درعا و القنيطرة,https://israelpalestine.liveuamap.com/ar/2025/25-february-21-israeli-forces-infiltrate-albakkar-village,22739869,2 الأسبوع منذ,,
27.02.2025,رويترز: سماع دوي انفجارات وطائرات تحلق على ارتفاع منخفض في دمشق,https://syria.liveuamap.com/ar/2025/25-february-20-reuters-explosions-and-lowflying-planes-heard,22739868,2 الأسبوع منذ,,
27.02.2025,غارة إسرائيلية على منطقة جرود جنتا قرب الحدود اللبنانية السورية,https://israelpalestine.liveuamap.com/ar/2025/25-february-20-israeli-raid-on-the-area-of-janta-outskirts,22739859,2 الأسبوع منذ,,
27.02.2025,البيان الختامي لمؤتمر الحوار الوطني السوري: الدعوة إلى رفع العقوبات الدولية المفروضة على سوريا,https://syria.liveuamap.com/ar/2025/25-february-15-final-statement-of-the-syrian-national-dialogue,22739806,2 الأسبوع منذ,,
27.02.2025,الدفاع المدني السوري: قتيل بنيران مسيرة مجهولة قرب قرية النصر السكنية جنوبي مدينة جرابلس بريف حلب الشرقي,https://syria.liveuamap.com/ar/2025/25-february-14-syrian-civil-defense-one-person-killed-by,22739792,2 الأسبوع منذ,,
27.02.2025,مظاهرات تضامنية مع رفض أهالي جنوب سوريا للتصريحات الإسرائيلية الأخيرة في حلب: ساحة سعد الله الجابري، حلب,https://syria.liveuamap.com/ar/2025/25-february-12-protests-in-solidarity-with-south-syrias,22739761,2 الأسبوع منذ,,
27.02.2025,وزير الخارجية الإسرائيلي: الحكومة الجديدة في سوريا جماعة إرهابية جهادية من إدلب استولت على دمشق بالقوة,https://syria.liveuamap.com/ar/2025/25-february-09-israeli-foreign-minister-new-government-in,22739755,2 الأسبوع منذ,,
27.02.2025,"أحزاب من الإدارة الذاتية الكردية تنتقد التمثيل ""الشكلي"" بمؤتمر الحوار الوطني السوري",https://syria.liveuamap.com/ar/2025/25-february-09-kurdish-selfadministration-parties-criticize,22739752,2 الأسبوع منذ,,
28.02.2025,رويترز: قالت أربعة مصادر إن إسرائيل تضغط على الولايات المتحدة لإبقاء سوريا ضعيفة ولامركزية، بما في ذلك السماح لروسيا بالاحتفاظ بقواعدها العسكرية هناك لمواجهة النفوذ التركي المتزايد في البلاد.,https://syria.liveuamap.com/ar/2025/28-february-16-reuters-israel-is-lobbying-the-us-to-keep,22740517,1 الأسبوع منذ,,
28.02.2025,"تشير الهجمات الأخيرة في سوريا إلى أن داعش لا يزال قادرًا على ""تمويل وإلهام ودعم الأعمال على مستوى العالم، ويجب علينا جميعًا أن نظل يقظين"" - وزارة الخزانة الأمريكية",https://syria.liveuamap.com/ar/2025/28-february-16-recent-attacks-in-syria-indicate-that-isis,22740514,1 الأسبوع منذ,,
28.02.2025,طائرات بدون طيار تابعة للقوات المسلحة التركية تقصف أهدافاً لقوات سوريا الديمقراطية على خط صرين جنوب كوباني,https://syria.liveuamap.com/ar/2025/28-february-15-turkish-armed-forces-uavs-hit-sdf-targets,22740634,1 الأسبوع منذ,,
28.02.2025,قالت إدارة الأمن العام السوري إنها اعتقلت أكثر من 40 عنصرا من النظام السابق في عملية أمنية بمدينة قطنا في ريف دمشق حيث اندلعت احتجاجات عنيفة أمس.,https://syria.liveuamap.com/ar/2025/28-february-15-the-syrian-general-security-directorate-says,22740513,1 الأسبوع منذ,,
28.02.2025,"سوريا:قال وزير الدفاع الإسرائيلي يسرائيل كاتس أمس الخميس، إن الإدارة السورية الجديدة حاولت للمرة الأولى تأسيس مواقع عسكرية جنوبي سوريا، لكن سلاح الجو الإسرائيلي أحبط ذلك في غارات شنها مساء الثلاثاء.وأضاف: ""جنوبي سوريا يجب أن يكون منطقة منزوعة السلاح، لقد نقلنا…",https://syria.liveuamap.com/ar/2025/28-february-13-israeli-defense-minister-yisrael-katz-said,22740487,1 الأسبوع منذ,,
28.02.2025,وقفة احتجاجية في بلدة الصّورة في ريف درعا الشرقي رفضاً لتصريحات واعتداءات اسرائيل على جنوب سوريا.درعا الصّورة مظاهرة درعا24,https://syria.liveuamap.com/ar/2025/28-february-12-a-protest-stand-in-the-town-of-alsura-in-the,22740488,1 الأسبوع منذ,,
28.02.2025,حزب أردوغان : على المسلحين الأكراد في تركيا والعراق وسوريا إلقاء أسلحتهم,https://syria.liveuamap.com/ar/2025/28-february-12-erdogans-party-kurdish-militants-in-trkiye,22740462,1 الأسبوع منذ,,
28.02.2025,سانا: وصول صهريج محمل بالديزل إلى بانياس:,https://syria.liveuamap.com/ar/2025/28-february-10-sana-tanker-carrying-diesel-arrives-in-baniyas,22740448,1 الأسبوع منذ,,
28.02.2025,إعلام سوري: القوات الإسرائيلية تتوغل داخل بلدة الرفيد في ريف القنيطرة جنوب البلاد,https://syria.liveuamap.com/ar/2025/28-february-07-syrian-media-israeli-forces-penetrate-into,22740373,1 الأسبوع منذ,,
28.02.2025,الجيش الإسرائيلي: طائرة هاجمت الليلة الماضية وقتلت محمد مهدي علي شاهين، وهو إرهابي من حزب الله متورط في تنسيق المعاملات لشراء الأسلحة على الحدود السورية اللبنانية.,https://lebanon.liveuamap.com/ar/2025/28-february-07-israeli-army-an-aircraft-attacked-and-killed,22740356,1 الأسبوع منذ,,
28.02.2025,أوجلان حول العلاقات الكردية التركية؛ على مدى أكثر من ألف عام من التاريخ، وجد الأتراك والأكراد دائمًا أنه من الضروري البقاء في تحالف، مع سيطرة الجانب الطوعي، من أجل الحفاظ على وجودهم والوقوف ضد القوى المهيمنة.,https://turkey.liveuamap.com/ar/2025/27-february-14-ocalan-on-kurdishturkish-relations-throughout,22740264,1 الأسبوع منذ,,
28.02.2025,قال زعيم حزب العمال الكردستاني المسجون عبد الله أوجلان إن جميع الجماعات يجب أن تلقي أسلحتها وإن حزب العمال الكردستاني يجب أن يحل نفسه، بحسب ما قاله الحزب المؤيد للأكراد في تركيا.,https://turkey.liveuamap.com/ar/2025/27-february-14-jailed-militant-pkk-leader-ocalan-says-all,22740261,1 الأسبوع منذ,,
28.02.2025,أدانت كل من السعودية، وقطر، ومصر، والأردن، الغارات الجوية الإسرائيلية والتحركات البرية في مناطق من الجنوب السوري.إدانات عربية لتحركات إسرائيل في سورياعنب_بلدي سوريا,https://syria.liveuamap.com/ar/2025/27-february-13-saudi-arabia-qatar-egypt-and-jordan-condemned,22740268,1 الأسبوع منذ,,
28.02.2025,نفذت قوات الأمن أمس عملية تفتيش ومداهمة في منطقة عين شمس (مصياف - شمال غرب حماة) أسفرت عن مقتل 3 مواطنين واعتقال نحو 30 آخرين,https://syria.liveuamap.com/ar/2025/27-february-13-yesterday-the-security-forces-carried-out,22740251,1 الأسبوع منذ,,
28.02.2025,وحدات مدفعية القوات المسلحة التركية تقصف أهدافاً لحزب العمال الكردستاني في بلدات عين عيسى وسكيرو وغزالة والحويجة شمال الرقة,https://syria.liveuamap.com/ar/2025/26-february-18-turkish-armed-forces-artillery-units-hit-pkk,22740078,1 الأسبوع منذ,,
28.02.2025,الطيران المروحي يحلق فوق أجواء القرداحة بالتزامن مع انتشار قوات الأمن العام,https://syria.liveuamap.com/ar/2025/26-february-17-helicopters-fly-over-qardaha-coinciding-with,22740064,1 الأسبوع منذ,,
28.02.2025,تشهد بلدة القرداحة الليلة أولى الاضطرابات منذ سقوط الأسد، حيث يتم محاصرة عدد من عناصر الأمن في موقعهم بالبلدة، وتتجه تعزيزات كبيرة إلى المنطقة,https://syria.liveuamap.com/ar/2025/26-february-17-town-of-qerdaha-is-witnessing-tonight-its,22740060,1 الأسبوع منذ,,
28.02.2025,قسد برس: مقتل 8 مدنيين و4 مقاتلين من قسد نتيجة العدوان التركي على ريف الشدادي بأكثر من 16 غارة جوية,https://syria.liveuamap.com/ar/2025/26-february-17-sdf-press-8-civilian-and-4-sdf-fighter-dead,22740062,1 الأسبوع منذ,,
28.02.2025,الاحتجاجات توسعت لتصل إلى مخفر مدينة القرداحة وسط هتافات تحريضية رددها المحتجون قوى الأمن العام تحاول احتواء المشهد في المدينة,https://syria.liveuamap.com/ar/2025/26-february-17-protests-expanded-to-reach-the-qardaha-police,22740068,2 الأسبوع منذ,,
28.02.2025,الرئاسة السورية: الشرع بحث مع العاهل الأردني تطوير التعاون والوصول إلى صيغ مشتركة لزيادة التنسيق على كل الصعد,https://syria.liveuamap.com/ar/2025/26-february-14-syrian-presidency-alshara-discussed-with-the,22740040,2 الأسبوع منذ,,
28.02.2025,العاهل الأردني يلتقي أحمد الشرع في عمان,https://syria.liveuamap.com/ar/2025/26-february-11-king-of-jordan-meets-ahmad-alshara-in-amman,22740031,2 الأسبوع منذ,,
28.02.2025,وقفة احتجاجية في درعا رفضًا لتوغل  الإسرائيلي وتصريحات نتنياهوالتلفزيون_العربي,https://syria.liveuamap.com/ar/2025/26-february-10-protest-in-daraa-rejecting-israeli-incursion,22739993,2 الأسبوع منذ,,
28.02.2025,طائرات مسيرة تركية تقصف قافلة للمدنيين الأكراد بالقرب من سد تشرين جنوب كوباني,https://syria.liveuamap.com/ar/2025/26-february-10-turkish-drones-bomb-a-convoy-of-kurdish-civilians,22739992,2 الأسبوع منذ,,
28.02.2025,مبعوث الرئيس الأميركي للشرق الأوسط ستيف ويتكوف: يمكن للبنان وسوريا أن ينضما إلى الاتفاقيات الإبراهيمية للسلام,https://syria.liveuamap.com/ar/2025/26-february-05-us-presidents-middle-east-envoy-steve-witkoff,22739902,2 الأسبوع منذ,,
28.02.2025,"قال الجيش الإسرائيلي إنه قصف مراكز قيادة ومواقع متعددة تحتوي على أسلحة في جنوب سوريا. وأضاف الجيش الإسرائيلي أن ""وجود قوات وأصول عسكرية في الجزء الجنوبي من سوريا يشكل تهديدا لمواطني إسرائيل"".",https://syria.liveuamap.com/ar/2025/25-february-21-the-israeli-army-said-that-it-struck-command,22739880,2 الأسبوع منذ,,
28.02.2025,وزير الحرب الإسرائيلي: سلاح الجو يهاجم حاليا جنوب سوريا بقوة,https://syria.liveuamap.com/ar/2025/25-february-21-israeli-defense-minister-air-force-is-currently,22739877,2 الأسبوع منذ,,
28.02.2025,Small_blue_diamond الجيش الإسرائيلي يتوغل مدعومًا بآليات وعربات عسكرية ثقيلة في منطقتي مزارع الأمل وتل الأحمر باتجاه منطقة المكاسر شمالي القنيطرة,https://syria.liveuamap.com/ar/2025/25-february-21-the-israeli-army-supported-by-heavy-military,22739878,2 الأسبوع منذ,,
28.02.2025,"وزير الدفاع كاتس: ""سلاح الجو موجود  في جنوب سوريا كجزء من السياسة الجديدة التي حددناها بشأن جنوب سوريا منزوع السلاح - والرسالة واضحة: لن نسمح لجنوب سوريا بأن يصبح جنوب لبنان"".",https://syria.liveuamap.com/ar/2025/25-february-21-defense-minister-katz-the-air-force-is-now,22739876,2 الأسبوع منذ,,
28.02.2025,ريف_دمشق : طائرات حـ.ـربية إسـ.ـرائـ.ـيلية تستهـ.ـدف بغـ.ـارة جـ.ـوية موقعاً قرب بلدة الكسوة في ريف دمشق,https://syria.liveuamap.com/ar/2025/25-february-21-damascus-countryside-israeli-warplanes-target,22739871,2 الأسبوع منذ,,
28.02.2025,توغل لقوات  الإسرائيلي في قرية البكار على الحدود الإدارية بين محافظتي درعا و القنيطرة,https://israelpalestine.liveuamap.com/ar/2025/25-february-21-israeli-forces-infiltrate-albakkar-village,22739869,2 الأسبوع منذ,,
01.03.2025,طائرة لوكهيد C-130E هيركوليس تابعة للقوات الجوية التركية من قيصري إلى قاعدة جوية شرقي دمشق في سوريا و عادت إلى تركيا,https://syria.liveuamap.com/ar/2025/2-march-10-turkishairforce-lockheed-c130e-hercules-from-kayseri,22740974,1 الأسبوع منذ,,
01.03.2025,قوات الأمن تضبط مستودعاً يحتوي على ذخائر هاون في بلدة كفرعبد شمال حمص,https://syria.liveuamap.com/ar/2025/2-march-10-security-forces-seized-a-warehouse-containing,22740927,1 الأسبوع منذ,,
01.03.2025,دمشق تجدد الاشتباكات في محيط دوار الكرامة بمدينة جرمانا,https://syria.liveuamap.com/ar/2025/1-march-20-damascus-clashes-resume-around-alkaramah-roundabout,22740833,1 الأسبوع منذ,,
01.03.2025,وحدات مدفعية تابعة للقوات المسلحة التركية تقصف أهدافاً لقوات سوريا الديمقراطية في بلدتي صرين وسبت جنوب كوباني,https://syria.liveuamap.com/ar/2025/1-march-20-turkish-armed-forces-artillery-units-hit-sdf-targets,22740830,1 الأسبوع منذ,,
01.03.2025,"طيران حربي يستهدف مستودع أسلحة لميليشيا قسد في قرية ""السبت"" بمحيط بلدة صرين شرق حلب",https://syria.liveuamap.com/ar/2025/1-march-20-an-aircraft-targets-a-weapons-depot-for-the-sdf,22740831,1 الأسبوع منذ,,
01.03.2025,يتم تداول خبر عن انفجارات في دمشق بحي المزة سببها غارات أو قصف الخبر منفي تماماً، مبدأياً السبب انفجار خزان كهرباء بشارع المدارس,https://syria.liveuamap.com/ar/2025/1-march-20-news-is-circulating-about-explosions-in-damascus,22740835,1 الأسبوع منذ,,
01.03.2025,قيادات درزية من السويداء تصل إلى مدينة جرمانا وعلى رأسهم ليث البلعوس وسليمان عبد الباقي لقيادة مفاوضات التهدئة,https://syria.liveuamap.com/ar/2025/1-march-20-druze-leaders-from-suwayda-arrive-in-the-city,22740829,1 الأسبوع منذ,,
01.03.2025,مصادر الحدث: سماع دوي انفجارات في منطقة المزة بالعاصمة دمشق,https://syria.liveuamap.com/ar/2025/1-march-19-explosions-heard-in-the-mazzeh-area-of-the-capital,22740824,1 الأسبوع منذ,,
01.03.2025,بعد إعلان جنوب سوريا منطقة منزوعة السلاح، تهدد حكومة نتنياهو  بالتدخل في حي جرمانا بدمشق، موطن عدد كبير من السكان الدروز، وسط الاضطرابات هناك.,https://syria.liveuamap.com/ar/2025/1-march-19-after-declaring-southern-syria-a-demilitarized,22740777,1 الأسبوع منذ,,
01.03.2025,"أصدر رئيس الوزراء الإسرائيلي بنيامين نتنياهو ووزير الدفاع يسرائيل كاتس تعليمات للجيش الإسرائيلي ""بالاستعداد للدفاع"" عن مدينة جرمانا ذات الأغلبية الدرزية على مشارف دمشق في سوريا. وجاء في بيان صادر عن مكتب كاتس أن المدينة ""تتعرض حاليا لهجوم من قبل قوات النظام السوري"".",https://syria.liveuamap.com/ar/2025/1-march-18-prime-minister-benjamin-netanyahu-and-defense,22740826,1 الأسبوع منذ,,
01.03.2025,دمشق اشتباكات عنيفة في جرمانا,https://syria.liveuamap.com/ar/2025/1-march-16-damascus-violent-clashes-in-jaramana,22740765,1 الأسبوع منذ,,
01.03.2025,"القيادة المركزية الأميركية تنشر مقطع فيديو لعملية استهداف القيادي البارز في تنظيم حراس الدين ""محمد يوسف ضياء تالاي"" والذي قتل في غارة نفذت 23 شباط الماضي في شمال غرب سوريا",https://syria.liveuamap.com/ar/2025/1-march-16-us-central-command-releases-video-of-targeting,22740764,1 الأسبوع منذ,,
01.03.2025,تركيا تسحب قواتها تدريجيا من إدلب السورية، ولن تنسحب قوات الأمن التركية من كل القواعد دفعة واحدة، بل سيتم الانسحاب على مراحل بناء على قرار استراتيجي,https://syria.liveuamap.com/ar/2025/1-march-14-trkiye-is-gradually-withdrawing-its-forces-from,22740757,1 الأسبوع منذ,,
01.03.2025,رويترز: قالت أربعة مصادر إن إسرائيل تضغط على الولايات المتحدة لإبقاء سوريا ضعيفة ولامركزية، بما في ذلك السماح لروسيا بالاحتفاظ بقواعدها العسكرية هناك لمواجهة النفوذ التركي المتزايد في البلاد.,https://syria.liveuamap.com/ar/2025/28-february-16-reuters-israel-is-lobbying-the-us-to-keep,22740517,1 الأسبوع منذ,,
01.03.2025,"تشير الهجمات الأخيرة في سوريا إلى أن داعش لا يزال قادرًا على ""تمويل وإلهام ودعم الأعمال على مستوى العالم، ويجب علينا جميعًا أن نظل يقظين"" - وزارة الخزانة الأمريكية",https://syria.liveuamap.com/ar/2025/28-february-16-recent-attacks-in-syria-indicate-that-isis,22740514,1 الأسبوع منذ,,
01.03.2025,طائرات بدون طيار تابعة للقوات المسلحة التركية تقصف أهدافاً لقوات سوريا الديمقراطية على خط صرين جنوب كوباني,https://syria.liveuamap.com/ar/2025/28-february-15-turkish-armed-forces-uavs-hit-sdf-targets,22740634,1 الأسبوع منذ,,
01.03.2025,قالت إدارة الأمن العام السوري إنها اعتقلت أكثر من 40 عنصرا من النظام السابق في عملية أمنية بمدينة قطنا في ريف دمشق حيث اندلعت احتجاجات عنيفة أمس.,https://syria.liveuamap.com/ar/2025/28-february-15-the-syrian-general-security-directorate-says,22740513,1 الأسبوع منذ,,
01.03.2025,"سوريا:قال وزير الدفاع الإسرائيلي يسرائيل كاتس أمس الخميس، إن الإدارة السورية الجديدة حاولت للمرة الأولى تأسيس مواقع عسكرية جنوبي سوريا، لكن سلاح الجو الإسرائيلي أحبط ذلك في غارات شنها مساء الثلاثاء.وأضاف: ""جنوبي سوريا يجب أن يكون منطقة منزوعة السلاح، لقد نقلنا…",https://syria.liveuamap.com/ar/2025/28-february-13-israeli-defense-minister-yisrael-katz-said,22740487,1 الأسبوع منذ,,
01.03.2025,وقفة احتجاجية في بلدة الصّورة في ريف درعا الشرقي رفضاً لتصريحات واعتداءات اسرائيل على جنوب سوريا.درعا الصّورة مظاهرة درعا24,https://syria.liveuamap.com/ar/2025/28-february-12-a-protest-stand-in-the-town-of-alsura-in-the,22740488,1 الأسبوع منذ,,
01.03.2025,حزب أردوغان : على المسلحين الأكراد في تركيا والعراق وسوريا إلقاء أسلحتهم,https://syria.liveuamap.com/ar/2025/28-february-12-erdogans-party-kurdish-militants-in-trkiye,22740462,1 الأسبوع منذ,,
01.03.2025,سانا: وصول صهريج محمل بالديزل إلى بانياس:,https://syria.liveuamap.com/ar/2025/28-february-10-sana-tanker-carrying-diesel-arrives-in-baniyas,22740448,1 الأسبوع منذ,,
01.03.2025,إعلام سوري: القوات الإسرائيلية تتوغل داخل بلدة الرفيد في ريف القنيطرة جنوب البلاد,https://syria.liveuamap.com/ar/2025/28-february-07-syrian-media-israeli-forces-penetrate-into,22740373,1 الأسبوع منذ,,
01.03.2025,الجيش الإسرائيلي: طائرة هاجمت الليلة الماضية وقتلت محمد مهدي علي شاهين، وهو إرهابي من حزب الله متورط في تنسيق المعاملات لشراء الأسلحة على الحدود السورية اللبنانية.,https://lebanon.liveuamap.com/ar/2025/28-february-07-israeli-army-an-aircraft-attacked-and-killed,22740356,1 الأسبوع منذ,,
01.03.2025,أوجلان حول العلاقات الكردية التركية؛ على مدى أكثر من ألف عام من التاريخ، وجد الأتراك والأكراد دائمًا أنه من الضروري البقاء في تحالف، مع سيطرة الجانب الطوعي، من أجل الحفاظ على وجودهم والوقوف ضد القوى المهيمنة.,https://turkey.liveuamap.com/ar/2025/27-february-14-ocalan-on-kurdishturkish-relations-throughout,22740264,1 الأسبوع منذ,,
01.03.2025,قال زعيم حزب العمال الكردستاني المسجون عبد الله أوجلان إن جميع الجماعات يجب أن تلقي أسلحتها وإن حزب العمال الكردستاني يجب أن يحل نفسه، بحسب ما قاله الحزب المؤيد للأكراد في تركيا.,https://turkey.liveuamap.com/ar/2025/27-february-14-jailed-militant-pkk-leader-ocalan-says-all,22740261,1 الأسبوع منذ,,
01.03.2025,أدانت كل من السعودية، وقطر، ومصر، والأردن، الغارات الجوية الإسرائيلية والتحركات البرية في مناطق من الجنوب السوري.إدانات عربية لتحركات إسرائيل في سورياعنب_بلدي سوريا,https://syria.liveuamap.com/ar/2025/27-february-13-saudi-arabia-qatar-egypt-and-jordan-condemned,22740268,1 الأسبوع منذ,,
01.03.2025,نفذت قوات الأمن أمس عملية تفتيش ومداهمة في منطقة عين شمس (مصياف - شمال غرب حماة) أسفرت عن مقتل 3 مواطنين واعتقال نحو 30 آخرين,https://syria.liveuamap.com/ar/2025/27-february-13-yesterday-the-security-forces-carried-out,22740251,1 الأسبوع منذ,,
01.03.2025,وحدات مدفعية القوات المسلحة التركية تقصف أهدافاً لحزب العمال الكردستاني في بلدات عين عيسى وسكيرو وغزالة والحويجة شمال الرقة,https://syria.liveuamap.com/ar/2025/26-february-18-turkish-armed-forces-artillery-units-hit-pkk,22740078,1 الأسبوع منذ,,
01.03.2025,الطيران المروحي يحلق فوق أجواء القرداحة بالتزامن مع انتشار قوات الأمن العام,https://syria.liveuamap.com/ar/2025/26-february-17-helicopters-fly-over-qardaha-coinciding-with,22740064,1 الأسبوع منذ,,
01.03.2025,تشهد بلدة القرداحة الليلة أولى الاضطرابات منذ سقوط الأسد، حيث يتم محاصرة عدد من عناصر الأمن في موقعهم بالبلدة، وتتجه تعزيزات كبيرة إلى المنطقة,https://syria.liveuamap.com/ar/2025/26-february-17-town-of-qerdaha-is-witnessing-tonight-its,22740060,1 الأسبوع منذ,,
02.03.2025,شنت قسد حملة مداهمات واعتقالات في بلدة الكرامة شرق الرقة أخبار_الرقة,https://syria.liveuamap.com/ar/2025/3-march-08-sdf-launched-a-campaign-of-raids-and-arrests-in,22741141,1 الأسبوع منذ,,
02.03.2025,قوات الأمن السورية تفرض سيطرتها على مدينة جرمانا بالكامل بريف دمشق بالتعاون مع الأهالي والوجهاء: لا_أمن_بغير_حزم,https://syria.liveuamap.com/ar/2025/2-march-19-syrian-security-forces-impose-full-control-over,22741023,1 الأسبوع منذ,,
02.03.2025,وحدات مدفعية تابعة للقوات المسلحة التركية تقصف أهدافاً لقوات سوريا الديمقراطية في قرى بير حاسو وتينة وسيناي جنوب كوباني,https://syria.liveuamap.com/ar/2025/2-march-13-turkish-armed-forces-artillery-units-hit-sdf-targets,22740964,1 الأسبوع منذ,,
02.03.2025,طائرة لوكهيد C-130E هيركوليس تابعة للقوات الجوية التركية من قيصري إلى قاعدة جوية شرقي دمشق في سوريا و عادت إلى تركيا,https://syria.liveuamap.com/ar/2025/2-march-10-turkishairforce-lockheed-c130e-hercules-from-kayseri,22740974,1 الأسبوع منذ,,
02.03.2025,قوات الأمن تضبط مستودعاً يحتوي على ذخائر هاون في بلدة كفرعبد شمال حمص,https://syria.liveuamap.com/ar/2025/2-march-10-security-forces-seized-a-warehouse-containing,22740927,1 الأسبوع منذ,,
02.03.2025,دمشق تجدد الاشتباكات في محيط دوار الكرامة بمدينة جرمانا,https://syria.liveuamap.com/ar/2025/1-march-20-damascus-clashes-resume-around-alkaramah-roundabout,22740833,1 الأسبوع منذ,,
02.03.2025,وحدات مدفعية تابعة للقوات المسلحة التركية تقصف أهدافاً لقوات سوريا الديمقراطية في بلدتي صرين وسبت جنوب كوباني,https://syria.liveuamap.com/ar/2025/1-march-20-turkish-armed-forces-artillery-units-hit-sdf-targets,22740830,1 الأسبوع منذ,,
02.03.2025,"طيران حربي يستهدف مستودع أسلحة لميليشيا قسد في قرية ""السبت"" بمحيط بلدة صرين شرق حلب",https://syria.liveuamap.com/ar/2025/1-march-20-an-aircraft-targets-a-weapons-depot-for-the-sdf,22740831,1 الأسبوع منذ,,
02.03.2025,يتم تداول خبر عن انفجارات في دمشق بحي المزة سببها غارات أو قصف الخبر منفي تماماً، مبدأياً السبب انفجار خزان كهرباء بشارع المدارس,https://syria.liveuamap.com/ar/2025/1-march-20-news-is-circulating-about-explosions-in-damascus,22740835,1 الأسبوع منذ,,
02.03.2025,قيادات درزية من السويداء تصل إلى مدينة جرمانا وعلى رأسهم ليث البلعوس وسليمان عبد الباقي لقيادة مفاوضات التهدئة,https://syria.liveuamap.com/ar/2025/1-march-20-druze-leaders-from-suwayda-arrive-in-the-city,22740829,1 الأسبوع منذ,,
02.03.2025,مصادر الحدث: سماع دوي انفجارات في منطقة المزة بالعاصمة دمشق,https://syria.liveuamap.com/ar/2025/1-march-19-explosions-heard-in-the-mazzeh-area-of-the-capital,22740824,1 الأسبوع منذ,,
02.03.2025,بعد إعلان جنوب سوريا منطقة منزوعة السلاح، تهدد حكومة نتنياهو  بالتدخل في حي جرمانا بدمشق، موطن عدد كبير من السكان الدروز، وسط الاضطرابات هناك.,https://syria.liveuamap.com/ar/2025/1-march-19-after-declaring-southern-syria-a-demilitarized,22740777,1 الأسبوع منذ,,
02.03.2025,"أصدر رئيس الوزراء الإسرائيلي بنيامين نتنياهو ووزير الدفاع يسرائيل كاتس تعليمات للجيش الإسرائيلي ""بالاستعداد للدفاع"" عن مدينة جرمانا ذات الأغلبية الدرزية على مشارف دمشق في سوريا. وجاء في بيان صادر عن مكتب كاتس أن المدينة ""تتعرض حاليا لهجوم من قبل قوات النظام السوري"".",https://syria.liveuamap.com/ar/2025/1-march-18-prime-minister-benjamin-netanyahu-and-defense,22740826,1 الأسبوع منذ,,
02.03.2025,دمشق اشتباكات عنيفة في جرمانا,https://syria.liveuamap.com/ar/2025/1-march-16-damascus-violent-clashes-in-jaramana,22740765,1 الأسبوع منذ,,
02.03.2025,"القيادة المركزية الأميركية تنشر مقطع فيديو لعملية استهداف القيادي البارز في تنظيم حراس الدين ""محمد يوسف ضياء تالاي"" والذي قتل في غارة نفذت 23 شباط الماضي في شمال غرب سوريا",https://syria.liveuamap.com/ar/2025/1-march-16-us-central-command-releases-video-of-targeting,22740764,1 الأسبوع منذ,,
02.03.2025,تركيا تسحب قواتها تدريجيا من إدلب السورية، ولن تنسحب قوات الأمن التركية من كل القواعد دفعة واحدة، بل سيتم الانسحاب على مراحل بناء على قرار استراتيجي,https://syria.liveuamap.com/ar/2025/1-march-14-trkiye-is-gradually-withdrawing-its-forces-from,22740757,1 الأسبوع منذ,,
02.03.2025,رويترز: قالت أربعة مصادر إن إسرائيل تضغط على الولايات المتحدة لإبقاء سوريا ضعيفة ولامركزية، بما في ذلك السماح لروسيا بالاحتفاظ بقواعدها العسكرية هناك لمواجهة النفوذ التركي المتزايد في البلاد.,https://syria.liveuamap.com/ar/2025/28-february-16-reuters-israel-is-lobbying-the-us-to-keep,22740517,1 الأسبوع منذ,,
02.03.2025,"تشير الهجمات الأخيرة في سوريا إلى أن داعش لا يزال قادرًا على ""تمويل وإلهام ودعم الأعمال على مستوى العالم، ويجب علينا جميعًا أن نظل يقظين"" - وزارة الخزانة الأمريكية",https://syria.liveuamap.com/ar/2025/28-february-16-recent-attacks-in-syria-indicate-that-isis,22740514,1 الأسبوع منذ,,
02.03.2025,طائرات بدون طيار تابعة للقوات المسلحة التركية تقصف أهدافاً لقوات سوريا الديمقراطية على خط صرين جنوب كوباني,https://syria.liveuamap.com/ar/2025/28-february-15-turkish-armed-forces-uavs-hit-sdf-targets,22740634,1 الأسبوع منذ,,
02.03.2025,قالت إدارة الأمن العام السوري إنها اعتقلت أكثر من 40 عنصرا من النظام السابق في عملية أمنية بمدينة قطنا في ريف دمشق حيث اندلعت احتجاجات عنيفة أمس.,https://syria.liveuamap.com/ar/2025/28-february-15-the-syrian-general-security-directorate-says,22740513,1 الأسبوع منذ,,
02.03.2025,"سوريا:قال وزير الدفاع الإسرائيلي يسرائيل كاتس أمس الخميس، إن الإدارة السورية الجديدة حاولت للمرة الأولى تأسيس مواقع عسكرية جنوبي سوريا، لكن سلاح الجو الإسرائيلي أحبط ذلك في غارات شنها مساء الثلاثاء.وأضاف: ""جنوبي سوريا يجب أن يكون منطقة منزوعة السلاح، لقد نقلنا…",https://syria.liveuamap.com/ar/2025/28-february-13-israeli-defense-minister-yisrael-katz-said,22740487,1 الأسبوع منذ,,
02.03.2025,وقفة احتجاجية في بلدة الصّورة في ريف درعا الشرقي رفضاً لتصريحات واعتداءات اسرائيل على جنوب سوريا.درعا الصّورة مظاهرة درعا24,https://syria.liveuamap.com/ar/2025/28-february-12-a-protest-stand-in-the-town-of-alsura-in-the,22740488,1 الأسبوع منذ,,
02.03.2025,حزب أردوغان : على المسلحين الأكراد في تركيا والعراق وسوريا إلقاء أسلحتهم,https://syria.liveuamap.com/ar/2025/28-february-12-erdogans-party-kurdish-militants-in-trkiye,22740462,1 الأسبوع منذ,,
02.03.2025,سانا: وصول صهريج محمل بالديزل إلى بانياس:,https://syria.liveuamap.com/ar/2025/28-february-10-sana-tanker-carrying-diesel-arrives-in-baniyas,22740448,1 الأسبوع منذ,,
02.03.2025,إعلام سوري: القوات الإسرائيلية تتوغل داخل بلدة الرفيد في ريف القنيطرة جنوب البلاد,https://syria.liveuamap.com/ar/2025/28-february-07-syrian-media-israeli-forces-penetrate-into,22740373,1 الأسبوع منذ,,
02.03.2025,الجيش الإسرائيلي: طائرة هاجمت الليلة الماضية وقتلت محمد مهدي علي شاهين، وهو إرهابي من حزب الله متورط في تنسيق المعاملات لشراء الأسلحة على الحدود السورية اللبنانية.,https://lebanon.liveuamap.com/ar/2025/28-february-07-israeli-army-an-aircraft-attacked-and-killed,22740356,1 الأسبوع منذ,,
02.03.2025,أوجلان حول العلاقات الكردية التركية؛ على مدى أكثر من ألف عام من التاريخ، وجد الأتراك والأكراد دائمًا أنه من الضروري البقاء في تحالف، مع سيطرة الجانب الطوعي، من أجل الحفاظ على وجودهم والوقوف ضد القوى المهيمنة.,https://turkey.liveuamap.com/ar/2025/27-february-14-ocalan-on-kurdishturkish-relations-throughout,22740264,1 الأسبوع منذ,,
02.03.2025,قال زعيم حزب العمال الكردستاني المسجون عبد الله أوجلان إن جميع الجماعات يجب أن تلقي أسلحتها وإن حزب العمال الكردستاني يجب أن يحل نفسه، بحسب ما قاله الحزب المؤيد للأكراد في تركيا.,https://turkey.liveuamap.com/ar/2025/27-february-14-jailed-militant-pkk-leader-ocalan-says-all,22740261,1 الأسبوع منذ,,
02.03.2025,أدانت كل من السعودية، وقطر، ومصر، والأردن، الغارات الجوية الإسرائيلية والتحركات البرية في مناطق من الجنوب السوري.إدانات عربية لتحركات إسرائيل في سورياعنب_بلدي سوريا,https://syria.liveuamap.com/ar/2025/27-february-13-saudi-arabia-qatar-egypt-and-jordan-condemned,22740268,1 الأسبوع منذ,,
02.03.2025,نفذت قوات الأمن أمس عملية تفتيش ومداهمة في منطقة عين شمس (مصياف - شمال غرب حماة) أسفرت عن مقتل 3 مواطنين واعتقال نحو 30 آخرين,https://syria.liveuamap.com/ar/2025/27-february-13-yesterday-the-security-forces-carried-out,22740251,1 الأسبوع منذ,,
