Date,Title,Link,Post ID,Posted Date,Latitude,Longitude,Country,City,Town,Street,FullAddress
01.01.2025,أعمال بناء قاعدة التحالف الدولي في كوباني,https://syria.liveuamap.com/ar/2025/2-january-10-construction-work-of-the-international-coalition,22726392,2 الشهر منذ,36.88015,38.35344,سوريا,عين العرب,مكتلة,Unknown,"سوريا, عين العرب, مكتلة"
01.01.2025,وزير خارجية الإدارة السورية ووزير الدفاع ورئيس الاستخبارات يصلون الرياض,https://syria.liveuamap.com/ar/2025/1-january-19-syrian-foreign-minister-defense-minister-and,22726257,2 الشهر منذ,24.64448,46.694,السعودية,Unknown,الوشام,الشيخ عبداللطيف بن عبدالرحمن آل الشيخ,"السعودية, الوشام, الشيخ عبداللطيف بن عبدالرحمن آل الشيخ"
01.01.2025,نائب وزير الخارجية السعودي يستقبل وفدا سوريا رفيع المستوى,https://syria.liveuamap.com/ar/2025/1-january-19-saudi-deputy-foreign-minister-receives-highlevel,22726256,2 الشهر منذ,24.6446,46.69347,السعودية,Unknown,الوشام,الإمام عبدالعزيز بن محمد بن سعود,"السعودية, الوشام, الإمام عبدالعزيز بن محمد بن سعود"
01.01.2025,Ll سقوط 4 قتلى وعشرات المصابين في اشتباكات بين حركة رجال الكرامة وقوات شيخ الكرامة في السويداء,https://syria.liveuamap.com/ar/2025/1-january-15-4-dead-and-dozens-injured-in-clashes-between,22726194,2 الشهر منذ,32.70695,36.56387,سوريا,السويداء,Unknown,Unknown,"سوريا, السويداء"
01.01.2025,إعلام سوري: انفجار في دير جمال شمالي حلب,https://syria.liveuamap.com/ar/2025/1-january-15-explosion-in-deir-jamal-north-of-aleppo,22726196,2 الشهر منذ,36.44323,37.02667,سوريا,دير جمال,دير جمال,Unknown,"سوريا, دير جمال, دير جمال"
01.01.2025,نفذ الجيش التركي قصفاً مدفعياً مكثفاً على قرية جوربرليك في ريف كري سبي (تل أبيض) الغربي، أدى إلى تدمير منازل وممتلكات المدنيين,https://syria.liveuamap.com/ar/2025/1-january-14-the-turkish-military-carried-out-extensive-artillery,22726193,2 الشهر منذ,36.68025,38.75187,سوريا,كوبرلك,كوبرلك,Unknown,"سوريا, كوبرلك, كوبرلك"
01.01.2025,استقدمت قوات سوريا الديمقراطية تعزيزات عسكرية كبيرة إلى جبهة سد تشرين، في إطار تعزيز دفاعاتها ومواجهة التهديدات المتزايدة,https://syria.liveuamap.com/ar/2025/1-january-13-the-syrian-democratic-forces-have-brought-in,22726174,2 الشهر منذ,36.37914,38.17337,سوريا,مدينة سدّ تشرين,Housing complex,سد تشرين,"سوريا, مدينة سدّ تشرين, Housing complex, سد تشرين"
01.01.2025,نفذت طائرات مسيرة تركية هجوما على معمل للسكر في بلدة دير حافر الواقعة شرقي حلب في منطقة خاضعة لسيطرة الأكراد.,https://syria.liveuamap.com/ar/2025/1-january-13-turkish-drones-carried-out-an-attack-on-a-sugar,22726173,2 الشهر منذ,36.14647,37.72233,سوريا,دير حافر,دير حافر,Unknown,"سوريا, دير حافر, دير حافر"
01.01.2025,"قصفت القوات التركية بالمدفعية الثقيلة منطقة جسر قره قوزاك وقرية ""بير حسو"" جنوب مدينة كوباني، ما أدى إلى أضرار مادية في منازل المدنيين وممتلكاتهم.",https://syria.liveuamap.com/ar/2025/1-january-12-turkish-forces-bombed-the-qarqozak-bridge-area,22726175,2 الشهر منذ,36.64611,38.22933,سوريا,جولان,جولان,طريق سوريا,"سوريا, جولان, جولان, طريق سوريا"
01.01.2025,اشتباكات عنيفة في ريف منبج الشرقي بين قوات سوريا الديمقراطية والجيش الوطني السوري بقيادة تركيا، الطيران التركي يقدم دعماً جوياً للجيش الوطني السوري في غارة شمال مسكنة,https://syria.liveuamap.com/ar/2025/1-january-12-fierce-clashes-in-the-eastern-countryside-of,22726142,2 الشهر منذ,36.45035,38.1519,سوريا,تل عريش جنوبي,تل عريش جنوبي,Unknown,"سوريا, تل عريش جنوبي, تل عريش جنوبي"
01.01.2025,"الجسر الإنساني السعودي ""جوي بري""حيث ستصل شحنات جوية يومياً عبر مطار دمشق الدولي كذلك ستصل غداً 52 شاحنة مساعدات عبر الحدود السورية الأردنية",https://syria.liveuamap.com/ar/2025/1-january-08-the-saudi-humanitarian-bridge-air-and-land-where,22726072,2 الشهر منذ,33.41697,36.50877,سوريا,شبعا,حي الوحدة,طريق المطار,"سوريا, شبعا, حي الوحدة, طريق المطار"
01.01.2025,قوات سوريا الديمقراطية تسقط طائرة مسيرة فوق جسر قره قوزاك بريف كوباني الجنوبي,https://syria.liveuamap.com/ar/2025/1-january-08-sdf-have-shot-down-a-drone-over-qaraqozak-bridge,22726071,2 الشهر منذ,36.64143,38.21285,سوريا,جولان,جولان,Unknown,"سوريا, جولان, جولان"
01.01.2025,"أجرى وفد من قوات سوريا الديمقراطية محادثات مع أحمد الشرع في دمشق، ركزت بشكل أساسي على الأمور العسكرية، ووصفت المحادثات بأنها ""إيجابية""",https://syria.liveuamap.com/ar/2024/31-december-17-a-sdf-delegation-held-discussions-with-ahmad,22725910,2 الشهر منذ,33.51292,36.27634,سوريا,بلدية المزة,حي الربوة,ساحة الامويين,"سوريا, بلدية المزة, حي الربوة, ساحة الامويين"
01.01.2025,انفجار دراجة نارية مفخخة في مدينة تل رفعت شمالي مدينة حلب,https://syria.liveuamap.com/ar/2024/31-december-16-a-boobytrapped-motorcycle-exploded-in-the,22725906,2 الشهر منذ,36.47014,37.09362,سوريا,تل رفعت,تل رفعت,Unknown,"سوريا, تل رفعت, تل رفعت"
01.01.2025,عاجـــــــــــــــــــــــلطائرة مسيرة لأدارة العمليات العسكرية تستهدف حاجز لميليشيات قسد في حي الأشرفية بمحافظة حلب أدى إلى نفوق 3 عناصر وجرح عدد منهممازالت ميليشيات قسد تسيطر على حي الأشرفية والشيخ مقصود في حلب حتى هذه اللحظة وكل يوم يتم استهداف المدنيين بقناصات…,https://syria.liveuamap.com/ar/2024/31-december-15-a-drone-belonging-to-the-military-operations,22725908,2 الشهر منذ,36.2282,37.14581,سوريا,حلب,حي الاشرفية,Unknown,"سوريا, حلب, حي الاشرفية"
01.01.2025,سوريا: نفذ سلاح الجو الفرنسي أمس غارتين جويتين ضد أهداف لتنظيم داعش في الصحراء، ولم يتم الكشف عن الموقع الدقيق للغارتين.,https://syria.liveuamap.com/ar/2024/31-december-11-syria-the-french-air-force-carried-out-yesterday,22725881,2 الشهر منذ,35.2534,39.63073,سوريا,Unknown,Unknown,Unknown,سوريا
01.01.2025,"أردوغان: تركيا ستتخذ خطوات حاسمة في الفترة المقبلة لتحقيق ""منطقة خالية من الإرهاب""",https://syria.liveuamap.com/ar/2024/31-december-09-erdogan-trkiye-will-take-decisive-steps-in,22725856,2 الشهر منذ,39.92901,32.79874,تركيا,Yenimahalle,Beştepe Mahallesi,Tören Alanı,"تركيا, Yenimahalle, Beştepe Mahallesi, Tören Alanı"
01.01.2025,وذكرت قناة روناهي أن مفرق سيرين على الجبهة الجنوبية لمدينة كوباني تعرض لقصف من قبل المجموعات المسلحة المدعومة من تركيا.,https://syria.liveuamap.com/ar/2024/31-december-08-ronahi-tv-reports-that-the-sirin-junction,22725855,2 الشهر منذ,36.64002,38.2671,سوريا,كاوزك حبيب,كاوزك حبيب,طريق عين العرب - حلب,"سوريا, كاوزك حبيب, كاوزك حبيب, طريق عين العرب - حلب"
01.01.2025,قوات سوريا الديمقراطية تقصف المجموعات المسلحة المدعومة من تركيا جنوب شرق منبج,https://syria.liveuamap.com/ar/2024/31-december-07-sdf-shelling-the-turkishbacked-armed-groups,22725852,2 الشهر منذ,36.09918,38.01793,سوريا,الحرية,الحرية,Unknown,"سوريا, الحرية, الحرية"
01.01.2025,"الطيران المُسير التركي يستهدف بغارة جوية مجموعة لـ ""قوات سوريا الديمقراطية"" في محيط سد تشرين شرقي حلب",https://syria.liveuamap.com/ar/2024/30-december-22-turkish-drones-target-a-group-of-the-syrian,22725745,2 الشهر منذ,36.38108,38.172,سوريا,العلوش,Housing complex,Unknown,"سوريا, العلوش, Housing complex"
01.01.2025,"أكدت وزارة الدفاع الأميركية، الاثنين، أن وقف إطلاق النار الذي توسطت فيه الولايات المتحدة مؤخرا بين حليفتها في حلف شمال الأطلسي تركيا وشركائها الأكراد في شمال سوريا ""لا يزال صامدا"" على الرغم من التقارير عن وقوع اشتباكات في المنطقة.",https://syria.liveuamap.com/ar/2024/30-december-20-the-pentagon-emphasized-on-monday-that-the,22725724,2 الشهر منذ,38.87212,-77.0548,الولايات المتّحدة الأمريكيّة,Arlington,Unknown,Pentagon Access Road,"الولايات المتّحدة الأمريكيّة, Arlington, Pentagon Access Road"
01.01.2025,يقصف الجيش التركي والفصائل المسلحة التابعة له حالياً بلدة أبو قيقل ومحيط قرية البوبنة في ريف منبج الجنوبي الشرقي بالأسلحة الثقيلة.,https://syria.liveuamap.com/ar/2024/30-december-20-turkish-army-and-affiliated-armed-groups-are,22725729,2 الشهر منذ,36.44129,38.12678,سوريا,جديدة فرس,جديدة فرس,Unknown,"سوريا, جديدة فرس, جديدة فرس"
01.01.2025,خريطة الغارات الجوية الإسرائيلية في سوريا التي استهدفت القواعد الجوية والدفاعات الجوية ومواقع المدفعية ومخازن الذخيرة بين 8 و16 كانون الأول/ديسمبر 2024,https://syria.liveuamap.com/ar/2024/30-december-20-map-of-israeli-airstrikes-in-syria-targeting,22725728,2 الشهر منذ,33.47972,36.22679,سوريا,بلدية دمر,حي دمر الغربية,أتستراد بيروت,"سوريا, بلدية دمر, حي دمر الغربية, أتستراد بيروت"
01.01.2025,قوات سوريا الديمقراطية تستهدف المسلحين الموالين لتركيا في محور أبو قلقل وريف منبج الجنوبي الشرقي براجمات الصواريخ والمدفعية,https://syria.liveuamap.com/ar/2024/30-december-20-sdf-forces-targeted-turkishbacked-militants,22725700,2 الشهر منذ,36.43454,38.05149,سوريا,قباب أبو قلقل,قباب أبو قلقل,Unknown,"سوريا, قباب أبو قلقل, قباب أبو قلقل"
01.01.2025,أكسيوس عن مسؤولين أميركيين: المبعوث الأميركي دنيال روبينشتاين زار دمشق الأحد والتقى وزير الخارجية السوري,https://syria.liveuamap.com/ar/2024/30-december-20-axios-quoting-us-officials-us-envoy-daniel,22725674,2 الشهر منذ,33.51628,36.25093,سوريا,بلدية دمر,حي دمر الغربية,طريق بيروت,"سوريا, بلدية دمر, حي دمر الغربية, طريق بيروت"
01.01.2025,وزير الخارجية العراقي لنظيره السوري: العراق حريص على إعادة جميع أفراد بعثته الدبلوماسية لدمشق لمواصلة أعمالهم,https://syria.liveuamap.com/ar/2024/30-december-20-iraqi-foreign-minister-to-his-syrian-counterpart,22725673,2 الشهر منذ,33.51671,36.25188,سوريا,بلدية دمر,حي دمر الغربية,طريق بيروت,"سوريا, بلدية دمر, حي دمر الغربية, طريق بيروت"
01.01.2025,وأفادت وكالتنا بأن قرى قرقوشك وبئر حسو وكري صور وبركل في كوباني تعرضت لقصف تركي.,https://syria.liveuamap.com/ar/2024/30-december-19-the-anha-agency-reported-that-the-villages,22725679,2 الشهر منذ,36.74631,38.29456,سوريا,سلامة صغير,سلامة صغير,Unknown,"سوريا, سلامة صغير, سلامة صغير"
01.01.2025,تنطلق في القامشلي مظاهرات تضامنية تطالب بحقوق اللاجئين والنازحين السوريين وتندد بالتغييرات الديمغرافية وتطالب بعودتهم الآمنة إلى ديارهم. ومن المقرر تنظيم فعاليات مماثلة في مختلف أنحاء سوريا,https://syria.liveuamap.com/ar/2024/30-december-18-solidarity-protests-held-in-qamishli-call,22725669,2 الشهر منذ,37.05269,41.23272,سوريا,القامشلي,حي قدور بيك,Unknown,"سوريا, القامشلي, حي قدور بيك"
01.01.2025,وزير الخارجية الكويتي: نؤكد التزامنا بوحدة سوريا وسلامة أراضيها,https://syria.liveuamap.com/ar/2024/30-december-16-kuwaiti-foreign-minister-we-affirm-our-commitment,22725742,2 الشهر منذ,33.51259,36.27497,سوريا,بلدية المزة,حي الربوة,شارع فايز منصور,"سوريا, بلدية المزة, حي الربوة, شارع فايز منصور"
01.01.2025,وزارة الخارجية الكويتية: الوزير وأمين عام مجلس التعاون الخليجي يصلان إلى سوريا,https://syria.liveuamap.com/ar/2024/30-december-14-kuwaiti-foreign-ministry-minister-and-gcc,22725653,2 الشهر منذ,33.5137,36.27565,سوريا,بلدية المزة,حي الربوة,طريق بيروت,"سوريا, بلدية المزة, حي الربوة, طريق بيروت"
02.01.2025,رئيس الوزراء اللبناني نجيب ميقاتي يبحث في اتصال هاتفي مع الزعيم السوري أحمد الشرع العلاقات بين البلدين,https://syria.liveuamap.com/ar/2025/3-january-20-lebanese-prime-minister-najib-mikati-discusses,22726714,2 الشهر منذ,33.89461,35.497,لبنان,بيروت,زقاق البلاط,Unknown,"لبنان, بيروت, زقاق البلاط"
02.01.2025,قصفت طائرات  التركي سد تشرين ومحيطه 5 مرات ومنطقة دير حافر 3 مرات والقصف مستمر,https://syria.liveuamap.com/ar/2025/3-january-19-turkish-warplanes-bombed-the-tishrin-dam-and,22726706,2 الشهر منذ,36.02992,37.95982,سوريا,خربة السينة,خربة السينة,طريق حلب الرقة,"سوريا, خربة السينة, خربة السينة, طريق حلب الرقة"
02.01.2025,الفصائل المسلحة المدعومة من تركيا تقصف أهدافاً لقوات سوريا الديمقراطية في قريتي أم الكيف وكوزالية على خط تل تمر بنيران المدفعية,https://syria.liveuamap.com/ar/2025/3-january-19-turkishbacked-armed-groups-hit-sdf-targets-in,22726660,2 الشهر منذ,36.62564,40.21599,سوريا,الكوزلية,الكوزلية,Unknown,"سوريا, الكوزلية, الكوزلية"
02.01.2025,"مصادر الحدث: غارات تركية تستهدف مواقع  لـ""قسد"" قرب معمل السكر بريف مسكنة شرق حلب",https://syria.liveuamap.com/ar/2025/3-january-19-turkish-raids-target-sdf-sites-near-the-sugar,22726654,2 الشهر منذ,36.02189,37.96961,سوريا,رأس العين الأحمر,رأس العين الأحمر,Unknown,"سوريا, رأس العين الأحمر, رأس العين الأحمر"
02.01.2025,"""قصفت طائرات حربية تركية مدينة دير حافر وريفها وسد تشرين ومحيطه جنوب شرق مدينة منبج، ولا تزال الطائرات تحلق في أجواء المنطقة""، بحسب المركز الإعلامي لقوات سوريا الديمقراطية.",https://syria.liveuamap.com/ar/2025/3-january-19-nturkish-warplanes-bombed-the-city-of-deir-hafer,22726657,2 الشهر منذ,36.38288,38.16338,سوريا,مدينة سدّ تشرين,Housing complex,سد تشرين,"سوريا, مدينة سدّ تشرين, Housing complex, سد تشرين"
02.01.2025,الطيران التركي ينفذ حاليا عدة غارات جوية في محيط سد تشرين وريف منبج,https://syria.liveuamap.com/ar/2025/3-january-18-the-turkish-airforce-is-currently-carrying-out,22726649,2 الشهر منذ,36.38432,38.17294,سوريا,العلوش,Housing complex,Unknown,"سوريا, العلوش, Housing complex"
02.01.2025,"صرح البنتاغون أن الولايات المتحدة ""ليس لديها خطط لبناء قاعدة في كوباني"" في شمال شرق سوريا. وعلى الرغم من التقارير المحلية، قالت سكرتيرة البنتاغون سابرينا سينغ للصحفيين إنها ""ليست على علم"" بأي تحركات للقوات الأمريكية أو جهودها هناك.",https://syria.liveuamap.com/ar/2025/3-january-18-pentagon-says-us-has-no-plans-to-build-a-base,22726648,2 الشهر منذ,38.87052,-77.05441,الولايات المتّحدة الأمريكيّة,Unknown,Unknown,Pentagon Access Road,"الولايات المتّحدة الأمريكيّة, Pentagon Access Road"
02.01.2025,الولايات المتحدة تقول إنها لا تخطط لبناء قاعدة عسكرية في كوباني شمال سوريا,https://syria.liveuamap.com/ar/2025/3-january-18-us-says-it-has-no-plans-to-build-a-military,22726643,2 الشهر منذ,36.89088,38.3507,سوريا,عين العرب,مكتلة,Unknown,"سوريا, عين العرب, مكتلة"
02.01.2025,بيان فرنسي ألماني بعد لقاء الجولاني: تم التأكيد على ضرورة مواصلة القتال ضد داعش,https://syria.liveuamap.com/ar/2025/3-january-17-frenchgerman-statement-after-meeting-with-aljulani,22726713,2 الشهر منذ,33.51642,36.25136,سوريا,بلدية دمر,حي دمر الغربية,طريق بيروت,"سوريا, بلدية دمر, حي دمر الغربية, طريق بيروت"
02.01.2025,اشتباكات بين قوات سوريا الديمقراطية والفصائل المسلحة المدعومة من تركيا على محور دير حافر,https://syria.liveuamap.com/ar/2025/3-january-15-clashes-between-sdf-and-turkishbacked-armed,22726629,2 الشهر منذ,36.15781,37.6886,سوريا,خساف,خساف,Unknown,"سوريا, خساف, خساف"
02.01.2025,مصادر الحدث: إدارة العمليات العسكرية ترسل تعزيزات عسكرية لتأمين الحدود السورية اللبنانية,https://syria.liveuamap.com/ar/2025/3-january-14-the-military-operations-department-sends-military,22726608,2 الشهر منذ,33.82449,36.16459,سوريا,سرغايا,سرغايا,Unknown,"سوريا, سرغايا, سرغايا"
02.01.2025,وزير الخارجية الفرنسي يدعو إلى إتلاف مخزون الأسلحة الكيميائية السورية,https://syria.liveuamap.com/ar/2025/3-january-14-french-foreign-minister-calls-for-destroying,22726601,2 الشهر منذ,33.51422,36.27565,سوريا,بلدية المهاجرين,حي المالكي,شارع جواهر لال نهرو,"سوريا, بلدية المهاجرين, حي المالكي, شارع جواهر لال نهرو"
02.01.2025,"شركة كهرباء ""إربد"" الأردنية تبدأ تزويد معبر نصيب في محافظة درعا بالتيار الكهربائي",https://syria.liveuamap.com/ar/2025/3-january-13-jordans-irbid-electricity-company-begins-supplying,22726597,2 الشهر منذ,32.53636,36.20201,سوريا,نصيب,نصيب,اتوستراد دمشق درعا,"سوريا, نصيب, نصيب, اتوستراد دمشق درعا"
02.01.2025,احتجاجات تتجدد في ساحة الكرامة بالسويداء اليوم، بمشاركة العشرات من مختلف مناطق المحافظة، رافعين شعارات للوحدة الوطنية ومناهضة المشاريع الانفصالية. كما نظمت وقفة في القريا احتجاجاً على قرارات الحكومة المؤقتة وتغيير المناهج التعليمية.,https://syria.liveuamap.com/ar/2025/3-january-12-protests-are-renewed-in-alkarama-square-in-sweida,22726590,2 الشهر منذ,32.7122,36.56653,سوريا,السويداء,Unknown,شارع الرئيس حافظ الأسد,"سوريا, السويداء, شارع الرئيس حافظ الأسد"
02.01.2025,غارة جوية تستهدف مركزاً في بلدة الحرية شمال غرب الرقة والتي تعتبر خط إمداد عسكري ونقطة استراحة لمقاتلي ميليشيا قسد على جبهة منبج,https://syria.liveuamap.com/ar/2025/3-january-12-an-airstrike-targeted-a-center-in-the-town-of,22726586,2 الشهر منذ,36.25949,38.8686,سوريا,الحرية,الحرية,Unknown,"سوريا, الحرية, الحرية"
02.01.2025,غارة جوية تستهدف مواقع مليشيا قوات سوريا الديمقراطية قسد في قرية الحرية بريف الطبقة,https://syria.liveuamap.com/ar/2025/3-january-11-an-airstrike-targets-the-positions-of-the-syrian,22726585,2 الشهر منذ,36.25561,38.8662,سوريا,الحرية,الحرية,Unknown,"سوريا, الحرية, الحرية"
02.01.2025,بتاريخ ٣ / ١ / ٢٠٢٥، أثناء عمل وحدة من الجيش على إغلاق معبر غير شرعي عند الحدود اللبنانية السورية في منطقة معربون - بعلبك، حاول أشخاص سوريون فتح المعبر بواسطة جرافة، فأطلق عناصر الجيش نيرانًا تحذيرية في الهواء، وعمد السوريون إلى إطلاق النار نحو عناصر الجيش ما أدى إلى إصابة أحدهم ووقوع اشتباك بين الجانبين.nوقد اتخذت وحدات الجيش المنتشرة في القطاع تدابير عسكرية مشددة، وتجري ال اللازمة للحادثة,https://syria.liveuamap.com/ar/2025/3-january-11-lebanese-army-on-01032025-while-an-army-unit,22726603,2 الشهر منذ,33.83931,36.17661,لبنان,معربون,معربون,Unknown,"لبنان, معربون, معربون"
02.01.2025,وزير الخارجية الفرنسي: نأمل أن تكون سوريا ذات سيادة ومستقرة وهادئة,https://syria.liveuamap.com/ar/2025/3-january-08-french-foreign-minister-we-hope-that-syria-will,22726552,2 الشهر منذ,33.51767,36.2519,سوريا,بلدية دمر,حي دمر الغربية,طريق بيروت,"سوريا, بلدية دمر, حي دمر الغربية, طريق بيروت"
02.01.2025,مراسل درعا 24: تحليق طائرة مُسيرة في أجواء بعض مناطق الريف الشرقي من محافظة درعا، غير معروف مصدرها.درعا طائرة_مسيرة تحليق الريف_الشرقي درعا24,https://syria.liveuamap.com/ar/2025/3-january-08-a-drone-is-flying-in-the-airspace-of-some-areas,22726554,2 الشهر منذ,32.66585,36.39084,سوريا,أم ولد,أم ولد,Unknown,"سوريا, أم ولد, أم ولد"
02.01.2025,وزيرا خارجية فرنسا وألمانيا يصلان إلى دمشق,https://syria.liveuamap.com/ar/2025/3-january-05-france-and-germany-foreign-ministers-arrive,22726549,2 الشهر منذ,33.51392,36.2499,سوريا,بلدية دمر,حي دمر الغربية,Unknown,"سوريا, بلدية دمر, حي دمر الغربية"
02.01.2025,سوريا: غارات إسرائيلية متواصلة على محافظة حلب وانفجارات قادمة من منطقة السفيرة (من المرجح أن تكون مصانع دفاعية أو مجمع علمي مستهدف),https://syria.liveuamap.com/ar/2025/2-january-21-syria-ongoing-israeli-airstrikes-in-aleppo-province,22726480,2 الشهر منذ,36.05618,37.33171,سوريا,السفيرة,Unknown,Unknown,"سوريا, السفيرة"
02.01.2025,غارات اسرائيلية على حلب شمالي سوريا,https://syria.liveuamap.com/ar/2025/2-january-21-israeli-raids-on-aleppo-northern-syria,22726479,2 الشهر منذ,36.05867,37.33532,سوريا,السفيرة,Unknown,Unknown,"سوريا, السفيرة"
02.01.2025,قال المرشد الإيراني، علي خامنئي، إن استمرار وجود القوات الأميركية في سوريا أمر مستحيل.وتحدث خامنئي في مراسم الذكرى الـ 5 لمقتل قاسم سليماني، مهندس الاستراتيجية الإيرانية في المنطقة، الذي قُتل بغارة جوية أميركية في بغداد بأمر من الرئيس الأميركي دونالد ترمب خلال ولايته الأولى,https://syria.liveuamap.com/ar/2025/2-january-21-irans-supreme-leader-ali-khamenei-said-the-continued,22726476,2 الشهر منذ,35.80249,51.42735,إیران,طهران,منطقه ۱ شهر تهران,امیر ابراهیم دربندی,"إیران, طهران, منطقه ۱ شهر تهران, امیر ابراهیم دربندی"
02.01.2025,المرصد السوري: 24 قتيلا في معارك بين فصائل موالية لتركيا و قوات سوريا الديموقراطية في منبج,https://syria.liveuamap.com/ar/2025/2-january-20-syrian-observatory-24-killed-in-battles-between,22726464,2 الشهر منذ,36.32147,38.11586,سوريا,رمانة,رمانة,Unknown,"سوريا, رمانة, رمانة"
02.01.2025,سيطرت قوات الجيش الوطني على قرية السعيدين و تلة السيرياتيل الاستراتيجية قرب سد تشرين بريف منبج,https://syria.liveuamap.com/ar/2025/2-january-19-turkishbacked-sna-forces-took-control-of-the,22726467,2 الشهر منذ,36.40807,38.13416,سوريا,محشية الطواحين,محشية الطواحين,Unknown,"سوريا, محشية الطواحين, محشية الطواحين"
02.01.2025,قوات سوريا الديمقراطية: صدت قوات مجلس منبج العسكري بنجاح هجمات المجموعات المدعومة من تركيا على محاور قريتي العطشانة والمسطاحة جنوب مدينة منبج، وفي محور أبو قلقل تصدت قوات سوريا الديمقراطية لهجوم آخر، وتمكنت خلاله من تدمير عربة مدرعة نوع BMP قرب قرية علوش وإعطاب دبابة، كما قتل وجرح العشرات من المقاتلين خلال الاشتباكات.,https://syria.liveuamap.com/ar/2025/2-january-15-sdf-press-the-forces-of-the-manbij-military,22726426,2 الشهر منذ,36.44103,38.13921,سوريا,جديدة فرس,جديدة فرس,Unknown,"سوريا, جديدة فرس, جديدة فرس"
02.01.2025,طائرات مسيرة لقوات سوريا الديمقراطية تستهدف مجموعات مسلحة مدعومة من تركيا في ريف منبج,https://syria.liveuamap.com/ar/2025/2-january-15-sdf-drone-strike-at-the-turkishbacked-armed,22726474,2 الشهر منذ,36.40087,38.12741,سوريا,العلوش,Housing complex,Unknown,"سوريا, العلوش, Housing complex"
02.01.2025,تسيطر مجموعات مسلحة مدعومة من تركيا ضمن غرفة عمليات #فجر_الحرية على برج الاتصالات في قرية #الرسم بريف #منبج شرقي #حلب، وهي نقطة تطل على سد تشرين والقرى المحيطة به.,https://syria.liveuamap.com/ar/2025/2-january-15-turkishbacked-armed-groups-within-fajralhurriya,22726425,2 الشهر منذ,36.29972,38.12197,سوريا,رمانة,رمانة,Unknown,"سوريا, رمانة, رمانة"
02.01.2025,الطيران الإسرائيلي يشن غارات على ريف دمشق الغربي في منطقة تل الشحمسوريا,https://syria.liveuamap.com/ar/2025/2-january-13-israeli-aircraft-launch-raids-on-the-western,22726402,2 الشهر منذ,33.23951,35.99533,سوريا,جسر الصفراء,جسر الصفراء,Unknown,"سوريا, جسر الصفراء, جسر الصفراء"
02.01.2025,انفجارات قوية تهز ريف دمشق الغربي وسط أنباء عن قصف إسرائيلي استهدف تل الشحم العسكري,https://syria.liveuamap.com/ar/2025/2-january-13-strong-explosions-rock-western-damascus-countryside,22726397,2 الشهر منذ,33.5119,36.00769,سوريا,Unknown,Unknown,Unknown,سوريا
02.01.2025,Syria airstrikes Raqqa:استهدف طيران حربي تابع للتحـ.ـالف الدولي بعدة غـ.ـارات جـ.ـوية مواقعاً ينشط بها تنظيم د١عـــ ــش في بادية الرقة الجنوبية. ديرالزور_24,https://syria.liveuamap.com/ar/2025/2-january-12-international-coalition-warplanes-targeted-several,22726393,2 الشهر منذ,35.57202,38.94104,سوريا,Unknown,Unknown,Unknown,سوريا
02.01.2025,مصادر في هيئة تحرير الشام: قسد طلبت إعادة هيكلة مليشياتها تحت مسمى فيلق معين ضمن الجيش الجديد ، وتحديد نسبة لها من الموارد التي تسيطر عليها خاصة النفط ، قوبلت هذه المطالبات بالرفض من القيادة العامة ، ولكن هناك مقترح يدرس لضم عناصر من قسد غير المتورطين بجرائم ضد السوريين…اس الصراع في الشاممفاوضات الهيئة وقسد،شروط الهيئة :١- حل قواتها في وزارة الدفاع٢- القرارات السيادية لحكومة دمشق٣- منح الأكراد حقوق ثقافية واجتماعية وإدارة لا مركزية٤- النفط ٨٠٪ لدمشق و ٢٠٪ للإدارة الذاتيةقسد رفضت كل هذه الشروطشروط قسد :١- إدارة لا مركزية شاملة…,https://syria.liveuamap.com/ar/2025/2-january-11-sources-in-hayat-tahrir-alsham-the-sdf-requested,22726390,2 الشهر منذ,33.51378,36.27675,سوريا,بلدية المهاجرين,حي أبو رمانة,Unknown,"سوريا, بلدية المهاجرين, حي أبو رمانة"
02.01.2025,المدفعية التركية تقصف مواقع قوات سوريا الديمقراطية بالقرب من سد تشرين,https://syria.liveuamap.com/ar/2025/2-january-11-turkish-artillery-shelling-sdf-positions-near,22726381,2 الشهر منذ,36.3819,38.17723,سوريا,مدينة سدّ تشرين,Housing complex,سد تشرين,"سوريا, مدينة سدّ تشرين, Housing complex, سد تشرين"
02.01.2025,أعمال بناء قاعدة التحالف الدولي في كوباني,https://syria.liveuamap.com/ar/2025/2-january-10-construction-work-of-the-international-coalition,22726392,2 الشهر منذ,36.88015,38.35344,سوريا,عين العرب,مكتلة,Unknown,"سوريا, عين العرب, مكتلة"
03.01.2025,رئيس هيئة الطيران المدني والنقل الجوي في سوريا: نطمئن شركات الطيران العربية والعالمية بأننا في مرحلة إعادة تأهيل كاملة لمطاري حلب ودمشق,https://syria.liveuamap.com/ar/2025/4-january-10-head-of-the-civil-aviation-and-air-transport,22726813,2 الشهر منذ,33.40936,36.52027,سوريا,شبعا,شبعا,طريق المطار,"سوريا, شبعا, شبعا, طريق المطار"
03.01.2025,وصول أول طائرة تحمل مساعدات من الهلال الأحمر المصري إلى مطار دمشق الدولي,https://syria.liveuamap.com/ar/2025/4-january-09-the-arrival-of-the-first-plane-carrying-aid,22726794,2 الشهر منذ,33.42684,36.51976,سوريا,شبعا,حي الوحدة,طريق المطار,"سوريا, شبعا, حي الوحدة, طريق المطار"
03.01.2025,الإدارة السورية: ضبطنا مستودعاً للذخيرة في حي الزهراء بحمص,https://syria.liveuamap.com/ar/2025/4-january-08-syrian-administration-we-seized-an-ammunition,22726764,2 الشهر منذ,34.72549,36.73811,سوريا,حمص,فيروزة,Unknown,"سوريا, حمص, فيروزة"
03.01.2025,وكالة الأنباء السورية: حملة أمنية بالتعاون بين وزارة الداخلية إدارة العمليات العسكرية لملاحقة عناصر النظام السابق بمدينة حمص وريفها,https://syria.liveuamap.com/ar/2025/4-january-08-syrian-news-agency-a-security-campaign-in-cooperation,22726749,2 الشهر منذ,34.73019,36.71408,سوريا,حمص,حي الحميدية,سوق المسقوف,"سوريا, حمص, حي الحميدية, سوق المسقوف"
03.01.2025,رئيس الوزراء اللبناني نجيب ميقاتي يبحث في اتصال هاتفي مع الزعيم السوري أحمد الشرع العلاقات بين البلدين,https://syria.liveuamap.com/ar/2025/3-january-20-lebanese-prime-minister-najib-mikati-discusses,22726714,2 الشهر منذ,33.89461,35.497,لبنان,بيروت,زقاق البلاط,Unknown,"لبنان, بيروت, زقاق البلاط"
03.01.2025,قصفت طائرات  التركي سد تشرين ومحيطه 5 مرات ومنطقة دير حافر 3 مرات والقصف مستمر,https://syria.liveuamap.com/ar/2025/3-january-19-turkish-warplanes-bombed-the-tishrin-dam-and,22726706,2 الشهر منذ,36.02992,37.95982,سوريا,خربة السينة,خربة السينة,طريق حلب الرقة,"سوريا, خربة السينة, خربة السينة, طريق حلب الرقة"
03.01.2025,الفصائل المسلحة المدعومة من تركيا تقصف أهدافاً لقوات سوريا الديمقراطية في قريتي أم الكيف وكوزالية على خط تل تمر بنيران المدفعية,https://syria.liveuamap.com/ar/2025/3-january-19-turkishbacked-armed-groups-hit-sdf-targets-in,22726660,2 الشهر منذ,36.62564,40.21599,سوريا,الكوزلية,الكوزلية,Unknown,"سوريا, الكوزلية, الكوزلية"
03.01.2025,"مصادر الحدث: غارات تركية تستهدف مواقع  لـ""قسد"" قرب معمل السكر بريف مسكنة شرق حلب",https://syria.liveuamap.com/ar/2025/3-january-19-turkish-raids-target-sdf-sites-near-the-sugar,22726654,2 الشهر منذ,36.02189,37.96961,سوريا,رأس العين الأحمر,رأس العين الأحمر,Unknown,"سوريا, رأس العين الأحمر, رأس العين الأحمر"
03.01.2025,"""قصفت طائرات حربية تركية مدينة دير حافر وريفها وسد تشرين ومحيطه جنوب شرق مدينة منبج، ولا تزال الطائرات تحلق في أجواء المنطقة""، بحسب المركز الإعلامي لقوات سوريا الديمقراطية.",https://syria.liveuamap.com/ar/2025/3-january-19-nturkish-warplanes-bombed-the-city-of-deir-hafer,22726657,2 الشهر منذ,36.38288,38.16338,سوريا,مدينة سدّ تشرين,Housing complex,سد تشرين,"سوريا, مدينة سدّ تشرين, Housing complex, سد تشرين"
03.01.2025,الطيران التركي ينفذ حاليا عدة غارات جوية في محيط سد تشرين وريف منبج,https://syria.liveuamap.com/ar/2025/3-january-18-the-turkish-airforce-is-currently-carrying-out,22726649,2 الشهر منذ,36.38432,38.17294,سوريا,العلوش,Housing complex,Unknown,"سوريا, العلوش, Housing complex"
03.01.2025,"صرح البنتاغون أن الولايات المتحدة ""ليس لديها خطط لبناء قاعدة في كوباني"" في شمال شرق سوريا. وعلى الرغم من التقارير المحلية، قالت سكرتيرة البنتاغون سابرينا سينغ للصحفيين إنها ""ليست على علم"" بأي تحركات للقوات الأمريكية أو جهودها هناك.",https://syria.liveuamap.com/ar/2025/3-january-18-pentagon-says-us-has-no-plans-to-build-a-base,22726648,2 الشهر منذ,38.87052,-77.05441,الولايات المتّحدة الأمريكيّة,Unknown,Unknown,Pentagon Access Road,"الولايات المتّحدة الأمريكيّة, Pentagon Access Road"
03.01.2025,الولايات المتحدة تقول إنها لا تخطط لبناء قاعدة عسكرية في كوباني شمال سوريا,https://syria.liveuamap.com/ar/2025/3-january-18-us-says-it-has-no-plans-to-build-a-military,22726643,2 الشهر منذ,36.89088,38.3507,سوريا,عين العرب,مكتلة,Unknown,"سوريا, عين العرب, مكتلة"
03.01.2025,بيان فرنسي ألماني بعد لقاء الجولاني: تم التأكيد على ضرورة مواصلة القتال ضد داعش,https://syria.liveuamap.com/ar/2025/3-january-17-frenchgerman-statement-after-meeting-with-aljulani,22726713,2 الشهر منذ,33.51642,36.25136,سوريا,بلدية دمر,حي دمر الغربية,طريق بيروت,"سوريا, بلدية دمر, حي دمر الغربية, طريق بيروت"
03.01.2025,اشتباكات بين قوات سوريا الديمقراطية والفصائل المسلحة المدعومة من تركيا على محور دير حافر,https://syria.liveuamap.com/ar/2025/3-january-15-clashes-between-sdf-and-turkishbacked-armed,22726629,2 الشهر منذ,36.15781,37.6886,سوريا,خساف,خساف,Unknown,"سوريا, خساف, خساف"
03.01.2025,مصادر الحدث: إدارة العمليات العسكرية ترسل تعزيزات عسكرية لتأمين الحدود السورية اللبنانية,https://syria.liveuamap.com/ar/2025/3-january-14-the-military-operations-department-sends-military,22726608,2 الشهر منذ,33.82449,36.16459,سوريا,سرغايا,سرغايا,Unknown,"سوريا, سرغايا, سرغايا"
03.01.2025,وزير الخارجية الفرنسي يدعو إلى إتلاف مخزون الأسلحة الكيميائية السورية,https://syria.liveuamap.com/ar/2025/3-january-14-french-foreign-minister-calls-for-destroying,22726601,2 الشهر منذ,33.51422,36.27565,سوريا,بلدية المهاجرين,حي المالكي,شارع جواهر لال نهرو,"سوريا, بلدية المهاجرين, حي المالكي, شارع جواهر لال نهرو"
03.01.2025,"شركة كهرباء ""إربد"" الأردنية تبدأ تزويد معبر نصيب في محافظة درعا بالتيار الكهربائي",https://syria.liveuamap.com/ar/2025/3-january-13-jordans-irbid-electricity-company-begins-supplying,22726597,2 الشهر منذ,32.53636,36.20201,سوريا,نصيب,نصيب,اتوستراد دمشق درعا,"سوريا, نصيب, نصيب, اتوستراد دمشق درعا"
03.01.2025,احتجاجات تتجدد في ساحة الكرامة بالسويداء اليوم، بمشاركة العشرات من مختلف مناطق المحافظة، رافعين شعارات للوحدة الوطنية ومناهضة المشاريع الانفصالية. كما نظمت وقفة في القريا احتجاجاً على قرارات الحكومة المؤقتة وتغيير المناهج التعليمية.,https://syria.liveuamap.com/ar/2025/3-january-12-protests-are-renewed-in-alkarama-square-in-sweida,22726590,2 الشهر منذ,32.7122,36.56653,سوريا,السويداء,Unknown,شارع الرئيس حافظ الأسد,"سوريا, السويداء, شارع الرئيس حافظ الأسد"
03.01.2025,غارة جوية تستهدف مركزاً في بلدة الحرية شمال غرب الرقة والتي تعتبر خط إمداد عسكري ونقطة استراحة لمقاتلي ميليشيا قسد على جبهة منبج,https://syria.liveuamap.com/ar/2025/3-january-12-an-airstrike-targeted-a-center-in-the-town-of,22726586,2 الشهر منذ,36.25949,38.8686,سوريا,الحرية,الحرية,Unknown,"سوريا, الحرية, الحرية"
03.01.2025,غارة جوية تستهدف مواقع مليشيا قوات سوريا الديمقراطية قسد في قرية الحرية بريف الطبقة,https://syria.liveuamap.com/ar/2025/3-january-11-an-airstrike-targets-the-positions-of-the-syrian,22726585,2 الشهر منذ,36.25561,38.8662,سوريا,الحرية,الحرية,Unknown,"سوريا, الحرية, الحرية"
03.01.2025,بتاريخ ٣ / ١ / ٢٠٢٥، أثناء عمل وحدة من الجيش على إغلاق معبر غير شرعي عند الحدود اللبنانية السورية في منطقة معربون - بعلبك، حاول أشخاص سوريون فتح المعبر بواسطة جرافة، فأطلق عناصر الجيش نيرانًا تحذيرية في الهواء، وعمد السوريون إلى إطلاق النار نحو عناصر الجيش ما أدى إلى إصابة أحدهم ووقوع اشتباك بين الجانبين.nوقد اتخذت وحدات الجيش المنتشرة في القطاع تدابير عسكرية مشددة، وتجري ال اللازمة للحادثة,https://syria.liveuamap.com/ar/2025/3-january-11-lebanese-army-on-01032025-while-an-army-unit,22726603,2 الشهر منذ,33.83931,36.17661,لبنان,معربون,معربون,Unknown,"لبنان, معربون, معربون"
03.01.2025,وزير الخارجية الفرنسي: نأمل أن تكون سوريا ذات سيادة ومستقرة وهادئة,https://syria.liveuamap.com/ar/2025/3-january-08-french-foreign-minister-we-hope-that-syria-will,22726552,2 الشهر منذ,33.51767,36.2519,سوريا,بلدية دمر,حي دمر الغربية,طريق بيروت,"سوريا, بلدية دمر, حي دمر الغربية, طريق بيروت"
03.01.2025,مراسل درعا 24: تحليق طائرة مُسيرة في أجواء بعض مناطق الريف الشرقي من محافظة درعا، غير معروف مصدرها.درعا طائرة_مسيرة تحليق الريف_الشرقي درعا24,https://syria.liveuamap.com/ar/2025/3-january-08-a-drone-is-flying-in-the-airspace-of-some-areas,22726554,2 الشهر منذ,32.66585,36.39084,سوريا,أم ولد,أم ولد,Unknown,"سوريا, أم ولد, أم ولد"
03.01.2025,وزيرا خارجية فرنسا وألمانيا يصلان إلى دمشق,https://syria.liveuamap.com/ar/2025/3-january-05-france-and-germany-foreign-ministers-arrive,22726549,2 الشهر منذ,33.51392,36.2499,سوريا,بلدية دمر,حي دمر الغربية,Unknown,"سوريا, بلدية دمر, حي دمر الغربية"
03.01.2025,سوريا: غارات إسرائيلية متواصلة على محافظة حلب وانفجارات قادمة من منطقة السفيرة (من المرجح أن تكون مصانع دفاعية أو مجمع علمي مستهدف),https://syria.liveuamap.com/ar/2025/2-january-21-syria-ongoing-israeli-airstrikes-in-aleppo-province,22726480,2 الشهر منذ,36.05618,37.33171,سوريا,السفيرة,Unknown,Unknown,"سوريا, السفيرة"
03.01.2025,غارات اسرائيلية على حلب شمالي سوريا,https://syria.liveuamap.com/ar/2025/2-january-21-israeli-raids-on-aleppo-northern-syria,22726479,2 الشهر منذ,36.05867,37.33532,سوريا,السفيرة,Unknown,Unknown,"سوريا, السفيرة"
03.01.2025,قال المرشد الإيراني، علي خامنئي، إن استمرار وجود القوات الأميركية في سوريا أمر مستحيل.وتحدث خامنئي في مراسم الذكرى الـ 5 لمقتل قاسم سليماني، مهندس الاستراتيجية الإيرانية في المنطقة، الذي قُتل بغارة جوية أميركية في بغداد بأمر من الرئيس الأميركي دونالد ترمب خلال ولايته الأولى,https://syria.liveuamap.com/ar/2025/2-january-21-irans-supreme-leader-ali-khamenei-said-the-continued,22726476,2 الشهر منذ,35.80249,51.42735,إیران,طهران,منطقه ۱ شهر تهران,امیر ابراهیم دربندی,"إیران, طهران, منطقه ۱ شهر تهران, امیر ابراهیم دربندی"
03.01.2025,المرصد السوري: 24 قتيلا في معارك بين فصائل موالية لتركيا و قوات سوريا الديموقراطية في منبج,https://syria.liveuamap.com/ar/2025/2-january-20-syrian-observatory-24-killed-in-battles-between,22726464,2 الشهر منذ,36.32147,38.11586,سوريا,رمانة,رمانة,Unknown,"سوريا, رمانة, رمانة"
03.01.2025,سيطرت قوات الجيش الوطني على قرية السعيدين و تلة السيرياتيل الاستراتيجية قرب سد تشرين بريف منبج,https://syria.liveuamap.com/ar/2025/2-january-19-turkishbacked-sna-forces-took-control-of-the,22726467,2 الشهر منذ,36.40807,38.13416,سوريا,محشية الطواحين,محشية الطواحين,Unknown,"سوريا, محشية الطواحين, محشية الطواحين"
03.01.2025,قوات سوريا الديمقراطية: صدت قوات مجلس منبج العسكري بنجاح هجمات المجموعات المدعومة من تركيا على محاور قريتي العطشانة والمسطاحة جنوب مدينة منبج، وفي محور أبو قلقل تصدت قوات سوريا الديمقراطية لهجوم آخر، وتمكنت خلاله من تدمير عربة مدرعة نوع BMP قرب قرية علوش وإعطاب دبابة، كما قتل وجرح العشرات من المقاتلين خلال الاشتباكات.,https://syria.liveuamap.com/ar/2025/2-january-15-sdf-press-the-forces-of-the-manbij-military,22726426,2 الشهر منذ,36.44103,38.13921,سوريا,جديدة فرس,جديدة فرس,Unknown,"سوريا, جديدة فرس, جديدة فرس"
04.01.2025,وفي غارات مستهدفة على جبل الشيخ، قام جنود الجيش الإسرائيلي بتفتيش هياكل عسكرية ونقاط تضاريس رئيسية في المنطقة، حيث عثروا على مخزونات من الأسلحة والأصول الاستخباراتية، بما في ذلك الألغام والمتفجرات والصواريخ المضادة للدبابات والصواريخ والقاذفات، وصادروها ودمروها.,https://syria.liveuamap.com/ar/2025/5-january-10-in-targeted-raids-on-mount-hermon-israeli-army,22727006,2 الشهر منذ,33.41193,35.85663,سوريا,Unknown,Unknown,Unknown,سوريا
04.01.2025,زعيم حزب الله قاسم: ما حدث في سوريا كان يمكن أن يحدث في لبنان وأعتقد أن الشعب السوري سيكون له دور في المستقبل في مواجهة إسرائيل,https://israelpalestine.liveuamap.com/ar/2025/4-january-16-hezbollah-leader-qassem-what-happened-in-syria,22726890,2 الشهر منذ,33.83599,35.4982,لبنان,برج البراجنة,برج البراجنة,Unknown,"لبنان, برج البراجنة, برج البراجنة"
04.01.2025,تركيا قصفت محطة كهرباء الجرنية 5 مرات,https://syria.liveuamap.com/ar/2025/4-january-13-turkey-bombed-the-electric-station-of-jarniya,22726858,2 الشهر منذ,36.17336,38.24633,سوريا,الجرنية,الجرنية,Unknown,"سوريا, الجرنية, الجرنية"
04.01.2025,اشتباكات عنيفة بين قوات الجيش الوطني السوري المدعومة من تركيا وقوات سوريا الديمقراطية على خط سد تشرين,https://syria.liveuamap.com/ar/2025/4-january-12-there-are-violent-clashes-between-the-turkishbacked,22726851,2 الشهر منذ,36.39858,38.12943,سوريا,العلوش,Housing complex,Unknown,"سوريا, العلوش, Housing complex"
04.01.2025,دمرت قوات سوريا الديمقراطية في قلعة نجم عربة دوشكا تابعة للقوات المدعومة من تركيا، وسط اشتباكات مستمرة في قلعة نجم وقرية خربة روس بريف منبج.,https://syria.liveuamap.com/ar/2025/4-january-11-the-sdf-forces-in-najm-castle-destroyed-a-dushka,22726853,2 الشهر منذ,36.55286,38.25623,سوريا,قلعة نجم,قلعة نجم,Unknown,"سوريا, قلعة نجم, قلعة نجم"
04.01.2025,رئيس هيئة الطيران المدني والنقل الجوي في سوريا: نطمئن شركات الطيران العربية والعالمية بأننا في مرحلة إعادة تأهيل كاملة لمطاري حلب ودمشق,https://syria.liveuamap.com/ar/2025/4-january-10-head-of-the-civil-aviation-and-air-transport,22726813,2 الشهر منذ,33.40936,36.52027,سوريا,شبعا,شبعا,طريق المطار,"سوريا, شبعا, شبعا, طريق المطار"
04.01.2025,وصول أول طائرة تحمل مساعدات من الهلال الأحمر المصري إلى مطار دمشق الدولي,https://syria.liveuamap.com/ar/2025/4-january-09-the-arrival-of-the-first-plane-carrying-aid,22726794,2 الشهر منذ,33.42684,36.51976,سوريا,شبعا,حي الوحدة,طريق المطار,"سوريا, شبعا, حي الوحدة, طريق المطار"
04.01.2025,الإدارة السورية: ضبطنا مستودعاً للذخيرة في حي الزهراء بحمص,https://syria.liveuamap.com/ar/2025/4-january-08-syrian-administration-we-seized-an-ammunition,22726764,2 الشهر منذ,34.72549,36.73811,سوريا,حمص,فيروزة,Unknown,"سوريا, حمص, فيروزة"
04.01.2025,وكالة الأنباء السورية: حملة أمنية بالتعاون بين وزارة الداخلية إدارة العمليات العسكرية لملاحقة عناصر النظام السابق بمدينة حمص وريفها,https://syria.liveuamap.com/ar/2025/4-january-08-syrian-news-agency-a-security-campaign-in-cooperation,22726749,2 الشهر منذ,34.73019,36.71408,سوريا,حمص,حي الحميدية,سوق المسقوف,"سوريا, حمص, حي الحميدية, سوق المسقوف"
04.01.2025,رئيس الوزراء اللبناني نجيب ميقاتي يبحث في اتصال هاتفي مع الزعيم السوري أحمد الشرع العلاقات بين البلدين,https://syria.liveuamap.com/ar/2025/3-january-20-lebanese-prime-minister-najib-mikati-discusses,22726714,2 الشهر منذ,33.89461,35.497,لبنان,بيروت,زقاق البلاط,Unknown,"لبنان, بيروت, زقاق البلاط"
04.01.2025,قصفت طائرات  التركي سد تشرين ومحيطه 5 مرات ومنطقة دير حافر 3 مرات والقصف مستمر,https://syria.liveuamap.com/ar/2025/3-january-19-turkish-warplanes-bombed-the-tishrin-dam-and,22726706,2 الشهر منذ,36.02992,37.95982,سوريا,خربة السينة,خربة السينة,طريق حلب الرقة,"سوريا, خربة السينة, خربة السينة, طريق حلب الرقة"
04.01.2025,الفصائل المسلحة المدعومة من تركيا تقصف أهدافاً لقوات سوريا الديمقراطية في قريتي أم الكيف وكوزالية على خط تل تمر بنيران المدفعية,https://syria.liveuamap.com/ar/2025/3-january-19-turkishbacked-armed-groups-hit-sdf-targets-in,22726660,2 الشهر منذ,36.62564,40.21599,سوريا,الكوزلية,الكوزلية,Unknown,"سوريا, الكوزلية, الكوزلية"
04.01.2025,"مصادر الحدث: غارات تركية تستهدف مواقع  لـ""قسد"" قرب معمل السكر بريف مسكنة شرق حلب",https://syria.liveuamap.com/ar/2025/3-january-19-turkish-raids-target-sdf-sites-near-the-sugar,22726654,2 الشهر منذ,36.02189,37.96961,سوريا,رأس العين الأحمر,رأس العين الأحمر,Unknown,"سوريا, رأس العين الأحمر, رأس العين الأحمر"
04.01.2025,"""قصفت طائرات حربية تركية مدينة دير حافر وريفها وسد تشرين ومحيطه جنوب شرق مدينة منبج، ولا تزال الطائرات تحلق في أجواء المنطقة""، بحسب المركز الإعلامي لقوات سوريا الديمقراطية.",https://syria.liveuamap.com/ar/2025/3-january-19-nturkish-warplanes-bombed-the-city-of-deir-hafer,22726657,2 الشهر منذ,36.38288,38.16338,سوريا,مدينة سدّ تشرين,Housing complex,سد تشرين,"سوريا, مدينة سدّ تشرين, Housing complex, سد تشرين"
04.01.2025,الطيران التركي ينفذ حاليا عدة غارات جوية في محيط سد تشرين وريف منبج,https://syria.liveuamap.com/ar/2025/3-january-18-the-turkish-airforce-is-currently-carrying-out,22726649,2 الشهر منذ,36.38432,38.17294,سوريا,العلوش,Housing complex,Unknown,"سوريا, العلوش, Housing complex"
04.01.2025,"صرح البنتاغون أن الولايات المتحدة ""ليس لديها خطط لبناء قاعدة في كوباني"" في شمال شرق سوريا. وعلى الرغم من التقارير المحلية، قالت سكرتيرة البنتاغون سابرينا سينغ للصحفيين إنها ""ليست على علم"" بأي تحركات للقوات الأمريكية أو جهودها هناك.",https://syria.liveuamap.com/ar/2025/3-january-18-pentagon-says-us-has-no-plans-to-build-a-base,22726648,2 الشهر منذ,38.87052,-77.05441,الولايات المتّحدة الأمريكيّة,Unknown,Unknown,Pentagon Access Road,"الولايات المتّحدة الأمريكيّة, Pentagon Access Road"
04.01.2025,الولايات المتحدة تقول إنها لا تخطط لبناء قاعدة عسكرية في كوباني شمال سوريا,https://syria.liveuamap.com/ar/2025/3-january-18-us-says-it-has-no-plans-to-build-a-military,22726643,2 الشهر منذ,36.89088,38.3507,سوريا,عين العرب,مكتلة,Unknown,"سوريا, عين العرب, مكتلة"
04.01.2025,بيان فرنسي ألماني بعد لقاء الجولاني: تم التأكيد على ضرورة مواصلة القتال ضد داعش,https://syria.liveuamap.com/ar/2025/3-january-17-frenchgerman-statement-after-meeting-with-aljulani,22726713,2 الشهر منذ,33.51642,36.25136,سوريا,بلدية دمر,حي دمر الغربية,طريق بيروت,"سوريا, بلدية دمر, حي دمر الغربية, طريق بيروت"
04.01.2025,اشتباكات بين قوات سوريا الديمقراطية والفصائل المسلحة المدعومة من تركيا على محور دير حافر,https://syria.liveuamap.com/ar/2025/3-january-15-clashes-between-sdf-and-turkishbacked-armed,22726629,2 الشهر منذ,36.15781,37.6886,سوريا,خساف,خساف,Unknown,"سوريا, خساف, خساف"
04.01.2025,مصادر الحدث: إدارة العمليات العسكرية ترسل تعزيزات عسكرية لتأمين الحدود السورية اللبنانية,https://syria.liveuamap.com/ar/2025/3-january-14-the-military-operations-department-sends-military,22726608,2 الشهر منذ,33.82449,36.16459,سوريا,سرغايا,سرغايا,Unknown,"سوريا, سرغايا, سرغايا"
04.01.2025,وزير الخارجية الفرنسي يدعو إلى إتلاف مخزون الأسلحة الكيميائية السورية,https://syria.liveuamap.com/ar/2025/3-january-14-french-foreign-minister-calls-for-destroying,22726601,2 الشهر منذ,33.51422,36.27565,سوريا,بلدية المهاجرين,حي المالكي,شارع جواهر لال نهرو,"سوريا, بلدية المهاجرين, حي المالكي, شارع جواهر لال نهرو"
04.01.2025,"شركة كهرباء ""إربد"" الأردنية تبدأ تزويد معبر نصيب في محافظة درعا بالتيار الكهربائي",https://syria.liveuamap.com/ar/2025/3-january-13-jordans-irbid-electricity-company-begins-supplying,22726597,2 الشهر منذ,32.53636,36.20201,سوريا,نصيب,نصيب,اتوستراد دمشق درعا,"سوريا, نصيب, نصيب, اتوستراد دمشق درعا"
04.01.2025,احتجاجات تتجدد في ساحة الكرامة بالسويداء اليوم، بمشاركة العشرات من مختلف مناطق المحافظة، رافعين شعارات للوحدة الوطنية ومناهضة المشاريع الانفصالية. كما نظمت وقفة في القريا احتجاجاً على قرارات الحكومة المؤقتة وتغيير المناهج التعليمية.,https://syria.liveuamap.com/ar/2025/3-january-12-protests-are-renewed-in-alkarama-square-in-sweida,22726590,2 الشهر منذ,32.7122,36.56653,سوريا,السويداء,Unknown,شارع الرئيس حافظ الأسد,"سوريا, السويداء, شارع الرئيس حافظ الأسد"
04.01.2025,غارة جوية تستهدف مركزاً في بلدة الحرية شمال غرب الرقة والتي تعتبر خط إمداد عسكري ونقطة استراحة لمقاتلي ميليشيا قسد على جبهة منبج,https://syria.liveuamap.com/ar/2025/3-january-12-an-airstrike-targeted-a-center-in-the-town-of,22726586,2 الشهر منذ,36.25949,38.8686,سوريا,الحرية,الحرية,Unknown,"سوريا, الحرية, الحرية"
04.01.2025,غارة جوية تستهدف مواقع مليشيا قوات سوريا الديمقراطية قسد في قرية الحرية بريف الطبقة,https://syria.liveuamap.com/ar/2025/3-january-11-an-airstrike-targets-the-positions-of-the-syrian,22726585,2 الشهر منذ,36.25561,38.8662,سوريا,الحرية,الحرية,Unknown,"سوريا, الحرية, الحرية"
04.01.2025,بتاريخ ٣ / ١ / ٢٠٢٥، أثناء عمل وحدة من الجيش على إغلاق معبر غير شرعي عند الحدود اللبنانية السورية في منطقة معربون - بعلبك، حاول أشخاص سوريون فتح المعبر بواسطة جرافة، فأطلق عناصر الجيش نيرانًا تحذيرية في الهواء، وعمد السوريون إلى إطلاق النار نحو عناصر الجيش ما أدى إلى إصابة أحدهم ووقوع اشتباك بين الجانبين.nوقد اتخذت وحدات الجيش المنتشرة في القطاع تدابير عسكرية مشددة، وتجري ال اللازمة للحادثة,https://syria.liveuamap.com/ar/2025/3-january-11-lebanese-army-on-01032025-while-an-army-unit,22726603,2 الشهر منذ,33.83931,36.17661,لبنان,معربون,معربون,Unknown,"لبنان, معربون, معربون"
04.01.2025,وزير الخارجية الفرنسي: نأمل أن تكون سوريا ذات سيادة ومستقرة وهادئة,https://syria.liveuamap.com/ar/2025/3-january-08-french-foreign-minister-we-hope-that-syria-will,22726552,2 الشهر منذ,33.51767,36.2519,سوريا,بلدية دمر,حي دمر الغربية,طريق بيروت,"سوريا, بلدية دمر, حي دمر الغربية, طريق بيروت"
04.01.2025,مراسل درعا 24: تحليق طائرة مُسيرة في أجواء بعض مناطق الريف الشرقي من محافظة درعا، غير معروف مصدرها.درعا طائرة_مسيرة تحليق الريف_الشرقي درعا24,https://syria.liveuamap.com/ar/2025/3-january-08-a-drone-is-flying-in-the-airspace-of-some-areas,22726554,2 الشهر منذ,32.66585,36.39084,سوريا,أم ولد,أم ولد,Unknown,"سوريا, أم ولد, أم ولد"
04.01.2025,وزيرا خارجية فرنسا وألمانيا يصلان إلى دمشق,https://syria.liveuamap.com/ar/2025/3-january-05-france-and-germany-foreign-ministers-arrive,22726549,2 الشهر منذ,33.51392,36.2499,سوريا,بلدية دمر,حي دمر الغربية,Unknown,"سوريا, بلدية دمر, حي دمر الغربية"
04.01.2025,سوريا: غارات إسرائيلية متواصلة على محافظة حلب وانفجارات قادمة من منطقة السفيرة (من المرجح أن تكون مصانع دفاعية أو مجمع علمي مستهدف),https://syria.liveuamap.com/ar/2025/2-january-21-syria-ongoing-israeli-airstrikes-in-aleppo-province,22726480,2 الشهر منذ,36.05618,37.33171,سوريا,السفيرة,Unknown,Unknown,"سوريا, السفيرة"
05.01.2025,وزير الخارجية التركي: بحثنا مع الوفد الأردني سبل تعزيز الاستقرار في سوريا,https://syria.liveuamap.com/ar/2025/6-january-10-turkish-foreign-minister-we-discussed-with-the,22727231,2 الشهر منذ,39.91242,32.84987,تركيا,أنقرة,Devlet Mahallesi,İsmet İnönü Bulvarı,"تركيا, أنقرة, Devlet Mahallesi, İsmet İnönü Bulvarı"
05.01.2025,قوات سوريا الديمقراطية تواصل استهداف القوات المدعومة من تركيا في محيط جسر قره قوزاق,https://syria.liveuamap.com/ar/2025/6-january-10-sdf-continue-to-target-turkishbacked-forces,22727248,2 الشهر منذ,36.63381,38.19388,سوريا,الخطاف,الخطاف,M4,"سوريا, الخطاف, الخطاف, M4"
05.01.2025,الولايات المتحدة ستعلن عن تخفيف العقوبات عن سوريا وإصدار إعفاءات لمجموعات الإغاثة والشركات التي تقدم خدمات أساسية، مثل المياه والكهرباء وغيرها من الإمدادات الإنسانية للأشهر الستة المقبلة - وول ستريت جورنال,https://syria.liveuamap.com/ar/2025/6-january-07-us-to-announce-sanction-relief-for-syria-and,22727200,2 الشهر منذ,38.8929,-77.04849,الولايات المتّحدة الأمريكيّة,واشينطون,Unknown,C Street Northwest,"الولايات المتّحدة الأمريكيّة, واشينطون, C Street Northwest"
05.01.2025,وكالة سانا: وزيرا الخارجية والدفاع في الحكومة السورية الانتقالية ورئيس الاستخبارات وصلوا إلى دولة الإمارات,https://syria.liveuamap.com/ar/2025/6-january-07-sana-the-ministers-of-foreign-affairs-and-defense,22727188,2 الشهر منذ,24.44496,54.63364,الإمارات العربية المتحدة,أبو ظبي,مطار زايد الدولي,شارع العايد,"الإمارات العربية المتحدة, أبو ظبي, مطار زايد الدولي, شارع العايد"
05.01.2025,سوريا: اليوم اعتقلت قوات الأمن أحد أفراد عائلة الأسد الشهيرة (صباحي) في منطقة قمحانة (شمال حماة)، حيث شكلت هذه العائلة ميليشيات لقمع الاحتجاجات في المنطقة، ورداً على ذلك قام مسلحون محليون بإعدام أحد السكان (الصورة 3) الذي قدم معلومات استخباراتية لقوات الأمن.,https://syria.liveuamap.com/ar/2025/5-january-18-syria-today-security-forces-also-arrested-a,22727068,2 الشهر منذ,35.19797,36.73438,سوريا,قمحانة,قمحانة,Unknown,"سوريا, قمحانة, قمحانة"
05.01.2025,مظاهرات في حي الشيخ مقصود بحلب نظمها مدنيون أكراد للمطالبة بخروج ميليشيا قسد من الحي. قسد واجهت المحتجين بإطلاق النار لتفريقهم وشنّت حملة اعتقالات واسعة.حلب سوريا,https://syria.liveuamap.com/ar/2025/5-january-18-demonstrations-in-the-sheikh-maqsoud-neighborhood,22727054,2 الشهر منذ,36.23734,37.15422,سوريا,حلب,حي الشيخ مقصود,Unknown,"سوريا, حلب, حي الشيخ مقصود"
05.01.2025,الجيش الوطني السوري يستهدف بقذائف المدفعية مواقع ″قسد″ في محيط بلدة عين_عيسى بريف الرقة الشمالي.,https://syria.liveuamap.com/ar/2025/5-january-18-sna-targets-sdf-positions-around-the-town-of,22727053,2 الشهر منذ,36.39489,38.84388,سوريا,Abu Soura,Abu Soura,طريق سوريا,"سوريا, Abu Soura, Abu Soura, طريق سوريا"
05.01.2025,وزارة النفط العراقية تؤكد عدم وجود اتفاقات لتوريد النفط الخام لسوريا,https://syria.liveuamap.com/ar/2025/5-january-13-iraqs-oil-ministry-states-that-no-agreements,22727038,2 الشهر منذ,33.31129,44.39592,العراق,بغداد,Unknown,شارع المسعودي,"العراق, بغداد, شارع المسعودي"
05.01.2025,وفي غارات مستهدفة على جبل الشيخ، قام جنود الجيش الإسرائيلي بتفتيش هياكل عسكرية ونقاط تضاريس رئيسية في المنطقة، حيث عثروا على مخزونات من الأسلحة والأصول الاستخباراتية، بما في ذلك الألغام والمتفجرات والصواريخ المضادة للدبابات والصواريخ والقاذفات، وصادروها ودمروها.,https://syria.liveuamap.com/ar/2025/5-january-10-in-targeted-raids-on-mount-hermon-israeli-army,22727006,2 الشهر منذ,33.41193,35.85663,سوريا,Unknown,Unknown,Unknown,سوريا
05.01.2025,زعيم حزب الله قاسم: ما حدث في سوريا كان يمكن أن يحدث في لبنان وأعتقد أن الشعب السوري سيكون له دور في المستقبل في مواجهة إسرائيل,https://israelpalestine.liveuamap.com/ar/2025/4-january-16-hezbollah-leader-qassem-what-happened-in-syria,22726890,2 الشهر منذ,33.83599,35.4982,لبنان,برج البراجنة,برج البراجنة,Unknown,"لبنان, برج البراجنة, برج البراجنة"
05.01.2025,تركيا قصفت محطة كهرباء الجرنية 5 مرات,https://syria.liveuamap.com/ar/2025/4-january-13-turkey-bombed-the-electric-station-of-jarniya,22726858,2 الشهر منذ,36.17336,38.24633,سوريا,الجرنية,الجرنية,Unknown,"سوريا, الجرنية, الجرنية"
05.01.2025,اشتباكات عنيفة بين قوات الجيش الوطني السوري المدعومة من تركيا وقوات سوريا الديمقراطية على خط سد تشرين,https://syria.liveuamap.com/ar/2025/4-january-12-there-are-violent-clashes-between-the-turkishbacked,22726851,2 الشهر منذ,36.39858,38.12943,سوريا,العلوش,Housing complex,Unknown,"سوريا, العلوش, Housing complex"
05.01.2025,دمرت قوات سوريا الديمقراطية في قلعة نجم عربة دوشكا تابعة للقوات المدعومة من تركيا، وسط اشتباكات مستمرة في قلعة نجم وقرية خربة روس بريف منبج.,https://syria.liveuamap.com/ar/2025/4-january-11-the-sdf-forces-in-najm-castle-destroyed-a-dushka,22726853,2 الشهر منذ,36.55286,38.25623,سوريا,قلعة نجم,قلعة نجم,Unknown,"سوريا, قلعة نجم, قلعة نجم"
05.01.2025,رئيس هيئة الطيران المدني والنقل الجوي في سوريا: نطمئن شركات الطيران العربية والعالمية بأننا في مرحلة إعادة تأهيل كاملة لمطاري حلب ودمشق,https://syria.liveuamap.com/ar/2025/4-january-10-head-of-the-civil-aviation-and-air-transport,22726813,2 الشهر منذ,33.40936,36.52027,سوريا,شبعا,شبعا,طريق المطار,"سوريا, شبعا, شبعا, طريق المطار"
05.01.2025,وصول أول طائرة تحمل مساعدات من الهلال الأحمر المصري إلى مطار دمشق الدولي,https://syria.liveuamap.com/ar/2025/4-january-09-the-arrival-of-the-first-plane-carrying-aid,22726794,2 الشهر منذ,33.42684,36.51976,سوريا,شبعا,حي الوحدة,طريق المطار,"سوريا, شبعا, حي الوحدة, طريق المطار"
05.01.2025,الإدارة السورية: ضبطنا مستودعاً للذخيرة في حي الزهراء بحمص,https://syria.liveuamap.com/ar/2025/4-january-08-syrian-administration-we-seized-an-ammunition,22726764,2 الشهر منذ,34.72549,36.73811,سوريا,حمص,فيروزة,Unknown,"سوريا, حمص, فيروزة"
05.01.2025,وكالة الأنباء السورية: حملة أمنية بالتعاون بين وزارة الداخلية إدارة العمليات العسكرية لملاحقة عناصر النظام السابق بمدينة حمص وريفها,https://syria.liveuamap.com/ar/2025/4-january-08-syrian-news-agency-a-security-campaign-in-cooperation,22726749,2 الشهر منذ,34.73019,36.71408,سوريا,حمص,حي الحميدية,سوق المسقوف,"سوريا, حمص, حي الحميدية, سوق المسقوف"
05.01.2025,رئيس الوزراء اللبناني نجيب ميقاتي يبحث في اتصال هاتفي مع الزعيم السوري أحمد الشرع العلاقات بين البلدين,https://syria.liveuamap.com/ar/2025/3-january-20-lebanese-prime-minister-najib-mikati-discusses,22726714,2 الشهر منذ,33.89461,35.497,لبنان,بيروت,زقاق البلاط,Unknown,"لبنان, بيروت, زقاق البلاط"
05.01.2025,قصفت طائرات  التركي سد تشرين ومحيطه 5 مرات ومنطقة دير حافر 3 مرات والقصف مستمر,https://syria.liveuamap.com/ar/2025/3-january-19-turkish-warplanes-bombed-the-tishrin-dam-and,22726706,2 الشهر منذ,36.02992,37.95982,سوريا,خربة السينة,خربة السينة,طريق حلب الرقة,"سوريا, خربة السينة, خربة السينة, طريق حلب الرقة"
05.01.2025,الفصائل المسلحة المدعومة من تركيا تقصف أهدافاً لقوات سوريا الديمقراطية في قريتي أم الكيف وكوزالية على خط تل تمر بنيران المدفعية,https://syria.liveuamap.com/ar/2025/3-january-19-turkishbacked-armed-groups-hit-sdf-targets-in,22726660,2 الشهر منذ,36.62564,40.21599,سوريا,الكوزلية,الكوزلية,Unknown,"سوريا, الكوزلية, الكوزلية"
05.01.2025,"مصادر الحدث: غارات تركية تستهدف مواقع  لـ""قسد"" قرب معمل السكر بريف مسكنة شرق حلب",https://syria.liveuamap.com/ar/2025/3-january-19-turkish-raids-target-sdf-sites-near-the-sugar,22726654,2 الشهر منذ,36.02189,37.96961,سوريا,رأس العين الأحمر,رأس العين الأحمر,Unknown,"سوريا, رأس العين الأحمر, رأس العين الأحمر"
05.01.2025,"""قصفت طائرات حربية تركية مدينة دير حافر وريفها وسد تشرين ومحيطه جنوب شرق مدينة منبج، ولا تزال الطائرات تحلق في أجواء المنطقة""، بحسب المركز الإعلامي لقوات سوريا الديمقراطية.",https://syria.liveuamap.com/ar/2025/3-january-19-nturkish-warplanes-bombed-the-city-of-deir-hafer,22726657,2 الشهر منذ,36.38288,38.16338,سوريا,مدينة سدّ تشرين,Housing complex,سد تشرين,"سوريا, مدينة سدّ تشرين, Housing complex, سد تشرين"
05.01.2025,الطيران التركي ينفذ حاليا عدة غارات جوية في محيط سد تشرين وريف منبج,https://syria.liveuamap.com/ar/2025/3-january-18-the-turkish-airforce-is-currently-carrying-out,22726649,2 الشهر منذ,36.38432,38.17294,سوريا,العلوش,Housing complex,Unknown,"سوريا, العلوش, Housing complex"
05.01.2025,"صرح البنتاغون أن الولايات المتحدة ""ليس لديها خطط لبناء قاعدة في كوباني"" في شمال شرق سوريا. وعلى الرغم من التقارير المحلية، قالت سكرتيرة البنتاغون سابرينا سينغ للصحفيين إنها ""ليست على علم"" بأي تحركات للقوات الأمريكية أو جهودها هناك.",https://syria.liveuamap.com/ar/2025/3-january-18-pentagon-says-us-has-no-plans-to-build-a-base,22726648,2 الشهر منذ,38.87052,-77.05441,الولايات المتّحدة الأمريكيّة,Unknown,Unknown,Pentagon Access Road,"الولايات المتّحدة الأمريكيّة, Pentagon Access Road"
05.01.2025,الولايات المتحدة تقول إنها لا تخطط لبناء قاعدة عسكرية في كوباني شمال سوريا,https://syria.liveuamap.com/ar/2025/3-january-18-us-says-it-has-no-plans-to-build-a-military,22726643,2 الشهر منذ,36.89088,38.3507,سوريا,عين العرب,مكتلة,Unknown,"سوريا, عين العرب, مكتلة"
05.01.2025,بيان فرنسي ألماني بعد لقاء الجولاني: تم التأكيد على ضرورة مواصلة القتال ضد داعش,https://syria.liveuamap.com/ar/2025/3-january-17-frenchgerman-statement-after-meeting-with-aljulani,22726713,2 الشهر منذ,33.51642,36.25136,سوريا,بلدية دمر,حي دمر الغربية,طريق بيروت,"سوريا, بلدية دمر, حي دمر الغربية, طريق بيروت"
05.01.2025,اشتباكات بين قوات سوريا الديمقراطية والفصائل المسلحة المدعومة من تركيا على محور دير حافر,https://syria.liveuamap.com/ar/2025/3-january-15-clashes-between-sdf-and-turkishbacked-armed,22726629,2 الشهر منذ,36.15781,37.6886,سوريا,خساف,خساف,Unknown,"سوريا, خساف, خساف"
05.01.2025,مصادر الحدث: إدارة العمليات العسكرية ترسل تعزيزات عسكرية لتأمين الحدود السورية اللبنانية,https://syria.liveuamap.com/ar/2025/3-january-14-the-military-operations-department-sends-military,22726608,2 الشهر منذ,33.82449,36.16459,سوريا,سرغايا,سرغايا,Unknown,"سوريا, سرغايا, سرغايا"
05.01.2025,وزير الخارجية الفرنسي يدعو إلى إتلاف مخزون الأسلحة الكيميائية السورية,https://syria.liveuamap.com/ar/2025/3-january-14-french-foreign-minister-calls-for-destroying,22726601,2 الشهر منذ,33.51422,36.27565,سوريا,بلدية المهاجرين,حي المالكي,شارع جواهر لال نهرو,"سوريا, بلدية المهاجرين, حي المالكي, شارع جواهر لال نهرو"
05.01.2025,"شركة كهرباء ""إربد"" الأردنية تبدأ تزويد معبر نصيب في محافظة درعا بالتيار الكهربائي",https://syria.liveuamap.com/ar/2025/3-january-13-jordans-irbid-electricity-company-begins-supplying,22726597,2 الشهر منذ,32.53636,36.20201,سوريا,نصيب,نصيب,اتوستراد دمشق درعا,"سوريا, نصيب, نصيب, اتوستراد دمشق درعا"
06.01.2025,قوات سوريا الديمقراطية تعلن إسقاط طائرة مسيرة تركية من نوع بيرقدار TB2 في منطقة سد تشرين,https://syria.liveuamap.com/ar/2025/7-january-20-sdf-report-shooting-down-a-turkish-bayraktar,22727607,2 الشهر منذ,36.37954,38.19021,سوريا,جنف الأحمر,جنف الأحمر,Unknown,"سوريا, جنف الأحمر, جنف الأحمر"
06.01.2025,"الرئيس المنتخب ترامب: ""تركيا تسعى إلى احتلال سوريا تحت مسميات مختلفة وبطرق وأشكال مختلفة منذ 2000 عام. هؤلاء الأشخاص الذين دخلوا سوريا هم من تركيا""",https://syria.liveuamap.com/ar/2025/7-january-18-president-elect-trump-turkey-has-been-after,22727617,2 الشهر منذ,26.67695,-80.03718,الولايات المتّحدة الأمريكيّة,Palm Beach,Palm Beach,South Ocean Boulevard,"الولايات المتّحدة الأمريكيّة, Palm Beach, Palm Beach, South Ocean Boulevard"
06.01.2025,مراسل نهر_ميديا: قسد تنفذ حملة مداهمات في بلدة الكبر غربي ديرالزور بحثاً عن عناصر منشقين عنها,https://syria.liveuamap.com/ar/2025/7-january-18-sdf-carries-out-raids-in-alkubar-town-west-of,22727551,2 الشهر منذ,35.61222,39.87213,سوريا,كبار,كبار,Unknown,"سوريا, كبار, كبار"
06.01.2025,"وزير الخارجية التركي: تركيا قادرة على إدارة سجون ومعسكرات احتجاز عناصر تنظيم ""داعش"" في سوريا إذا لم يكن بوسع الإدارة السورية القيام بذلك",https://syria.liveuamap.com/ar/2025/7-january-18-turkish-foreign-minister-trkiye-is-capable,22727561,2 الشهر منذ,39.91057,32.81692,تركيا,أنقرة,Balgat Mahallesi,1419. Cadde,"تركيا, أنقرة, Balgat Mahallesi, 1419. Cadde"
06.01.2025,"وزير الخارجية التركي: تركيا ستشن عملية عسكرية ضد مسلحي ""وحدات حماية الشعب"" الكردية في سوريا إن لم ينصاعوا لمطالب لأنقرة",https://syria.liveuamap.com/ar/2025/7-january-18-turkish-foreign-minister-trkiye-will-launch,22727545,2 الشهر منذ,39.91102,32.81633,تركيا,أنقرة,Balgat Mahallesi,Dr. Sadık Ahmet Caddesi,"تركيا, أنقرة, Balgat Mahallesi, Dr. Sadık Ahmet Caddesi"
06.01.2025,وزير الخارجية التركي: تركيا تتوقع من الإدارة السورية الجديدة معالجة موضوع المسلحين الأكراد شمال شرقي سوريا لكن ذلك قد يستغرق وقتًا,https://syria.liveuamap.com/ar/2025/7-january-18-turkish-foreign-minister-trkiye-expects-new,22727541,2 الشهر منذ,39.90972,32.81668,تركيا,أنقرة,Balgat Mahallesi,Hayat Boyu Öğrenme Caddesi,"تركيا, أنقرة, Balgat Mahallesi, Hayat Boyu Öğrenme Caddesi"
06.01.2025,نفذ الجيش التركي غارة جوية على برج إنترنت في ريف كوباني,https://syria.liveuamap.com/ar/2025/7-january-18-the-turkish-military-carried-out-an-airstrike,22727540,2 الشهر منذ,36.75262,38.30452,سوريا,سلامة صغير,سلامة صغير,Unknown,"سوريا, سلامة صغير, سلامة صغير"
06.01.2025,"ورفض ترامب الإفصاح عما إذا كان سيسحب القوات الأميركية من سوريا، في حين أشاد بتركيا لدورها في الإطاحة بالأسد. وقال: ""الرئيس أردوغان صديق لي. إنه شخص أحبه وأحترمه. أعتقد أنه يحترمني. إذا نظرت إلى ما حدث في سوريا، فقد ضعفت روسيا، وضعف إيران. وهو شخص ذكي للغاية، وأرسل رجاله إلى هناك بأشكال مختلفة وأسماء مختلفة، ودخلوا واستولوا على السلطة"".",https://syria.liveuamap.com/ar/2025/7-january-17-trump-declined-to-say-whether-he-would-withdraw,22727543,2 الشهر منذ,26.67699,-80.03823,الولايات المتّحدة الأمريكيّة,Palm Beach,Palm Beach,Woodbridge Road,"الولايات المتّحدة الأمريكيّة, Palm Beach, Palm Beach, Woodbridge Road"
06.01.2025,استئناف الرحلات الدولية في مطار دمشق: فرانس برس,https://syria.liveuamap.com/ar/2025/7-january-08-international-flights-resume-at-damascus-airport,22727466,2 الشهر منذ,33.41361,36.51787,سوريا,شبعا,شبعا,طريق المطار,"سوريا, شبعا, شبعا, طريق المطار"
06.01.2025,شنت قسد صباح اليوم حملة مداهمات واعتقالات في بلدة الزغير غرب ديرالزور. ديرالزور_24,https://syria.liveuamap.com/ar/2025/7-january-08-this-morning-the-sdf-launched-a-campaign-of,22727471,2 الشهر منذ,35.49574,40.02422,سوريا,زغير جزيرة,زغير جزيرة,Unknown,"سوريا, زغير جزيرة, زغير جزيرة"
06.01.2025,قوات سوريا الديمقراطية تشن حملة مداهمات بحثاً عن منشقين في حي غويران بمدينة الحسكة,https://syria.liveuamap.com/ar/2025/7-january-08-sdf-launches-a-campaign-of-raids-in-search-of,22727476,2 الشهر منذ,36.48864,40.75396,سوريا,الحسكة,حي غويران,Unknown,"سوريا, الحسكة, حي غويران"
06.01.2025,سفينتان قطرية وتركية تصلان إلى سوريا لتوليد 800 ميغاواط من الكهرباء - وكالة الأنباء السورية سانا. هذا من شأنه أن يزيد إجمالي الطاقة بنسبة 50٪، حسبما ذكرت سانا. يأتي هذا ة بعد أن منحت الولايات المتحدة إعفاءً من العقوبات لمدة 6 أشهر يسمح بالعمل مع قطاع الطاقة السوري,https://syria.liveuamap.com/ar/2025/7-january-08-qatari-and-turkish-power-ships-to-come-to-syria,22727477,2 الشهر منذ,35.17079,35.90019,سوريا,عديمة,عديمة,Unknown,"سوريا, عديمة, عديمة"
06.01.2025,غارة جوية ثالثة استهدفت نفس المنزل في بلدة الجرنية بريف الرقة الغربي,https://syria.liveuamap.com/ar/2025/6-january-19-a-third-airstrike-targeted-the-same-house-in,22727474,2 الشهر منذ,36.16003,38.23448,سوريا,الجرنية,الجرنية,Unknown,"سوريا, الجرنية, الجرنية"
06.01.2025,"فصيلا ""رجال الكرامة"" و""لواء الجبل"" في السويداء: نرفض أي جيش طائفي أو فئوي",https://syria.liveuamap.com/ar/2025/6-january-19-men-of-dignity-and-mountain-brigade-factions,22727313,2 الشهر منذ,32.5114,36.47736,سوريا,بصرى,بصرى,Unknown,"سوريا, بصرى, بصرى"
06.01.2025,غارة جوية استهدفت قيادات تابعة لمليشيا قسد في محل بجانب فرن قرية بير نايف بريف الرقة الغربي,https://syria.liveuamap.com/ar/2025/6-january-19-an-airstrike-a-shop-next-to-a-bakery-in-the,22727315,2 الشهر منذ,36.18054,38.20942,سوريا,Bayr Nayef,Bayr Nayef,Unknown,"سوريا, Bayr Nayef, Bayr Nayef"
06.01.2025,وزارة الخزانة الأميركية: nواشنطن تصدر رخصة إعفاءات مرتبطة بـ سوريا nالسماح بإجراء معاملات مع المؤسسات الحكومية وبعض معاملات الطاقة والتحويلات الشخصية في سوريا,https://syria.liveuamap.com/ar/2025/6-january-19-us-treasury-issues-syriarelated-exemption-license,22727312,2 الشهر منذ,38.89758,-77.03435,الولايات المتّحدة الأمريكيّة,واشينطون,Penn Quarter,Pennsylvania Avenue Northwest,"الولايات المتّحدة الأمريكيّة, واشينطون, Penn Quarter, Pennsylvania Avenue Northwest"
06.01.2025,مراسل حلب اليوم: إعطاب 3 دبابات لقسد جراء غارات من الطيران الحربي التركي على طريق M4 قرب بلدة عين عيسى وسد تشرين بريف حلب الشرقي,https://syria.liveuamap.com/ar/2025/6-january-18-3-sdf-tanks-damaged-as-a-result-of-raids-by,22727309,2 الشهر منذ,36.40743,38.8353,سوريا,Abu Soura,Abu Soura,طريق سوريا,"سوريا, Abu Soura, Abu Soura, طريق سوريا"
06.01.2025,وزير الخارجية الإماراتي يؤكد أهمية توفير الأمن والاستقرار لكل الشعب السوري,https://syria.liveuamap.com/ar/2025/6-january-13-uae-foreign-minister-stresses-importance-of,22727255,2 الشهر منذ,24.45932,54.30954,الإمارات العربية المتحدة,أبو ظبي,الرأس الأخضر,شارع الكورنيش,"الإمارات العربية المتحدة, أبو ظبي, الرأس الأخضر, شارع الكورنيش"
06.01.2025,الجيش التركي ينفذ قصفا مدفعيا على قرى بريف كوباني الجنوبي,https://syria.liveuamap.com/ar/2025/6-january-13-turkish-military-carried-out-artillery-strikes,22727253,2 الشهر منذ,36.75276,38.30194,سوريا,كاوزك حبيب,كاوزك حبيب,طريق عين العرب - حلب,"سوريا, كاوزك حبيب, كاوزك حبيب, طريق عين العرب - حلب"
06.01.2025,استمرار الاشتباكات المتقطعة في منطقة سد تشرين,https://syria.liveuamap.com/ar/2025/6-january-12-sporadic-clashes-continue-in-the-area-of-tishreen,22727247,2 الشهر منذ,36.3971,38.12101,سوريا,خربة تويني,خربة تويني,Unknown,"سوريا, خربة تويني, خربة تويني"
06.01.2025,جنوب سوريا: أهالي الصنمين (شمال درعا) يحتجون اليوم مطالبين السلطات الجديدة بمحاسبة القائد السابق التابع لمخابرات الأسد والذي تسبب بالاشتباكات قبل يومين والمتهم بارتكاب جرائم قتل وجرائم ضد المدنيين في المنطقة,https://syria.liveuamap.com/ar/2025/6-january-12-south-syria-residents-of-sanamayn-north-daraa,22727266,2 الشهر منذ,33.07052,36.18382,سوريا,الصنمين,الصنمين,Unknown,"سوريا, الصنمين, الصنمين"
06.01.2025,"الرئيس الفرنسي ماكرون يقول ""لن نتخلى"" عن المقاتلين الأكراد في سوريا",https://syria.liveuamap.com/ar/2025/6-january-11-france-president-macron-says-we-will-not-abandon,22727239,2 الشهر منذ,48.87032,2.31673,فرنسا,باريس,Paris 8e Arrondissement,Cour d'Honneur,"فرنسا, باريس, Paris 8e Arrondissement, Cour d'Honneur"
06.01.2025,وزير الخارجية التركي: يمكن للإدارة السورية الجديدة أن تتولى مسؤولية سجون معتقلي تنظيم الدولة في سوريا,https://syria.liveuamap.com/ar/2025/6-january-11-turkish-foreign-minister-new-syrian-administration,22727240,2 الشهر منذ,39.91126,32.85184,تركيا,أنقرة,Devlet Mahallesi,İsmet İnönü Bulvarı,"تركيا, أنقرة, Devlet Mahallesi, İsmet İnönü Bulvarı"
06.01.2025,وزير الخارجية الأردني: نرفض أي عدوان إسرائيلي على الأراضي السورية,https://syria.liveuamap.com/ar/2025/6-january-11-jordanian-foreign-minister-we-reject-any-israeli,22727277,2 الشهر منذ,39.91102,32.81633,تركيا,أنقرة,Balgat Mahallesi,Dr. Sadık Ahmet Caddesi,"تركيا, أنقرة, Balgat Mahallesi, Dr. Sadık Ahmet Caddesi"
06.01.2025,وزير الخارجية الأردني: نرفض العدوان الإسرائيلي على الأراضي السورية واحتلالها لأراض سورية جديدة,https://syria.liveuamap.com/ar/2025/6-january-11-jordanian-foreign-minister-we-reject-the-israeli,22727232,2 الشهر منذ,39.91116,32.85187,تركيا,أنقرة,Devlet Mahallesi,İsmet İnönü Bulvarı,"تركيا, أنقرة, Devlet Mahallesi, İsmet İnönü Bulvarı"
06.01.2025,وزير الخارجية الأردني: نريد لسوريا أن تستعيد أمنها واستقرارها وسيادتها ووحدتها,https://syria.liveuamap.com/ar/2025/6-january-11-jordanian-foreign-minister-we-want-syria-to,22727230,2 الشهر منذ,39.91155,32.85094,تركيا,أنقرة,Devlet Mahallesi,İsmet İnönü Bulvarı,"تركيا, أنقرة, Devlet Mahallesi, İsmet İnönü Bulvarı"
06.01.2025,وزير الخارجية التركي: بحثنا مع الوفد الأردني سبل تعزيز الاستقرار في سوريا,https://syria.liveuamap.com/ar/2025/6-january-10-turkish-foreign-minister-we-discussed-with-the,22727231,2 الشهر منذ,39.91242,32.84987,تركيا,أنقرة,Devlet Mahallesi,İsmet İnönü Bulvarı,"تركيا, أنقرة, Devlet Mahallesi, İsmet İnönü Bulvarı"
06.01.2025,قوات سوريا الديمقراطية تواصل استهداف القوات المدعومة من تركيا في محيط جسر قره قوزاق,https://syria.liveuamap.com/ar/2025/6-january-10-sdf-continue-to-target-turkishbacked-forces,22727248,2 الشهر منذ,36.63381,38.19388,سوريا,الخطاف,الخطاف,M4,"سوريا, الخطاف, الخطاف, M4"
06.01.2025,الولايات المتحدة ستعلن عن تخفيف العقوبات عن سوريا وإصدار إعفاءات لمجموعات الإغاثة والشركات التي تقدم خدمات أساسية، مثل المياه والكهرباء وغيرها من الإمدادات الإنسانية للأشهر الستة المقبلة - وول ستريت جورنال,https://syria.liveuamap.com/ar/2025/6-january-07-us-to-announce-sanction-relief-for-syria-and,22727200,2 الشهر منذ,38.8929,-77.04849,الولايات المتّحدة الأمريكيّة,واشينطون,Unknown,C Street Northwest,"الولايات المتّحدة الأمريكيّة, واشينطون, C Street Northwest"
06.01.2025,وكالة سانا: وزيرا الخارجية والدفاع في الحكومة السورية الانتقالية ورئيس الاستخبارات وصلوا إلى دولة الإمارات,https://syria.liveuamap.com/ar/2025/6-january-07-sana-the-ministers-of-foreign-affairs-and-defense,22727188,2 الشهر منذ,24.44496,54.63364,الإمارات العربية المتحدة,أبو ظبي,مطار زايد الدولي,شارع العايد,"الإمارات العربية المتحدة, أبو ظبي, مطار زايد الدولي, شارع العايد"
07.01.2025,وزير الخارجية الفرنسي: عقوبات الاتحاد الأوروبي المعرقلة لتعافي سوريا قد ترفع بسرعة بشرط إحراز تقدم في مجالات حقوق المرأة والأمن,https://syria.liveuamap.com/ar/2025/8-january-07-french-fm-eu-sanctions-hindering-syria-recovery,22727656,2 الشهر منذ,48.86278,2.31,فرنسا,باريس,الدائرة السابعة في باريس,Esplanade Habib Bourguiba,"فرنسا, باريس, الدائرة السابعة في باريس, Esplanade Habib Bourguiba"
07.01.2025,قوات سوريا الديمقراطية تعلن إسقاط طائرة مسيرة تركية من نوع بيرقدار TB2 في منطقة سد تشرين,https://syria.liveuamap.com/ar/2025/7-january-20-sdf-report-shooting-down-a-turkish-bayraktar,22727607,2 الشهر منذ,36.37954,38.19021,سوريا,جنف الأحمر,جنف الأحمر,Unknown,"سوريا, جنف الأحمر, جنف الأحمر"
07.01.2025,"الرئيس المنتخب ترامب: ""تركيا تسعى إلى احتلال سوريا تحت مسميات مختلفة وبطرق وأشكال مختلفة منذ 2000 عام. هؤلاء الأشخاص الذين دخلوا سوريا هم من تركيا""",https://syria.liveuamap.com/ar/2025/7-january-18-president-elect-trump-turkey-has-been-after,22727617,2 الشهر منذ,26.67695,-80.03718,الولايات المتّحدة الأمريكيّة,Palm Beach,Palm Beach,South Ocean Boulevard,"الولايات المتّحدة الأمريكيّة, Palm Beach, Palm Beach, South Ocean Boulevard"
07.01.2025,مراسل نهر_ميديا: قسد تنفذ حملة مداهمات في بلدة الكبر غربي ديرالزور بحثاً عن عناصر منشقين عنها,https://syria.liveuamap.com/ar/2025/7-january-18-sdf-carries-out-raids-in-alkubar-town-west-of,22727551,2 الشهر منذ,35.61222,39.87213,سوريا,كبار,كبار,Unknown,"سوريا, كبار, كبار"
07.01.2025,"وزير الخارجية التركي: تركيا قادرة على إدارة سجون ومعسكرات احتجاز عناصر تنظيم ""داعش"" في سوريا إذا لم يكن بوسع الإدارة السورية القيام بذلك",https://syria.liveuamap.com/ar/2025/7-january-18-turkish-foreign-minister-trkiye-is-capable,22727561,2 الشهر منذ,39.91057,32.81692,تركيا,أنقرة,Balgat Mahallesi,1419. Cadde,"تركيا, أنقرة, Balgat Mahallesi, 1419. Cadde"
07.01.2025,"وزير الخارجية التركي: تركيا ستشن عملية عسكرية ضد مسلحي ""وحدات حماية الشعب"" الكردية في سوريا إن لم ينصاعوا لمطالب لأنقرة",https://syria.liveuamap.com/ar/2025/7-january-18-turkish-foreign-minister-trkiye-will-launch,22727545,2 الشهر منذ,39.91102,32.81633,تركيا,أنقرة,Balgat Mahallesi,Dr. Sadık Ahmet Caddesi,"تركيا, أنقرة, Balgat Mahallesi, Dr. Sadık Ahmet Caddesi"
07.01.2025,وزير الخارجية التركي: تركيا تتوقع من الإدارة السورية الجديدة معالجة موضوع المسلحين الأكراد شمال شرقي سوريا لكن ذلك قد يستغرق وقتًا,https://syria.liveuamap.com/ar/2025/7-january-18-turkish-foreign-minister-trkiye-expects-new,22727541,2 الشهر منذ,39.90972,32.81668,تركيا,أنقرة,Balgat Mahallesi,Hayat Boyu Öğrenme Caddesi,"تركيا, أنقرة, Balgat Mahallesi, Hayat Boyu Öğrenme Caddesi"
07.01.2025,نفذ الجيش التركي غارة جوية على برج إنترنت في ريف كوباني,https://syria.liveuamap.com/ar/2025/7-january-18-the-turkish-military-carried-out-an-airstrike,22727540,2 الشهر منذ,36.75262,38.30452,سوريا,سلامة صغير,سلامة صغير,Unknown,"سوريا, سلامة صغير, سلامة صغير"
07.01.2025,"ورفض ترامب الإفصاح عما إذا كان سيسحب القوات الأميركية من سوريا، في حين أشاد بتركيا لدورها في الإطاحة بالأسد. وقال: ""الرئيس أردوغان صديق لي. إنه شخص أحبه وأحترمه. أعتقد أنه يحترمني. إذا نظرت إلى ما حدث في سوريا، فقد ضعفت روسيا، وضعف إيران. وهو شخص ذكي للغاية، وأرسل رجاله إلى هناك بأشكال مختلفة وأسماء مختلفة، ودخلوا واستولوا على السلطة"".",https://syria.liveuamap.com/ar/2025/7-january-17-trump-declined-to-say-whether-he-would-withdraw,22727543,2 الشهر منذ,26.67699,-80.03823,الولايات المتّحدة الأمريكيّة,Palm Beach,Palm Beach,Woodbridge Road,"الولايات المتّحدة الأمريكيّة, Palm Beach, Palm Beach, Woodbridge Road"
07.01.2025,استئناف الرحلات الدولية في مطار دمشق: فرانس برس,https://syria.liveuamap.com/ar/2025/7-january-08-international-flights-resume-at-damascus-airport,22727466,2 الشهر منذ,33.41361,36.51787,سوريا,شبعا,شبعا,طريق المطار,"سوريا, شبعا, شبعا, طريق المطار"
07.01.2025,شنت قسد صباح اليوم حملة مداهمات واعتقالات في بلدة الزغير غرب ديرالزور. ديرالزور_24,https://syria.liveuamap.com/ar/2025/7-january-08-this-morning-the-sdf-launched-a-campaign-of,22727471,2 الشهر منذ,35.49574,40.02422,سوريا,زغير جزيرة,زغير جزيرة,Unknown,"سوريا, زغير جزيرة, زغير جزيرة"
07.01.2025,قوات سوريا الديمقراطية تشن حملة مداهمات بحثاً عن منشقين في حي غويران بمدينة الحسكة,https://syria.liveuamap.com/ar/2025/7-january-08-sdf-launches-a-campaign-of-raids-in-search-of,22727476,2 الشهر منذ,36.48864,40.75396,سوريا,الحسكة,حي غويران,Unknown,"سوريا, الحسكة, حي غويران"
07.01.2025,سفينتان قطرية وتركية تصلان إلى سوريا لتوليد 800 ميغاواط من الكهرباء - وكالة الأنباء السورية سانا. هذا من شأنه أن يزيد إجمالي الطاقة بنسبة 50٪، حسبما ذكرت سانا. يأتي هذا ة بعد أن منحت الولايات المتحدة إعفاءً من العقوبات لمدة 6 أشهر يسمح بالعمل مع قطاع الطاقة السوري,https://syria.liveuamap.com/ar/2025/7-january-08-qatari-and-turkish-power-ships-to-come-to-syria,22727477,2 الشهر منذ,35.17079,35.90019,سوريا,عديمة,عديمة,Unknown,"سوريا, عديمة, عديمة"
07.01.2025,غارة جوية ثالثة استهدفت نفس المنزل في بلدة الجرنية بريف الرقة الغربي,https://syria.liveuamap.com/ar/2025/6-january-19-a-third-airstrike-targeted-the-same-house-in,22727474,2 الشهر منذ,36.16003,38.23448,سوريا,الجرنية,الجرنية,Unknown,"سوريا, الجرنية, الجرنية"
07.01.2025,"فصيلا ""رجال الكرامة"" و""لواء الجبل"" في السويداء: نرفض أي جيش طائفي أو فئوي",https://syria.liveuamap.com/ar/2025/6-january-19-men-of-dignity-and-mountain-brigade-factions,22727313,2 الشهر منذ,32.5114,36.47736,سوريا,بصرى,بصرى,Unknown,"سوريا, بصرى, بصرى"
07.01.2025,غارة جوية استهدفت قيادات تابعة لمليشيا قسد في محل بجانب فرن قرية بير نايف بريف الرقة الغربي,https://syria.liveuamap.com/ar/2025/6-january-19-an-airstrike-a-shop-next-to-a-bakery-in-the,22727315,2 الشهر منذ,36.18054,38.20942,سوريا,Bayr Nayef,Bayr Nayef,Unknown,"سوريا, Bayr Nayef, Bayr Nayef"
07.01.2025,وزارة الخزانة الأميركية: nواشنطن تصدر رخصة إعفاءات مرتبطة بـ سوريا nالسماح بإجراء معاملات مع المؤسسات الحكومية وبعض معاملات الطاقة والتحويلات الشخصية في سوريا,https://syria.liveuamap.com/ar/2025/6-january-19-us-treasury-issues-syriarelated-exemption-license,22727312,2 الشهر منذ,38.89758,-77.03435,الولايات المتّحدة الأمريكيّة,واشينطون,Penn Quarter,Pennsylvania Avenue Northwest,"الولايات المتّحدة الأمريكيّة, واشينطون, Penn Quarter, Pennsylvania Avenue Northwest"
07.01.2025,مراسل حلب اليوم: إعطاب 3 دبابات لقسد جراء غارات من الطيران الحربي التركي على طريق M4 قرب بلدة عين عيسى وسد تشرين بريف حلب الشرقي,https://syria.liveuamap.com/ar/2025/6-january-18-3-sdf-tanks-damaged-as-a-result-of-raids-by,22727309,2 الشهر منذ,36.40743,38.8353,سوريا,Abu Soura,Abu Soura,طريق سوريا,"سوريا, Abu Soura, Abu Soura, طريق سوريا"
07.01.2025,وزير الخارجية الإماراتي يؤكد أهمية توفير الأمن والاستقرار لكل الشعب السوري,https://syria.liveuamap.com/ar/2025/6-january-13-uae-foreign-minister-stresses-importance-of,22727255,2 الشهر منذ,24.45932,54.30954,الإمارات العربية المتحدة,أبو ظبي,الرأس الأخضر,شارع الكورنيش,"الإمارات العربية المتحدة, أبو ظبي, الرأس الأخضر, شارع الكورنيش"
07.01.2025,الجيش التركي ينفذ قصفا مدفعيا على قرى بريف كوباني الجنوبي,https://syria.liveuamap.com/ar/2025/6-january-13-turkish-military-carried-out-artillery-strikes,22727253,2 الشهر منذ,36.75276,38.30194,سوريا,كاوزك حبيب,كاوزك حبيب,طريق عين العرب - حلب,"سوريا, كاوزك حبيب, كاوزك حبيب, طريق عين العرب - حلب"
07.01.2025,استمرار الاشتباكات المتقطعة في منطقة سد تشرين,https://syria.liveuamap.com/ar/2025/6-january-12-sporadic-clashes-continue-in-the-area-of-tishreen,22727247,2 الشهر منذ,36.3971,38.12101,سوريا,خربة تويني,خربة تويني,Unknown,"سوريا, خربة تويني, خربة تويني"
07.01.2025,جنوب سوريا: أهالي الصنمين (شمال درعا) يحتجون اليوم مطالبين السلطات الجديدة بمحاسبة القائد السابق التابع لمخابرات الأسد والذي تسبب بالاشتباكات قبل يومين والمتهم بارتكاب جرائم قتل وجرائم ضد المدنيين في المنطقة,https://syria.liveuamap.com/ar/2025/6-january-12-south-syria-residents-of-sanamayn-north-daraa,22727266,2 الشهر منذ,33.07052,36.18382,سوريا,الصنمين,الصنمين,Unknown,"سوريا, الصنمين, الصنمين"
07.01.2025,"الرئيس الفرنسي ماكرون يقول ""لن نتخلى"" عن المقاتلين الأكراد في سوريا",https://syria.liveuamap.com/ar/2025/6-january-11-france-president-macron-says-we-will-not-abandon,22727239,2 الشهر منذ,48.87032,2.31673,فرنسا,باريس,Paris 8e Arrondissement,Cour d'Honneur,"فرنسا, باريس, Paris 8e Arrondissement, Cour d'Honneur"
07.01.2025,وزير الخارجية التركي: يمكن للإدارة السورية الجديدة أن تتولى مسؤولية سجون معتقلي تنظيم الدولة في سوريا,https://syria.liveuamap.com/ar/2025/6-january-11-turkish-foreign-minister-new-syrian-administration,22727240,2 الشهر منذ,39.91126,32.85184,تركيا,أنقرة,Devlet Mahallesi,İsmet İnönü Bulvarı,"تركيا, أنقرة, Devlet Mahallesi, İsmet İnönü Bulvarı"
07.01.2025,وزير الخارجية الأردني: نرفض أي عدوان إسرائيلي على الأراضي السورية,https://syria.liveuamap.com/ar/2025/6-january-11-jordanian-foreign-minister-we-reject-any-israeli,22727277,2 الشهر منذ,39.91102,32.81633,تركيا,أنقرة,Balgat Mahallesi,Dr. Sadık Ahmet Caddesi,"تركيا, أنقرة, Balgat Mahallesi, Dr. Sadık Ahmet Caddesi"
07.01.2025,وزير الخارجية الأردني: نرفض العدوان الإسرائيلي على الأراضي السورية واحتلالها لأراض سورية جديدة,https://syria.liveuamap.com/ar/2025/6-january-11-jordanian-foreign-minister-we-reject-the-israeli,22727232,2 الشهر منذ,39.91116,32.85187,تركيا,أنقرة,Devlet Mahallesi,İsmet İnönü Bulvarı,"تركيا, أنقرة, Devlet Mahallesi, İsmet İnönü Bulvarı"
07.01.2025,وزير الخارجية الأردني: نريد لسوريا أن تستعيد أمنها واستقرارها وسيادتها ووحدتها,https://syria.liveuamap.com/ar/2025/6-january-11-jordanian-foreign-minister-we-want-syria-to,22727230,2 الشهر منذ,39.91155,32.85094,تركيا,أنقرة,Devlet Mahallesi,İsmet İnönü Bulvarı,"تركيا, أنقرة, Devlet Mahallesi, İsmet İnönü Bulvarı"
07.01.2025,وزير الخارجية التركي: بحثنا مع الوفد الأردني سبل تعزيز الاستقرار في سوريا,https://syria.liveuamap.com/ar/2025/6-january-10-turkish-foreign-minister-we-discussed-with-the,22727231,2 الشهر منذ,39.91242,32.84987,تركيا,أنقرة,Devlet Mahallesi,İsmet İnönü Bulvarı,"تركيا, أنقرة, Devlet Mahallesi, İsmet İnönü Bulvarı"
07.01.2025,قوات سوريا الديمقراطية تواصل استهداف القوات المدعومة من تركيا في محيط جسر قره قوزاق,https://syria.liveuamap.com/ar/2025/6-january-10-sdf-continue-to-target-turkishbacked-forces,22727248,2 الشهر منذ,36.63381,38.19388,سوريا,الخطاف,الخطاف,M4,"سوريا, الخطاف, الخطاف, M4"
07.01.2025,الولايات المتحدة ستعلن عن تخفيف العقوبات عن سوريا وإصدار إعفاءات لمجموعات الإغاثة والشركات التي تقدم خدمات أساسية، مثل المياه والكهرباء وغيرها من الإمدادات الإنسانية للأشهر الستة المقبلة - وول ستريت جورنال,https://syria.liveuamap.com/ar/2025/6-january-07-us-to-announce-sanction-relief-for-syria-and,22727200,2 الشهر منذ,38.8929,-77.04849,الولايات المتّحدة الأمريكيّة,واشينطون,Unknown,C Street Northwest,"الولايات المتّحدة الأمريكيّة, واشينطون, C Street Northwest"
08.01.2025,عدسة المرصد_السوري: غارة جوية تركية تسـ ـتـ ـهـ ـدف أطراف سد تشرين بريف منبج,https://syria.liveuamap.com/ar/2025/9-january-08-a-turkish-airstrike-targets-the-outskirts-of,22728021,2 الشهر منذ,36.37926,38.17474,سوريا,مدينة سدّ تشرين,Housing complex,سد تشرين,"سوريا, مدينة سدّ تشرين, Housing complex, سد تشرين"
08.01.2025,"وزارة الدفاع التركية تحذر من أنها ستواصل العمليات عبر الحدود في سوريا إذا لم ""تسلم الجماعات الإرهابية"" أسلحتها",https://syria.liveuamap.com/ar/2025/9-january-07-turkish-defense-ministry-warns-it-will-continue,22728000,2 الشهر منذ,39.92444,32.88556,تركيا,Mamak,Abidinpaşa Mahallesi,332. Sokak,"تركيا, Mamak, Abidinpaşa Mahallesi, 332. Sokak"
08.01.2025,"الجنرال الإيراني ""بهروز اثباتي"" يتهم روسيا بالكذب على طهران بشأن قصف الثوار السوريين قائلًا إن ""طائراتها كانت تستهدف الصحراء بدلًا من قوات المعارضة"" ""اثباتي"" ألقى اللوم على روسيا في سقوط بشار الأسد موضحًا أن القوات الروسية لم تهاجم المعارضة وعطّلت الرادارات خلال الغارات…",https://syria.liveuamap.com/ar/2025/9-january-06-iranian-general-behrouz-ethbati-accuses-russia,22728054,2 الشهر منذ,35.69966,51.33705,إیران,طهران,منطقه ۹ شهر تهران,میدان آزادی,"إیران, طهران, منطقه ۹ شهر تهران, میدان آزادی"
08.01.2025,قائد قوات سوريا الديمقراطية: اتفقنا مع السلطة الجديدة في دمشق على رفض مشاريع الانقسام,https://syria.liveuamap.com/ar/2025/8-january-20-commander-of-the-syrian-democratic-forces-we,22727922,2 الشهر منذ,36.50258,40.74297,سوريا,الحسكة,الصالحية,Unknown,"سوريا, الحسكة, الصالحية"
08.01.2025,أفادت مصادر كردية، اليوم الأربعاء، بمقتل وإصابة ستة مدنيين أكراد بينهم نساء خلال احتجاج قرب سد تشرين جنوب منبج بريف حلب الشرقي.,https://syria.liveuamap.com/ar/2025/8-january-16-kurdish-sources-reported-on-wednesday-that-six,22727862,2 الشهر منذ,36.25363,38.24547,سوريا,منحال السلال,منحال السلال,Unknown,"سوريا, منحال السلال, منحال السلال"
08.01.2025,"القنيطرةدبابات الجيش الإسرائيلي تتوغل إلى قريتي العشة وأبو غارة ومزرعة الحيران في ريف ⁧ القنيطرة ⁩ الجنوبي في ⁧ سوريا.الجيش الإسرائيلي فجر مستودعات أسلحة داخل تلال الحمر، وخرب التحصينات العسكرية باستخدام جرافات مدعومة بقوة عسكرية كبيرة تضم دبابات ""ميركافا"" ونحو 50 عنصراً.…",https://syria.liveuamap.com/ar/2025/8-january-15-quneitra-israeli-army-tanks-penetrate-the-villages,22727851,2 الشهر منذ,32.98209,35.93671,سوريا,Unknown,Unknown,Unknown,سوريا
08.01.2025,طائرات مقاتلة وطائرات بدون طيار تركية تستهدف المدنيين الأكراد الذين يحتجون ضد تركيا بالقرب من سد تشرين في شمال شرق سوريا، مما أدى إلى سقوط العديد من الضحايا,https://syria.liveuamap.com/ar/2025/8-january-14-turkish-fighter-jets-and-drones-are-targeting,22727847,2 الشهر منذ,36.24092,38.25371,سوريا,Bir Jabir,Bir Jabir,Unknown,"سوريا, Bir Jabir, Bir Jabir"
08.01.2025,الجيش الوطني السوري بقيادة تركيا يرسل قافلة أكبر من منبج نحو ريف منبج لشن هجوم على مدفعية قوات سوريا الديمقراطية وتستمر الغارات الجوية من قبل الجيش التركي، وقد تم رصد طائرات تركية تحلق باتجاه الجنوب فوق كوباني على طول نهر الفرات,https://syria.liveuamap.com/ar/2025/8-january-13-turkish-led-sna-sends-a-bigger-convoy-from-manbij,22727836,2 الشهر منذ,36.4497,38.04359,سوريا,جب حسن آغا,جب حسن آغا,Unknown,"سوريا, جب حسن آغا, جب حسن آغا"
08.01.2025,طائرات مسيرة تركية تقصف قافلة متجهة إلى بلدة تيسيرين، وحسب الأنباء الأولية فإن هناك جرحى، بينهم صحفيان.,https://syria.liveuamap.com/ar/2025/8-january-13-turkish-drones-bombarded-the-convoy-going-to,22727835,2 الشهر منذ,36.22831,38.25864,سوريا,Bir Jabir,Bir Jabir,Unknown,"سوريا, Bir Jabir, Bir Jabir"
08.01.2025,طائرات مسيرة تركية تقصف بعدة غارات جوية محاور القتال في سد تشرين شرق حلب شمال سوريا وسط معلومات أولية عن وقوع قتلى وجرحى بصفوف قسد,https://syria.liveuamap.com/ar/2025/8-january-13-turkish-drones-bombard-the-fighting-fronts-in,22727825,2 الشهر منذ,36.2569,38.25096,سوريا,منحال السلال,منحال السلال,Unknown,"سوريا, منحال السلال, منحال السلال"
08.01.2025,Raqqa الرقة: طائرة مسيرة استهدفت الطريق المؤدي إلى سد تشرين شمال مفرق الكلي قبل قرية تل عثمان بريف الرقة الغربي، مما أجبر السيارات التي كانت ذاهبة للسد للتوقف,https://syria.liveuamap.com/ar/2025/8-january-13-raqqa-a-drone-targeted-the-road-leading-to-tishreen,22727823,2 الشهر منذ,36.22916,38.26058,سوريا,Bir Jabir,Bir Jabir,Unknown,"سوريا, Bir Jabir, Bir Jabir"
08.01.2025,صورة تظهر أعمدة الدخان تتصاعد جراء الغارات الجوية بالقرب من سد تشرين,https://syria.liveuamap.com/ar/2025/8-january-13-a-photo-shows-columns-of-smoke-rising-from-airstrikes,22727827,2 الشهر منذ,36.23225,38.26053,سوريا,Bir Jabir,Bir Jabir,Unknown,"سوريا, Bir Jabir, Bir Jabir"
08.01.2025,أفادت وسائل إعلام سورية أن طائرة مسيرة تركية استهدفت منصة صواريخ تابعة لقوات سوريا الديمقراطية في ريف منبج (صورة)، تزامناً مع قصف مدفعي تركي على مواقع لحزب العمال الكردستاني/وحدات حماية الشعب في كوباني (فيديو)، كما أفادت أنباء عن اشتباكات بين الجيش الوطني وقوات سوريا الديمقراطية في سد تشرين شرقي منبج,https://syria.liveuamap.com/ar/2025/8-january-13-syrian-media-report-a-turkish-drone-targeted,22727821,2 الشهر منذ,36.3883,38.15586,سوريا,مدينة سدّ تشرين,Housing complex,Unknown,"سوريا, مدينة سدّ تشرين, Housing complex"
08.01.2025,سوريا: انفجار ذخيرة صباح اليوم في منطقة ترمانين. سبب الانفجار غير معروف حتى ، ولكن من المحتمل أن يكون مرتبطاً بأنشطة إزالة الألغام الجارية (القرية قريبة من جبهة حلب الغربية سابقاً),https://syria.liveuamap.com/ar/2025/8-january-12-syria-ammunition-went-off-this-morning-in-area,22727796,2 الشهر منذ,36.22861,36.82188,سوريا,ترمانين,ترمانين,Unknown,"سوريا, ترمانين, ترمانين"
08.01.2025,أفادت أنباء عن قصف طائرات مسيرة تركية قافلة لدعم قوات سوريا الديمقراطية في محيط سد تشرين,https://syria.liveuamap.com/ar/2025/8-january-11-turkish-drones-reportedly-shelled-the-convoy,22727830,2 الشهر منذ,36.24841,38.25336,سوريا,النفيلة,النفيلة,Unknown,"سوريا, النفيلة, النفيلة"
08.01.2025,وزير الخارجية الفرنسي: عقوبات الاتحاد الأوروبي المعرقلة لتعافي سوريا قد ترفع بسرعة بشرط إحراز تقدم في مجالات حقوق المرأة والأمن,https://syria.liveuamap.com/ar/2025/8-january-07-french-fm-eu-sanctions-hindering-syria-recovery,22727656,2 الشهر منذ,48.86278,2.31,فرنسا,باريس,الدائرة السابعة في باريس,Esplanade Habib Bourguiba,"فرنسا, باريس, الدائرة السابعة في باريس, Esplanade Habib Bourguiba"
08.01.2025,قوات سوريا الديمقراطية تعلن إسقاط طائرة مسيرة تركية من نوع بيرقدار TB2 في منطقة سد تشرين,https://syria.liveuamap.com/ar/2025/7-january-20-sdf-report-shooting-down-a-turkish-bayraktar,22727607,2 الشهر منذ,36.37954,38.19021,سوريا,جنف الأحمر,جنف الأحمر,Unknown,"سوريا, جنف الأحمر, جنف الأحمر"
08.01.2025,"الرئيس المنتخب ترامب: ""تركيا تسعى إلى احتلال سوريا تحت مسميات مختلفة وبطرق وأشكال مختلفة منذ 2000 عام. هؤلاء الأشخاص الذين دخلوا سوريا هم من تركيا""",https://syria.liveuamap.com/ar/2025/7-january-18-president-elect-trump-turkey-has-been-after,22727617,2 الشهر منذ,26.67695,-80.03718,الولايات المتّحدة الأمريكيّة,Palm Beach,Palm Beach,South Ocean Boulevard,"الولايات المتّحدة الأمريكيّة, Palm Beach, Palm Beach, South Ocean Boulevard"
08.01.2025,مراسل نهر_ميديا: قسد تنفذ حملة مداهمات في بلدة الكبر غربي ديرالزور بحثاً عن عناصر منشقين عنها,https://syria.liveuamap.com/ar/2025/7-january-18-sdf-carries-out-raids-in-alkubar-town-west-of,22727551,2 الشهر منذ,35.61222,39.87213,سوريا,كبار,كبار,Unknown,"سوريا, كبار, كبار"
08.01.2025,"وزير الخارجية التركي: تركيا قادرة على إدارة سجون ومعسكرات احتجاز عناصر تنظيم ""داعش"" في سوريا إذا لم يكن بوسع الإدارة السورية القيام بذلك",https://syria.liveuamap.com/ar/2025/7-january-18-turkish-foreign-minister-trkiye-is-capable,22727561,2 الشهر منذ,39.91057,32.81692,تركيا,أنقرة,Balgat Mahallesi,1419. Cadde,"تركيا, أنقرة, Balgat Mahallesi, 1419. Cadde"
08.01.2025,"وزير الخارجية التركي: تركيا ستشن عملية عسكرية ضد مسلحي ""وحدات حماية الشعب"" الكردية في سوريا إن لم ينصاعوا لمطالب لأنقرة",https://syria.liveuamap.com/ar/2025/7-january-18-turkish-foreign-minister-trkiye-will-launch,22727545,2 الشهر منذ,39.91102,32.81633,تركيا,أنقرة,Balgat Mahallesi,Dr. Sadık Ahmet Caddesi,"تركيا, أنقرة, Balgat Mahallesi, Dr. Sadık Ahmet Caddesi"
08.01.2025,وزير الخارجية التركي: تركيا تتوقع من الإدارة السورية الجديدة معالجة موضوع المسلحين الأكراد شمال شرقي سوريا لكن ذلك قد يستغرق وقتًا,https://syria.liveuamap.com/ar/2025/7-january-18-turkish-foreign-minister-trkiye-expects-new,22727541,2 الشهر منذ,39.90972,32.81668,تركيا,أنقرة,Balgat Mahallesi,Hayat Boyu Öğrenme Caddesi,"تركيا, أنقرة, Balgat Mahallesi, Hayat Boyu Öğrenme Caddesi"
08.01.2025,نفذ الجيش التركي غارة جوية على برج إنترنت في ريف كوباني,https://syria.liveuamap.com/ar/2025/7-january-18-the-turkish-military-carried-out-an-airstrike,22727540,2 الشهر منذ,36.75262,38.30452,سوريا,سلامة صغير,سلامة صغير,Unknown,"سوريا, سلامة صغير, سلامة صغير"
08.01.2025,"ورفض ترامب الإفصاح عما إذا كان سيسحب القوات الأميركية من سوريا، في حين أشاد بتركيا لدورها في الإطاحة بالأسد. وقال: ""الرئيس أردوغان صديق لي. إنه شخص أحبه وأحترمه. أعتقد أنه يحترمني. إذا نظرت إلى ما حدث في سوريا، فقد ضعفت روسيا، وضعف إيران. وهو شخص ذكي للغاية، وأرسل رجاله إلى هناك بأشكال مختلفة وأسماء مختلفة، ودخلوا واستولوا على السلطة"".",https://syria.liveuamap.com/ar/2025/7-january-17-trump-declined-to-say-whether-he-would-withdraw,22727543,2 الشهر منذ,26.67699,-80.03823,الولايات المتّحدة الأمريكيّة,Palm Beach,Palm Beach,Woodbridge Road,"الولايات المتّحدة الأمريكيّة, Palm Beach, Palm Beach, Woodbridge Road"
08.01.2025,استئناف الرحلات الدولية في مطار دمشق: فرانس برس,https://syria.liveuamap.com/ar/2025/7-january-08-international-flights-resume-at-damascus-airport,22727466,2 الشهر منذ,33.41361,36.51787,سوريا,شبعا,شبعا,طريق المطار,"سوريا, شبعا, شبعا, طريق المطار"
08.01.2025,شنت قسد صباح اليوم حملة مداهمات واعتقالات في بلدة الزغير غرب ديرالزور. ديرالزور_24,https://syria.liveuamap.com/ar/2025/7-january-08-this-morning-the-sdf-launched-a-campaign-of,22727471,2 الشهر منذ,35.49574,40.02422,سوريا,زغير جزيرة,زغير جزيرة,Unknown,"سوريا, زغير جزيرة, زغير جزيرة"
08.01.2025,قوات سوريا الديمقراطية تشن حملة مداهمات بحثاً عن منشقين في حي غويران بمدينة الحسكة,https://syria.liveuamap.com/ar/2025/7-january-08-sdf-launches-a-campaign-of-raids-in-search-of,22727476,2 الشهر منذ,36.48864,40.75396,سوريا,الحسكة,حي غويران,Unknown,"سوريا, الحسكة, حي غويران"
08.01.2025,سفينتان قطرية وتركية تصلان إلى سوريا لتوليد 800 ميغاواط من الكهرباء - وكالة الأنباء السورية سانا. هذا من شأنه أن يزيد إجمالي الطاقة بنسبة 50٪، حسبما ذكرت سانا. يأتي هذا ة بعد أن منحت الولايات المتحدة إعفاءً من العقوبات لمدة 6 أشهر يسمح بالعمل مع قطاع الطاقة السوري,https://syria.liveuamap.com/ar/2025/7-january-08-qatari-and-turkish-power-ships-to-come-to-syria,22727477,2 الشهر منذ,35.17079,35.90019,سوريا,عديمة,عديمة,Unknown,"سوريا, عديمة, عديمة"
08.01.2025,غارة جوية ثالثة استهدفت نفس المنزل في بلدة الجرنية بريف الرقة الغربي,https://syria.liveuamap.com/ar/2025/6-january-19-a-third-airstrike-targeted-the-same-house-in,22727474,2 الشهر منذ,36.16003,38.23448,سوريا,الجرنية,الجرنية,Unknown,"سوريا, الجرنية, الجرنية"
08.01.2025,"فصيلا ""رجال الكرامة"" و""لواء الجبل"" في السويداء: نرفض أي جيش طائفي أو فئوي",https://syria.liveuamap.com/ar/2025/6-january-19-men-of-dignity-and-mountain-brigade-factions,22727313,2 الشهر منذ,32.5114,36.47736,سوريا,بصرى,بصرى,Unknown,"سوريا, بصرى, بصرى"
09.01.2025,وزير الخارجية الإيطالي: نؤكد أهمية الحفاظ على وحدة التراب السوري,https://syria.liveuamap.com/ar/2025/10-january-09-italian-foreign-minister-we-stress-the-importance,22728423,2 الشهر منذ,41.93676,12.45818,إيطاليا,روما,Municipio Roma XV,Viale della Macchia della Farnesina,"إيطاليا, روما, Municipio Roma XV, Viale della Macchia della Farnesina"
09.01.2025,وزير خارجية إيطاليا: ندعم وحدة وسيادة سوريا,https://syria.liveuamap.com/ar/2025/10-january-09-italian-foreign-minister-we-support-the-unity,22728388,2 الشهر منذ,41.93522,12.45729,إيطاليا,روما,Municipio Roma XV,Viale dello Stadio dei Marmi,"إيطاليا, روما, Municipio Roma XV, Viale dello Stadio dei Marmi"
09.01.2025,وتقول تركيا إن فرنسا يجب أن تستعيد سجناء داعش لديها من سوريا بدلاً من التفكير في نشر قوات عسكرية لتثبيت وقف إطلاق النار مع قوات سوريا الديمقراطية على طول الحدود التركية,https://syria.liveuamap.com/ar/2025/10-january-08-turkey-says-that-france-should-take-back-its,22728376,2 الشهر منذ,39.9111,32.81595,تركيا,أنقرة,Balgat Mahallesi,Dr. Sadık Ahmet Caddesi,"تركيا, أنقرة, Balgat Mahallesi, Dr. Sadık Ahmet Caddesi"
09.01.2025,التركي يقصف ريف تل تمرعرض المزيد (  وكالة أنباء هاوار ANHA    لحظة بلحظة عبر الواتس اب,https://syria.liveuamap.com/ar/2025/10-january-08-turkish-forces-bomb-tal-tamr-countryside-,22728373,2 الشهر منذ,36.63879,40.24979,سوريا,الكوزلية,الكوزلية,طريق سوريا,"سوريا, الكوزلية, الكوزلية, طريق سوريا"
09.01.2025,عدسة المرصد_السوري: الطيران الحربي التركي يواصل تحليقه بكثافة فوق أجواء سد تشرين وسط اشتباكات عنـ ـيـ ـفة واحتجاجات مستمرة,https://syria.liveuamap.com/ar/2025/10-january-08-turkish-warplanes-continue-to-fly-intensively,22728372,2 الشهر منذ,36.38144,38.17886,سوريا,مدينة سدّ تشرين,Housing complex,سد تشرين,"سوريا, مدينة سدّ تشرين, Housing complex, سد تشرين"
09.01.2025,قوات سوريا الديمقراطية: للمرة الثانية طائرات حربية تركية تقصف بغارات جوية متعددة صوامع صرين جنوب مدينة كوباني,https://syria.liveuamap.com/ar/2025/10-january-08-sdf-for-the-second-time-turkish-warplanes-bombed,22728375,2 الشهر منذ,36.6345,38.28667,سوريا,شيل,شيل,طريق سوريا,"سوريا, شيل, شيل, طريق سوريا"
09.01.2025,القوات المدعومة من تركيا تقصف قرية مسيلتا على خط تل تمر بقذائف المدفعية,https://syria.liveuamap.com/ar/2025/10-january-08-turkishbacked-forces-shelled-the-misilta-village,22728370,2 الشهر منذ,36.63654,40.22131,سوريا,الاربعين,الاربعين,Unknown,"سوريا, الاربعين, الاربعين"
09.01.2025,غارات جوية تركية تستهدف بلدة صرين بريف كوباني شمال سوريا,https://syria.liveuamap.com/ar/2025/10-january-08-turkish-airstrikes-targeted-sarrin-in-kobani,22728369,2 الشهر منذ,36.58613,38.29321,سوريا,صرين,صرين,Unknown,"سوريا, صرين, صرين"
09.01.2025,اشتباكات متقطعة بين قسد والفصائل في ريف منبج,https://syria.liveuamap.com/ar/2025/10-january-08-intermittent-clashes-between-sdf-and-turkishbacked,22728367,2 الشهر منذ,36.39501,38.15466,سوريا,قشلة يوسف باشا,Housing complex,Unknown,"سوريا, قشلة يوسف باشا, Housing complex"
09.01.2025,وزير الخارجية التركي: ليس لدينا أي مطامع في الأراضي السورية,https://syria.liveuamap.com/ar/2025/10-january-08-turkish-foreign-minister-we-have-no-ambitions,22728371,2 الشهر منذ,39.91102,32.81633,تركيا,أنقرة,Balgat Mahallesi,Dr. Sadık Ahmet Caddesi,"تركيا, أنقرة, Balgat Mahallesi, Dr. Sadık Ahmet Caddesi"
09.01.2025,"قصف جوي تركي يستهدف مواقع قسد في بلدة ""الجرنية"" غربي الرقة",https://syria.liveuamap.com/ar/2025/9-january-17-turkish-airstrikes-target-sdf-positions-in-aljarniyah,22728155,2 الشهر منذ,36.16823,38.23845,سوريا,الجرنية,الجرنية,Unknown,"سوريا, الجرنية, الجرنية"
09.01.2025,سلسلة غارات بطائرات مسيرة نفذتها قوات سوريا الديمقراطية ضد القوات المدعومة من تركيا شمال سد تشرين وجنوب منبج,https://syria.liveuamap.com/ar/2025/9-january-16-a-series-of-drone-strikes-conducted-by-sdf-forces,22728156,2 الشهر منذ,36.40322,38.15973,سوريا,قشلة يوسف باشا,Housing complex,Unknown,"سوريا, قشلة يوسف باشا, Housing complex"
09.01.2025,قامت القوات الأمريكية بدورية في مدينة القامشلي شمال شرقي سوريا (شمال سوريا) اليوم الخميس,https://syria.liveuamap.com/ar/2025/9-january-14-us-forces-patrolled-qamishli-city-in-northeast,22728146,2 الشهر منذ,37.05448,41.22877,سوريا,القامشلي,حي الوسطى,Unknown,"سوريا, القامشلي, حي الوسطى"
09.01.2025,Raqqa الرقة: غارة جوية للطيران التركي استهدفت مقر الشرطة العسكرية داخل محطة كهرباء الجرنية,https://syria.liveuamap.com/ar/2025/9-january-11-raqqa-turkish-airstrike-targets-military-police,22728124,2 الشهر منذ,36.15919,38.23556,سوريا,الجرنية,الجرنية,Unknown,"سوريا, الجرنية, الجرنية"
09.01.2025,طائرات مسيرة تابعة للقوات المسلحة التركية تقصف أهدافاً لقوات سوريا الديمقراطية في بلدة خاتونية غرب الرقة,https://syria.liveuamap.com/ar/2025/9-january-11-turkish-armed-forces-uavs-hit-sdf-targets-in,22728109,2 الشهر منذ,36.22787,38.26884,سوريا,النفيلة,النفيلة,Unknown,"سوريا, النفيلة, النفيلة"
09.01.2025,عدسة المرصد_السوري: غارة جوية تركية تسـ ـتـ ـهـ ـدف أطراف سد تشرين بريف منبج,https://syria.liveuamap.com/ar/2025/9-january-08-a-turkish-airstrike-targets-the-outskirts-of,22728021,2 الشهر منذ,36.37926,38.17474,سوريا,مدينة سدّ تشرين,Housing complex,سد تشرين,"سوريا, مدينة سدّ تشرين, Housing complex, سد تشرين"
09.01.2025,"وزارة الدفاع التركية تحذر من أنها ستواصل العمليات عبر الحدود في سوريا إذا لم ""تسلم الجماعات الإرهابية"" أسلحتها",https://syria.liveuamap.com/ar/2025/9-january-07-turkish-defense-ministry-warns-it-will-continue,22728000,2 الشهر منذ,39.92444,32.88556,تركيا,Mamak,Abidinpaşa Mahallesi,332. Sokak,"تركيا, Mamak, Abidinpaşa Mahallesi, 332. Sokak"
09.01.2025,"الجنرال الإيراني ""بهروز اثباتي"" يتهم روسيا بالكذب على طهران بشأن قصف الثوار السوريين قائلًا إن ""طائراتها كانت تستهدف الصحراء بدلًا من قوات المعارضة"" ""اثباتي"" ألقى اللوم على روسيا في سقوط بشار الأسد موضحًا أن القوات الروسية لم تهاجم المعارضة وعطّلت الرادارات خلال الغارات…",https://syria.liveuamap.com/ar/2025/9-january-06-iranian-general-behrouz-ethbati-accuses-russia,22728054,2 الشهر منذ,35.69966,51.33705,إیران,طهران,منطقه ۹ شهر تهران,میدان آزادی,"إیران, طهران, منطقه ۹ شهر تهران, میدان آزادی"
09.01.2025,قائد قوات سوريا الديمقراطية: اتفقنا مع السلطة الجديدة في دمشق على رفض مشاريع الانقسام,https://syria.liveuamap.com/ar/2025/8-january-20-commander-of-the-syrian-democratic-forces-we,22727922,2 الشهر منذ,36.50258,40.74297,سوريا,الحسكة,الصالحية,Unknown,"سوريا, الحسكة, الصالحية"
09.01.2025,أفادت مصادر كردية، اليوم الأربعاء، بمقتل وإصابة ستة مدنيين أكراد بينهم نساء خلال احتجاج قرب سد تشرين جنوب منبج بريف حلب الشرقي.,https://syria.liveuamap.com/ar/2025/8-january-16-kurdish-sources-reported-on-wednesday-that-six,22727862,2 الشهر منذ,36.25363,38.24547,سوريا,منحال السلال,منحال السلال,Unknown,"سوريا, منحال السلال, منحال السلال"
09.01.2025,"القنيطرةدبابات الجيش الإسرائيلي تتوغل إلى قريتي العشة وأبو غارة ومزرعة الحيران في ريف ⁧ القنيطرة ⁩ الجنوبي في ⁧ سوريا.الجيش الإسرائيلي فجر مستودعات أسلحة داخل تلال الحمر، وخرب التحصينات العسكرية باستخدام جرافات مدعومة بقوة عسكرية كبيرة تضم دبابات ""ميركافا"" ونحو 50 عنصراً.…",https://syria.liveuamap.com/ar/2025/8-january-15-quneitra-israeli-army-tanks-penetrate-the-villages,22727851,2 الشهر منذ,32.98209,35.93671,سوريا,Unknown,Unknown,Unknown,سوريا
09.01.2025,طائرات مقاتلة وطائرات بدون طيار تركية تستهدف المدنيين الأكراد الذين يحتجون ضد تركيا بالقرب من سد تشرين في شمال شرق سوريا، مما أدى إلى سقوط العديد من الضحايا,https://syria.liveuamap.com/ar/2025/8-january-14-turkish-fighter-jets-and-drones-are-targeting,22727847,2 الشهر منذ,36.24092,38.25371,سوريا,Bir Jabir,Bir Jabir,Unknown,"سوريا, Bir Jabir, Bir Jabir"
09.01.2025,الجيش الوطني السوري بقيادة تركيا يرسل قافلة أكبر من منبج نحو ريف منبج لشن هجوم على مدفعية قوات سوريا الديمقراطية وتستمر الغارات الجوية من قبل الجيش التركي، وقد تم رصد طائرات تركية تحلق باتجاه الجنوب فوق كوباني على طول نهر الفرات,https://syria.liveuamap.com/ar/2025/8-january-13-turkish-led-sna-sends-a-bigger-convoy-from-manbij,22727836,2 الشهر منذ,36.4497,38.04359,سوريا,جب حسن آغا,جب حسن آغا,Unknown,"سوريا, جب حسن آغا, جب حسن آغا"
09.01.2025,طائرات مسيرة تركية تقصف قافلة متجهة إلى بلدة تيسيرين، وحسب الأنباء الأولية فإن هناك جرحى، بينهم صحفيان.,https://syria.liveuamap.com/ar/2025/8-january-13-turkish-drones-bombarded-the-convoy-going-to,22727835,2 الشهر منذ,36.22831,38.25864,سوريا,Bir Jabir,Bir Jabir,Unknown,"سوريا, Bir Jabir, Bir Jabir"
09.01.2025,طائرات مسيرة تركية تقصف بعدة غارات جوية محاور القتال في سد تشرين شرق حلب شمال سوريا وسط معلومات أولية عن وقوع قتلى وجرحى بصفوف قسد,https://syria.liveuamap.com/ar/2025/8-january-13-turkish-drones-bombard-the-fighting-fronts-in,22727825,2 الشهر منذ,36.2569,38.25096,سوريا,منحال السلال,منحال السلال,Unknown,"سوريا, منحال السلال, منحال السلال"
09.01.2025,Raqqa الرقة: طائرة مسيرة استهدفت الطريق المؤدي إلى سد تشرين شمال مفرق الكلي قبل قرية تل عثمان بريف الرقة الغربي، مما أجبر السيارات التي كانت ذاهبة للسد للتوقف,https://syria.liveuamap.com/ar/2025/8-january-13-raqqa-a-drone-targeted-the-road-leading-to-tishreen,22727823,2 الشهر منذ,36.22916,38.26058,سوريا,Bir Jabir,Bir Jabir,Unknown,"سوريا, Bir Jabir, Bir Jabir"
09.01.2025,صورة تظهر أعمدة الدخان تتصاعد جراء الغارات الجوية بالقرب من سد تشرين,https://syria.liveuamap.com/ar/2025/8-january-13-a-photo-shows-columns-of-smoke-rising-from-airstrikes,22727827,2 الشهر منذ,36.23225,38.26053,سوريا,Bir Jabir,Bir Jabir,Unknown,"سوريا, Bir Jabir, Bir Jabir"
09.01.2025,أفادت وسائل إعلام سورية أن طائرة مسيرة تركية استهدفت منصة صواريخ تابعة لقوات سوريا الديمقراطية في ريف منبج (صورة)، تزامناً مع قصف مدفعي تركي على مواقع لحزب العمال الكردستاني/وحدات حماية الشعب في كوباني (فيديو)، كما أفادت أنباء عن اشتباكات بين الجيش الوطني وقوات سوريا الديمقراطية في سد تشرين شرقي منبج,https://syria.liveuamap.com/ar/2025/8-january-13-syrian-media-report-a-turkish-drone-targeted,22727821,2 الشهر منذ,36.3883,38.15586,سوريا,مدينة سدّ تشرين,Housing complex,Unknown,"سوريا, مدينة سدّ تشرين, Housing complex"
09.01.2025,سوريا: انفجار ذخيرة صباح اليوم في منطقة ترمانين. سبب الانفجار غير معروف حتى ، ولكن من المحتمل أن يكون مرتبطاً بأنشطة إزالة الألغام الجارية (القرية قريبة من جبهة حلب الغربية سابقاً),https://syria.liveuamap.com/ar/2025/8-january-12-syria-ammunition-went-off-this-morning-in-area,22727796,2 الشهر منذ,36.22861,36.82188,سوريا,ترمانين,ترمانين,Unknown,"سوريا, ترمانين, ترمانين"
09.01.2025,أفادت أنباء عن قصف طائرات مسيرة تركية قافلة لدعم قوات سوريا الديمقراطية في محيط سد تشرين,https://syria.liveuamap.com/ar/2025/8-january-11-turkish-drones-reportedly-shelled-the-convoy,22727830,2 الشهر منذ,36.24841,38.25336,سوريا,النفيلة,النفيلة,Unknown,"سوريا, النفيلة, النفيلة"
10.01.2025,رئيس الوزراء اللبناني ميقاتي يلتقي الزعيم السوري الشرع في دمشق، وهي الزيارة الأولى لرئيس وزراء لبناني إلى دمشق منذ عام 2010,https://syria.liveuamap.com/ar/2025/11-january-10-lebanon-pm-mikati-meets-syria-leader-asharaa,22728665,2 الشهر منذ,33.51361,36.29503,سوريا,بلدية ساروجة,حي ساروجة,جسر فكتوريا,"سوريا, بلدية ساروجة, حي ساروجة, جسر فكتوريا"
10.01.2025,الأجهزة الأمنية السورية تقول إنها أحبطت مخططا لتنظيم داعش لمهاجمة موقع شيعي في دمشق,https://syria.liveuamap.com/ar/2025/11-january-10-syrias-security-services-say-they-foiled-an,22728646,2 الشهر منذ,33.44514,36.34277,سوريا,السيدة زينب,Unknown,Unknown,"سوريا, السيدة زينب"
10.01.2025,قوات سوريا الديمقراطية: قواتنا تبدي استعدادها للتعاون مع إدارة دمشق لكشف الحقائق. أفادت وكالة الأنباء السورية (سانا) عن اعتراض سيارة مفخخة في حلب زعمت أنها قادمة من مناطق سيطرتنا في شمال وشرق سوريا. ونؤكد أن هذه الاتهامات خاطئة وسابقة لأوانها وتفتقر إلى الأدلة الواقعية أو التحقيقات الشفافة.,https://syria.liveuamap.com/ar/2025/11-january-10-sdf-our-forces-express-their-readiness-to-cooperate,22728663,2 الشهر منذ,36.09232,37.92481,سوريا,وضحة,وضحة,Unknown,"سوريا, وضحة, وضحة"
10.01.2025,أنباء عن غارات جوية جديدة قرب سد تشرين ووصول المتظاهرين إلى السد,https://syria.liveuamap.com/ar/2025/11-january-09-new-airstrikes-reported-near-the-tishrin-dam,22728668,2 الشهر منذ,36.37857,38.20461,سوريا,جنف الأحمر,جنف الأحمر,Unknown,"سوريا, جنف الأحمر, جنف الأحمر"
10.01.2025,صحيفة الوطن السورية: العمل جارٍ على إعادة إصدار الجوازات للمواطنين في سوريا على أن تبدأ خلال الأسبوع القادم,https://syria.liveuamap.com/ar/2025/10-january-15-alwatan-syrian-newspaper-work-is-underway-to,22728469,2 الشهر منذ,33.51539,36.30392,سوريا,بلدية ساروجة,حي العقبية,شارع سوق ساروجة الشرقي,"سوريا, بلدية ساروجة, حي العقبية, شارع سوق ساروجة الشرقي"
10.01.2025,وزارة الداخلية تعلن ضبط سيارة مفخخة قادمة من مناطق قوات سوريا الديمقراطية,https://syria.liveuamap.com/ar/2025/10-january-13-the-interior-ministry-announces-the-seizure,22728424,2 الشهر منذ,36.16988,37.66697,سوريا,حميمة كبيرة,حميمة كبيرة,طريق حلب الرقة,"سوريا, حميمة كبيرة, حميمة كبيرة, طريق حلب الرقة"
10.01.2025,في زركان نفذ سلاح الجو التركي غارة جوية على صهريج مياه - هذه الصهاريج تستخدم لتزويد المدنيين بالمياه,https://syria.liveuamap.com/ar/2025/10-january-13-in-zirgan-the-turkish-airforce-carried-out,22728422,2 الشهر منذ,36.84596,40.32755,سوريا,أبو راسين,أبو راسين,Unknown,"سوريا, أبو راسين, أبو راسين"
10.01.2025,قوات سوريا الديمقراطية تقول إنها للمرة الثانية قصفت طائرات حربية تركية بغارات جوية متعددة صوامع الحبوب في منطقة صرين جنوب كوباني,https://syria.liveuamap.com/ar/2025/10-january-12-sdf-says-for-the-second-time-turkish-warplanes,22728479,2 الشهر منذ,36.63302,38.27714,سوريا,شيل,شيل,طريق سوريا,"سوريا, شيل, شيل, طريق سوريا"
10.01.2025,وزير الخارجية الإيطالي: نؤكد أهمية الحفاظ على وحدة التراب السوري,https://syria.liveuamap.com/ar/2025/10-january-09-italian-foreign-minister-we-stress-the-importance,22728423,2 الشهر منذ,41.93676,12.45818,إيطاليا,روما,Municipio Roma XV,Viale della Macchia della Farnesina,"إيطاليا, روما, Municipio Roma XV, Viale della Macchia della Farnesina"
10.01.2025,وزير خارجية إيطاليا: ندعم وحدة وسيادة سوريا,https://syria.liveuamap.com/ar/2025/10-january-09-italian-foreign-minister-we-support-the-unity,22728388,2 الشهر منذ,41.93522,12.45729,إيطاليا,روما,Municipio Roma XV,Viale dello Stadio dei Marmi,"إيطاليا, روما, Municipio Roma XV, Viale dello Stadio dei Marmi"
10.01.2025,وتقول تركيا إن فرنسا يجب أن تستعيد سجناء داعش لديها من سوريا بدلاً من التفكير في نشر قوات عسكرية لتثبيت وقف إطلاق النار مع قوات سوريا الديمقراطية على طول الحدود التركية,https://syria.liveuamap.com/ar/2025/10-january-08-turkey-says-that-france-should-take-back-its,22728376,2 الشهر منذ,39.9111,32.81595,تركيا,أنقرة,Balgat Mahallesi,Dr. Sadık Ahmet Caddesi,"تركيا, أنقرة, Balgat Mahallesi, Dr. Sadık Ahmet Caddesi"
10.01.2025,التركي يقصف ريف تل تمرعرض المزيد (  وكالة أنباء هاوار ANHA    لحظة بلحظة عبر الواتس اب,https://syria.liveuamap.com/ar/2025/10-january-08-turkish-forces-bomb-tal-tamr-countryside-,22728373,2 الشهر منذ,36.63879,40.24979,سوريا,الكوزلية,الكوزلية,طريق سوريا,"سوريا, الكوزلية, الكوزلية, طريق سوريا"
10.01.2025,عدسة المرصد_السوري: الطيران الحربي التركي يواصل تحليقه بكثافة فوق أجواء سد تشرين وسط اشتباكات عنـ ـيـ ـفة واحتجاجات مستمرة,https://syria.liveuamap.com/ar/2025/10-january-08-turkish-warplanes-continue-to-fly-intensively,22728372,2 الشهر منذ,36.38144,38.17886,سوريا,مدينة سدّ تشرين,Housing complex,سد تشرين,"سوريا, مدينة سدّ تشرين, Housing complex, سد تشرين"
10.01.2025,قوات سوريا الديمقراطية: للمرة الثانية طائرات حربية تركية تقصف بغارات جوية متعددة صوامع صرين جنوب مدينة كوباني,https://syria.liveuamap.com/ar/2025/10-january-08-sdf-for-the-second-time-turkish-warplanes-bombed,22728375,2 الشهر منذ,36.6345,38.28667,سوريا,شيل,شيل,طريق سوريا,"سوريا, شيل, شيل, طريق سوريا"
10.01.2025,القوات المدعومة من تركيا تقصف قرية مسيلتا على خط تل تمر بقذائف المدفعية,https://syria.liveuamap.com/ar/2025/10-january-08-turkishbacked-forces-shelled-the-misilta-village,22728370,2 الشهر منذ,36.63654,40.22131,سوريا,الاربعين,الاربعين,Unknown,"سوريا, الاربعين, الاربعين"
10.01.2025,غارات جوية تركية تستهدف بلدة صرين بريف كوباني شمال سوريا,https://syria.liveuamap.com/ar/2025/10-january-08-turkish-airstrikes-targeted-sarrin-in-kobani,22728369,2 الشهر منذ,36.58613,38.29321,سوريا,صرين,صرين,Unknown,"سوريا, صرين, صرين"
10.01.2025,اشتباكات متقطعة بين قسد والفصائل في ريف منبج,https://syria.liveuamap.com/ar/2025/10-january-08-intermittent-clashes-between-sdf-and-turkishbacked,22728367,2 الشهر منذ,36.39501,38.15466,سوريا,قشلة يوسف باشا,Housing complex,Unknown,"سوريا, قشلة يوسف باشا, Housing complex"
10.01.2025,وزير الخارجية التركي: ليس لدينا أي مطامع في الأراضي السورية,https://syria.liveuamap.com/ar/2025/10-january-08-turkish-foreign-minister-we-have-no-ambitions,22728371,2 الشهر منذ,39.91102,32.81633,تركيا,أنقرة,Balgat Mahallesi,Dr. Sadık Ahmet Caddesi,"تركيا, أنقرة, Balgat Mahallesi, Dr. Sadık Ahmet Caddesi"
10.01.2025,"قصف جوي تركي يستهدف مواقع قسد في بلدة ""الجرنية"" غربي الرقة",https://syria.liveuamap.com/ar/2025/9-january-17-turkish-airstrikes-target-sdf-positions-in-aljarniyah,22728155,2 الشهر منذ,36.16823,38.23845,سوريا,الجرنية,الجرنية,Unknown,"سوريا, الجرنية, الجرنية"
10.01.2025,سلسلة غارات بطائرات مسيرة نفذتها قوات سوريا الديمقراطية ضد القوات المدعومة من تركيا شمال سد تشرين وجنوب منبج,https://syria.liveuamap.com/ar/2025/9-january-16-a-series-of-drone-strikes-conducted-by-sdf-forces,22728156,2 الشهر منذ,36.40322,38.15973,سوريا,قشلة يوسف باشا,Housing complex,Unknown,"سوريا, قشلة يوسف باشا, Housing complex"
10.01.2025,قامت القوات الأمريكية بدورية في مدينة القامشلي شمال شرقي سوريا (شمال سوريا) اليوم الخميس,https://syria.liveuamap.com/ar/2025/9-january-14-us-forces-patrolled-qamishli-city-in-northeast,22728146,2 الشهر منذ,37.05448,41.22877,سوريا,القامشلي,حي الوسطى,Unknown,"سوريا, القامشلي, حي الوسطى"
10.01.2025,Raqqa الرقة: غارة جوية للطيران التركي استهدفت مقر الشرطة العسكرية داخل محطة كهرباء الجرنية,https://syria.liveuamap.com/ar/2025/9-january-11-raqqa-turkish-airstrike-targets-military-police,22728124,2 الشهر منذ,36.15919,38.23556,سوريا,الجرنية,الجرنية,Unknown,"سوريا, الجرنية, الجرنية"
10.01.2025,طائرات مسيرة تابعة للقوات المسلحة التركية تقصف أهدافاً لقوات سوريا الديمقراطية في بلدة خاتونية غرب الرقة,https://syria.liveuamap.com/ar/2025/9-january-11-turkish-armed-forces-uavs-hit-sdf-targets-in,22728109,2 الشهر منذ,36.22787,38.26884,سوريا,النفيلة,النفيلة,Unknown,"سوريا, النفيلة, النفيلة"
10.01.2025,عدسة المرصد_السوري: غارة جوية تركية تسـ ـتـ ـهـ ـدف أطراف سد تشرين بريف منبج,https://syria.liveuamap.com/ar/2025/9-january-08-a-turkish-airstrike-targets-the-outskirts-of,22728021,2 الشهر منذ,36.37926,38.17474,سوريا,مدينة سدّ تشرين,Housing complex,سد تشرين,"سوريا, مدينة سدّ تشرين, Housing complex, سد تشرين"
10.01.2025,"وزارة الدفاع التركية تحذر من أنها ستواصل العمليات عبر الحدود في سوريا إذا لم ""تسلم الجماعات الإرهابية"" أسلحتها",https://syria.liveuamap.com/ar/2025/9-january-07-turkish-defense-ministry-warns-it-will-continue,22728000,2 الشهر منذ,39.92444,32.88556,تركيا,Mamak,Abidinpaşa Mahallesi,332. Sokak,"تركيا, Mamak, Abidinpaşa Mahallesi, 332. Sokak"
10.01.2025,"الجنرال الإيراني ""بهروز اثباتي"" يتهم روسيا بالكذب على طهران بشأن قصف الثوار السوريين قائلًا إن ""طائراتها كانت تستهدف الصحراء بدلًا من قوات المعارضة"" ""اثباتي"" ألقى اللوم على روسيا في سقوط بشار الأسد موضحًا أن القوات الروسية لم تهاجم المعارضة وعطّلت الرادارات خلال الغارات…",https://syria.liveuamap.com/ar/2025/9-january-06-iranian-general-behrouz-ethbati-accuses-russia,22728054,2 الشهر منذ,35.69966,51.33705,إیران,طهران,منطقه ۹ شهر تهران,میدان آزادی,"إیران, طهران, منطقه ۹ شهر تهران, میدان آزادی"
10.01.2025,قائد قوات سوريا الديمقراطية: اتفقنا مع السلطة الجديدة في دمشق على رفض مشاريع الانقسام,https://syria.liveuamap.com/ar/2025/8-january-20-commander-of-the-syrian-democratic-forces-we,22727922,2 الشهر منذ,36.50258,40.74297,سوريا,الحسكة,الصالحية,Unknown,"سوريا, الحسكة, الصالحية"
10.01.2025,أفادت مصادر كردية، اليوم الأربعاء، بمقتل وإصابة ستة مدنيين أكراد بينهم نساء خلال احتجاج قرب سد تشرين جنوب منبج بريف حلب الشرقي.,https://syria.liveuamap.com/ar/2025/8-january-16-kurdish-sources-reported-on-wednesday-that-six,22727862,2 الشهر منذ,36.25363,38.24547,سوريا,منحال السلال,منحال السلال,Unknown,"سوريا, منحال السلال, منحال السلال"
10.01.2025,"القنيطرةدبابات الجيش الإسرائيلي تتوغل إلى قريتي العشة وأبو غارة ومزرعة الحيران في ريف ⁧ القنيطرة ⁩ الجنوبي في ⁧ سوريا.الجيش الإسرائيلي فجر مستودعات أسلحة داخل تلال الحمر، وخرب التحصينات العسكرية باستخدام جرافات مدعومة بقوة عسكرية كبيرة تضم دبابات ""ميركافا"" ونحو 50 عنصراً.…",https://syria.liveuamap.com/ar/2025/8-january-15-quneitra-israeli-army-tanks-penetrate-the-villages,22727851,2 الشهر منذ,32.98209,35.93671,سوريا,Unknown,Unknown,Unknown,سوريا
10.01.2025,طائرات مقاتلة وطائرات بدون طيار تركية تستهدف المدنيين الأكراد الذين يحتجون ضد تركيا بالقرب من سد تشرين في شمال شرق سوريا، مما أدى إلى سقوط العديد من الضحايا,https://syria.liveuamap.com/ar/2025/8-january-14-turkish-fighter-jets-and-drones-are-targeting,22727847,2 الشهر منذ,36.24092,38.25371,سوريا,Bir Jabir,Bir Jabir,Unknown,"سوريا, Bir Jabir, Bir Jabir"
11.01.2025,وزيرة خارجية ألمانيا تشارك بمؤتمر موسع بشأن سوريا في الرياض,https://syria.liveuamap.com/ar/2025/12-january-08-german-foreign-minister-to-participate-in-expanded,22728762,1 الشهر منذ,24.68245,46.64216,السعودية,Unknown,أم الحمام,طريق الملك خالد,"السعودية, أم الحمام, طريق الملك خالد"
11.01.2025,"وزير الداخلية العراقي للحدث: ننسق مع ""قسد"" بخصوص المناطق التي تسيطر عليها من خلال التحالف الدولي",https://syria.liveuamap.com/ar/2025/12-january-08-iraqi-interior-minister-to-alhadath-we-are,22728761,1 الشهر منذ,33.31129,44.39524,العراق,بغداد,Unknown,شارع المسعودي,"العراق, بغداد, شارع المسعودي"
11.01.2025,بدء الإجتماع العربي الدولي الخاص بسوريا في العاصمة السعودية الرياض,https://syria.liveuamap.com/ar/2025/12-january-07-the-arabinternational-meeting-on-syria-begins,22728748,1 الشهر منذ,24.68157,46.641,السعودية,Unknown,الهدا,طريق الملك خالد,"السعودية, الهدا, طريق الملك خالد"
11.01.2025,تقدم لقوات فجر الحرية التابعة للجيش الوطني على محور سد تشرين شرقي حلب، ورصده نارياً سد تشرين بعد سيطرته على تلة السريتيل.,https://syria.liveuamap.com/ar/2025/11-january-12-the-fajr-alhurriya-forces-affiliated-with-the,22728682,2 الشهر منذ,36.39806,38.12325,سوريا,العلوش,Housing complex,Unknown,"سوريا, العلوش, Housing complex"
11.01.2025,القوات التركية تستهدف بقذائف المدفعية أهدافاً لقوات سوريا الديمقراطية في محيط جسر قره كوزاك وخط صرين,https://syria.liveuamap.com/ar/2025/11-january-11-turkish-forces-hit-the-sdf-targets-located,22728675,2 الشهر منذ,36.6144,38.20152,سوريا,عنزاوية,عنزاوية,Unknown,"سوريا, عنزاوية, عنزاوية"
11.01.2025,رئيس الوزراء اللبناني ميقاتي يلتقي الزعيم السوري الشرع في دمشق، وهي الزيارة الأولى لرئيس وزراء لبناني إلى دمشق منذ عام 2010,https://syria.liveuamap.com/ar/2025/11-january-10-lebanon-pm-mikati-meets-syria-leader-asharaa,22728665,2 الشهر منذ,33.51361,36.29503,سوريا,بلدية ساروجة,حي ساروجة,جسر فكتوريا,"سوريا, بلدية ساروجة, حي ساروجة, جسر فكتوريا"
11.01.2025,الأجهزة الأمنية السورية تقول إنها أحبطت مخططا لتنظيم داعش لمهاجمة موقع شيعي في دمشق,https://syria.liveuamap.com/ar/2025/11-january-10-syrias-security-services-say-they-foiled-an,22728646,2 الشهر منذ,33.44514,36.34277,سوريا,السيدة زينب,Unknown,Unknown,"سوريا, السيدة زينب"
11.01.2025,قوات سوريا الديمقراطية: قواتنا تبدي استعدادها للتعاون مع إدارة دمشق لكشف الحقائق. أفادت وكالة الأنباء السورية (سانا) عن اعتراض سيارة مفخخة في حلب زعمت أنها قادمة من مناطق سيطرتنا في شمال وشرق سوريا. ونؤكد أن هذه الاتهامات خاطئة وسابقة لأوانها وتفتقر إلى الأدلة الواقعية أو التحقيقات الشفافة.,https://syria.liveuamap.com/ar/2025/11-january-10-sdf-our-forces-express-their-readiness-to-cooperate,22728663,2 الشهر منذ,36.09232,37.92481,سوريا,وضحة,وضحة,Unknown,"سوريا, وضحة, وضحة"
11.01.2025,أنباء عن غارات جوية جديدة قرب سد تشرين ووصول المتظاهرين إلى السد,https://syria.liveuamap.com/ar/2025/11-january-09-new-airstrikes-reported-near-the-tishrin-dam,22728668,2 الشهر منذ,36.37857,38.20461,سوريا,جنف الأحمر,جنف الأحمر,Unknown,"سوريا, جنف الأحمر, جنف الأحمر"
11.01.2025,صحيفة الوطن السورية: العمل جارٍ على إعادة إصدار الجوازات للمواطنين في سوريا على أن تبدأ خلال الأسبوع القادم,https://syria.liveuamap.com/ar/2025/10-january-15-alwatan-syrian-newspaper-work-is-underway-to,22728469,2 الشهر منذ,33.51539,36.30392,سوريا,بلدية ساروجة,حي العقبية,شارع سوق ساروجة الشرقي,"سوريا, بلدية ساروجة, حي العقبية, شارع سوق ساروجة الشرقي"
11.01.2025,وزارة الداخلية تعلن ضبط سيارة مفخخة قادمة من مناطق قوات سوريا الديمقراطية,https://syria.liveuamap.com/ar/2025/10-january-13-the-interior-ministry-announces-the-seizure,22728424,2 الشهر منذ,36.16988,37.66697,سوريا,حميمة كبيرة,حميمة كبيرة,طريق حلب الرقة,"سوريا, حميمة كبيرة, حميمة كبيرة, طريق حلب الرقة"
11.01.2025,في زركان نفذ سلاح الجو التركي غارة جوية على صهريج مياه - هذه الصهاريج تستخدم لتزويد المدنيين بالمياه,https://syria.liveuamap.com/ar/2025/10-january-13-in-zirgan-the-turkish-airforce-carried-out,22728422,2 الشهر منذ,36.84596,40.32755,سوريا,أبو راسين,أبو راسين,Unknown,"سوريا, أبو راسين, أبو راسين"
11.01.2025,قوات سوريا الديمقراطية تقول إنها للمرة الثانية قصفت طائرات حربية تركية بغارات جوية متعددة صوامع الحبوب في منطقة صرين جنوب كوباني,https://syria.liveuamap.com/ar/2025/10-january-12-sdf-says-for-the-second-time-turkish-warplanes,22728479,2 الشهر منذ,36.63302,38.27714,سوريا,شيل,شيل,طريق سوريا,"سوريا, شيل, شيل, طريق سوريا"
11.01.2025,وزير الخارجية الإيطالي: نؤكد أهمية الحفاظ على وحدة التراب السوري,https://syria.liveuamap.com/ar/2025/10-january-09-italian-foreign-minister-we-stress-the-importance,22728423,2 الشهر منذ,41.93676,12.45818,إيطاليا,روما,Municipio Roma XV,Viale della Macchia della Farnesina,"إيطاليا, روما, Municipio Roma XV, Viale della Macchia della Farnesina"
11.01.2025,وزير خارجية إيطاليا: ندعم وحدة وسيادة سوريا,https://syria.liveuamap.com/ar/2025/10-january-09-italian-foreign-minister-we-support-the-unity,22728388,2 الشهر منذ,41.93522,12.45729,إيطاليا,روما,Municipio Roma XV,Viale dello Stadio dei Marmi,"إيطاليا, روما, Municipio Roma XV, Viale dello Stadio dei Marmi"
11.01.2025,وتقول تركيا إن فرنسا يجب أن تستعيد سجناء داعش لديها من سوريا بدلاً من التفكير في نشر قوات عسكرية لتثبيت وقف إطلاق النار مع قوات سوريا الديمقراطية على طول الحدود التركية,https://syria.liveuamap.com/ar/2025/10-january-08-turkey-says-that-france-should-take-back-its,22728376,2 الشهر منذ,39.9111,32.81595,تركيا,أنقرة,Balgat Mahallesi,Dr. Sadık Ahmet Caddesi,"تركيا, أنقرة, Balgat Mahallesi, Dr. Sadık Ahmet Caddesi"
11.01.2025,التركي يقصف ريف تل تمرعرض المزيد (  وكالة أنباء هاوار ANHA    لحظة بلحظة عبر الواتس اب,https://syria.liveuamap.com/ar/2025/10-january-08-turkish-forces-bomb-tal-tamr-countryside-,22728373,2 الشهر منذ,36.63879,40.24979,سوريا,الكوزلية,الكوزلية,طريق سوريا,"سوريا, الكوزلية, الكوزلية, طريق سوريا"
11.01.2025,عدسة المرصد_السوري: الطيران الحربي التركي يواصل تحليقه بكثافة فوق أجواء سد تشرين وسط اشتباكات عنـ ـيـ ـفة واحتجاجات مستمرة,https://syria.liveuamap.com/ar/2025/10-january-08-turkish-warplanes-continue-to-fly-intensively,22728372,2 الشهر منذ,36.38144,38.17886,سوريا,مدينة سدّ تشرين,Housing complex,سد تشرين,"سوريا, مدينة سدّ تشرين, Housing complex, سد تشرين"
11.01.2025,قوات سوريا الديمقراطية: للمرة الثانية طائرات حربية تركية تقصف بغارات جوية متعددة صوامع صرين جنوب مدينة كوباني,https://syria.liveuamap.com/ar/2025/10-january-08-sdf-for-the-second-time-turkish-warplanes-bombed,22728375,2 الشهر منذ,36.6345,38.28667,سوريا,شيل,شيل,طريق سوريا,"سوريا, شيل, شيل, طريق سوريا"
11.01.2025,القوات المدعومة من تركيا تقصف قرية مسيلتا على خط تل تمر بقذائف المدفعية,https://syria.liveuamap.com/ar/2025/10-january-08-turkishbacked-forces-shelled-the-misilta-village,22728370,2 الشهر منذ,36.63654,40.22131,سوريا,الاربعين,الاربعين,Unknown,"سوريا, الاربعين, الاربعين"
11.01.2025,غارات جوية تركية تستهدف بلدة صرين بريف كوباني شمال سوريا,https://syria.liveuamap.com/ar/2025/10-january-08-turkish-airstrikes-targeted-sarrin-in-kobani,22728369,2 الشهر منذ,36.58613,38.29321,سوريا,صرين,صرين,Unknown,"سوريا, صرين, صرين"
11.01.2025,اشتباكات متقطعة بين قسد والفصائل في ريف منبج,https://syria.liveuamap.com/ar/2025/10-january-08-intermittent-clashes-between-sdf-and-turkishbacked,22728367,2 الشهر منذ,36.39501,38.15466,سوريا,قشلة يوسف باشا,Housing complex,Unknown,"سوريا, قشلة يوسف باشا, Housing complex"
11.01.2025,وزير الخارجية التركي: ليس لدينا أي مطامع في الأراضي السورية,https://syria.liveuamap.com/ar/2025/10-january-08-turkish-foreign-minister-we-have-no-ambitions,22728371,2 الشهر منذ,39.91102,32.81633,تركيا,أنقرة,Balgat Mahallesi,Dr. Sadık Ahmet Caddesi,"تركيا, أنقرة, Balgat Mahallesi, Dr. Sadık Ahmet Caddesi"
11.01.2025,"قصف جوي تركي يستهدف مواقع قسد في بلدة ""الجرنية"" غربي الرقة",https://syria.liveuamap.com/ar/2025/9-january-17-turkish-airstrikes-target-sdf-positions-in-aljarniyah,22728155,2 الشهر منذ,36.16823,38.23845,سوريا,الجرنية,الجرنية,Unknown,"سوريا, الجرنية, الجرنية"
11.01.2025,سلسلة غارات بطائرات مسيرة نفذتها قوات سوريا الديمقراطية ضد القوات المدعومة من تركيا شمال سد تشرين وجنوب منبج,https://syria.liveuamap.com/ar/2025/9-january-16-a-series-of-drone-strikes-conducted-by-sdf-forces,22728156,2 الشهر منذ,36.40322,38.15973,سوريا,قشلة يوسف باشا,Housing complex,Unknown,"سوريا, قشلة يوسف باشا, Housing complex"
11.01.2025,قامت القوات الأمريكية بدورية في مدينة القامشلي شمال شرقي سوريا (شمال سوريا) اليوم الخميس,https://syria.liveuamap.com/ar/2025/9-january-14-us-forces-patrolled-qamishli-city-in-northeast,22728146,2 الشهر منذ,37.05448,41.22877,سوريا,القامشلي,حي الوسطى,Unknown,"سوريا, القامشلي, حي الوسطى"
11.01.2025,Raqqa الرقة: غارة جوية للطيران التركي استهدفت مقر الشرطة العسكرية داخل محطة كهرباء الجرنية,https://syria.liveuamap.com/ar/2025/9-january-11-raqqa-turkish-airstrike-targets-military-police,22728124,2 الشهر منذ,36.15919,38.23556,سوريا,الجرنية,الجرنية,Unknown,"سوريا, الجرنية, الجرنية"
11.01.2025,طائرات مسيرة تابعة للقوات المسلحة التركية تقصف أهدافاً لقوات سوريا الديمقراطية في بلدة خاتونية غرب الرقة,https://syria.liveuamap.com/ar/2025/9-january-11-turkish-armed-forces-uavs-hit-sdf-targets-in,22728109,2 الشهر منذ,36.22787,38.26884,سوريا,النفيلة,النفيلة,Unknown,"سوريا, النفيلة, النفيلة"
11.01.2025,عدسة المرصد_السوري: غارة جوية تركية تسـ ـتـ ـهـ ـدف أطراف سد تشرين بريف منبج,https://syria.liveuamap.com/ar/2025/9-january-08-a-turkish-airstrike-targets-the-outskirts-of,22728021,2 الشهر منذ,36.37926,38.17474,سوريا,مدينة سدّ تشرين,Housing complex,سد تشرين,"سوريا, مدينة سدّ تشرين, Housing complex, سد تشرين"
11.01.2025,"وزارة الدفاع التركية تحذر من أنها ستواصل العمليات عبر الحدود في سوريا إذا لم ""تسلم الجماعات الإرهابية"" أسلحتها",https://syria.liveuamap.com/ar/2025/9-january-07-turkish-defense-ministry-warns-it-will-continue,22728000,2 الشهر منذ,39.92444,32.88556,تركيا,Mamak,Abidinpaşa Mahallesi,332. Sokak,"تركيا, Mamak, Abidinpaşa Mahallesi, 332. Sokak"
12.01.2025,وكالة الأنباء السورية: وزارة الدفاع تستمر بعقد الجلسات التنظيمية مع القيادات العسكرية ضمن عملية انخراط الفصائل,https://syria.liveuamap.com/ar/2025/13-january-07-syrian-news-agency-the-ministry-of-defense,22729009,1 الشهر منذ,33.51418,36.27623,سوريا,بلدية المهاجرين,حي المالكي,ساحة الامويين,"سوريا, بلدية المهاجرين, حي المالكي, ساحة الامويين"
12.01.2025,غارة من الطيران الحربي الإسرائيلي تستهدف محيط بلدة مطربا الحدودية بين لبنان وسوريا شمالي البقاع شرقي لبنان,https://israelpalestine.liveuamap.com/ar/2025/13-january-01-an-israeli-air-raid-targets-the-vicinity-of,22729108,1 الشهر منذ,34.47556,36.45762,لبنان,القصر,القصر,Unknown,"لبنان, القصر, القصر"
12.01.2025,استمرار الاشتباكات شمالاً حتى سد تشرين,https://syria.liveuamap.com/ar/2025/12-january-15-clashes-continue-north-to-tishreen-dam,22728861,1 الشهر منذ,36.39779,38.14376,سوريا,محشية الطواحين,محشية الطواحين,Unknown,"سوريا, محشية الطواحين, محشية الطواحين"
12.01.2025,"""لا ينبغي لسوريا الجديدة السلمية أن تشكل تهديدًا لجيرانها. ما نحتاجه  هو إنهاء القتال في الشمال وإعطاء الأكراد دورًا في عملية انتقال سياسي سوري شامل"". - في الرياض، تحدث وزير الخارجية الألماني @ABaerbock مع نظيره التركي @HakanFidan حول سوريا",https://syria.liveuamap.com/ar/2025/12-january-14-a-peaceful-new-syria-should-not-be-a-threat,22728868,1 الشهر منذ,24.67945,46.64194,السعودية,Unknown,الهدا,التقوى,"السعودية, الهدا, التقوى"
12.01.2025,وزير الخارجية السعودي: الاستمرار في تقديم أوجه الدعم لسوريا,https://syria.liveuamap.com/ar/2025/12-january-13-saudi-foreign-minister-continuing-to-provide,22728850,1 الشهر منذ,24.6446,46.69347,السعودية,Unknown,الوشام,الإمام عبدالعزيز بن محمد بن سعود,"السعودية, الوشام, الإمام عبدالعزيز بن محمد بن سعود"
12.01.2025,طائرات حربية تركية تقصف بلدة صرين وريفها,https://syria.liveuamap.com/ar/2025/12-january-12-turkish-warplanes-bomb-sirin-and-its-countryside,22728855,1 الشهر منذ,36.59512,38.29594,سوريا,صرين,صرين,Unknown,"سوريا, صرين, صرين"
12.01.2025,قذف عنيف على تل قرى دونغز ريف كوباني الجنوبي,https://syria.liveuamap.com/ar/2025/12-january-12-violent-shelling-on-the-hill-of-dongz-villages,22728853,1 الشهر منذ,36.75001,38.29388,سوريا,سلامة صغير,سلامة صغير,Unknown,"سوريا, سلامة صغير, سلامة صغير"
12.01.2025,سوريا: تم اليوم الإفراج عن نحو 360 من عناصر النظام السابقين الذين تم اعتقالهم الأسبوع الماضي خلال عمليات التمشيط في مدينة حمص بعد التأكد من عدم ارتكابهم جرائم حرب.,https://syria.liveuamap.com/ar/2025/12-january-12-syria-around-360-former-regime-members-arrested,22728845,1 الشهر منذ,34.73483,36.71871,سوريا,حمص,Unknown,Unknown,"سوريا, حمص"
12.01.2025,أنباء عن غارة جوية تركية بالقرب من سد تشرين,https://syria.liveuamap.com/ar/2025/12-january-11-turkish-airstrike-reported-near-tishrin-dam,22728852,1 الشهر منذ,36.37926,38.19603,سوريا,جنف الأحمر,جنف الأحمر,Unknown,"سوريا, جنف الأحمر, جنف الأحمر"
12.01.2025,وزيرة خارجية ألمانيا تشارك بمؤتمر موسع بشأن سوريا في الرياض,https://syria.liveuamap.com/ar/2025/12-january-08-german-foreign-minister-to-participate-in-expanded,22728762,1 الشهر منذ,24.68245,46.64216,السعودية,Unknown,أم الحمام,طريق الملك خالد,"السعودية, أم الحمام, طريق الملك خالد"
12.01.2025,"وزير الداخلية العراقي للحدث: ننسق مع ""قسد"" بخصوص المناطق التي تسيطر عليها من خلال التحالف الدولي",https://syria.liveuamap.com/ar/2025/12-january-08-iraqi-interior-minister-to-alhadath-we-are,22728761,1 الشهر منذ,33.31129,44.39524,العراق,بغداد,Unknown,شارع المسعودي,"العراق, بغداد, شارع المسعودي"
12.01.2025,بدء الإجتماع العربي الدولي الخاص بسوريا في العاصمة السعودية الرياض,https://syria.liveuamap.com/ar/2025/12-january-07-the-arabinternational-meeting-on-syria-begins,22728748,1 الشهر منذ,24.68157,46.641,السعودية,Unknown,الهدا,طريق الملك خالد,"السعودية, الهدا, طريق الملك خالد"
12.01.2025,تقدم لقوات فجر الحرية التابعة للجيش الوطني على محور سد تشرين شرقي حلب، ورصده نارياً سد تشرين بعد سيطرته على تلة السريتيل.,https://syria.liveuamap.com/ar/2025/11-january-12-the-fajr-alhurriya-forces-affiliated-with-the,22728682,2 الشهر منذ,36.39806,38.12325,سوريا,العلوش,Housing complex,Unknown,"سوريا, العلوش, Housing complex"
12.01.2025,القوات التركية تستهدف بقذائف المدفعية أهدافاً لقوات سوريا الديمقراطية في محيط جسر قره كوزاك وخط صرين,https://syria.liveuamap.com/ar/2025/11-january-11-turkish-forces-hit-the-sdf-targets-located,22728675,2 الشهر منذ,36.6144,38.20152,سوريا,عنزاوية,عنزاوية,Unknown,"سوريا, عنزاوية, عنزاوية"
12.01.2025,رئيس الوزراء اللبناني ميقاتي يلتقي الزعيم السوري الشرع في دمشق، وهي الزيارة الأولى لرئيس وزراء لبناني إلى دمشق منذ عام 2010,https://syria.liveuamap.com/ar/2025/11-january-10-lebanon-pm-mikati-meets-syria-leader-asharaa,22728665,2 الشهر منذ,33.51361,36.29503,سوريا,بلدية ساروجة,حي ساروجة,جسر فكتوريا,"سوريا, بلدية ساروجة, حي ساروجة, جسر فكتوريا"
12.01.2025,الأجهزة الأمنية السورية تقول إنها أحبطت مخططا لتنظيم داعش لمهاجمة موقع شيعي في دمشق,https://syria.liveuamap.com/ar/2025/11-january-10-syrias-security-services-say-they-foiled-an,22728646,2 الشهر منذ,33.44514,36.34277,سوريا,السيدة زينب,Unknown,Unknown,"سوريا, السيدة زينب"
12.01.2025,قوات سوريا الديمقراطية: قواتنا تبدي استعدادها للتعاون مع إدارة دمشق لكشف الحقائق. أفادت وكالة الأنباء السورية (سانا) عن اعتراض سيارة مفخخة في حلب زعمت أنها قادمة من مناطق سيطرتنا في شمال وشرق سوريا. ونؤكد أن هذه الاتهامات خاطئة وسابقة لأوانها وتفتقر إلى الأدلة الواقعية أو التحقيقات الشفافة.,https://syria.liveuamap.com/ar/2025/11-january-10-sdf-our-forces-express-their-readiness-to-cooperate,22728663,2 الشهر منذ,36.09232,37.92481,سوريا,وضحة,وضحة,Unknown,"سوريا, وضحة, وضحة"
12.01.2025,أنباء عن غارات جوية جديدة قرب سد تشرين ووصول المتظاهرين إلى السد,https://syria.liveuamap.com/ar/2025/11-january-09-new-airstrikes-reported-near-the-tishrin-dam,22728668,2 الشهر منذ,36.37857,38.20461,سوريا,جنف الأحمر,جنف الأحمر,Unknown,"سوريا, جنف الأحمر, جنف الأحمر"
12.01.2025,صحيفة الوطن السورية: العمل جارٍ على إعادة إصدار الجوازات للمواطنين في سوريا على أن تبدأ خلال الأسبوع القادم,https://syria.liveuamap.com/ar/2025/10-january-15-alwatan-syrian-newspaper-work-is-underway-to,22728469,2 الشهر منذ,33.51539,36.30392,سوريا,بلدية ساروجة,حي العقبية,شارع سوق ساروجة الشرقي,"سوريا, بلدية ساروجة, حي العقبية, شارع سوق ساروجة الشرقي"
12.01.2025,وزارة الداخلية تعلن ضبط سيارة مفخخة قادمة من مناطق قوات سوريا الديمقراطية,https://syria.liveuamap.com/ar/2025/10-january-13-the-interior-ministry-announces-the-seizure,22728424,2 الشهر منذ,36.16988,37.66697,سوريا,حميمة كبيرة,حميمة كبيرة,طريق حلب الرقة,"سوريا, حميمة كبيرة, حميمة كبيرة, طريق حلب الرقة"
12.01.2025,في زركان نفذ سلاح الجو التركي غارة جوية على صهريج مياه - هذه الصهاريج تستخدم لتزويد المدنيين بالمياه,https://syria.liveuamap.com/ar/2025/10-january-13-in-zirgan-the-turkish-airforce-carried-out,22728422,2 الشهر منذ,36.84596,40.32755,سوريا,أبو راسين,أبو راسين,Unknown,"سوريا, أبو راسين, أبو راسين"
12.01.2025,قوات سوريا الديمقراطية تقول إنها للمرة الثانية قصفت طائرات حربية تركية بغارات جوية متعددة صوامع الحبوب في منطقة صرين جنوب كوباني,https://syria.liveuamap.com/ar/2025/10-january-12-sdf-says-for-the-second-time-turkish-warplanes,22728479,2 الشهر منذ,36.63302,38.27714,سوريا,شيل,شيل,طريق سوريا,"سوريا, شيل, شيل, طريق سوريا"
12.01.2025,وزير الخارجية الإيطالي: نؤكد أهمية الحفاظ على وحدة التراب السوري,https://syria.liveuamap.com/ar/2025/10-january-09-italian-foreign-minister-we-stress-the-importance,22728423,2 الشهر منذ,41.93676,12.45818,إيطاليا,روما,Municipio Roma XV,Viale della Macchia della Farnesina,"إيطاليا, روما, Municipio Roma XV, Viale della Macchia della Farnesina"
12.01.2025,وزير خارجية إيطاليا: ندعم وحدة وسيادة سوريا,https://syria.liveuamap.com/ar/2025/10-january-09-italian-foreign-minister-we-support-the-unity,22728388,2 الشهر منذ,41.93522,12.45729,إيطاليا,روما,Municipio Roma XV,Viale dello Stadio dei Marmi,"إيطاليا, روما, Municipio Roma XV, Viale dello Stadio dei Marmi"
12.01.2025,وتقول تركيا إن فرنسا يجب أن تستعيد سجناء داعش لديها من سوريا بدلاً من التفكير في نشر قوات عسكرية لتثبيت وقف إطلاق النار مع قوات سوريا الديمقراطية على طول الحدود التركية,https://syria.liveuamap.com/ar/2025/10-january-08-turkey-says-that-france-should-take-back-its,22728376,2 الشهر منذ,39.9111,32.81595,تركيا,أنقرة,Balgat Mahallesi,Dr. Sadık Ahmet Caddesi,"تركيا, أنقرة, Balgat Mahallesi, Dr. Sadık Ahmet Caddesi"
12.01.2025,التركي يقصف ريف تل تمرعرض المزيد (  وكالة أنباء هاوار ANHA    لحظة بلحظة عبر الواتس اب,https://syria.liveuamap.com/ar/2025/10-january-08-turkish-forces-bomb-tal-tamr-countryside-,22728373,2 الشهر منذ,36.63879,40.24979,سوريا,الكوزلية,الكوزلية,طريق سوريا,"سوريا, الكوزلية, الكوزلية, طريق سوريا"
12.01.2025,عدسة المرصد_السوري: الطيران الحربي التركي يواصل تحليقه بكثافة فوق أجواء سد تشرين وسط اشتباكات عنـ ـيـ ـفة واحتجاجات مستمرة,https://syria.liveuamap.com/ar/2025/10-january-08-turkish-warplanes-continue-to-fly-intensively,22728372,2 الشهر منذ,36.38144,38.17886,سوريا,مدينة سدّ تشرين,Housing complex,سد تشرين,"سوريا, مدينة سدّ تشرين, Housing complex, سد تشرين"
12.01.2025,قوات سوريا الديمقراطية: للمرة الثانية طائرات حربية تركية تقصف بغارات جوية متعددة صوامع صرين جنوب مدينة كوباني,https://syria.liveuamap.com/ar/2025/10-january-08-sdf-for-the-second-time-turkish-warplanes-bombed,22728375,2 الشهر منذ,36.6345,38.28667,سوريا,شيل,شيل,طريق سوريا,"سوريا, شيل, شيل, طريق سوريا"
12.01.2025,القوات المدعومة من تركيا تقصف قرية مسيلتا على خط تل تمر بقذائف المدفعية,https://syria.liveuamap.com/ar/2025/10-january-08-turkishbacked-forces-shelled-the-misilta-village,22728370,2 الشهر منذ,36.63654,40.22131,سوريا,الاربعين,الاربعين,Unknown,"سوريا, الاربعين, الاربعين"
12.01.2025,غارات جوية تركية تستهدف بلدة صرين بريف كوباني شمال سوريا,https://syria.liveuamap.com/ar/2025/10-january-08-turkish-airstrikes-targeted-sarrin-in-kobani,22728369,2 الشهر منذ,36.58613,38.29321,سوريا,صرين,صرين,Unknown,"سوريا, صرين, صرين"
13.01.2025,القائد العام لقوات سوريا الديمقراطية الجنرال مظلوم عبدي يلتقي ب ممثل السيد مسعود برزاني حميد دربندي,https://syria.liveuamap.com/ar/2025/13-january-15-the-commanderinchief-of-the-syrian-democratic,22729092,1 الشهر منذ,36.48796,40.73231,سوريا,الحسكة,حي ‫‏النشوة‬,Unknown,"سوريا, الحسكة, حي ‫‏النشوة‬"
13.01.2025,رويترز: ألمانيا وفرنسا وهولندا وإسبانيا وفنلندا والدنمارك دعت للشروع في تعديل نظام العقوبات على سوريا,https://syria.liveuamap.com/ar/2025/13-january-13-reuters-germany-france-netherlands-spain-finland,22729087,1 الشهر منذ,52.07969,4.32331,هولندا,لاهاي,Centrum,Schedeldoekshaven,"هولندا, لاهاي, Centrum, Schedeldoekshaven"
13.01.2025,الطيران التركي يشن غارات على ريف عين العرب ـ كوباني شمالي سوريا,https://syria.liveuamap.com/ar/2025/13-january-12-turkish-aircraft-launch-raids-on-the-countryside,22729062,1 الشهر منذ,36.64057,38.28083,سوريا,Unknown,Unknown,Unknown,سوريا
13.01.2025,وزارة الداخلية الألمانية تقول إن أنصار نظام الأسد قد يحاولون السفر إلى أوروبا وسيواجهون ملاحقة قانونية في ألمانيا,https://syria.liveuamap.com/ar/2025/13-january-12-germany-interior-ministry-says-that-supporters,22729057,1 الشهر منذ,52.5194,13.36929,ألمانيا,برلين,Tiergarten,Willy-Brandt-Straße,"ألمانيا, برلين, Tiergarten, Willy-Brandt-Straße"
13.01.2025,طائرة مساعدات كويتية تصل إلى مطار دمشق الدولي,https://syria.liveuamap.com/ar/2025/13-january-11-kuwaiti-aid-plane-arrives-at-damascus-international,22729042,1 الشهر منذ,33.3989,36.51049,سوريا,شبعا,شبعا,طريق المطار,"سوريا, شبعا, شبعا, طريق المطار"
13.01.2025,ريف صرين ومحيط تشرين يتعرضان لقصف من قبل الطائرات الحربية التركية,https://syria.liveuamap.com/ar/2025/13-january-11-sirin-countryside-and-tishrin-surroundings,22729052,1 الشهر منذ,36.59789,38.32386,سوريا,Qirata Kurda,Qirata Kurda,Unknown,"سوريا, Qirata Kurda, Qirata Kurda"
13.01.2025,وكالة الأنباء السورية: وزارة الدفاع تستمر بعقد الجلسات التنظيمية مع القيادات العسكرية ضمن عملية انخراط الفصائل,https://syria.liveuamap.com/ar/2025/13-january-07-syrian-news-agency-the-ministry-of-defense,22729009,1 الشهر منذ,33.51418,36.27623,سوريا,بلدية المهاجرين,حي المالكي,ساحة الامويين,"سوريا, بلدية المهاجرين, حي المالكي, ساحة الامويين"
13.01.2025,غارة من الطيران الحربي الإسرائيلي تستهدف محيط بلدة مطربا الحدودية بين لبنان وسوريا شمالي البقاع شرقي لبنان,https://israelpalestine.liveuamap.com/ar/2025/13-january-01-an-israeli-air-raid-targets-the-vicinity-of,22729108,1 الشهر منذ,34.47556,36.45762,لبنان,القصر,القصر,Unknown,"لبنان, القصر, القصر"
13.01.2025,استمرار الاشتباكات شمالاً حتى سد تشرين,https://syria.liveuamap.com/ar/2025/12-january-15-clashes-continue-north-to-tishreen-dam,22728861,1 الشهر منذ,36.39779,38.14376,سوريا,محشية الطواحين,محشية الطواحين,Unknown,"سوريا, محشية الطواحين, محشية الطواحين"
13.01.2025,"""لا ينبغي لسوريا الجديدة السلمية أن تشكل تهديدًا لجيرانها. ما نحتاجه  هو إنهاء القتال في الشمال وإعطاء الأكراد دورًا في عملية انتقال سياسي سوري شامل"". - في الرياض، تحدث وزير الخارجية الألماني @ABaerbock مع نظيره التركي @HakanFidan حول سوريا",https://syria.liveuamap.com/ar/2025/12-january-14-a-peaceful-new-syria-should-not-be-a-threat,22728868,1 الشهر منذ,24.67945,46.64194,السعودية,Unknown,الهدا,التقوى,"السعودية, الهدا, التقوى"
13.01.2025,وزير الخارجية السعودي: الاستمرار في تقديم أوجه الدعم لسوريا,https://syria.liveuamap.com/ar/2025/12-january-13-saudi-foreign-minister-continuing-to-provide,22728850,1 الشهر منذ,24.6446,46.69347,السعودية,Unknown,الوشام,الإمام عبدالعزيز بن محمد بن سعود,"السعودية, الوشام, الإمام عبدالعزيز بن محمد بن سعود"
13.01.2025,طائرات حربية تركية تقصف بلدة صرين وريفها,https://syria.liveuamap.com/ar/2025/12-january-12-turkish-warplanes-bomb-sirin-and-its-countryside,22728855,1 الشهر منذ,36.59512,38.29594,سوريا,صرين,صرين,Unknown,"سوريا, صرين, صرين"
13.01.2025,قذف عنيف على تل قرى دونغز ريف كوباني الجنوبي,https://syria.liveuamap.com/ar/2025/12-january-12-violent-shelling-on-the-hill-of-dongz-villages,22728853,1 الشهر منذ,36.75001,38.29388,سوريا,سلامة صغير,سلامة صغير,Unknown,"سوريا, سلامة صغير, سلامة صغير"
13.01.2025,سوريا: تم اليوم الإفراج عن نحو 360 من عناصر النظام السابقين الذين تم اعتقالهم الأسبوع الماضي خلال عمليات التمشيط في مدينة حمص بعد التأكد من عدم ارتكابهم جرائم حرب.,https://syria.liveuamap.com/ar/2025/12-january-12-syria-around-360-former-regime-members-arrested,22728845,1 الشهر منذ,34.73483,36.71871,سوريا,حمص,Unknown,Unknown,"سوريا, حمص"
13.01.2025,أنباء عن غارة جوية تركية بالقرب من سد تشرين,https://syria.liveuamap.com/ar/2025/12-january-11-turkish-airstrike-reported-near-tishrin-dam,22728852,1 الشهر منذ,36.37926,38.19603,سوريا,جنف الأحمر,جنف الأحمر,Unknown,"سوريا, جنف الأحمر, جنف الأحمر"
13.01.2025,وزيرة خارجية ألمانيا تشارك بمؤتمر موسع بشأن سوريا في الرياض,https://syria.liveuamap.com/ar/2025/12-january-08-german-foreign-minister-to-participate-in-expanded,22728762,1 الشهر منذ,24.68245,46.64216,السعودية,Unknown,أم الحمام,طريق الملك خالد,"السعودية, أم الحمام, طريق الملك خالد"
13.01.2025,"وزير الداخلية العراقي للحدث: ننسق مع ""قسد"" بخصوص المناطق التي تسيطر عليها من خلال التحالف الدولي",https://syria.liveuamap.com/ar/2025/12-january-08-iraqi-interior-minister-to-alhadath-we-are,22728761,1 الشهر منذ,33.31129,44.39524,العراق,بغداد,Unknown,شارع المسعودي,"العراق, بغداد, شارع المسعودي"
13.01.2025,بدء الإجتماع العربي الدولي الخاص بسوريا في العاصمة السعودية الرياض,https://syria.liveuamap.com/ar/2025/12-january-07-the-arabinternational-meeting-on-syria-begins,22728748,1 الشهر منذ,24.68157,46.641,السعودية,Unknown,الهدا,طريق الملك خالد,"السعودية, الهدا, طريق الملك خالد"
13.01.2025,تقدم لقوات فجر الحرية التابعة للجيش الوطني على محور سد تشرين شرقي حلب، ورصده نارياً سد تشرين بعد سيطرته على تلة السريتيل.,https://syria.liveuamap.com/ar/2025/11-january-12-the-fajr-alhurriya-forces-affiliated-with-the,22728682,2 الشهر منذ,36.39806,38.12325,سوريا,العلوش,Housing complex,Unknown,"سوريا, العلوش, Housing complex"
13.01.2025,القوات التركية تستهدف بقذائف المدفعية أهدافاً لقوات سوريا الديمقراطية في محيط جسر قره كوزاك وخط صرين,https://syria.liveuamap.com/ar/2025/11-january-11-turkish-forces-hit-the-sdf-targets-located,22728675,2 الشهر منذ,36.6144,38.20152,سوريا,عنزاوية,عنزاوية,Unknown,"سوريا, عنزاوية, عنزاوية"
13.01.2025,رئيس الوزراء اللبناني ميقاتي يلتقي الزعيم السوري الشرع في دمشق، وهي الزيارة الأولى لرئيس وزراء لبناني إلى دمشق منذ عام 2010,https://syria.liveuamap.com/ar/2025/11-january-10-lebanon-pm-mikati-meets-syria-leader-asharaa,22728665,2 الشهر منذ,33.51361,36.29503,سوريا,بلدية ساروجة,حي ساروجة,جسر فكتوريا,"سوريا, بلدية ساروجة, حي ساروجة, جسر فكتوريا"
13.01.2025,الأجهزة الأمنية السورية تقول إنها أحبطت مخططا لتنظيم داعش لمهاجمة موقع شيعي في دمشق,https://syria.liveuamap.com/ar/2025/11-january-10-syrias-security-services-say-they-foiled-an,22728646,2 الشهر منذ,33.44514,36.34277,سوريا,السيدة زينب,Unknown,Unknown,"سوريا, السيدة زينب"
13.01.2025,قوات سوريا الديمقراطية: قواتنا تبدي استعدادها للتعاون مع إدارة دمشق لكشف الحقائق. أفادت وكالة الأنباء السورية (سانا) عن اعتراض سيارة مفخخة في حلب زعمت أنها قادمة من مناطق سيطرتنا في شمال وشرق سوريا. ونؤكد أن هذه الاتهامات خاطئة وسابقة لأوانها وتفتقر إلى الأدلة الواقعية أو التحقيقات الشفافة.,https://syria.liveuamap.com/ar/2025/11-january-10-sdf-our-forces-express-their-readiness-to-cooperate,22728663,2 الشهر منذ,36.09232,37.92481,سوريا,وضحة,وضحة,Unknown,"سوريا, وضحة, وضحة"
13.01.2025,أنباء عن غارات جوية جديدة قرب سد تشرين ووصول المتظاهرين إلى السد,https://syria.liveuamap.com/ar/2025/11-january-09-new-airstrikes-reported-near-the-tishrin-dam,22728668,2 الشهر منذ,36.37857,38.20461,سوريا,جنف الأحمر,جنف الأحمر,Unknown,"سوريا, جنف الأحمر, جنف الأحمر"
13.01.2025,صحيفة الوطن السورية: العمل جارٍ على إعادة إصدار الجوازات للمواطنين في سوريا على أن تبدأ خلال الأسبوع القادم,https://syria.liveuamap.com/ar/2025/10-january-15-alwatan-syrian-newspaper-work-is-underway-to,22728469,2 الشهر منذ,33.51539,36.30392,سوريا,بلدية ساروجة,حي العقبية,شارع سوق ساروجة الشرقي,"سوريا, بلدية ساروجة, حي العقبية, شارع سوق ساروجة الشرقي"
13.01.2025,وزارة الداخلية تعلن ضبط سيارة مفخخة قادمة من مناطق قوات سوريا الديمقراطية,https://syria.liveuamap.com/ar/2025/10-january-13-the-interior-ministry-announces-the-seizure,22728424,2 الشهر منذ,36.16988,37.66697,سوريا,حميمة كبيرة,حميمة كبيرة,طريق حلب الرقة,"سوريا, حميمة كبيرة, حميمة كبيرة, طريق حلب الرقة"
13.01.2025,في زركان نفذ سلاح الجو التركي غارة جوية على صهريج مياه - هذه الصهاريج تستخدم لتزويد المدنيين بالمياه,https://syria.liveuamap.com/ar/2025/10-january-13-in-zirgan-the-turkish-airforce-carried-out,22728422,2 الشهر منذ,36.84596,40.32755,سوريا,أبو راسين,أبو راسين,Unknown,"سوريا, أبو راسين, أبو راسين"
13.01.2025,قوات سوريا الديمقراطية تقول إنها للمرة الثانية قصفت طائرات حربية تركية بغارات جوية متعددة صوامع الحبوب في منطقة صرين جنوب كوباني,https://syria.liveuamap.com/ar/2025/10-january-12-sdf-says-for-the-second-time-turkish-warplanes,22728479,2 الشهر منذ,36.63302,38.27714,سوريا,شيل,شيل,طريق سوريا,"سوريا, شيل, شيل, طريق سوريا"
13.01.2025,وزير الخارجية الإيطالي: نؤكد أهمية الحفاظ على وحدة التراب السوري,https://syria.liveuamap.com/ar/2025/10-january-09-italian-foreign-minister-we-stress-the-importance,22728423,2 الشهر منذ,41.93676,12.45818,إيطاليا,روما,Municipio Roma XV,Viale della Macchia della Farnesina,"إيطاليا, روما, Municipio Roma XV, Viale della Macchia della Farnesina"
13.01.2025,وزير خارجية إيطاليا: ندعم وحدة وسيادة سوريا,https://syria.liveuamap.com/ar/2025/10-january-09-italian-foreign-minister-we-support-the-unity,22728388,2 الشهر منذ,41.93522,12.45729,إيطاليا,روما,Municipio Roma XV,Viale dello Stadio dei Marmi,"إيطاليا, روما, Municipio Roma XV, Viale dello Stadio dei Marmi"
14.01.2025,طائرات حربية تركية تقصف منطقة سد تشرين,https://syria.liveuamap.com/ar/2025/15-january-10-turkish-fighter-jetsdrone-bombing-tishreen,22729602,1 الشهر منذ,36.39114,38.14762,سوريا,خربة تويني,Housing complex,Unknown,"سوريا, خربة تويني, Housing complex"
14.01.2025,مقتل شخص وإصابة آخر بغارة لطائرات التحالف  الدولي استهدف دراجة نارية بالقرب من بلدة سرمدا بريف إدلب الشمالي. سوريا الولايات_المتحدة,https://syria.liveuamap.com/ar/2025/15-january-10-one-person-was-killed-and-another-was-injured,22729591,1 الشهر منذ,36.20147,36.72644,سوريا,سرمدا,سرمدا,Unknown,"سوريا, سرمدا, سرمدا"
14.01.2025,الرئيس أردوغان: يجب على إسرائيل، وخاصة القوات التي تهاجم الأراضي السورية، أن تضع حدا لأعمالها العدوانية على الفور، وإلا فإن العواقب ستكون سلبية على الجميع.,https://syria.liveuamap.com/ar/2025/15-january-10-president-erdoan-israel-especially-the-forces,22729587,1 الشهر منذ,39.92802,32.80054,تركيا,Yenimahalle,Beştepe Mahallesi,Cumhurbaşkanlığı Bulvarı,"تركيا, Yenimahalle, Beştepe Mahallesi, Cumhurbaşkanlığı Bulvarı"
14.01.2025,الرئيس أردوغان عن سوريا: لا يمكننا أن ننظر إلى دولة مجاورة تربطنا بها علاقات أخوية تعود إلى قرون وحدود يبلغ طولها 911 كيلومترا من منظور غربي.,https://syria.liveuamap.com/ar/2025/15-january-09-president-erdoan-on-syria-we-cannot-look-at,22729582,1 الشهر منذ,39.92881,32.79779,تركيا,Yenimahalle,Beştepe Mahallesi,Tören Alanı,"تركيا, Yenimahalle, Beştepe Mahallesi, Tören Alanı"
14.01.2025,نفذت طائرات حربية أردنية قصفاً جوياً على محافظة السويداء جنوب سورية، استهدف القصف منازل تابعة لتجار المخدرات في المنطقة.,https://syria.liveuamap.com/ar/2025/15-january-09-jordanian-warplanes-carried-out-an-aerial-bombardment,22729594,1 الشهر منذ,32.45056,37.01843,سوريا,Unknown,Unknown,Unknown,سوريا
14.01.2025,تنفي قوات سوريا الديمقراطية مزاعم بأن الطائرات المسيرة التي استخدمتها في هجماتها الأخيرة ضد مسلحي الجيش الوطني السوري كانت من إيران، مؤكدة أنها مصنعة محليا بالكامل.,https://syria.liveuamap.com/ar/2025/14-january-20-the-sdf-denies-claims-that-the-drones-used,22729597,1 الشهر منذ,36.49071,40.73473,سوريا,الحسكة,حي ‫‏النشوة‬,Unknown,"سوريا, الحسكة, حي ‫‏النشوة‬"
14.01.2025,مشاهد من مظاهرات أهالي حي الصليبة في اللاذقية.اللاذقيةمظاهرة في الصليبة في اللاذقية والمتظاهرون يهتفون:,https://syria.liveuamap.com/ar/2025/14-january-19-demonstrations-by-residents-of-the-saliba-neighborhood,22729440,1 الشهر منذ,35.50309,35.77423,سوريا,اللاذقية,Unknown,شارع العروبة,"سوريا, اللاذقية, شارع العروبة"
14.01.2025,تنظيم الدولة الإسلامية «داعش» يتبنى الهجوم على ميليشيا «قسد» في قرية « الزر » بريف دير الزور الشرقي أمس. • ولاية الخير الأمنية في القسم الأخر لدير الزور حيث تسيطر ميليشيا «قسد»  ــ والتي يعتمدها التنظيم لازال العمل فيها فاعل ونشاط خلايا التنظيم متواصل.• مسلحون مجهولون يستهدفون مرڪبة عسڪرية لميليشيا «قسد» SDF/PKK قرب قرية « الزر » بريف دير الزور الشرقي - جزيرة، بقذيفة RPG وبالرشاشات، هناك إِصابَات مؤكدة في صفوف عناصر الميليشيا ــ لم تتبنى أي جهة المسؤولية عن الحادثة .• لأول مرة غارات جوية تركية  تستهدف جنوبي مدينة…,https://syria.liveuamap.com/ar/2025/14-january-17-the-islamic-state-organization-isis-claims,22729445,1 الشهر منذ,35.1168,40.43261,سوريا,الزر,الزر,Unknown,"سوريا, الزر, الزر"
14.01.2025,طائرات حربية تركية تقصف أهدافاً لقوات سوريا الديمقراطية على خط صرين وكركوزاك جنوب عين العرب,https://syria.liveuamap.com/ar/2025/14-january-15-turkish-warplanes-strike-sdf-targets-in-the,22729362,1 الشهر منذ,36.59897,38.29834,سوريا,صرين,صرين,Unknown,"سوريا, صرين, صرين"
14.01.2025,4 غارات جوية للطائرات الحربية التركية على مواقع في محيط عين العرب/كوباني وبلدة صرين,https://syria.liveuamap.com/ar/2025/14-january-15-4-airstrikes-by-turkish-warplanes-on-sites,22729367,1 الشهر منذ,36.6016,38.29765,سوريا,صرين,صرين,Unknown,"سوريا, صرين, صرين"
14.01.2025,صباح اليوم،قوة من الجيش العراقي توغلت بمسافة 150 م في منطقة اليعربية بالجانب السوري لتسيطر على نقطة لقسد بقرية المشحنية شمال شرق سوريا بعد توتر حدودي مع قوات سوريا الديمقراطية,https://syria.liveuamap.com/ar/2025/14-january-15-this-morning-an-iraqi-army-force-penetrated,22729368,1 الشهر منذ,36.68745,41.9425,سوريا,Unknown,Unknown,Unknown,سوريا
14.01.2025,القوات المدعومة من تركيا تستهدف مواقع قوات سوريا الديمقراطية على خط أبو راسين بنيران المدفعية,https://syria.liveuamap.com/ar/2025/14-january-15-turkishbacked-forces-have-targeted-sdf-positions,22729356,1 الشهر منذ,36.84197,40.32566,سوريا,أبو راسين,أبو راسين,Unknown,"سوريا, أبو راسين, أبو راسين"
14.01.2025,تم الإفراج عن معتقلي الأمن العام في ريف جبلة بعد احتجازهم لساعات من قبل فلول قوات الأسد,https://syria.liveuamap.com/ar/2025/14-january-14-the-prisoners-from-the-general-security-in,22729342,1 الشهر منذ,35.65273,36.01318,سوريا,Unknown,Unknown,Unknown,سوريا
14.01.2025,قائد قوات الأمن في اللاذقية يؤكد مقتل مقاتلين وإصابة آخرين وأسر 7 آخرين إثر كمين في ريف اللاذقية الشرقي، نفذه قائد إحدى الميليشيات المحلية التابعة سابقاً لنظام الأسد,https://syria.liveuamap.com/ar/2025/14-january-13-commander-of-the-security-forces-in-latakia,22729337,1 الشهر منذ,35.61655,35.9931,سوريا,القبارصية,القبارصية,M4,"سوريا, القبارصية, القبارصية, M4"
14.01.2025,إدارة الأمن العام باللاذقية: فلول النظام يختطفون 7 عناصر أمن ويهددون بذبحهم إذا لم تنسحب القوات من المنطقة,https://syria.liveuamap.com/ar/2025/14-january-13-general-security-directorate-in-latakia-regime,22729332,1 الشهر منذ,35.62772,36.01293,سوريا,برابشبو,برابشبو,Unknown,"سوريا, برابشبو, برابشبو"
14.01.2025,برنامج الأغذية العالمي للعربية: نعمل مع الشركاء لدعم الأسواق السورية,https://syria.liveuamap.com/ar/2025/14-january-11-wfp-to-al-arabiya-we-work-with-partners-to,22729309,1 الشهر منذ,33.51162,36.30518,سوريا,دمشق,حي الحميدية,جادة سوق البريد,"سوريا, دمشق, حي الحميدية, جادة سوق البريد"
14.01.2025,وزير الخارجية الروسي: روسيا لم ولن تغادر الشرق الأوسط,https://syria.liveuamap.com/ar/2025/14-january-11-russian-foreign-minister-russia-has-not-and,22729306,1 الشهر منذ,55.74517,37.58526,روسيا,موسكو,район Арбат,Денежный переулок,"روسيا, موسكو, район Арбат, Денежный переулок"
14.01.2025,القائد العام لقوات سوريا الديمقراطية الجنرال مظلوم عبدي يلتقي ب ممثل السيد مسعود برزاني حميد دربندي,https://syria.liveuamap.com/ar/2025/13-january-15-the-commanderinchief-of-the-syrian-democratic,22729092,1 الشهر منذ,36.48796,40.73231,سوريا,الحسكة,حي ‫‏النشوة‬,Unknown,"سوريا, الحسكة, حي ‫‏النشوة‬"
14.01.2025,رويترز: ألمانيا وفرنسا وهولندا وإسبانيا وفنلندا والدنمارك دعت للشروع في تعديل نظام العقوبات على سوريا,https://syria.liveuamap.com/ar/2025/13-january-13-reuters-germany-france-netherlands-spain-finland,22729087,1 الشهر منذ,52.07969,4.32331,هولندا,لاهاي,Centrum,Schedeldoekshaven,"هولندا, لاهاي, Centrum, Schedeldoekshaven"
14.01.2025,الطيران التركي يشن غارات على ريف عين العرب ـ كوباني شمالي سوريا,https://syria.liveuamap.com/ar/2025/13-january-12-turkish-aircraft-launch-raids-on-the-countryside,22729062,1 الشهر منذ,36.64057,38.28083,سوريا,Unknown,Unknown,Unknown,سوريا
14.01.2025,وزارة الداخلية الألمانية تقول إن أنصار نظام الأسد قد يحاولون السفر إلى أوروبا وسيواجهون ملاحقة قانونية في ألمانيا,https://syria.liveuamap.com/ar/2025/13-january-12-germany-interior-ministry-says-that-supporters,22729057,1 الشهر منذ,52.5194,13.36929,ألمانيا,برلين,Tiergarten,Willy-Brandt-Straße,"ألمانيا, برلين, Tiergarten, Willy-Brandt-Straße"
14.01.2025,طائرة مساعدات كويتية تصل إلى مطار دمشق الدولي,https://syria.liveuamap.com/ar/2025/13-january-11-kuwaiti-aid-plane-arrives-at-damascus-international,22729042,1 الشهر منذ,33.3989,36.51049,سوريا,شبعا,شبعا,طريق المطار,"سوريا, شبعا, شبعا, طريق المطار"
14.01.2025,ريف صرين ومحيط تشرين يتعرضان لقصف من قبل الطائرات الحربية التركية,https://syria.liveuamap.com/ar/2025/13-january-11-sirin-countryside-and-tishrin-surroundings,22729052,1 الشهر منذ,36.59789,38.32386,سوريا,Qirata Kurda,Qirata Kurda,Unknown,"سوريا, Qirata Kurda, Qirata Kurda"
14.01.2025,وكالة الأنباء السورية: وزارة الدفاع تستمر بعقد الجلسات التنظيمية مع القيادات العسكرية ضمن عملية انخراط الفصائل,https://syria.liveuamap.com/ar/2025/13-january-07-syrian-news-agency-the-ministry-of-defense,22729009,1 الشهر منذ,33.51418,36.27623,سوريا,بلدية المهاجرين,حي المالكي,ساحة الامويين,"سوريا, بلدية المهاجرين, حي المالكي, ساحة الامويين"
14.01.2025,غارة من الطيران الحربي الإسرائيلي تستهدف محيط بلدة مطربا الحدودية بين لبنان وسوريا شمالي البقاع شرقي لبنان,https://israelpalestine.liveuamap.com/ar/2025/13-january-01-an-israeli-air-raid-targets-the-vicinity-of,22729108,1 الشهر منذ,34.47556,36.45762,لبنان,القصر,القصر,Unknown,"لبنان, القصر, القصر"
14.01.2025,استمرار الاشتباكات شمالاً حتى سد تشرين,https://syria.liveuamap.com/ar/2025/12-january-15-clashes-continue-north-to-tishreen-dam,22728861,1 الشهر منذ,36.39779,38.14376,سوريا,محشية الطواحين,محشية الطواحين,Unknown,"سوريا, محشية الطواحين, محشية الطواحين"
14.01.2025,"""لا ينبغي لسوريا الجديدة السلمية أن تشكل تهديدًا لجيرانها. ما نحتاجه  هو إنهاء القتال في الشمال وإعطاء الأكراد دورًا في عملية انتقال سياسي سوري شامل"". - في الرياض، تحدث وزير الخارجية الألماني @ABaerbock مع نظيره التركي @HakanFidan حول سوريا",https://syria.liveuamap.com/ar/2025/12-january-14-a-peaceful-new-syria-should-not-be-a-threat,22728868,1 الشهر منذ,24.67945,46.64194,السعودية,Unknown,الهدا,التقوى,"السعودية, الهدا, التقوى"
14.01.2025,وزير الخارجية السعودي: الاستمرار في تقديم أوجه الدعم لسوريا,https://syria.liveuamap.com/ar/2025/12-january-13-saudi-foreign-minister-continuing-to-provide,22728850,1 الشهر منذ,24.6446,46.69347,السعودية,Unknown,الوشام,الإمام عبدالعزيز بن محمد بن سعود,"السعودية, الوشام, الإمام عبدالعزيز بن محمد بن سعود"
14.01.2025,طائرات حربية تركية تقصف بلدة صرين وريفها,https://syria.liveuamap.com/ar/2025/12-january-12-turkish-warplanes-bomb-sirin-and-its-countryside,22728855,1 الشهر منذ,36.59512,38.29594,سوريا,صرين,صرين,Unknown,"سوريا, صرين, صرين"
14.01.2025,قذف عنيف على تل قرى دونغز ريف كوباني الجنوبي,https://syria.liveuamap.com/ar/2025/12-january-12-violent-shelling-on-the-hill-of-dongz-villages,22728853,1 الشهر منذ,36.75001,38.29388,سوريا,سلامة صغير,سلامة صغير,Unknown,"سوريا, سلامة صغير, سلامة صغير"
15.01.2025,رئيس الوزراء القطري يزور سوريا اليوم ويلتقي أحمد الشرع,https://syria.liveuamap.com/ar/2025/16-january-10-qatars-pm-is-visiting-syria-today-and-meeting,22729841,1 الشهر منذ,33.51348,36.29196,سوريا,بلدية ساروجة,حي ساروجة,شارع شكري القوتلي,"سوريا, بلدية ساروجة, حي ساروجة, شارع شكري القوتلي"
15.01.2025,أهالي مدينة كوباني شمال سوريا يدينون القصف الجوي التركي على قافلة مدنية قرب سد تشرين,https://syria.liveuamap.com/ar/2025/16-january-10-people-in-the-city-of-kobani-northern-syria,22729837,1 الشهر منذ,36.8884,38.35241,سوريا,عين العرب,مكتلة,48 شارع,"سوريا, عين العرب, مكتلة, 48 شارع"
15.01.2025,"استقبال أحمد الشرع لوفد إسبانيا برئاسة وزير الخارجية والتعاون ""خوسيه بوينو"" في دمشق اليوم",https://syria.liveuamap.com/ar/2025/16-january-10-ahmed-alsharaa-receives-the-spanish-delegation,22729834,1 الشهر منذ,33.52092,36.30089,سوريا,بلدية ساروجة,حي العدوي,Unknown,"سوريا, بلدية ساروجة, حي العدوي"
15.01.2025,ديرالزورغارتان جويتان من طيران التحالف الدولي  على جبل الثردة قرب مطار دير الزور العسكري .كما وقعت بعض الـصواريخ مجهولة المصدر قرب حقل كونيكو للغاز أحد قواعد قوات التحالف الدولي.فيما لايزال هناك تحليق للطيران الحربي فوق سماء مدينة دير الزور.,https://syria.liveuamap.com/ar/2025/15-january-19-deir-ezzor-two-air-raids-by-the-international,22729688,1 الشهر منذ,35.27026,40.11074,سوريا,Unknown,Unknown,Unknown,سوريا
15.01.2025,تحليق مكثف للطائرات الحربية الإسرائيلية في سماء محافظتي القنيطرة و درعا,https://syria.liveuamap.com/ar/2025/15-january-14-intensive-flights-of-israeli-warplanes-in-the,22729663,1 الشهر منذ,32.90825,35.93327,سوريا,Unknown,Unknown,Unknown,سوريا
15.01.2025,وزير الخارجية أسعد الشيباني يصل إلى العاصمة التركية أنقرة في زيارة رسمية,https://syria.liveuamap.com/ar/2025/15-january-14-syria-foreign-minister-asaad-alshaibani-arrives,22729659,1 الشهر منذ,39.92631,32.79728,تركيا,Etimesgut,Bahçekapı Mahallesi,Söğütözü Cd.,"تركيا, Etimesgut, Bahçekapı Mahallesi, Söğütözü Cd."
15.01.2025,"القنيطرة: مقتل رئيس جمعية غدير البستان ""عبدو الكومة"" وعنصرين من الأمن العام إثر قصف إسرائيلي استهدف قافلة عسكرية تابعة لإدارة العمليات العسكرية أثناء عمليات تفتيش الأسلحة في المنطقة.",https://syria.liveuamap.com/ar/2025/15-january-14-quneitra-the-head-of-ghadeer-albustan-abdo,22729656,1 الشهر منذ,32.9169,35.92203,سوريا,غدير البستان,غدير البستان,Unknown,"سوريا, غدير البستان, غدير البستان"
15.01.2025,إصابة عدد من المواطنين نتيجة القصف الجوي على موكب المتظاهرين المدنيين أثناء توجههم إلى سد تشرين,https://syria.liveuamap.com/ar/2025/15-january-12-a-number-of-citizens-were-injured-as-a-result,22729638,1 الشهر منذ,36.35244,38.2077,سوريا,Dzheydet-Dagadzh,Dzheydet-Dagadzh,Unknown,"سوريا, Dzheydet-Dagadzh, Dzheydet-Dagadzh"
15.01.2025,وزارة الداخلية السورية تقول إنها أطلقت حملة أمنية ضد فلول نظام الأسد في بعض مناطق محافظة حماة,https://syria.liveuamap.com/ar/2025/15-january-11-syrian-interior-ministry-says-it-has-launched,22729625,1 الشهر منذ,35.12653,36.74103,سوريا,حماة,Unknown,Unknown,"سوريا, حماة"
15.01.2025,يقول الجيش الإسرائيلي إن القوات العاملة في جنوب سوريا منذ سقوط نظام الأسد استولت على أكثر من 3300 قطعة سلاح وغنائم أخرى. ومن بين الأسلحة التي تم الاستيلاء عليها دبابتان و70 قنبلة يدوية و165 قذيفة وصاروخًا و20 صاروخًا مضادًا للطائرات ونحو 1500 صاروخ آر بي جي، كما يقول الجيش.,https://syria.liveuamap.com/ar/2025/15-january-11-the-israeli-army-says-troops-operating-in-southern,22729603,1 الشهر منذ,33.16398,35.86281,سوريا,السلام,السلام,7,"سوريا, السلام, السلام, 7"
15.01.2025,طائرات حربية تركية تقصف منطقة سد تشرين,https://syria.liveuamap.com/ar/2025/15-january-10-turkish-fighter-jetsdrone-bombing-tishreen,22729602,1 الشهر منذ,36.39114,38.14762,سوريا,خربة تويني,Housing complex,Unknown,"سوريا, خربة تويني, Housing complex"
15.01.2025,مقتل شخص وإصابة آخر بغارة لطائرات التحالف  الدولي استهدف دراجة نارية بالقرب من بلدة سرمدا بريف إدلب الشمالي. سوريا الولايات_المتحدة,https://syria.liveuamap.com/ar/2025/15-january-10-one-person-was-killed-and-another-was-injured,22729591,1 الشهر منذ,36.20147,36.72644,سوريا,سرمدا,سرمدا,Unknown,"سوريا, سرمدا, سرمدا"
15.01.2025,الرئيس أردوغان: يجب على إسرائيل، وخاصة القوات التي تهاجم الأراضي السورية، أن تضع حدا لأعمالها العدوانية على الفور، وإلا فإن العواقب ستكون سلبية على الجميع.,https://syria.liveuamap.com/ar/2025/15-january-10-president-erdoan-israel-especially-the-forces,22729587,1 الشهر منذ,39.92802,32.80054,تركيا,Yenimahalle,Beştepe Mahallesi,Cumhurbaşkanlığı Bulvarı,"تركيا, Yenimahalle, Beştepe Mahallesi, Cumhurbaşkanlığı Bulvarı"
15.01.2025,الرئيس أردوغان عن سوريا: لا يمكننا أن ننظر إلى دولة مجاورة تربطنا بها علاقات أخوية تعود إلى قرون وحدود يبلغ طولها 911 كيلومترا من منظور غربي.,https://syria.liveuamap.com/ar/2025/15-january-09-president-erdoan-on-syria-we-cannot-look-at,22729582,1 الشهر منذ,39.92881,32.79779,تركيا,Yenimahalle,Beştepe Mahallesi,Tören Alanı,"تركيا, Yenimahalle, Beştepe Mahallesi, Tören Alanı"
15.01.2025,نفذت طائرات حربية أردنية قصفاً جوياً على محافظة السويداء جنوب سورية، استهدف القصف منازل تابعة لتجار المخدرات في المنطقة.,https://syria.liveuamap.com/ar/2025/15-january-09-jordanian-warplanes-carried-out-an-aerial-bombardment,22729594,1 الشهر منذ,32.45056,37.01843,سوريا,Unknown,Unknown,Unknown,سوريا
15.01.2025,تنفي قوات سوريا الديمقراطية مزاعم بأن الطائرات المسيرة التي استخدمتها في هجماتها الأخيرة ضد مسلحي الجيش الوطني السوري كانت من إيران، مؤكدة أنها مصنعة محليا بالكامل.,https://syria.liveuamap.com/ar/2025/14-january-20-the-sdf-denies-claims-that-the-drones-used,22729597,1 الشهر منذ,36.49071,40.73473,سوريا,الحسكة,حي ‫‏النشوة‬,Unknown,"سوريا, الحسكة, حي ‫‏النشوة‬"
15.01.2025,مشاهد من مظاهرات أهالي حي الصليبة في اللاذقية.اللاذقيةمظاهرة في الصليبة في اللاذقية والمتظاهرون يهتفون:,https://syria.liveuamap.com/ar/2025/14-january-19-demonstrations-by-residents-of-the-saliba-neighborhood,22729440,1 الشهر منذ,35.50309,35.77423,سوريا,اللاذقية,Unknown,شارع العروبة,"سوريا, اللاذقية, شارع العروبة"
15.01.2025,تنظيم الدولة الإسلامية «داعش» يتبنى الهجوم على ميليشيا «قسد» في قرية « الزر » بريف دير الزور الشرقي أمس. • ولاية الخير الأمنية في القسم الأخر لدير الزور حيث تسيطر ميليشيا «قسد»  ــ والتي يعتمدها التنظيم لازال العمل فيها فاعل ونشاط خلايا التنظيم متواصل.• مسلحون مجهولون يستهدفون مرڪبة عسڪرية لميليشيا «قسد» SDF/PKK قرب قرية « الزر » بريف دير الزور الشرقي - جزيرة، بقذيفة RPG وبالرشاشات، هناك إِصابَات مؤكدة في صفوف عناصر الميليشيا ــ لم تتبنى أي جهة المسؤولية عن الحادثة .• لأول مرة غارات جوية تركية  تستهدف جنوبي مدينة…,https://syria.liveuamap.com/ar/2025/14-january-17-the-islamic-state-organization-isis-claims,22729445,1 الشهر منذ,35.1168,40.43261,سوريا,الزر,الزر,Unknown,"سوريا, الزر, الزر"
15.01.2025,طائرات حربية تركية تقصف أهدافاً لقوات سوريا الديمقراطية على خط صرين وكركوزاك جنوب عين العرب,https://syria.liveuamap.com/ar/2025/14-january-15-turkish-warplanes-strike-sdf-targets-in-the,22729362,1 الشهر منذ,36.59897,38.29834,سوريا,صرين,صرين,Unknown,"سوريا, صرين, صرين"
15.01.2025,4 غارات جوية للطائرات الحربية التركية على مواقع في محيط عين العرب/كوباني وبلدة صرين,https://syria.liveuamap.com/ar/2025/14-january-15-4-airstrikes-by-turkish-warplanes-on-sites,22729367,1 الشهر منذ,36.6016,38.29765,سوريا,صرين,صرين,Unknown,"سوريا, صرين, صرين"
15.01.2025,صباح اليوم،قوة من الجيش العراقي توغلت بمسافة 150 م في منطقة اليعربية بالجانب السوري لتسيطر على نقطة لقسد بقرية المشحنية شمال شرق سوريا بعد توتر حدودي مع قوات سوريا الديمقراطية,https://syria.liveuamap.com/ar/2025/14-january-15-this-morning-an-iraqi-army-force-penetrated,22729368,1 الشهر منذ,36.68745,41.9425,سوريا,Unknown,Unknown,Unknown,سوريا
15.01.2025,القوات المدعومة من تركيا تستهدف مواقع قوات سوريا الديمقراطية على خط أبو راسين بنيران المدفعية,https://syria.liveuamap.com/ar/2025/14-january-15-turkishbacked-forces-have-targeted-sdf-positions,22729356,1 الشهر منذ,36.84197,40.32566,سوريا,أبو راسين,أبو راسين,Unknown,"سوريا, أبو راسين, أبو راسين"
15.01.2025,تم الإفراج عن معتقلي الأمن العام في ريف جبلة بعد احتجازهم لساعات من قبل فلول قوات الأسد,https://syria.liveuamap.com/ar/2025/14-january-14-the-prisoners-from-the-general-security-in,22729342,1 الشهر منذ,35.65273,36.01318,سوريا,Unknown,Unknown,Unknown,سوريا
15.01.2025,قائد قوات الأمن في اللاذقية يؤكد مقتل مقاتلين وإصابة آخرين وأسر 7 آخرين إثر كمين في ريف اللاذقية الشرقي، نفذه قائد إحدى الميليشيات المحلية التابعة سابقاً لنظام الأسد,https://syria.liveuamap.com/ar/2025/14-january-13-commander-of-the-security-forces-in-latakia,22729337,1 الشهر منذ,35.61655,35.9931,سوريا,القبارصية,القبارصية,M4,"سوريا, القبارصية, القبارصية, M4"
15.01.2025,إدارة الأمن العام باللاذقية: فلول النظام يختطفون 7 عناصر أمن ويهددون بذبحهم إذا لم تنسحب القوات من المنطقة,https://syria.liveuamap.com/ar/2025/14-january-13-general-security-directorate-in-latakia-regime,22729332,1 الشهر منذ,35.62772,36.01293,سوريا,برابشبو,برابشبو,Unknown,"سوريا, برابشبو, برابشبو"
15.01.2025,برنامج الأغذية العالمي للعربية: نعمل مع الشركاء لدعم الأسواق السورية,https://syria.liveuamap.com/ar/2025/14-january-11-wfp-to-al-arabiya-we-work-with-partners-to,22729309,1 الشهر منذ,33.51162,36.30518,سوريا,دمشق,حي الحميدية,جادة سوق البريد,"سوريا, دمشق, حي الحميدية, جادة سوق البريد"
15.01.2025,وزير الخارجية الروسي: روسيا لم ولن تغادر الشرق الأوسط,https://syria.liveuamap.com/ar/2025/14-january-11-russian-foreign-minister-russia-has-not-and,22729306,1 الشهر منذ,55.74517,37.58526,روسيا,موسكو,район Арбат,Денежный переулок,"روسيا, موسكو, район Арбат, Денежный переулок"
15.01.2025,القائد العام لقوات سوريا الديمقراطية الجنرال مظلوم عبدي يلتقي ب ممثل السيد مسعود برزاني حميد دربندي,https://syria.liveuamap.com/ar/2025/13-january-15-the-commanderinchief-of-the-syrian-democratic,22729092,1 الشهر منذ,36.48796,40.73231,سوريا,الحسكة,حي ‫‏النشوة‬,Unknown,"سوريا, الحسكة, حي ‫‏النشوة‬"
15.01.2025,رويترز: ألمانيا وفرنسا وهولندا وإسبانيا وفنلندا والدنمارك دعت للشروع في تعديل نظام العقوبات على سوريا,https://syria.liveuamap.com/ar/2025/13-january-13-reuters-germany-france-netherlands-spain-finland,22729087,1 الشهر منذ,52.07969,4.32331,هولندا,لاهاي,Centrum,Schedeldoekshaven,"هولندا, لاهاي, Centrum, Schedeldoekshaven"
15.01.2025,الطيران التركي يشن غارات على ريف عين العرب ـ كوباني شمالي سوريا,https://syria.liveuamap.com/ar/2025/13-january-12-turkish-aircraft-launch-raids-on-the-countryside,22729062,1 الشهر منذ,36.64057,38.28083,سوريا,Unknown,Unknown,Unknown,سوريا
16.01.2025,وزارة الداخلية السورية: إحباط عملية تهريب أسلحة كانت متجهة إلى لبنان عبر معابر غير شرعية ومصادرتها,https://syria.liveuamap.com/ar/2025/17-january-10-syrian-interior-ministry-thwarting-an-arms,22730119,1 الشهر منذ,33.83611,36.15601,سوريا,سرغايا,سرغايا,Unknown,"سوريا, سرغايا, سرغايا"
16.01.2025,المدفعية التركية تقصف أهدافاً لقوات سوريا الديمقراطية على خط عين عيسى شمال الرقة,https://syria.liveuamap.com/ar/2025/17-january-10-turkish-artillery-strikes-sdf-targets-on-the,22730113,1 الشهر منذ,36.40041,38.88559,سوريا,عين عيسى,عين عيسى,Unknown,"سوريا, عين عيسى, عين عيسى"
16.01.2025,الاتحاد الأوروبي يعلن عن 235 مليون يورو مساعدات لسوريا,https://syria.liveuamap.com/ar/2025/17-january-09-eu-announces-235-million-in-aid-for-syria,22730110,1 الشهر منذ,50.83997,4.3844,بلجيكا,Etterbeek,Etterbeek,Rue Belliard - Belliardstraat,"بلجيكا, Etterbeek, Etterbeek, Rue Belliard - Belliardstraat"
16.01.2025,قالت قوات سوريا الديمقراطية إن قواتها دمرت مستودع أسلحة وذخيرة تابع للجيش الوطني السوري في قرية السكاوية الواقعة في ناحية أبو قلقل جنوب منبج.,https://syria.liveuamap.com/ar/2025/16-january-20-the-sdf-said-they-have-their-forces-have-destroyed,22730003,1 الشهر منذ,36.43841,38.16221,سوريا,سكاوية,سكاوية,Unknown,"سوريا, سكاوية, سكاوية"
16.01.2025,قُتل ستة أشخاص وأصيب عشرات آخرون، الخميس، في قصف استهدف مدنيين يحتجون على استمرار هجمات مسلحي الجيش الوطني السوري على سد تشرين الحيوي - الأسايش,https://syria.liveuamap.com/ar/2025/16-january-16-six-people-were-killed-and-tens-others-were,22729903,1 الشهر منذ,36.37137,38.2067,سوريا,جنف الأحمر,جنف الأحمر,Unknown,"سوريا, جنف الأحمر, جنف الأحمر"
16.01.2025,التقى زعيم الحزب الديمقراطي الكردستاني مسعود بارزاني ورئيس قوات سوريا الديمقراطية مظلوم عبدي في أربيل (بيرمام) اليوم.,https://syria.liveuamap.com/ar/2025/16-january-15-kdp-leader-masoud-barzani-and-sdf-chief-mazloum,22729898,1 الشهر منذ,36.38087,44.19388,العراق,Salah Ad Din,Salah Ad Din,Unknown,"العراق, Salah Ad Din, Salah Ad Din"
16.01.2025,الإليزيه: فرنسا تعقد مؤتمرا بشأن سوريا في 13 فبراير في باريس,https://syria.liveuamap.com/ar/2025/16-january-15-elysee-france-to-hold-conference-on-syria-on,22729895,1 الشهر منذ,48.86545,2.30803,فرنسا,باريس,Paris 8e Arrondissement,Unknown,"فرنسا, باريس, Paris 8e Arrondissement"
16.01.2025,"قال رئيس الوزراء السوري أحمد الشرع إن تقدم إسرائيل في المنطقة العازلة مع سوريا ""يعرض المنطقة بأكملها للخطر"". وفي مؤتمر صحفي مشترك مع رئيس الوزراء القطري آل ثاني في دمشق، اتهم الشرع إسرائيل بالتقدم في المنطقة العازلة بحجة وجود الميليشيات الإيرانية وحزب الله. وأضاف الشرع ""هذه الحجة لم تعد صالحة بعد تحرير دمشق""، مضيفا أن ""سوريا ملتزمة باتفاقية 1974 مع إسرائيل ومستعدة لدخول قوات دولية لحمايتها"".",https://syria.liveuamap.com/ar/2025/16-january-14-syrian-leader-ahmad-alsharaa-says-israels-advancement,22729883,1 الشهر منذ,33.52099,36.29967,سوريا,بلدية الصالحية,حي المزرعة,شارع بغداد,"سوريا, بلدية الصالحية, حي المزرعة, شارع بغداد"
16.01.2025,قسد تعلن مقتل 6 وإصابة العشرات بقصف طال احتجاجات قرب سد تشرين,https://syria.liveuamap.com/ar/2025/16-january-14-sdf-announces-killing-6-and-wounding-dozens,22729884,1 الشهر منذ,36.37954,38.19191,سوريا,جنف الأحمر,جنف الأحمر,Unknown,"سوريا, جنف الأحمر, جنف الأحمر"
16.01.2025,إدارة العمليات العسكرية وقوى الأمن العام تضبط أسلحة وذخائر خلال المداهمات في مدينة الصنمين شمال درعا.حتى المدفون طلعوه,https://syria.liveuamap.com/ar/2025/16-january-13-the-military-operations-department-and-the,22729872,1 الشهر منذ,33.06981,36.18364,سوريا,الصنمين,الصنمين,Unknown,"سوريا, الصنمين, الصنمين"
16.01.2025,طائرات حربية تركية تقصف مركبات مدنية قرب سد تشرين، وبحسب الأنباء الأولية هناك ضحايا,https://syria.liveuamap.com/ar/2025/16-january-13-turkish-warplanes-bombed-civilian-vehicles,22729869,1 الشهر منذ,36.3781,38.19543,سوريا,جنف الأحمر,جنف الأحمر,Unknown,"سوريا, جنف الأحمر, جنف الأحمر"
16.01.2025,المرصد_السوريالطيران الحربي التركي يشن غارات جوية على محيط سد_تشرين وريف عين_العرب (كوباني),https://syria.liveuamap.com/ar/2025/16-january-12-turkish-warplanes-launch-airstrikes-on-the,22729857,1 الشهر منذ,36.64416,38.32375,سوريا,قلعة حديد,قلعة حديد,Unknown,"سوريا, قلعة حديد, قلعة حديد"
16.01.2025,رئيس الوزراء القطري يزور سوريا اليوم ويلتقي أحمد الشرع,https://syria.liveuamap.com/ar/2025/16-january-10-qatars-pm-is-visiting-syria-today-and-meeting,22729841,1 الشهر منذ,33.51348,36.29196,سوريا,بلدية ساروجة,حي ساروجة,شارع شكري القوتلي,"سوريا, بلدية ساروجة, حي ساروجة, شارع شكري القوتلي"
16.01.2025,أهالي مدينة كوباني شمال سوريا يدينون القصف الجوي التركي على قافلة مدنية قرب سد تشرين,https://syria.liveuamap.com/ar/2025/16-january-10-people-in-the-city-of-kobani-northern-syria,22729837,1 الشهر منذ,36.8884,38.35241,سوريا,عين العرب,مكتلة,48 شارع,"سوريا, عين العرب, مكتلة, 48 شارع"
16.01.2025,"استقبال أحمد الشرع لوفد إسبانيا برئاسة وزير الخارجية والتعاون ""خوسيه بوينو"" في دمشق اليوم",https://syria.liveuamap.com/ar/2025/16-january-10-ahmed-alsharaa-receives-the-spanish-delegation,22729834,1 الشهر منذ,33.52092,36.30089,سوريا,بلدية ساروجة,حي العدوي,Unknown,"سوريا, بلدية ساروجة, حي العدوي"
16.01.2025,ديرالزورغارتان جويتان من طيران التحالف الدولي  على جبل الثردة قرب مطار دير الزور العسكري .كما وقعت بعض الـصواريخ مجهولة المصدر قرب حقل كونيكو للغاز أحد قواعد قوات التحالف الدولي.فيما لايزال هناك تحليق للطيران الحربي فوق سماء مدينة دير الزور.,https://syria.liveuamap.com/ar/2025/15-january-19-deir-ezzor-two-air-raids-by-the-international,22729688,1 الشهر منذ,35.27026,40.11074,سوريا,Unknown,Unknown,Unknown,سوريا
16.01.2025,تحليق مكثف للطائرات الحربية الإسرائيلية في سماء محافظتي القنيطرة و درعا,https://syria.liveuamap.com/ar/2025/15-january-14-intensive-flights-of-israeli-warplanes-in-the,22729663,1 الشهر منذ,32.90825,35.93327,سوريا,Unknown,Unknown,Unknown,سوريا
16.01.2025,وزير الخارجية أسعد الشيباني يصل إلى العاصمة التركية أنقرة في زيارة رسمية,https://syria.liveuamap.com/ar/2025/15-january-14-syria-foreign-minister-asaad-alshaibani-arrives,22729659,1 الشهر منذ,39.92631,32.79728,تركيا,Etimesgut,Bahçekapı Mahallesi,Söğütözü Cd.,"تركيا, Etimesgut, Bahçekapı Mahallesi, Söğütözü Cd."
16.01.2025,"القنيطرة: مقتل رئيس جمعية غدير البستان ""عبدو الكومة"" وعنصرين من الأمن العام إثر قصف إسرائيلي استهدف قافلة عسكرية تابعة لإدارة العمليات العسكرية أثناء عمليات تفتيش الأسلحة في المنطقة.",https://syria.liveuamap.com/ar/2025/15-january-14-quneitra-the-head-of-ghadeer-albustan-abdo,22729656,1 الشهر منذ,32.9169,35.92203,سوريا,غدير البستان,غدير البستان,Unknown,"سوريا, غدير البستان, غدير البستان"
16.01.2025,إصابة عدد من المواطنين نتيجة القصف الجوي على موكب المتظاهرين المدنيين أثناء توجههم إلى سد تشرين,https://syria.liveuamap.com/ar/2025/15-january-12-a-number-of-citizens-were-injured-as-a-result,22729638,1 الشهر منذ,36.35244,38.2077,سوريا,Dzheydet-Dagadzh,Dzheydet-Dagadzh,Unknown,"سوريا, Dzheydet-Dagadzh, Dzheydet-Dagadzh"
16.01.2025,وزارة الداخلية السورية تقول إنها أطلقت حملة أمنية ضد فلول نظام الأسد في بعض مناطق محافظة حماة,https://syria.liveuamap.com/ar/2025/15-january-11-syrian-interior-ministry-says-it-has-launched,22729625,1 الشهر منذ,35.12653,36.74103,سوريا,حماة,Unknown,Unknown,"سوريا, حماة"
16.01.2025,يقول الجيش الإسرائيلي إن القوات العاملة في جنوب سوريا منذ سقوط نظام الأسد استولت على أكثر من 3300 قطعة سلاح وغنائم أخرى. ومن بين الأسلحة التي تم الاستيلاء عليها دبابتان و70 قنبلة يدوية و165 قذيفة وصاروخًا و20 صاروخًا مضادًا للطائرات ونحو 1500 صاروخ آر بي جي، كما يقول الجيش.,https://syria.liveuamap.com/ar/2025/15-january-11-the-israeli-army-says-troops-operating-in-southern,22729603,1 الشهر منذ,33.16398,35.86281,سوريا,السلام,السلام,7,"سوريا, السلام, السلام, 7"
16.01.2025,طائرات حربية تركية تقصف منطقة سد تشرين,https://syria.liveuamap.com/ar/2025/15-january-10-turkish-fighter-jetsdrone-bombing-tishreen,22729602,1 الشهر منذ,36.39114,38.14762,سوريا,خربة تويني,Housing complex,Unknown,"سوريا, خربة تويني, Housing complex"
16.01.2025,مقتل شخص وإصابة آخر بغارة لطائرات التحالف  الدولي استهدف دراجة نارية بالقرب من بلدة سرمدا بريف إدلب الشمالي. سوريا الولايات_المتحدة,https://syria.liveuamap.com/ar/2025/15-january-10-one-person-was-killed-and-another-was-injured,22729591,1 الشهر منذ,36.20147,36.72644,سوريا,سرمدا,سرمدا,Unknown,"سوريا, سرمدا, سرمدا"
16.01.2025,الرئيس أردوغان: يجب على إسرائيل، وخاصة القوات التي تهاجم الأراضي السورية، أن تضع حدا لأعمالها العدوانية على الفور، وإلا فإن العواقب ستكون سلبية على الجميع.,https://syria.liveuamap.com/ar/2025/15-january-10-president-erdoan-israel-especially-the-forces,22729587,1 الشهر منذ,39.92802,32.80054,تركيا,Yenimahalle,Beştepe Mahallesi,Cumhurbaşkanlığı Bulvarı,"تركيا, Yenimahalle, Beştepe Mahallesi, Cumhurbaşkanlığı Bulvarı"
16.01.2025,الرئيس أردوغان عن سوريا: لا يمكننا أن ننظر إلى دولة مجاورة تربطنا بها علاقات أخوية تعود إلى قرون وحدود يبلغ طولها 911 كيلومترا من منظور غربي.,https://syria.liveuamap.com/ar/2025/15-january-09-president-erdoan-on-syria-we-cannot-look-at,22729582,1 الشهر منذ,39.92881,32.79779,تركيا,Yenimahalle,Beştepe Mahallesi,Tören Alanı,"تركيا, Yenimahalle, Beştepe Mahallesi, Tören Alanı"
16.01.2025,نفذت طائرات حربية أردنية قصفاً جوياً على محافظة السويداء جنوب سورية، استهدف القصف منازل تابعة لتجار المخدرات في المنطقة.,https://syria.liveuamap.com/ar/2025/15-january-09-jordanian-warplanes-carried-out-an-aerial-bombardment,22729594,1 الشهر منذ,32.45056,37.01843,سوريا,Unknown,Unknown,Unknown,سوريا
16.01.2025,تنفي قوات سوريا الديمقراطية مزاعم بأن الطائرات المسيرة التي استخدمتها في هجماتها الأخيرة ضد مسلحي الجيش الوطني السوري كانت من إيران، مؤكدة أنها مصنعة محليا بالكامل.,https://syria.liveuamap.com/ar/2025/14-january-20-the-sdf-denies-claims-that-the-drones-used,22729597,1 الشهر منذ,36.49071,40.73473,سوريا,الحسكة,حي ‫‏النشوة‬,Unknown,"سوريا, الحسكة, حي ‫‏النشوة‬"
16.01.2025,مشاهد من مظاهرات أهالي حي الصليبة في اللاذقية.اللاذقيةمظاهرة في الصليبة في اللاذقية والمتظاهرون يهتفون:,https://syria.liveuamap.com/ar/2025/14-january-19-demonstrations-by-residents-of-the-saliba-neighborhood,22729440,1 الشهر منذ,35.50309,35.77423,سوريا,اللاذقية,Unknown,شارع العروبة,"سوريا, اللاذقية, شارع العروبة"
16.01.2025,تنظيم الدولة الإسلامية «داعش» يتبنى الهجوم على ميليشيا «قسد» في قرية « الزر » بريف دير الزور الشرقي أمس. • ولاية الخير الأمنية في القسم الأخر لدير الزور حيث تسيطر ميليشيا «قسد»  ــ والتي يعتمدها التنظيم لازال العمل فيها فاعل ونشاط خلايا التنظيم متواصل.• مسلحون مجهولون يستهدفون مرڪبة عسڪرية لميليشيا «قسد» SDF/PKK قرب قرية « الزر » بريف دير الزور الشرقي - جزيرة، بقذيفة RPG وبالرشاشات، هناك إِصابَات مؤكدة في صفوف عناصر الميليشيا ــ لم تتبنى أي جهة المسؤولية عن الحادثة .• لأول مرة غارات جوية تركية  تستهدف جنوبي مدينة…,https://syria.liveuamap.com/ar/2025/14-january-17-the-islamic-state-organization-isis-claims,22729445,1 الشهر منذ,35.1168,40.43261,سوريا,الزر,الزر,Unknown,"سوريا, الزر, الزر"
17.01.2025,"غارات جوية تركية تستهدف مواقع ميليشيا ""قسد"" في محيط سد تشرين بريف حلب الشرقي.",https://syria.liveuamap.com/ar/2025/18-january-09-turkish-airstrikes-target-sdf-militia-positions,22730338,1 الشهر منذ,36.39475,38.16633,سوريا,قشلة يوسف باشا,Housing complex,Unknown,"سوريا, قشلة يوسف باشا, Housing complex"
17.01.2025,الأمين العام المساعد لجامعة الدول العربية: ما يحدث في سوريا يؤثر على الأمن القومي العربي,https://syria.liveuamap.com/ar/2025/18-january-09-assistant-secretarygeneral-of-the-arab-league,22730322,1 الشهر منذ,30.04417,31.23472,مصر,القاهرة,باب اللوق,مبنى وزارة الخارجية القديم,"مصر, القاهرة, باب اللوق, مبنى وزارة الخارجية القديم"
17.01.2025,"نشرت وسائل إعلامية ادعاءً يزعم أن الإدارة السورية الجديدة أصدرت تعميمًا يقضي بمنع دخول البضائع ذات المنشأ الإيراني والإسرائيلي والروسي إلى الأراضي السورية مع مصادرتها. استند هذا الادعاء إلى منشور عبر قناة على تطبيق ""تيليجرام"" تحمل اسم ""الهيئة العامة للمنافذ البرية والبحرية السورية"". إلا أن هذا القرار ملفق، حيث نفت ""هيئة المنافذ البرية والبحرية"" على لسان مدير العلاقات فيها، في تصريح خاص، صدور أي قرار من هذا النوع.",https://syria.liveuamap.com/ar/2025/18-january-09-media-outlets-have-published-a-claim-that-the,22730342,1 الشهر منذ,33.51275,36.29334,سوريا,بلدية القنوات,حي الحجاز,Unknown,"سوريا, بلدية القنوات, حي الحجاز"
17.01.2025,غارات جوية تركية تستهدف مليشيا قسد في محيط دير حافر شرقي حلب,https://syria.liveuamap.com/ar/2025/17-january-18-turkish-airstrikes-target-sdf-militia-in-the,22730334,1 الشهر منذ,36.13844,37.78334,سوريا,أبو مقبرة,أبو مقبرة,Unknown,"سوريا, أبو مقبرة, أبو مقبرة"
17.01.2025,مصادر الحدث: انفجار سيارة مفخخة في شارع الرابطة وسط مدينة منبج شرقي حلب,https://syria.liveuamap.com/ar/2025/17-january-15-a-car-bomb-exploded-in-alrabita-street-in-the,22730167,1 الشهر منذ,36.52797,37.9533,سوريا,منبج,الحواتمة,السلطان عبدالحميد الثاني,"سوريا, منبج, الحواتمة, السلطان عبدالحميد الثاني"
17.01.2025,في هذه اللحظات يتم قصف محيط سد تشرين من جديد.,https://syria.liveuamap.com/ar/2025/17-january-15-at-these-moments-the-area-around-the-tishreen,22730168,1 الشهر منذ,36.37207,38.19809,سوريا,جنف الأحمر,جنف الأحمر,Unknown,"سوريا, جنف الأحمر, جنف الأحمر"
17.01.2025,القوات المدعومة من تركيا تستهدف مواقع قوات سوريا الديمقراطية على خط تل تمر بنيران المدفعية,https://syria.liveuamap.com/ar/2025/17-january-15-turkishbacked-forces-hit-the-positions-of-sdf,22730221,1 الشهر منذ,36.68781,40.38128,سوريا,تل احمر,تل احمر,Unknown,"سوريا, تل احمر, تل احمر"
17.01.2025,الرئيس الإيراني: روسيا وإيران تنددان بالاعتداءات الإسرائيلية على سوريا واحتلال جزء من أراضيها,https://syria.liveuamap.com/ar/2025/17-january-14-iranian-president-russia-and-iran-condemn-israeli,22730160,1 الشهر منذ,55.74923,37.6141,روسيا,موسكو,Тверской район,Соборная площадь,"روسيا, موسكو, Тверской район, Соборная площадь"
17.01.2025,استقبل رئيس الإدارة السورية الجديدة أحمد الشرع ووزير الخارجية أسعد الشيباني وفداً من المحكمة الجنائية الدولية برئاسة المدعي العام كريم أحمد خان,https://syria.liveuamap.com/ar/2025/17-january-13-the-leader-of-the-new-syrian-administration,22730172,1 الشهر منذ,33.51577,36.29831,سوريا,بلدية ساروجة,حي ساروجة,Unknown,"سوريا, بلدية ساروجة, حي ساروجة"
17.01.2025,وقعت انفجارات في مدينة القامشلي، وبحسب التقارير فإن الانفجارات ناجمة عن هجوم بطائرة مسيرة، وتسببت الانفجارات في أضرار مادية.,https://syria.liveuamap.com/ar/2025/17-january-12-explosions-occurred-in-the-city-of-qamishli,22730146,1 الشهر منذ,37.04955,41.23169,سوريا,القامشلي,حي الوسطى,Unknown,"سوريا, القامشلي, حي الوسطى"
17.01.2025,وزارة الداخلية السورية: إحباط عملية تهريب أسلحة كانت متجهة إلى لبنان عبر معابر غير شرعية ومصادرتها,https://syria.liveuamap.com/ar/2025/17-january-10-syrian-interior-ministry-thwarting-an-arms,22730119,1 الشهر منذ,33.83611,36.15601,سوريا,سرغايا,سرغايا,Unknown,"سوريا, سرغايا, سرغايا"
17.01.2025,المدفعية التركية تقصف أهدافاً لقوات سوريا الديمقراطية على خط عين عيسى شمال الرقة,https://syria.liveuamap.com/ar/2025/17-january-10-turkish-artillery-strikes-sdf-targets-on-the,22730113,1 الشهر منذ,36.40041,38.88559,سوريا,عين عيسى,عين عيسى,Unknown,"سوريا, عين عيسى, عين عيسى"
17.01.2025,الاتحاد الأوروبي يعلن عن 235 مليون يورو مساعدات لسوريا,https://syria.liveuamap.com/ar/2025/17-january-09-eu-announces-235-million-in-aid-for-syria,22730110,1 الشهر منذ,50.83997,4.3844,بلجيكا,Etterbeek,Etterbeek,Rue Belliard - Belliardstraat,"بلجيكا, Etterbeek, Etterbeek, Rue Belliard - Belliardstraat"
17.01.2025,قالت قوات سوريا الديمقراطية إن قواتها دمرت مستودع أسلحة وذخيرة تابع للجيش الوطني السوري في قرية السكاوية الواقعة في ناحية أبو قلقل جنوب منبج.,https://syria.liveuamap.com/ar/2025/16-january-20-the-sdf-said-they-have-their-forces-have-destroyed,22730003,1 الشهر منذ,36.43841,38.16221,سوريا,سكاوية,سكاوية,Unknown,"سوريا, سكاوية, سكاوية"
17.01.2025,قُتل ستة أشخاص وأصيب عشرات آخرون، الخميس، في قصف استهدف مدنيين يحتجون على استمرار هجمات مسلحي الجيش الوطني السوري على سد تشرين الحيوي - الأسايش,https://syria.liveuamap.com/ar/2025/16-january-16-six-people-were-killed-and-tens-others-were,22729903,1 الشهر منذ,36.37137,38.2067,سوريا,جنف الأحمر,جنف الأحمر,Unknown,"سوريا, جنف الأحمر, جنف الأحمر"
17.01.2025,التقى زعيم الحزب الديمقراطي الكردستاني مسعود بارزاني ورئيس قوات سوريا الديمقراطية مظلوم عبدي في أربيل (بيرمام) اليوم.,https://syria.liveuamap.com/ar/2025/16-january-15-kdp-leader-masoud-barzani-and-sdf-chief-mazloum,22729898,1 الشهر منذ,36.38087,44.19388,العراق,Salah Ad Din,Salah Ad Din,Unknown,"العراق, Salah Ad Din, Salah Ad Din"
17.01.2025,الإليزيه: فرنسا تعقد مؤتمرا بشأن سوريا في 13 فبراير في باريس,https://syria.liveuamap.com/ar/2025/16-january-15-elysee-france-to-hold-conference-on-syria-on,22729895,1 الشهر منذ,48.86545,2.30803,فرنسا,باريس,Paris 8e Arrondissement,Unknown,"فرنسا, باريس, Paris 8e Arrondissement"
17.01.2025,"قال رئيس الوزراء السوري أحمد الشرع إن تقدم إسرائيل في المنطقة العازلة مع سوريا ""يعرض المنطقة بأكملها للخطر"". وفي مؤتمر صحفي مشترك مع رئيس الوزراء القطري آل ثاني في دمشق، اتهم الشرع إسرائيل بالتقدم في المنطقة العازلة بحجة وجود الميليشيات الإيرانية وحزب الله. وأضاف الشرع ""هذه الحجة لم تعد صالحة بعد تحرير دمشق""، مضيفا أن ""سوريا ملتزمة باتفاقية 1974 مع إسرائيل ومستعدة لدخول قوات دولية لحمايتها"".",https://syria.liveuamap.com/ar/2025/16-january-14-syrian-leader-ahmad-alsharaa-says-israels-advancement,22729883,1 الشهر منذ,33.52099,36.29967,سوريا,بلدية الصالحية,حي المزرعة,شارع بغداد,"سوريا, بلدية الصالحية, حي المزرعة, شارع بغداد"
17.01.2025,قسد تعلن مقتل 6 وإصابة العشرات بقصف طال احتجاجات قرب سد تشرين,https://syria.liveuamap.com/ar/2025/16-january-14-sdf-announces-killing-6-and-wounding-dozens,22729884,1 الشهر منذ,36.37954,38.19191,سوريا,جنف الأحمر,جنف الأحمر,Unknown,"سوريا, جنف الأحمر, جنف الأحمر"
17.01.2025,إدارة العمليات العسكرية وقوى الأمن العام تضبط أسلحة وذخائر خلال المداهمات في مدينة الصنمين شمال درعا.حتى المدفون طلعوه,https://syria.liveuamap.com/ar/2025/16-january-13-the-military-operations-department-and-the,22729872,1 الشهر منذ,33.06981,36.18364,سوريا,الصنمين,الصنمين,Unknown,"سوريا, الصنمين, الصنمين"
17.01.2025,طائرات حربية تركية تقصف مركبات مدنية قرب سد تشرين، وبحسب الأنباء الأولية هناك ضحايا,https://syria.liveuamap.com/ar/2025/16-january-13-turkish-warplanes-bombed-civilian-vehicles,22729869,1 الشهر منذ,36.3781,38.19543,سوريا,جنف الأحمر,جنف الأحمر,Unknown,"سوريا, جنف الأحمر, جنف الأحمر"
17.01.2025,المرصد_السوريالطيران الحربي التركي يشن غارات جوية على محيط سد_تشرين وريف عين_العرب (كوباني),https://syria.liveuamap.com/ar/2025/16-january-12-turkish-warplanes-launch-airstrikes-on-the,22729857,1 الشهر منذ,36.64416,38.32375,سوريا,قلعة حديد,قلعة حديد,Unknown,"سوريا, قلعة حديد, قلعة حديد"
17.01.2025,رئيس الوزراء القطري يزور سوريا اليوم ويلتقي أحمد الشرع,https://syria.liveuamap.com/ar/2025/16-january-10-qatars-pm-is-visiting-syria-today-and-meeting,22729841,1 الشهر منذ,33.51348,36.29196,سوريا,بلدية ساروجة,حي ساروجة,شارع شكري القوتلي,"سوريا, بلدية ساروجة, حي ساروجة, شارع شكري القوتلي"
17.01.2025,أهالي مدينة كوباني شمال سوريا يدينون القصف الجوي التركي على قافلة مدنية قرب سد تشرين,https://syria.liveuamap.com/ar/2025/16-january-10-people-in-the-city-of-kobani-northern-syria,22729837,1 الشهر منذ,36.8884,38.35241,سوريا,عين العرب,مكتلة,48 شارع,"سوريا, عين العرب, مكتلة, 48 شارع"
17.01.2025,"استقبال أحمد الشرع لوفد إسبانيا برئاسة وزير الخارجية والتعاون ""خوسيه بوينو"" في دمشق اليوم",https://syria.liveuamap.com/ar/2025/16-january-10-ahmed-alsharaa-receives-the-spanish-delegation,22729834,1 الشهر منذ,33.52092,36.30089,سوريا,بلدية ساروجة,حي العدوي,Unknown,"سوريا, بلدية ساروجة, حي العدوي"
17.01.2025,ديرالزورغارتان جويتان من طيران التحالف الدولي  على جبل الثردة قرب مطار دير الزور العسكري .كما وقعت بعض الـصواريخ مجهولة المصدر قرب حقل كونيكو للغاز أحد قواعد قوات التحالف الدولي.فيما لايزال هناك تحليق للطيران الحربي فوق سماء مدينة دير الزور.,https://syria.liveuamap.com/ar/2025/15-january-19-deir-ezzor-two-air-raids-by-the-international,22729688,1 الشهر منذ,35.27026,40.11074,سوريا,Unknown,Unknown,Unknown,سوريا
17.01.2025,تحليق مكثف للطائرات الحربية الإسرائيلية في سماء محافظتي القنيطرة و درعا,https://syria.liveuamap.com/ar/2025/15-january-14-intensive-flights-of-israeli-warplanes-in-the,22729663,1 الشهر منذ,32.90825,35.93327,سوريا,Unknown,Unknown,Unknown,سوريا
17.01.2025,وزير الخارجية أسعد الشيباني يصل إلى العاصمة التركية أنقرة في زيارة رسمية,https://syria.liveuamap.com/ar/2025/15-january-14-syria-foreign-minister-asaad-alshaibani-arrives,22729659,1 الشهر منذ,39.92631,32.79728,تركيا,Etimesgut,Bahçekapı Mahallesi,Söğütözü Cd.,"تركيا, Etimesgut, Bahçekapı Mahallesi, Söğütözü Cd."
17.01.2025,"القنيطرة: مقتل رئيس جمعية غدير البستان ""عبدو الكومة"" وعنصرين من الأمن العام إثر قصف إسرائيلي استهدف قافلة عسكرية تابعة لإدارة العمليات العسكرية أثناء عمليات تفتيش الأسلحة في المنطقة.",https://syria.liveuamap.com/ar/2025/15-january-14-quneitra-the-head-of-ghadeer-albustan-abdo,22729656,1 الشهر منذ,32.9169,35.92203,سوريا,غدير البستان,غدير البستان,Unknown,"سوريا, غدير البستان, غدير البستان"
17.01.2025,إصابة عدد من المواطنين نتيجة القصف الجوي على موكب المتظاهرين المدنيين أثناء توجههم إلى سد تشرين,https://syria.liveuamap.com/ar/2025/15-january-12-a-number-of-citizens-were-injured-as-a-result,22729638,1 الشهر منذ,36.35244,38.2077,سوريا,Dzheydet-Dagadzh,Dzheydet-Dagadzh,Unknown,"سوريا, Dzheydet-Dagadzh, Dzheydet-Dagadzh"
18.01.2025,قسد تنفذ حملة مداهمات واعتقالات طالت أشخاص كانوا في الجيش الحرّ سابقاً، في مدينتي الحسكة و الشدادي وقرية أبوفاس.نهر_ميديا,https://syria.liveuamap.com/ar/2025/19-january-08-sdf-carries-out-a-campaign-of-raids-and-arrests,22730477,1 الشهر منذ,36.05626,40.72563,سوريا,الشدادي,الشدادي,Unknown,"سوريا, الشدادي, الشدادي"
18.01.2025,أبلغ بلينكن الكونجرس أمس أن الولايات المتحدة أصدرت إعفاء محدودا من العقوبات المتعلقة بإدراج سوريا على قائمة الدول الراعية للإرهاب. ويسمح الإعفاء بموجب المادة 620(ز) من قانون إدارة الطيران الفيدرالية باستمرار المساعدات الأميركية للحكومات الأجنبية التي تدعم الحكومة الانتقالية في سوريا، في حين تظل البلاد مصنفة كدولة راعية للإرهاب.,https://syria.liveuamap.com/ar/2025/18-january-15-blinken-informed-congress-yesterday-that-the,22730416,1 الشهر منذ,38.90012,-77.04244,الولايات المتّحدة الأمريكيّة,واشينطون,Unknown,H Street Northwest,"الولايات المتّحدة الأمريكيّة, واشينطون, H Street Northwest"
18.01.2025,الرئيس التركي: أفشلنا مشاريع التقسيم في سوريا,https://syria.liveuamap.com/ar/2025/18-january-11-turkish-president-we-thwarted-partition-projects,22730357,1 الشهر منذ,39.93014,32.79831,تركيا,Yenimahalle,Beştepe Mahallesi,Tören Alanı,"تركيا, Yenimahalle, Beştepe Mahallesi, Tören Alanı"
18.01.2025,"غارات جوية تركية تستهدف مواقع ميليشيا ""قسد"" في محيط سد تشرين بريف حلب الشرقي.",https://syria.liveuamap.com/ar/2025/18-january-09-turkish-airstrikes-target-sdf-militia-positions,22730338,1 الشهر منذ,36.39475,38.16633,سوريا,قشلة يوسف باشا,Housing complex,Unknown,"سوريا, قشلة يوسف باشا, Housing complex"
18.01.2025,الأمين العام المساعد لجامعة الدول العربية: ما يحدث في سوريا يؤثر على الأمن القومي العربي,https://syria.liveuamap.com/ar/2025/18-january-09-assistant-secretarygeneral-of-the-arab-league,22730322,1 الشهر منذ,30.04417,31.23472,مصر,القاهرة,باب اللوق,مبنى وزارة الخارجية القديم,"مصر, القاهرة, باب اللوق, مبنى وزارة الخارجية القديم"
18.01.2025,"نشرت وسائل إعلامية ادعاءً يزعم أن الإدارة السورية الجديدة أصدرت تعميمًا يقضي بمنع دخول البضائع ذات المنشأ الإيراني والإسرائيلي والروسي إلى الأراضي السورية مع مصادرتها. استند هذا الادعاء إلى منشور عبر قناة على تطبيق ""تيليجرام"" تحمل اسم ""الهيئة العامة للمنافذ البرية والبحرية السورية"". إلا أن هذا القرار ملفق، حيث نفت ""هيئة المنافذ البرية والبحرية"" على لسان مدير العلاقات فيها، في تصريح خاص، صدور أي قرار من هذا النوع.",https://syria.liveuamap.com/ar/2025/18-january-09-media-outlets-have-published-a-claim-that-the,22730342,1 الشهر منذ,33.51275,36.29334,سوريا,بلدية القنوات,حي الحجاز,Unknown,"سوريا, بلدية القنوات, حي الحجاز"
18.01.2025,غارات جوية تركية تستهدف مليشيا قسد في محيط دير حافر شرقي حلب,https://syria.liveuamap.com/ar/2025/17-january-18-turkish-airstrikes-target-sdf-militia-in-the,22730334,1 الشهر منذ,36.13844,37.78334,سوريا,أبو مقبرة,أبو مقبرة,Unknown,"سوريا, أبو مقبرة, أبو مقبرة"
18.01.2025,مصادر الحدث: انفجار سيارة مفخخة في شارع الرابطة وسط مدينة منبج شرقي حلب,https://syria.liveuamap.com/ar/2025/17-january-15-a-car-bomb-exploded-in-alrabita-street-in-the,22730167,1 الشهر منذ,36.52797,37.9533,سوريا,منبج,الحواتمة,السلطان عبدالحميد الثاني,"سوريا, منبج, الحواتمة, السلطان عبدالحميد الثاني"
18.01.2025,في هذه اللحظات يتم قصف محيط سد تشرين من جديد.,https://syria.liveuamap.com/ar/2025/17-january-15-at-these-moments-the-area-around-the-tishreen,22730168,1 الشهر منذ,36.37207,38.19809,سوريا,جنف الأحمر,جنف الأحمر,Unknown,"سوريا, جنف الأحمر, جنف الأحمر"
18.01.2025,القوات المدعومة من تركيا تستهدف مواقع قوات سوريا الديمقراطية على خط تل تمر بنيران المدفعية,https://syria.liveuamap.com/ar/2025/17-january-15-turkishbacked-forces-hit-the-positions-of-sdf,22730221,1 الشهر منذ,36.68781,40.38128,سوريا,تل احمر,تل احمر,Unknown,"سوريا, تل احمر, تل احمر"
18.01.2025,الرئيس الإيراني: روسيا وإيران تنددان بالاعتداءات الإسرائيلية على سوريا واحتلال جزء من أراضيها,https://syria.liveuamap.com/ar/2025/17-january-14-iranian-president-russia-and-iran-condemn-israeli,22730160,1 الشهر منذ,55.74923,37.6141,روسيا,موسكو,Тверской район,Соборная площадь,"روسيا, موسكو, Тверской район, Соборная площадь"
18.01.2025,استقبل رئيس الإدارة السورية الجديدة أحمد الشرع ووزير الخارجية أسعد الشيباني وفداً من المحكمة الجنائية الدولية برئاسة المدعي العام كريم أحمد خان,https://syria.liveuamap.com/ar/2025/17-january-13-the-leader-of-the-new-syrian-administration,22730172,1 الشهر منذ,33.51577,36.29831,سوريا,بلدية ساروجة,حي ساروجة,Unknown,"سوريا, بلدية ساروجة, حي ساروجة"
18.01.2025,وقعت انفجارات في مدينة القامشلي، وبحسب التقارير فإن الانفجارات ناجمة عن هجوم بطائرة مسيرة، وتسببت الانفجارات في أضرار مادية.,https://syria.liveuamap.com/ar/2025/17-january-12-explosions-occurred-in-the-city-of-qamishli,22730146,1 الشهر منذ,37.04955,41.23169,سوريا,القامشلي,حي الوسطى,Unknown,"سوريا, القامشلي, حي الوسطى"
18.01.2025,وزارة الداخلية السورية: إحباط عملية تهريب أسلحة كانت متجهة إلى لبنان عبر معابر غير شرعية ومصادرتها,https://syria.liveuamap.com/ar/2025/17-january-10-syrian-interior-ministry-thwarting-an-arms,22730119,1 الشهر منذ,33.83611,36.15601,سوريا,سرغايا,سرغايا,Unknown,"سوريا, سرغايا, سرغايا"
18.01.2025,المدفعية التركية تقصف أهدافاً لقوات سوريا الديمقراطية على خط عين عيسى شمال الرقة,https://syria.liveuamap.com/ar/2025/17-january-10-turkish-artillery-strikes-sdf-targets-on-the,22730113,1 الشهر منذ,36.40041,38.88559,سوريا,عين عيسى,عين عيسى,Unknown,"سوريا, عين عيسى, عين عيسى"
18.01.2025,الاتحاد الأوروبي يعلن عن 235 مليون يورو مساعدات لسوريا,https://syria.liveuamap.com/ar/2025/17-january-09-eu-announces-235-million-in-aid-for-syria,22730110,1 الشهر منذ,50.83997,4.3844,بلجيكا,Etterbeek,Etterbeek,Rue Belliard - Belliardstraat,"بلجيكا, Etterbeek, Etterbeek, Rue Belliard - Belliardstraat"
18.01.2025,قالت قوات سوريا الديمقراطية إن قواتها دمرت مستودع أسلحة وذخيرة تابع للجيش الوطني السوري في قرية السكاوية الواقعة في ناحية أبو قلقل جنوب منبج.,https://syria.liveuamap.com/ar/2025/16-january-20-the-sdf-said-they-have-their-forces-have-destroyed,22730003,1 الشهر منذ,36.43841,38.16221,سوريا,سكاوية,سكاوية,Unknown,"سوريا, سكاوية, سكاوية"
18.01.2025,قُتل ستة أشخاص وأصيب عشرات آخرون، الخميس، في قصف استهدف مدنيين يحتجون على استمرار هجمات مسلحي الجيش الوطني السوري على سد تشرين الحيوي - الأسايش,https://syria.liveuamap.com/ar/2025/16-january-16-six-people-were-killed-and-tens-others-were,22729903,1 الشهر منذ,36.37137,38.2067,سوريا,جنف الأحمر,جنف الأحمر,Unknown,"سوريا, جنف الأحمر, جنف الأحمر"
18.01.2025,التقى زعيم الحزب الديمقراطي الكردستاني مسعود بارزاني ورئيس قوات سوريا الديمقراطية مظلوم عبدي في أربيل (بيرمام) اليوم.,https://syria.liveuamap.com/ar/2025/16-january-15-kdp-leader-masoud-barzani-and-sdf-chief-mazloum,22729898,1 الشهر منذ,36.38087,44.19388,العراق,Salah Ad Din,Salah Ad Din,Unknown,"العراق, Salah Ad Din, Salah Ad Din"
18.01.2025,الإليزيه: فرنسا تعقد مؤتمرا بشأن سوريا في 13 فبراير في باريس,https://syria.liveuamap.com/ar/2025/16-january-15-elysee-france-to-hold-conference-on-syria-on,22729895,1 الشهر منذ,48.86545,2.30803,فرنسا,باريس,Paris 8e Arrondissement,Unknown,"فرنسا, باريس, Paris 8e Arrondissement"
18.01.2025,"قال رئيس الوزراء السوري أحمد الشرع إن تقدم إسرائيل في المنطقة العازلة مع سوريا ""يعرض المنطقة بأكملها للخطر"". وفي مؤتمر صحفي مشترك مع رئيس الوزراء القطري آل ثاني في دمشق، اتهم الشرع إسرائيل بالتقدم في المنطقة العازلة بحجة وجود الميليشيات الإيرانية وحزب الله. وأضاف الشرع ""هذه الحجة لم تعد صالحة بعد تحرير دمشق""، مضيفا أن ""سوريا ملتزمة باتفاقية 1974 مع إسرائيل ومستعدة لدخول قوات دولية لحمايتها"".",https://syria.liveuamap.com/ar/2025/16-january-14-syrian-leader-ahmad-alsharaa-says-israels-advancement,22729883,1 الشهر منذ,33.52099,36.29967,سوريا,بلدية الصالحية,حي المزرعة,شارع بغداد,"سوريا, بلدية الصالحية, حي المزرعة, شارع بغداد"
18.01.2025,قسد تعلن مقتل 6 وإصابة العشرات بقصف طال احتجاجات قرب سد تشرين,https://syria.liveuamap.com/ar/2025/16-january-14-sdf-announces-killing-6-and-wounding-dozens,22729884,1 الشهر منذ,36.37954,38.19191,سوريا,جنف الأحمر,جنف الأحمر,Unknown,"سوريا, جنف الأحمر, جنف الأحمر"
18.01.2025,إدارة العمليات العسكرية وقوى الأمن العام تضبط أسلحة وذخائر خلال المداهمات في مدينة الصنمين شمال درعا.حتى المدفون طلعوه,https://syria.liveuamap.com/ar/2025/16-january-13-the-military-operations-department-and-the,22729872,1 الشهر منذ,33.06981,36.18364,سوريا,الصنمين,الصنمين,Unknown,"سوريا, الصنمين, الصنمين"
18.01.2025,طائرات حربية تركية تقصف مركبات مدنية قرب سد تشرين، وبحسب الأنباء الأولية هناك ضحايا,https://syria.liveuamap.com/ar/2025/16-january-13-turkish-warplanes-bombed-civilian-vehicles,22729869,1 الشهر منذ,36.3781,38.19543,سوريا,جنف الأحمر,جنف الأحمر,Unknown,"سوريا, جنف الأحمر, جنف الأحمر"
18.01.2025,المرصد_السوريالطيران الحربي التركي يشن غارات جوية على محيط سد_تشرين وريف عين_العرب (كوباني),https://syria.liveuamap.com/ar/2025/16-january-12-turkish-warplanes-launch-airstrikes-on-the,22729857,1 الشهر منذ,36.64416,38.32375,سوريا,قلعة حديد,قلعة حديد,Unknown,"سوريا, قلعة حديد, قلعة حديد"
18.01.2025,رئيس الوزراء القطري يزور سوريا اليوم ويلتقي أحمد الشرع,https://syria.liveuamap.com/ar/2025/16-january-10-qatars-pm-is-visiting-syria-today-and-meeting,22729841,1 الشهر منذ,33.51348,36.29196,سوريا,بلدية ساروجة,حي ساروجة,شارع شكري القوتلي,"سوريا, بلدية ساروجة, حي ساروجة, شارع شكري القوتلي"
18.01.2025,أهالي مدينة كوباني شمال سوريا يدينون القصف الجوي التركي على قافلة مدنية قرب سد تشرين,https://syria.liveuamap.com/ar/2025/16-january-10-people-in-the-city-of-kobani-northern-syria,22729837,1 الشهر منذ,36.8884,38.35241,سوريا,عين العرب,مكتلة,48 شارع,"سوريا, عين العرب, مكتلة, 48 شارع"
18.01.2025,"استقبال أحمد الشرع لوفد إسبانيا برئاسة وزير الخارجية والتعاون ""خوسيه بوينو"" في دمشق اليوم",https://syria.liveuamap.com/ar/2025/16-january-10-ahmed-alsharaa-receives-the-spanish-delegation,22729834,1 الشهر منذ,33.52092,36.30089,سوريا,بلدية ساروجة,حي العدوي,Unknown,"سوريا, بلدية ساروجة, حي العدوي"
18.01.2025,ديرالزورغارتان جويتان من طيران التحالف الدولي  على جبل الثردة قرب مطار دير الزور العسكري .كما وقعت بعض الـصواريخ مجهولة المصدر قرب حقل كونيكو للغاز أحد قواعد قوات التحالف الدولي.فيما لايزال هناك تحليق للطيران الحربي فوق سماء مدينة دير الزور.,https://syria.liveuamap.com/ar/2025/15-january-19-deir-ezzor-two-air-raids-by-the-international,22729688,1 الشهر منذ,35.27026,40.11074,سوريا,Unknown,Unknown,Unknown,سوريا
18.01.2025,تحليق مكثف للطائرات الحربية الإسرائيلية في سماء محافظتي القنيطرة و درعا,https://syria.liveuamap.com/ar/2025/15-january-14-intensive-flights-of-israeli-warplanes-in-the,22729663,1 الشهر منذ,32.90825,35.93327,سوريا,Unknown,Unknown,Unknown,سوريا
19.01.2025,رتل لإدارة العمليات العسكرية في مدينة معدان بريف الرقةفيديو,https://syria.liveuamap.com/ar/2025/20-january-10-a-convoy-of-the-military-operations-department,22730767,1 الشهر منذ,35.75124,39.61052,سوريا,معدان,معدان,Unknown,"سوريا, معدان, معدان"
19.01.2025,الطيران المسير التركي يستهدف مواقع وتحصينات لميليشيا قسد عقب انسحاب القواعد الأمريكية منها في منطقة جبل_عبدالعزيز غرب الحسكة.,https://syria.liveuamap.com/ar/2025/19-january-15-turkish-drones-target-sdf-sites-and-fortifications,22730572,1 الشهر منذ,36.40808,40.31296,سوريا,Unknown,Unknown,Unknown,سوريا
19.01.2025,انفجار سيارة مفخخة لميليشيا قسد بالقرب من قرية كابرجا شرق مدينة منبج في ريف حلب الشرقي دون وقوع خسائر.   سوريا,https://syria.liveuamap.com/ar/2025/19-january-15-a-car-bomb-exploded-near-the-village-of-kabarja,22730571,1 الشهر منذ,36.46737,37.97218,سوريا,كابر كبير,كابر كبير,Unknown,"سوريا, كابر كبير, كابر كبير"
19.01.2025,"توفي الفنان الكوميدي الكردي الشهير جمعة خليل المعروف باسم ""باف تيار"" متأثرا بجراحه التي أصيب بها خلال غارة جوية على سد تشرين في سوريا يوم السبت.",https://syria.liveuamap.com/ar/2025/19-january-13-renowned-kurdish-comedian-juma-khalil-widely,22730574,1 الشهر منذ,36.37926,38.19088,سوريا,جنف الأحمر,جنف الأحمر,Unknown,"سوريا, جنف الأحمر, جنف الأحمر"
19.01.2025,استقبل الرئيس الفعلي لسوريا أحمد الشرع ووزير الخارجية أسعد حسن الشيباني وفدا نرويجيا برئاسة وزير الخارجية إسبن بارث إيدي في دمشق: سانا,https://syria.liveuamap.com/ar/2025/19-january-12-syrias-de-facto-leader-ahmed-alsharaa-and-foreign,22730543,1 الشهر منذ,33.50918,36.27703,سوريا,بلدية المزة,حي الربوة,شارع أبو بكر الصدّيق,"سوريا, بلدية المزة, حي الربوة, شارع أبو بكر الصدّيق"
19.01.2025,الفصائل المدعومة من تركيا ترسل تعزيزات عسكرية إلى محور سد تشرين بريف منبج,https://syria.liveuamap.com/ar/2025/19-january-11-turkishbacked-factions-send-military-reinforcements,22730546,1 الشهر منذ,36.43452,38.09818,سوريا,أبو قلقل,أبو قلقل,Unknown,"سوريا, أبو قلقل, أبو قلقل"
19.01.2025,الفصائل المدعومة من تركيا تطلق عملية عسكرية للسيطرة على القرى المحيطة بالتلال القريبة من سد تشرين والقرى المجاورة لتلة سيريتيل الخاضعة لسيطرة قوات سوريا الديمقراطية,https://syria.liveuamap.com/ar/2025/19-january-11-turkishbacked-factions-launches-a-military,22730544,1 الشهر منذ,36.3353,38.11913,سوريا,رمانة,رمانة,Unknown,"سوريا, رمانة, رمانة"
19.01.2025,مدفعية الجيش التركي تقصف مواقع قوات سوريا الديمقراطية في قرية هيشة على خط عين عيسى,https://syria.liveuamap.com/ar/2025/19-january-11-turkish-artillery-shelling-sdf-positions-in,22730547,1 الشهر منذ,36.36589,39.0146,سوريا,الهيشة,الهيشة,Unknown,"سوريا, الهيشة, الهيشة"
19.01.2025,قال وزير الدفاع السوري الجديد إنه لن يكون من الصواب أن يحتفظ المقاتلون الأكراد المتمركزون في شمال شرق البلاد بكتلتهم الخاصة داخل القوات المسلحة السورية المتكاملة الأوسع نطاقًا.,https://syria.liveuamap.com/ar/2025/19-january-11-syrias-new-defence-minister-said-it-would-not,22730524,1 الشهر منذ,33.51564,36.25025,سوريا,بلدية دمر,حي دمر الغربية,Unknown,"سوريا, بلدية دمر, حي دمر الغربية"
19.01.2025,قسد تنفذ حملة مداهمات واعتقالات طالت أشخاص كانوا في الجيش الحرّ سابقاً، في مدينتي الحسكة و الشدادي وقرية أبوفاس.نهر_ميديا,https://syria.liveuamap.com/ar/2025/19-january-08-sdf-carries-out-a-campaign-of-raids-and-arrests,22730477,1 الشهر منذ,36.05626,40.72563,سوريا,الشدادي,الشدادي,Unknown,"سوريا, الشدادي, الشدادي"
19.01.2025,أبلغ بلينكن الكونجرس أمس أن الولايات المتحدة أصدرت إعفاء محدودا من العقوبات المتعلقة بإدراج سوريا على قائمة الدول الراعية للإرهاب. ويسمح الإعفاء بموجب المادة 620(ز) من قانون إدارة الطيران الفيدرالية باستمرار المساعدات الأميركية للحكومات الأجنبية التي تدعم الحكومة الانتقالية في سوريا، في حين تظل البلاد مصنفة كدولة راعية للإرهاب.,https://syria.liveuamap.com/ar/2025/18-january-15-blinken-informed-congress-yesterday-that-the,22730416,1 الشهر منذ,38.90012,-77.04244,الولايات المتّحدة الأمريكيّة,واشينطون,Unknown,H Street Northwest,"الولايات المتّحدة الأمريكيّة, واشينطون, H Street Northwest"
19.01.2025,الرئيس التركي: أفشلنا مشاريع التقسيم في سوريا,https://syria.liveuamap.com/ar/2025/18-january-11-turkish-president-we-thwarted-partition-projects,22730357,1 الشهر منذ,39.93014,32.79831,تركيا,Yenimahalle,Beştepe Mahallesi,Tören Alanı,"تركيا, Yenimahalle, Beştepe Mahallesi, Tören Alanı"
19.01.2025,"غارات جوية تركية تستهدف مواقع ميليشيا ""قسد"" في محيط سد تشرين بريف حلب الشرقي.",https://syria.liveuamap.com/ar/2025/18-january-09-turkish-airstrikes-target-sdf-militia-positions,22730338,1 الشهر منذ,36.39475,38.16633,سوريا,قشلة يوسف باشا,Housing complex,Unknown,"سوريا, قشلة يوسف باشا, Housing complex"
19.01.2025,الأمين العام المساعد لجامعة الدول العربية: ما يحدث في سوريا يؤثر على الأمن القومي العربي,https://syria.liveuamap.com/ar/2025/18-january-09-assistant-secretarygeneral-of-the-arab-league,22730322,1 الشهر منذ,30.04417,31.23472,مصر,القاهرة,باب اللوق,مبنى وزارة الخارجية القديم,"مصر, القاهرة, باب اللوق, مبنى وزارة الخارجية القديم"
19.01.2025,"نشرت وسائل إعلامية ادعاءً يزعم أن الإدارة السورية الجديدة أصدرت تعميمًا يقضي بمنع دخول البضائع ذات المنشأ الإيراني والإسرائيلي والروسي إلى الأراضي السورية مع مصادرتها. استند هذا الادعاء إلى منشور عبر قناة على تطبيق ""تيليجرام"" تحمل اسم ""الهيئة العامة للمنافذ البرية والبحرية السورية"". إلا أن هذا القرار ملفق، حيث نفت ""هيئة المنافذ البرية والبحرية"" على لسان مدير العلاقات فيها، في تصريح خاص، صدور أي قرار من هذا النوع.",https://syria.liveuamap.com/ar/2025/18-january-09-media-outlets-have-published-a-claim-that-the,22730342,1 الشهر منذ,33.51275,36.29334,سوريا,بلدية القنوات,حي الحجاز,Unknown,"سوريا, بلدية القنوات, حي الحجاز"
19.01.2025,غارات جوية تركية تستهدف مليشيا قسد في محيط دير حافر شرقي حلب,https://syria.liveuamap.com/ar/2025/17-january-18-turkish-airstrikes-target-sdf-militia-in-the,22730334,1 الشهر منذ,36.13844,37.78334,سوريا,أبو مقبرة,أبو مقبرة,Unknown,"سوريا, أبو مقبرة, أبو مقبرة"
19.01.2025,مصادر الحدث: انفجار سيارة مفخخة في شارع الرابطة وسط مدينة منبج شرقي حلب,https://syria.liveuamap.com/ar/2025/17-january-15-a-car-bomb-exploded-in-alrabita-street-in-the,22730167,1 الشهر منذ,36.52797,37.9533,سوريا,منبج,الحواتمة,السلطان عبدالحميد الثاني,"سوريا, منبج, الحواتمة, السلطان عبدالحميد الثاني"
19.01.2025,في هذه اللحظات يتم قصف محيط سد تشرين من جديد.,https://syria.liveuamap.com/ar/2025/17-january-15-at-these-moments-the-area-around-the-tishreen,22730168,1 الشهر منذ,36.37207,38.19809,سوريا,جنف الأحمر,جنف الأحمر,Unknown,"سوريا, جنف الأحمر, جنف الأحمر"
19.01.2025,القوات المدعومة من تركيا تستهدف مواقع قوات سوريا الديمقراطية على خط تل تمر بنيران المدفعية,https://syria.liveuamap.com/ar/2025/17-january-15-turkishbacked-forces-hit-the-positions-of-sdf,22730221,1 الشهر منذ,36.68781,40.38128,سوريا,تل احمر,تل احمر,Unknown,"سوريا, تل احمر, تل احمر"
19.01.2025,الرئيس الإيراني: روسيا وإيران تنددان بالاعتداءات الإسرائيلية على سوريا واحتلال جزء من أراضيها,https://syria.liveuamap.com/ar/2025/17-january-14-iranian-president-russia-and-iran-condemn-israeli,22730160,1 الشهر منذ,55.74923,37.6141,روسيا,موسكو,Тверской район,Соборная площадь,"روسيا, موسكو, Тверской район, Соборная площадь"
19.01.2025,استقبل رئيس الإدارة السورية الجديدة أحمد الشرع ووزير الخارجية أسعد الشيباني وفداً من المحكمة الجنائية الدولية برئاسة المدعي العام كريم أحمد خان,https://syria.liveuamap.com/ar/2025/17-january-13-the-leader-of-the-new-syrian-administration,22730172,1 الشهر منذ,33.51577,36.29831,سوريا,بلدية ساروجة,حي ساروجة,Unknown,"سوريا, بلدية ساروجة, حي ساروجة"
19.01.2025,وقعت انفجارات في مدينة القامشلي، وبحسب التقارير فإن الانفجارات ناجمة عن هجوم بطائرة مسيرة، وتسببت الانفجارات في أضرار مادية.,https://syria.liveuamap.com/ar/2025/17-january-12-explosions-occurred-in-the-city-of-qamishli,22730146,1 الشهر منذ,37.04955,41.23169,سوريا,القامشلي,حي الوسطى,Unknown,"سوريا, القامشلي, حي الوسطى"
19.01.2025,وزارة الداخلية السورية: إحباط عملية تهريب أسلحة كانت متجهة إلى لبنان عبر معابر غير شرعية ومصادرتها,https://syria.liveuamap.com/ar/2025/17-january-10-syrian-interior-ministry-thwarting-an-arms,22730119,1 الشهر منذ,33.83611,36.15601,سوريا,سرغايا,سرغايا,Unknown,"سوريا, سرغايا, سرغايا"
19.01.2025,المدفعية التركية تقصف أهدافاً لقوات سوريا الديمقراطية على خط عين عيسى شمال الرقة,https://syria.liveuamap.com/ar/2025/17-january-10-turkish-artillery-strikes-sdf-targets-on-the,22730113,1 الشهر منذ,36.40041,38.88559,سوريا,عين عيسى,عين عيسى,Unknown,"سوريا, عين عيسى, عين عيسى"
19.01.2025,الاتحاد الأوروبي يعلن عن 235 مليون يورو مساعدات لسوريا,https://syria.liveuamap.com/ar/2025/17-january-09-eu-announces-235-million-in-aid-for-syria,22730110,1 الشهر منذ,50.83997,4.3844,بلجيكا,Etterbeek,Etterbeek,Rue Belliard - Belliardstraat,"بلجيكا, Etterbeek, Etterbeek, Rue Belliard - Belliardstraat"
19.01.2025,قالت قوات سوريا الديمقراطية إن قواتها دمرت مستودع أسلحة وذخيرة تابع للجيش الوطني السوري في قرية السكاوية الواقعة في ناحية أبو قلقل جنوب منبج.,https://syria.liveuamap.com/ar/2025/16-january-20-the-sdf-said-they-have-their-forces-have-destroyed,22730003,1 الشهر منذ,36.43841,38.16221,سوريا,سكاوية,سكاوية,Unknown,"سوريا, سكاوية, سكاوية"
19.01.2025,قُتل ستة أشخاص وأصيب عشرات آخرون، الخميس، في قصف استهدف مدنيين يحتجون على استمرار هجمات مسلحي الجيش الوطني السوري على سد تشرين الحيوي - الأسايش,https://syria.liveuamap.com/ar/2025/16-january-16-six-people-were-killed-and-tens-others-were,22729903,1 الشهر منذ,36.37137,38.2067,سوريا,جنف الأحمر,جنف الأحمر,Unknown,"سوريا, جنف الأحمر, جنف الأحمر"
19.01.2025,التقى زعيم الحزب الديمقراطي الكردستاني مسعود بارزاني ورئيس قوات سوريا الديمقراطية مظلوم عبدي في أربيل (بيرمام) اليوم.,https://syria.liveuamap.com/ar/2025/16-january-15-kdp-leader-masoud-barzani-and-sdf-chief-mazloum,22729898,1 الشهر منذ,36.38087,44.19388,العراق,Salah Ad Din,Salah Ad Din,Unknown,"العراق, Salah Ad Din, Salah Ad Din"
19.01.2025,الإليزيه: فرنسا تعقد مؤتمرا بشأن سوريا في 13 فبراير في باريس,https://syria.liveuamap.com/ar/2025/16-january-15-elysee-france-to-hold-conference-on-syria-on,22729895,1 الشهر منذ,48.86545,2.30803,فرنسا,باريس,Paris 8e Arrondissement,Unknown,"فرنسا, باريس, Paris 8e Arrondissement"
19.01.2025,"قال رئيس الوزراء السوري أحمد الشرع إن تقدم إسرائيل في المنطقة العازلة مع سوريا ""يعرض المنطقة بأكملها للخطر"". وفي مؤتمر صحفي مشترك مع رئيس الوزراء القطري آل ثاني في دمشق، اتهم الشرع إسرائيل بالتقدم في المنطقة العازلة بحجة وجود الميليشيات الإيرانية وحزب الله. وأضاف الشرع ""هذه الحجة لم تعد صالحة بعد تحرير دمشق""، مضيفا أن ""سوريا ملتزمة باتفاقية 1974 مع إسرائيل ومستعدة لدخول قوات دولية لحمايتها"".",https://syria.liveuamap.com/ar/2025/16-january-14-syrian-leader-ahmad-alsharaa-says-israels-advancement,22729883,1 الشهر منذ,33.52099,36.29967,سوريا,بلدية الصالحية,حي المزرعة,شارع بغداد,"سوريا, بلدية الصالحية, حي المزرعة, شارع بغداد"
20.01.2025,طائرات تركية مسيرة تقصف أهدافاً لقوات سوريا الديمقراطية في سد تشرين,https://syria.liveuamap.com/ar/2025/21-january-10-turkish-uavs-hit-sdf-targets-in-tishrin-dam,22731035,1 الشهر منذ,36.37982,38.17251,سوريا,مدينة سدّ تشرين,Housing complex,Unknown,"سوريا, مدينة سدّ تشرين, Housing complex"
20.01.2025,طائرات حربية تركية تقصف أهدافاً لقوات سوريا الديمقراطية في قرية بيرهاسو جنوب كوباني,https://syria.liveuamap.com/ar/2025/21-january-10-turkish-warplanes-strike-sdf-targets-in-birhaso,22731038,1 الشهر منذ,36.72443,38.25293,سوريا,الحفيانة,الحفيانة,Unknown,"سوريا, الحفيانة, الحفيانة"
20.01.2025,عاجـــــــــــــــــــــــلقصف مدفعي من قبل عمليات فجر_الحرية التابعة للجيش الوطني تستهدف مواقع ميليشيات قسد بمحيط سد_تشرين شرقي حلبميليشيات قسد تغلق معبري الميادين و العشارة النهريين شرقي دير_الزور بعد المعارك مع العشائر التي شهدتها بلدة ذيبان ليلاً غارات…,https://syria.liveuamap.com/ar/2025/21-january-09-artillery-shelling-by-the-fajr-alhurriya-operations,22731030,1 الشهر منذ,36.38442,38.17118,سوريا,العلوش,Housing complex,Unknown,"سوريا, العلوش, Housing complex"
20.01.2025,وحدات مدفعية تابعة للقوات المسلحة التركية تقصف أهدافاً لقوات سوريا الديمقراطية في منطقة أبو راسين شرقي رأس العين,https://syria.liveuamap.com/ar/2025/21-january-07-turkish-armed-forces-artillery-units-hit-sdf,22731010,1 الشهر منذ,36.84608,40.33081,سوريا,أبو راسين,أبو راسين,Unknown,"سوريا, أبو راسين, أبو راسين"
20.01.2025,أحمد الشرع رئيس الإدارة السورية الجديدة يجري محادثات مع المبعوث الأممي غير بيدرسن في دمشق لبحث مستقبل البلاد السياسي والاقتصادي، وشملت المناقشات إعادة النظر في قرار مجلس الأمن رقم 2254,https://syria.liveuamap.com/ar/2025/20-january-17-ahmed-alsharaa-head-of-syrias-new-administration,22730840,1 الشهر منذ,33.51535,36.25145,سوريا,بلدية دمر,حي دمر الغربية,Unknown,"سوريا, بلدية دمر, حي دمر الغربية"
20.01.2025,ديرالزور  تشن قوات قسد حملة مداهمات كبيرة في بلدة الزر شرقي ديرالزور  ،بالتزامن مع وصول تعزيزات عسكرية لقوات قسد وتمركزه عند حاجز الري الفاصل بين الشحيل و البصيرة شرقي ديرالزور. وفرضت قوات قسد حظر تجوال في كل من مدن الشحيل و البصيرة و بلدة الحوايج شرقي ديرالزور.,https://syria.liveuamap.com/ar/2025/20-january-17-deir-ezzor-sdf-forces-launched-a-largescale,22730896,1 الشهر منذ,35.04846,40.49084,سوريا,الحوايج,الحوايج,Unknown,"سوريا, الحوايج, الحوايج"
20.01.2025,"قوات سوريا الديمقراطية تقول إن مجموعات مسلحة تابعة للنظام السابق نفذت مؤخرا ""أنشطة تخريبية"" في محافظة دير الزور، محذرة من أنها لن تتسامح مع مثل هذه الأعمال - بيان",https://syria.liveuamap.com/ar/2025/20-january-15-sdf-says-armed-groups-affiliated-to-the-toppled,22730830,1 الشهر منذ,35.08267,40.45195,سوريا,الزر,الزر,Unknown,"سوريا, الزر, الزر"
20.01.2025,مراسل نهر_ميديا: تحليق مكثف للطيران الحربي الأمريكي في سماء مدينة الميادين شرقي ديرالزور,https://syria.liveuamap.com/ar/2025/20-january-15-intensive-flying-of-us-warplanes-in-the-skies,22730826,1 الشهر منذ,35.01583,40.45077,سوريا,الميادين,الميادين,Unknown,"سوريا, الميادين, الميادين"
20.01.2025,اشتباكات عنيفة جداً حول سد تشرين اليوم مجدداً حيث تحاول الفصائل المدعومة من تركيا الوصول إلى السد تحت غطاء من الغارات الجوية التركية والقصف المشترك، كما تواجدت بعض المركبات المروحية لكنها لا تزال تعمل بأعداد قليلة,https://syria.liveuamap.com/ar/2025/20-january-14-very-heavy-clashes-around-the-tishrin-dam-again,22730829,1 الشهر منذ,36.3899,38.14213,سوريا,خربة تويني,Housing complex,Unknown,"سوريا, خربة تويني, Housing complex"
20.01.2025,مجموعة تابعة لقوات العشائر تسيطر على نقاط عسكرية لميليشيات قسد في بلدة ذيبان شرق دير_الزور، وتتمكن من السيطرة على عدة مواقع داخل البلدة، بالإضافة إلى الاستيلاء على أسلحة وعتاد,https://syria.liveuamap.com/ar/2025/20-january-14-a-group-affiliated-with-the-tribal-forces-takes,22730823,1 الشهر منذ,34.99285,40.51483,سوريا,ذيبان,ذيبان,Unknown,"سوريا, ذيبان, ذيبان"
20.01.2025,عدسة المرصد_السوري: الطيران الحربي التركي يـ ـسـ ـتـ ـهـ ـدف موقعين في ريفي منبج و كوباني,https://syria.liveuamap.com/ar/2025/20-january-14-turkish-warplanes-target-two-locations-in-the,22730814,1 الشهر منذ,36.386,38.15069,سوريا,العلوش,Housing complex,Unknown,"سوريا, العلوش, Housing complex"
20.01.2025,"الطيران الحربي التركي يستهدف مواقع قسد بعدة غارات قرب ""صرين"" في ريف حلب الشرقي",https://syria.liveuamap.com/ar/2025/20-january-14-turkish-warplanes-target-sdf-sites-with-several,22730815,1 الشهر منذ,36.62103,38.28341,سوريا,صنيم,صنيم,Unknown,"سوريا, صنيم, صنيم"
20.01.2025,"مراسل نهر_ميديا: مجموعة من ""قوات العشائر"" تشنّهجوماً على مقر لقسد في مخفر ناحية ذيبان شرقي ديرالزور وتسيطر عليه",https://syria.liveuamap.com/ar/2025/20-january-13-a-group-of-tribal-forces-launched-an-attack,22730818,1 الشهر منذ,35.01424,40.5047,سوريا,ذيبان,ذيبان,Unknown,"سوريا, ذيبان, ذيبان"
20.01.2025,قال الادعاء العام السويدي يوم الاثنين إنه طلب احتجاز رجل سويدي للاشتباه في ارتكابه جرائم إرهابية فيما يتعلق بقتل تنظيم الدولة الإسلامية للطيار الأردني معاذ الكساسبة في سوريا قبل عقد من الزمان.,https://syria.liveuamap.com/ar/2025/20-january-13-swedish-prosecutors-requested-the-detention,22730804,1 الشهر منذ,59.34334,18.05603,السويد,ستوكهولم,Vasastaden,Sveavägen,"السويد, ستوكهولم, Vasastaden, Sveavägen"
20.01.2025,طائرات مسيرة تابعة للقوات المسلحة التركية تستهدف قوات سوريا الديمقراطية في عين عيسى شمال الرقة والقحطانية شمال الحسكة,https://syria.liveuamap.com/ar/2025/20-january-12-turkish-armed-forces-uavs-hit-sdf-in-ayn-issa,22730785,1 الشهر منذ,37.03277,41.57254,سوريا,دريجيك,دريجيك,Unknown,"سوريا, دريجيك, دريجيك"
20.01.2025,غارة جوية للطيران التركي المسير استهدفت موقع عسكري لمليشيا قسد شرقي عين عيسى بريف الرقة الشمالي,https://syria.liveuamap.com/ar/2025/20-january-11-an-airstrike-by-turkish-drones-targeted-a-military,22730760,1 الشهر منذ,36.37,39.03477,سوريا,الهيشة,الهيشة,Unknown,"سوريا, الهيشة, الهيشة"
20.01.2025,أهالي مدينة الحسكة شمال شرقي سوريا يتجمعون أمام قاعدة التحالف احتجاجاً على الضربات التركية على المنطقة,https://syria.liveuamap.com/ar/2025/20-january-11-residents-of-hasakah-city-in-nesyria-gather,22730757,1 الشهر منذ,36.47078,40.75808,سوريا,الحسكة,حي الزهور,Unknown,"سوريا, الحسكة, حي الزهور"
20.01.2025,وزارة الدفاع تكتشف مستودعا للذخيرة داخل مغارة مغلقة في جبل شحشبو بريف حماة   نيوميديا_سوريا,https://syria.liveuamap.com/ar/2025/20-january-11-the-ministry-of-defense-discovers-an-ammunition,22730758,1 الشهر منذ,35.52117,36.41624,سوريا,شهرناز,شهرناز,Unknown,"سوريا, شهرناز, شهرناز"
20.01.2025,رتل لإدارة العمليات العسكرية في مدينة معدان بريف الرقةفيديو,https://syria.liveuamap.com/ar/2025/20-january-10-a-convoy-of-the-military-operations-department,22730767,1 الشهر منذ,35.75124,39.61052,سوريا,معدان,معدان,Unknown,"سوريا, معدان, معدان"
20.01.2025,الطيران المسير التركي يستهدف مواقع وتحصينات لميليشيا قسد عقب انسحاب القواعد الأمريكية منها في منطقة جبل_عبدالعزيز غرب الحسكة.,https://syria.liveuamap.com/ar/2025/19-january-15-turkish-drones-target-sdf-sites-and-fortifications,22730572,1 الشهر منذ,36.40808,40.31296,سوريا,Unknown,Unknown,Unknown,سوريا
20.01.2025,انفجار سيارة مفخخة لميليشيا قسد بالقرب من قرية كابرجا شرق مدينة منبج في ريف حلب الشرقي دون وقوع خسائر.   سوريا,https://syria.liveuamap.com/ar/2025/19-january-15-a-car-bomb-exploded-near-the-village-of-kabarja,22730571,1 الشهر منذ,36.46737,37.97218,سوريا,كابر كبير,كابر كبير,Unknown,"سوريا, كابر كبير, كابر كبير"
20.01.2025,"توفي الفنان الكوميدي الكردي الشهير جمعة خليل المعروف باسم ""باف تيار"" متأثرا بجراحه التي أصيب بها خلال غارة جوية على سد تشرين في سوريا يوم السبت.",https://syria.liveuamap.com/ar/2025/19-january-13-renowned-kurdish-comedian-juma-khalil-widely,22730574,1 الشهر منذ,36.37926,38.19088,سوريا,جنف الأحمر,جنف الأحمر,Unknown,"سوريا, جنف الأحمر, جنف الأحمر"
20.01.2025,استقبل الرئيس الفعلي لسوريا أحمد الشرع ووزير الخارجية أسعد حسن الشيباني وفدا نرويجيا برئاسة وزير الخارجية إسبن بارث إيدي في دمشق: سانا,https://syria.liveuamap.com/ar/2025/19-january-12-syrias-de-facto-leader-ahmed-alsharaa-and-foreign,22730543,1 الشهر منذ,33.50918,36.27703,سوريا,بلدية المزة,حي الربوة,شارع أبو بكر الصدّيق,"سوريا, بلدية المزة, حي الربوة, شارع أبو بكر الصدّيق"
20.01.2025,الفصائل المدعومة من تركيا ترسل تعزيزات عسكرية إلى محور سد تشرين بريف منبج,https://syria.liveuamap.com/ar/2025/19-january-11-turkishbacked-factions-send-military-reinforcements,22730546,1 الشهر منذ,36.43452,38.09818,سوريا,أبو قلقل,أبو قلقل,Unknown,"سوريا, أبو قلقل, أبو قلقل"
20.01.2025,الفصائل المدعومة من تركيا تطلق عملية عسكرية للسيطرة على القرى المحيطة بالتلال القريبة من سد تشرين والقرى المجاورة لتلة سيريتيل الخاضعة لسيطرة قوات سوريا الديمقراطية,https://syria.liveuamap.com/ar/2025/19-january-11-turkishbacked-factions-launches-a-military,22730544,1 الشهر منذ,36.3353,38.11913,سوريا,رمانة,رمانة,Unknown,"سوريا, رمانة, رمانة"
20.01.2025,مدفعية الجيش التركي تقصف مواقع قوات سوريا الديمقراطية في قرية هيشة على خط عين عيسى,https://syria.liveuamap.com/ar/2025/19-january-11-turkish-artillery-shelling-sdf-positions-in,22730547,1 الشهر منذ,36.36589,39.0146,سوريا,الهيشة,الهيشة,Unknown,"سوريا, الهيشة, الهيشة"
20.01.2025,قال وزير الدفاع السوري الجديد إنه لن يكون من الصواب أن يحتفظ المقاتلون الأكراد المتمركزون في شمال شرق البلاد بكتلتهم الخاصة داخل القوات المسلحة السورية المتكاملة الأوسع نطاقًا.,https://syria.liveuamap.com/ar/2025/19-january-11-syrias-new-defence-minister-said-it-would-not,22730524,1 الشهر منذ,33.51564,36.25025,سوريا,بلدية دمر,حي دمر الغربية,Unknown,"سوريا, بلدية دمر, حي دمر الغربية"
20.01.2025,قسد تنفذ حملة مداهمات واعتقالات طالت أشخاص كانوا في الجيش الحرّ سابقاً، في مدينتي الحسكة و الشدادي وقرية أبوفاس.نهر_ميديا,https://syria.liveuamap.com/ar/2025/19-january-08-sdf-carries-out-a-campaign-of-raids-and-arrests,22730477,1 الشهر منذ,36.05626,40.72563,سوريا,الشدادي,الشدادي,Unknown,"سوريا, الشدادي, الشدادي"
20.01.2025,أبلغ بلينكن الكونجرس أمس أن الولايات المتحدة أصدرت إعفاء محدودا من العقوبات المتعلقة بإدراج سوريا على قائمة الدول الراعية للإرهاب. ويسمح الإعفاء بموجب المادة 620(ز) من قانون إدارة الطيران الفيدرالية باستمرار المساعدات الأميركية للحكومات الأجنبية التي تدعم الحكومة الانتقالية في سوريا، في حين تظل البلاد مصنفة كدولة راعية للإرهاب.,https://syria.liveuamap.com/ar/2025/18-january-15-blinken-informed-congress-yesterday-that-the,22730416,1 الشهر منذ,38.90012,-77.04244,الولايات المتّحدة الأمريكيّة,واشينطون,Unknown,H Street Northwest,"الولايات المتّحدة الأمريكيّة, واشينطون, H Street Northwest"
20.01.2025,الرئيس التركي: أفشلنا مشاريع التقسيم في سوريا,https://syria.liveuamap.com/ar/2025/18-january-11-turkish-president-we-thwarted-partition-projects,22730357,1 الشهر منذ,39.93014,32.79831,تركيا,Yenimahalle,Beştepe Mahallesi,Tören Alanı,"تركيا, Yenimahalle, Beştepe Mahallesi, Tören Alanı"
21.01.2025,الأمين العام للأمم المتحدة: الوضع في سوريا  هو علامة الاستفهام الكبيرة في الشرق الأوسط,https://syria.liveuamap.com/ar/2025/22-january-10-un-secretarygeneral-the-situation-in-syria,22731310,1 الشهر منذ,40.74888,-73.96801,الولايات المتّحدة الأمريكيّة,نيويورك,Unknown,East 42nd Street,"الولايات المتّحدة الأمريكيّة, نيويورك, East 42nd Street"
21.01.2025,أهالي بلدة تل تمر بريف الحسكة شمال شرق سورية يحتجون وينددون بالاعتداءات التركية على المدنيين وسد تشرين,https://syria.liveuamap.com/ar/2025/22-january-10-residents-in-the-town-of-tel-tamr-in-hasakah,22731336,1 الشهر منذ,36.65229,40.37441,سوريا,تل تمر,تل تمر,Unknown,"سوريا, تل تمر, تل تمر"
21.01.2025,تجمع أحرار حوران: محتجون من سائقي الشاحنات يغلقون معبر نصيب الحدودي مع الأردن، ويطالبون بمحاسبة بعض موظفي النظام المخلوع الذين كانوا يتقاضون الرشاوى داخل المعبر، وفرض المعاملة بالمثل مع الدول التي تفرض غرامات عالية وضرائب عالية على النقل السوري,https://syria.liveuamap.com/ar/2025/22-january-10-houran-free-gathering-protesting-truck-drivers,22731298,1 الشهر منذ,32.54036,36.20064,سوريا,نصيب,نصيب,اتوستراد دمشق درعا,"سوريا, نصيب, نصيب, اتوستراد دمشق درعا"
21.01.2025,عدسة المرصد_السوري: احتجاجات ضد القصف التركي في بلدة المالكية بريف الحسكة,https://syria.liveuamap.com/ar/2025/22-january-09-syrian-observatory-protests-against-the-turkish,22731312,1 الشهر منذ,37.17456,42.13825,سوريا,المالكية,المالكية,Unknown,"سوريا, المالكية, المالكية"
21.01.2025,المرصد_السوريالطائرات الحربية التركية تنفذ 7 غارات جوية على قرى في ريف عين_العرب (كوباني),https://syria.liveuamap.com/ar/2025/22-january-09-syrian-observatory-turkish-warplanes-carry,22731287,1 الشهر منذ,36.68758,38.23884,سوريا,كاوزك حبيب,كاوزك حبيب,طريق عين العرب - حلب,"سوريا, كاوزك حبيب, كاوزك حبيب, طريق عين العرب - حلب"
21.01.2025,وزير الدفاع السوري للتلفزيون العربي: المفاوضات ما تزال قائمة مع قوات سوريا الديمقراطية,https://syria.liveuamap.com/ar/2025/21-january-18-syrian-defense-minister-to-al-arabiya-tv-negotiations,22731135,1 الشهر منذ,33.51767,36.2519,سوريا,بلدية دمر,حي دمر الغربية,طريق بيروت,"سوريا, بلدية دمر, حي دمر الغربية, طريق بيروت"
21.01.2025,"ترسو  في طرطوس سفينة الشحن الروسية ""سبارتا 2"" الخاضعة للعقوبات الأمريكية، لالتقاط المعدات العسكرية التي خلفتها القوات الروسية في سوريا",https://syria.liveuamap.com/ar/2025/21-january-17-the-ussanctioned-russian-cargo-vessel-sparta,22731133,1 الشهر منذ,34.90325,35.86092,سوريا,طرطوس,Unknown,Unknown,"سوريا, طرطوس"
21.01.2025,تجمع الآلاف في القامشلي شمال شرق سوريا حدادًا على الفنان الكوميدي الكردي الشهير بافي تيار والمدنيين الآخرين الذين قتلوا في غارة جوية تركية بالقرب من سد تشرين، مما أثار الحزن والغضب في جميع أنحاء المنطقة.,https://syria.liveuamap.com/ar/2025/21-january-15-thousands-in-qamishli-ne-syria-gathered-to,22731118,1 الشهر منذ,37.05105,41.23375,سوريا,القامشلي,حي الوسطى,شارع الصناعة,"سوريا, القامشلي, حي الوسطى, شارع الصناعة"
21.01.2025,رئيس الوزراء وزير الخارجية القطري: لدينا إيمان كبير بالشعب السوري,https://syria.liveuamap.com/ar/2025/21-january-14-qatari-prime-minister-and-foreign-minister,22731109,1 الشهر منذ,46.80275,9.83597,سويسرا,دافوس,Davos Platz,Promenade,"سويسرا, دافوس, Davos Platz, Promenade"
21.01.2025,"""قسد"" تستهدف بالقذائف الصاروخية قرية السكاوية في ريف منبج شرقي حلب. حلب   سوريا",https://syria.liveuamap.com/ar/2025/21-january-14-sdf-targets-the-village-of-alsakawiya-in-the,22731115,1 الشهر منذ,36.43895,38.16067,سوريا,سكاوية,سكاوية,Unknown,"سوريا, سكاوية, سكاوية"
21.01.2025,مراسل نهر_ميديا: شنت قسد حملة مداهمات في مدينة الطبقة غربي الرقة، اليوم، بحثاً عن عناصر تابعين لها فروا في وقت سابق,https://syria.liveuamap.com/ar/2025/21-january-13-the-sdf-launched-a-raid-campaign-in-the-city,22731116,1 الشهر منذ,35.80548,38.54416,سوريا,الثورة,Unknown,Unknown,"سوريا, الثورة"
21.01.2025,تعرض المدنيون الذين شكلوا مؤخرا درعا بشرية عند سد تشرين الذي يسيطر عليه الأكراد في شمال سوريا للقصف مرة أخرى يوم الثلاثاء، مما أسفر عن سقوط العديد من الضحايا - وسائل إعلام محلية,https://syria.liveuamap.com/ar/2025/21-january-11-civilians-who-recently-formed-a-human-shield,22731083,1 الشهر منذ,36.38134,38.17835,سوريا,مدينة سدّ تشرين,Housing complex,سد تشرين,"سوريا, مدينة سدّ تشرين, Housing complex, سد تشرين"
21.01.2025,حملة أمنية لإدارة العملـ.ـيات العسـ.ـكرية وجهاز الأمـ.ـن العام تبدأ بملاحقة فلول وميليشـ.ـيات  النظام المنهار والفارين من القضاء في ريف حمص الغربي,https://syria.liveuamap.com/ar/2025/21-january-11-a-security-campaign-by-the-military-operations,22731047,1 الشهر منذ,34.69075,36.39633,سوريا,الرابية,الرابية,Unknown,"سوريا, الرابية, الرابية"
21.01.2025,طائرات تركية مسيرة تقصف أهدافاً لقوات سوريا الديمقراطية في سد تشرين,https://syria.liveuamap.com/ar/2025/21-january-10-turkish-uavs-hit-sdf-targets-in-tishrin-dam,22731035,1 الشهر منذ,36.37982,38.17251,سوريا,مدينة سدّ تشرين,Housing complex,Unknown,"سوريا, مدينة سدّ تشرين, Housing complex"
21.01.2025,طائرات حربية تركية تقصف أهدافاً لقوات سوريا الديمقراطية في قرية بيرهاسو جنوب كوباني,https://syria.liveuamap.com/ar/2025/21-january-10-turkish-warplanes-strike-sdf-targets-in-birhaso,22731038,1 الشهر منذ,36.72443,38.25293,سوريا,الحفيانة,الحفيانة,Unknown,"سوريا, الحفيانة, الحفيانة"
21.01.2025,عاجـــــــــــــــــــــــلقصف مدفعي من قبل عمليات فجر_الحرية التابعة للجيش الوطني تستهدف مواقع ميليشيات قسد بمحيط سد_تشرين شرقي حلبميليشيات قسد تغلق معبري الميادين و العشارة النهريين شرقي دير_الزور بعد المعارك مع العشائر التي شهدتها بلدة ذيبان ليلاً غارات…,https://syria.liveuamap.com/ar/2025/21-january-09-artillery-shelling-by-the-fajr-alhurriya-operations,22731030,1 الشهر منذ,36.38442,38.17118,سوريا,العلوش,Housing complex,Unknown,"سوريا, العلوش, Housing complex"
21.01.2025,وحدات مدفعية تابعة للقوات المسلحة التركية تقصف أهدافاً لقوات سوريا الديمقراطية في منطقة أبو راسين شرقي رأس العين,https://syria.liveuamap.com/ar/2025/21-january-07-turkish-armed-forces-artillery-units-hit-sdf,22731010,1 الشهر منذ,36.84608,40.33081,سوريا,أبو راسين,أبو راسين,Unknown,"سوريا, أبو راسين, أبو راسين"
21.01.2025,أحمد الشرع رئيس الإدارة السورية الجديدة يجري محادثات مع المبعوث الأممي غير بيدرسن في دمشق لبحث مستقبل البلاد السياسي والاقتصادي، وشملت المناقشات إعادة النظر في قرار مجلس الأمن رقم 2254,https://syria.liveuamap.com/ar/2025/20-january-17-ahmed-alsharaa-head-of-syrias-new-administration,22730840,1 الشهر منذ,33.51535,36.25145,سوريا,بلدية دمر,حي دمر الغربية,Unknown,"سوريا, بلدية دمر, حي دمر الغربية"
21.01.2025,ديرالزور  تشن قوات قسد حملة مداهمات كبيرة في بلدة الزر شرقي ديرالزور  ،بالتزامن مع وصول تعزيزات عسكرية لقوات قسد وتمركزه عند حاجز الري الفاصل بين الشحيل و البصيرة شرقي ديرالزور. وفرضت قوات قسد حظر تجوال في كل من مدن الشحيل و البصيرة و بلدة الحوايج شرقي ديرالزور.,https://syria.liveuamap.com/ar/2025/20-january-17-deir-ezzor-sdf-forces-launched-a-largescale,22730896,1 الشهر منذ,35.04846,40.49084,سوريا,الحوايج,الحوايج,Unknown,"سوريا, الحوايج, الحوايج"
21.01.2025,"قوات سوريا الديمقراطية تقول إن مجموعات مسلحة تابعة للنظام السابق نفذت مؤخرا ""أنشطة تخريبية"" في محافظة دير الزور، محذرة من أنها لن تتسامح مع مثل هذه الأعمال - بيان",https://syria.liveuamap.com/ar/2025/20-january-15-sdf-says-armed-groups-affiliated-to-the-toppled,22730830,1 الشهر منذ,35.08267,40.45195,سوريا,الزر,الزر,Unknown,"سوريا, الزر, الزر"
21.01.2025,مراسل نهر_ميديا: تحليق مكثف للطيران الحربي الأمريكي في سماء مدينة الميادين شرقي ديرالزور,https://syria.liveuamap.com/ar/2025/20-january-15-intensive-flying-of-us-warplanes-in-the-skies,22730826,1 الشهر منذ,35.01583,40.45077,سوريا,الميادين,الميادين,Unknown,"سوريا, الميادين, الميادين"
21.01.2025,اشتباكات عنيفة جداً حول سد تشرين اليوم مجدداً حيث تحاول الفصائل المدعومة من تركيا الوصول إلى السد تحت غطاء من الغارات الجوية التركية والقصف المشترك، كما تواجدت بعض المركبات المروحية لكنها لا تزال تعمل بأعداد قليلة,https://syria.liveuamap.com/ar/2025/20-january-14-very-heavy-clashes-around-the-tishrin-dam-again,22730829,1 الشهر منذ,36.3899,38.14213,سوريا,خربة تويني,Housing complex,Unknown,"سوريا, خربة تويني, Housing complex"
21.01.2025,مجموعة تابعة لقوات العشائر تسيطر على نقاط عسكرية لميليشيات قسد في بلدة ذيبان شرق دير_الزور، وتتمكن من السيطرة على عدة مواقع داخل البلدة، بالإضافة إلى الاستيلاء على أسلحة وعتاد,https://syria.liveuamap.com/ar/2025/20-january-14-a-group-affiliated-with-the-tribal-forces-takes,22730823,1 الشهر منذ,34.99285,40.51483,سوريا,ذيبان,ذيبان,Unknown,"سوريا, ذيبان, ذيبان"
21.01.2025,عدسة المرصد_السوري: الطيران الحربي التركي يـ ـسـ ـتـ ـهـ ـدف موقعين في ريفي منبج و كوباني,https://syria.liveuamap.com/ar/2025/20-january-14-turkish-warplanes-target-two-locations-in-the,22730814,1 الشهر منذ,36.386,38.15069,سوريا,العلوش,Housing complex,Unknown,"سوريا, العلوش, Housing complex"
21.01.2025,"الطيران الحربي التركي يستهدف مواقع قسد بعدة غارات قرب ""صرين"" في ريف حلب الشرقي",https://syria.liveuamap.com/ar/2025/20-january-14-turkish-warplanes-target-sdf-sites-with-several,22730815,1 الشهر منذ,36.62103,38.28341,سوريا,صنيم,صنيم,Unknown,"سوريا, صنيم, صنيم"
21.01.2025,"مراسل نهر_ميديا: مجموعة من ""قوات العشائر"" تشنّهجوماً على مقر لقسد في مخفر ناحية ذيبان شرقي ديرالزور وتسيطر عليه",https://syria.liveuamap.com/ar/2025/20-january-13-a-group-of-tribal-forces-launched-an-attack,22730818,1 الشهر منذ,35.01424,40.5047,سوريا,ذيبان,ذيبان,Unknown,"سوريا, ذيبان, ذيبان"
21.01.2025,قال الادعاء العام السويدي يوم الاثنين إنه طلب احتجاز رجل سويدي للاشتباه في ارتكابه جرائم إرهابية فيما يتعلق بقتل تنظيم الدولة الإسلامية للطيار الأردني معاذ الكساسبة في سوريا قبل عقد من الزمان.,https://syria.liveuamap.com/ar/2025/20-january-13-swedish-prosecutors-requested-the-detention,22730804,1 الشهر منذ,59.34334,18.05603,السويد,ستوكهولم,Vasastaden,Sveavägen,"السويد, ستوكهولم, Vasastaden, Sveavägen"
21.01.2025,طائرات مسيرة تابعة للقوات المسلحة التركية تستهدف قوات سوريا الديمقراطية في عين عيسى شمال الرقة والقحطانية شمال الحسكة,https://syria.liveuamap.com/ar/2025/20-january-12-turkish-armed-forces-uavs-hit-sdf-in-ayn-issa,22730785,1 الشهر منذ,37.03277,41.57254,سوريا,دريجيك,دريجيك,Unknown,"سوريا, دريجيك, دريجيك"
21.01.2025,غارة جوية للطيران التركي المسير استهدفت موقع عسكري لمليشيا قسد شرقي عين عيسى بريف الرقة الشمالي,https://syria.liveuamap.com/ar/2025/20-january-11-an-airstrike-by-turkish-drones-targeted-a-military,22730760,1 الشهر منذ,36.37,39.03477,سوريا,الهيشة,الهيشة,Unknown,"سوريا, الهيشة, الهيشة"
21.01.2025,أهالي مدينة الحسكة شمال شرقي سوريا يتجمعون أمام قاعدة التحالف احتجاجاً على الضربات التركية على المنطقة,https://syria.liveuamap.com/ar/2025/20-january-11-residents-of-hasakah-city-in-nesyria-gather,22730757,1 الشهر منذ,36.47078,40.75808,سوريا,الحسكة,حي الزهور,Unknown,"سوريا, الحسكة, حي الزهور"
22.01.2025,سماع دوي انفجار في مدينة الطبقة بريف الرقة الغربي,https://syria.liveuamap.com/ar/2025/23-january-20-explosion-heard-in-tabqa-city-in-western-raqqa,22731714,1 الشهر منذ,35.83783,38.52356,سوريا,الثورة,المشيرفة,Unknown,"سوريا, الثورة, المشيرفة"
22.01.2025,المكتب الإعلامي في وزارة الداخلية: بعد الرصد وال تمكنت مديرية أمن حلب بالتعاون مع جهاز الاستخبارات العامة من اكتشاف سيارة مفخخة كانت في طريقها إلى مدينة حلب. و أفادت  أن السيارة كانت قادمة من مناطق تسيطر عليها قوات (قسد)، حيث تم رصدها قبل دخولها إلى المناطق الآمنة,https://syria.liveuamap.com/ar/2025/23-january-20-media-office-of-the-ministry-of-interior-after,22731721,1 الشهر منذ,36.18548,37.16263,سوريا,حلب,حي الصالحين,Unknown,"سوريا, حلب, حي الصالحين"
22.01.2025,قوات إدارة العمليات تبسط سيطرتها على منطقة الرصافة جنوب المنصورة في ريف الرقة الجنوبيThe Operations Forces take full control over the AlRasafa area south of AlMansoura in the southern countryside of Raqqa,https://syria.liveuamap.com/ar/2025/23-january-20-military-operations-forces-take-full-control,22731727,1 الشهر منذ,35.6252,38.75771,سوريا,Al Resafa,Al Resafa,Unknown,"سوريا, Al Resafa, Al Resafa"
22.01.2025,وصف وزير الخارجية العراقي فؤاد حسين هجوم أنقرة على قوات سوريا الديمقراطية بالخطير,https://syria.liveuamap.com/ar/2025/23-january-19-iraqi-foreign-minister-fuad-hussein-described,22731708,1 الشهر منذ,33.31143,44.39318,العراق,بغداد,Unknown,شارع 14 تموز,"العراق, بغداد, شارع 14 تموز"
22.01.2025,قوات سوريا الديمقراطية تستهدف مواقع الفصائل المسلحة المدعومة من تركيا براجمة الصواريخ في منطقة حبوبة الصغيرة ومحطة معالجة المياه الخفسة على جبهة دير حافر,https://syria.liveuamap.com/ar/2025/23-january-19-sdf-are-targeting-turkishbacked-armed-groups,22731725,1 الشهر منذ,36.08882,37.98599,سوريا,الحمرة,الحمرة,Unknown,"سوريا, الحمرة, الحمرة"
22.01.2025,وكالة سانا: الاجتماع ناقش آلية ضبط الحدود بين سوريا و لبنان,https://syria.liveuamap.com/ar/2025/23-january-18-sana-officials-at-the-meeting-discussed-the,22731710,1 الشهر منذ,33.514,36.27798,سوريا,بلدية المهاجرين,حي أبو رمانة,مهدي بن بركة,"سوريا, بلدية المهاجرين, حي أبو رمانة, مهدي بن بركة"
22.01.2025,انفجار سيارة ملغمة قرب المشفى الوطني في وسط منبج شرقي حلب     نيو_ميديا_سوريا,https://syria.liveuamap.com/ar/2025/23-january-17-a-car-bomb-exploded-near-the-national-hospital,22731713,1 الشهر منذ,36.52462,37.9409,سوريا,منبج,الحواتمة,Unknown,"سوريا, منبج, الحواتمة"
22.01.2025,"أحمد الشرع:  سوريا مستعدة للتعاون مع تركيا في مكافحة الإرهاب بمناطق ""الميليشيات الانفصالية""",https://syria.liveuamap.com/ar/2025/23-january-16-ahmed-alsharaa-syria-is-ready-to-cooperate,22731648,1 الشهر منذ,33.51719,36.25008,سوريا,بلدية دمر,حي دمر الغربية,طريق بيروت,"سوريا, بلدية دمر, حي دمر الغربية, طريق بيروت"
22.01.2025,وزير خارجية العراق: قوات سوريا الديمقراطية تسيطر على قرابة 26 سجنا لعناصر داعش,https://syria.liveuamap.com/ar/2025/23-january-15-iraqi-foreign-minister-syrian-democratic-forces,22731711,1 الشهر منذ,33.31172,44.39472,العراق,بغداد,Unknown,شارع المسعودي,"العراق, بغداد, شارع المسعودي"
22.01.2025,قائد الإدارة السورية الجديدة: وحدات حماية الشعب الكردية وحدها لم تلب دعوتنا لحصر السلاح بيد السلطة,https://syria.liveuamap.com/ar/2025/23-january-14-leader-of-the-new-syrian-administration-the,22731638,1 الشهر منذ,33.51534,36.26862,سوريا,بلدية المهاجرين,حي المالكي,طريق بيروت,"سوريا, بلدية المهاجرين, حي المالكي, طريق بيروت"
22.01.2025,أعلنت الإدارة الذاتية أنها ستسمح للسوريين المقيمين في مخيم الهول بالعودة الطوعية إلى مناطقهم,https://syria.liveuamap.com/ar/2025/23-january-14-the-aanes-announced-that-it-would-allow-syrians,22731634,1 الشهر منذ,36.37056,41.13539,سوريا,Unknown,Unknown,Unknown,سوريا
22.01.2025,وزير الخارجية العراقي من دافوس: هجوم تركيا على قسد في شمالي سوريا سيكون خطيرا,https://syria.liveuamap.com/ar/2025/23-january-13-iraqi-foreign-minister-from-davos-trkiyes,22731631,1 الشهر منذ,46.80206,9.83551,سويسرا,دافوس,Davos Dorf,Promenade,"سويسرا, دافوس, Davos Dorf, Promenade"
22.01.2025,قوات إدارة العمليات تتوسع في ريف الرقة الجنوبي وتبسط سيطرتها على اجزاء واسعة من طريق الرقة اثريا بالقرب من حقول توينان للغاز,https://syria.liveuamap.com/ar/2025/23-january-12-operations-management-forces-expand-in-the,22731618,1 الشهر منذ,35.40124,38.47385,سوريا,Unknown,Unknown,طريق يصل السخنة (بئر قديم),"سوريا, طريق يصل السخنة (بئر قديم)"
22.01.2025,"وزير الخارجية العراقي في جلسة حوارية بدافوس: ناقشت مع نظيري السوري ملف ""داعش""",https://syria.liveuamap.com/ar/2025/23-january-12-iraqi-foreign-minister-in-a-dialogue-session,22731616,1 الشهر منذ,46.80275,9.83597,سويسرا,دافوس,Davos Platz,Promenade,"سويسرا, دافوس, Davos Platz, Promenade"
22.01.2025,الرقة غرفة العمليات العسكرية تسيطر على قرى ابو الطابات والمكسار والراشد والحالول والسوادية وتروازية العمالة بريف الرقة الجنوبي الغربي,https://syria.liveuamap.com/ar/2025/23-january-12-raqqa-the-military-operations-room-controls,22731729,1 الشهر منذ,35.45017,38.79238,سوريا,Unknown,Unknown,Unknown,سوريا
22.01.2025,شنت قسد حملة مداهمات واعتقالات في بلدات الحصان شقرا و الجيعة غربي ديرالزور.,https://syria.liveuamap.com/ar/2025/23-january-11-the-sdf-launched-a-campaign-of-raids-and-arrests,22731612,1 الشهر منذ,35.40093,40.11641,سوريا,سفيرة فوقاني,سفيرة فوقاني,Unknown,"سوريا, سفيرة فوقاني, سفيرة فوقاني"
22.01.2025,الجيش الوطني يستهدف بالمدفعية الثقيلة مواقع قسد في القرى المحيطة بمدينة عين العرب شمال شرق حلب,https://syria.liveuamap.com/ar/2025/23-january-11-turkishbacked-factions-targeted-sdf-positions,22731605,1 الشهر منذ,36.83617,38.04153,سوريا,بياضية,بياضية,Unknown,"سوريا, بياضية, بياضية"
22.01.2025,موجز أخبار الثانية 23 01 2025 وفيه: إدارة العمليات العسكرية تسيطر على منطقة الزملة جنوب بلدة المنصورة في البادية السورية,https://syria.liveuamap.com/ar/2025/23-january-11-the-military-operations-department-takes-control,22731575,1 الشهر منذ,35.48273,39.03339,سوريا,Unknown,Unknown,Unknown,سوريا
22.01.2025,قوات سوريا الديمقراطية تقصف براجمات الصواريخ مدينة جرابلس شرقي حلب شمال سوريا,https://syria.liveuamap.com/ar/2025/23-january-10-syrian-democratic-forces-shell-the-city-of,22731574,1 الشهر منذ,36.8215,38.01922,سوريا,جرابلس,جرابلس,Unknown,"سوريا, جرابلس, جرابلس"
22.01.2025,إدارة العمليات العسكرية تسيطر على عدد من آبار حقل الرملة النفطية جنوبي محافظة الرقة.,https://syria.liveuamap.com/ar/2025/23-january-10-the-military-operations-department-controls,22731579,1 الشهر منذ,35.56852,38.72303,سوريا,آبار القصير,آبار القصير,Unknown,"سوريا, آبار القصير, آبار القصير"
22.01.2025,تم رصد صواريخ كورية شمالية عيار 122 ملم متخفية في شكل شاحنات مدنية في روسيا، على جبهة كورسك. هذه هي المرة الأولى التي يتم فيها رصد صواريخ كورية شمالية عيار 122 ملم في روسيا,https://syria.liveuamap.com/ar/2025/23-january-08-north-korean-122mm-mlrs-disguised-as-civilian,22731640,1 الشهر منذ,51.34748,35.4419,روسيا,Unknown,Unknown,Unknown,روسيا
22.01.2025,وزارة الداخلية السورية: إدارة الأمن العام تحبط محاولة خطف في حي السكري بمدينة حلب وتعتقل المتورطين,https://syria.liveuamap.com/ar/2025/23-january-07-syrian-ministry-of-interior-the-general-security,22731516,1 الشهر منذ,36.17293,37.13894,سوريا,حلب,حي الشيخ سعيد,Unknown,"سوريا, حلب, حي الشيخ سعيد"
22.01.2025,الغارة الجوية التي شنتها طائرة F16 التركية اليوم على مواقع مليشيا قسد SDF في محيط صرين,https://syria.liveuamap.com/ar/2025/22-january-19-the-airstrike-launched-by-the-turkish-f16-aircraft,22731444,1 الشهر منذ,36.59374,38.28735,سوريا,صرين,صرين,Unknown,"سوريا, صرين, صرين"
22.01.2025,المبعوث الأممي لسوريا: على الولايات المتحدة وتركيا منع التصعيد بشمال شرق سوريا,https://syria.liveuamap.com/ar/2025/22-january-14-un-envoy-to-syria-us-turkey-must-prevent-escalation,22731376,1 الشهر منذ,40.74964,-73.96926,الولايات المتّحدة الأمريكيّة,نيويورك,Unknown,1st Avenue Tunnel,"الولايات المتّحدة الأمريكيّة, نيويورك, 1st Avenue Tunnel"
22.01.2025,"المبعوث الأممي لسوريا: يجب إعطاء فرصة للمفاوضات بين الإدارة الجديدة و""قسد""",https://syria.liveuamap.com/ar/2025/22-january-14-un-envoy-to-syria-a-chance-must-be-given-to,22731375,1 الشهر منذ,40.74926,-73.96722,الولايات المتّحدة الأمريكيّة,نيويورك,Unknown,FDR Drive,"الولايات المتّحدة الأمريكيّة, نيويورك, FDR Drive"
22.01.2025,وزير الدفاع السوري: ملف سوريا الديمقراطية قيد البحث مع القيادة وإذا طلبت منا التدخل فنحن جاهزون,https://syria.liveuamap.com/ar/2025/22-january-12-syrian-defense-minister-the-file-of-the-democratic,22731349,1 الشهر منذ,33.51362,36.27806,سوريا,بلدية المهاجرين,حي أبو رمانة,شارع شكري القوتلي,"سوريا, بلدية المهاجرين, حي أبو رمانة, شارع شكري القوتلي"
22.01.2025,جيش  الإسرائيلي يقتحم بلدة أبو غارة بريف القنيطرة ووزير الدفاع السوري يعلن تعيين قائد عسكري لمنطقة حوران بهدف ضبط المنطقة الحدودية.. التفاصيل مع موفد التلفزيون العربي في دمشق زاهر عمرين @zomareen@zomareen,https://syria.liveuamap.com/ar/2025/22-january-12-the-israeli-army-storms-the-town-of-abu-ghara,22731359,1 الشهر منذ,32.9643,35.94006,سوريا,Nasiriyah,Nasiriyah,Unknown,"سوريا, Nasiriyah, Nasiriyah"
22.01.2025,أهالي تل حميس في القامشلي شمال شرقي سوريا يحتجون على الهجمات التركية بالقرب من سد تشرين ويعلنون تضامنهم مع قوات سوريا الديمقراطية,https://syria.liveuamap.com/ar/2025/22-january-11-residents-of-tel-hamis-in-nesyrias-qamishli,22731334,1 الشهر منذ,36.75221,41.39751,سوريا,تل حميس,تل حميس,Unknown,"سوريا, تل حميس, تل حميس"
22.01.2025,الطيران التركي يستهدف بعدة غارات مواقع لمليشيا قسد في قرية بير حسو جنوبي عين العرب/ كوباني,https://syria.liveuamap.com/ar/2025/22-january-11-turkish-aircraft-target-several-sdf-militia,22731338,1 الشهر منذ,36.64125,38.23341,سوريا,بئر حسو,بئر حسو,Unknown,"سوريا, بئر حسو, بئر حسو"
22.01.2025,أهالي كوباني شمال سوريا يحتجون وينددون بالهجمات التركية على المدنيين وسد تشرين,https://syria.liveuamap.com/ar/2025/22-january-11-residents-in-kobani-in-northren-syria-protest,22731342,1 الشهر منذ,36.88848,38.35206,سوريا,عين العرب,مكتلة,Unknown,"سوريا, عين العرب, مكتلة"
22.01.2025,أهالي مدينة الحسكة شمال شرقي سوريا يتجمعون أمام قاعدة التحالف احتجاجاً على الضربات التركية على المنطقة,https://syria.liveuamap.com/ar/2025/22-january-11-residents-of-hasakah-city-in-nesyria-gather,22731340,1 الشهر منذ,36.47402,40.75035,سوريا,الحسكة,حي الزهور,Unknown,"سوريا, الحسكة, حي الزهور"
22.01.2025,الأمن العام في درعا ينهي الإضراب ويعيد افتتاح طريق معبر نصيب الدوليإغلاق الطريق في معبر نصيب الحدودي جراء احتجاجات من سائقي الشاحنات السوريون أمام شاحنات النقل الأجنبية، مع مطالبتهم بمحاسبة بعض موظفي النظام السابق الذين كانوا يتقاضون الرشاوى داخل المعبر، وفرض المعاملة بالمثل مع الدول التي تفرض غرامات عالية وضرائب عالية على النقل السوري,https://syria.liveuamap.com/ar/2025/22-january-11-general-security-in-daraa-ends-strike-and-reopens,22731386,1 الشهر منذ,32.54906,36.19789,سوريا,نصيب,نصيب,Unknown,"سوريا, نصيب, نصيب"
22.01.2025,الأمين العام للأمم المتحدة: الوضع في سوريا  هو علامة الاستفهام الكبيرة في الشرق الأوسط,https://syria.liveuamap.com/ar/2025/22-january-10-un-secretarygeneral-the-situation-in-syria,22731310,1 الشهر منذ,40.74888,-73.96801,الولايات المتّحدة الأمريكيّة,نيويورك,Unknown,East 42nd Street,"الولايات المتّحدة الأمريكيّة, نيويورك, East 42nd Street"
22.01.2025,أهالي بلدة تل تمر بريف الحسكة شمال شرق سورية يحتجون وينددون بالاعتداءات التركية على المدنيين وسد تشرين,https://syria.liveuamap.com/ar/2025/22-january-10-residents-in-the-town-of-tel-tamr-in-hasakah,22731336,1 الشهر منذ,36.65229,40.37441,سوريا,تل تمر,تل تمر,Unknown,"سوريا, تل تمر, تل تمر"
22.01.2025,تجمع أحرار حوران: محتجون من سائقي الشاحنات يغلقون معبر نصيب الحدودي مع الأردن، ويطالبون بمحاسبة بعض موظفي النظام المخلوع الذين كانوا يتقاضون الرشاوى داخل المعبر، وفرض المعاملة بالمثل مع الدول التي تفرض غرامات عالية وضرائب عالية على النقل السوري,https://syria.liveuamap.com/ar/2025/22-january-10-houran-free-gathering-protesting-truck-drivers,22731298,1 الشهر منذ,32.54036,36.20064,سوريا,نصيب,نصيب,اتوستراد دمشق درعا,"سوريا, نصيب, نصيب, اتوستراد دمشق درعا"
22.01.2025,عدسة المرصد_السوري: احتجاجات ضد القصف التركي في بلدة المالكية بريف الحسكة,https://syria.liveuamap.com/ar/2025/22-january-09-syrian-observatory-protests-against-the-turkish,22731312,1 الشهر منذ,37.17456,42.13825,سوريا,المالكية,المالكية,Unknown,"سوريا, المالكية, المالكية"
22.01.2025,المرصد_السوريالطائرات الحربية التركية تنفذ 7 غارات جوية على قرى في ريف عين_العرب (كوباني),https://syria.liveuamap.com/ar/2025/22-january-09-syrian-observatory-turkish-warplanes-carry,22731287,1 الشهر منذ,36.68758,38.23884,سوريا,كاوزك حبيب,كاوزك حبيب,طريق عين العرب - حلب,"سوريا, كاوزك حبيب, كاوزك حبيب, طريق عين العرب - حلب"
23.01.2025,وزير الخارجية السعودي فيصل بن فرحان يصل إلى قصر الشعب في دمشق,https://syria.liveuamap.com/ar/2025/24-january-10-saudi-foreign-minister-faisal-bin-farhan-arrives,22731847,1 الشهر منذ,33.51605,36.25128,سوريا,بلدية دمر,حي دمر الغربية,Unknown,"سوريا, بلدية دمر, حي دمر الغربية"
23.01.2025,سماع دوي انفجار في مدينة الطبقة بريف الرقة الغربي,https://syria.liveuamap.com/ar/2025/23-january-20-explosion-heard-in-tabqa-city-in-western-raqqa,22731714,1 الشهر منذ,35.83783,38.52356,سوريا,الثورة,المشيرفة,Unknown,"سوريا, الثورة, المشيرفة"
23.01.2025,المكتب الإعلامي في وزارة الداخلية: بعد الرصد وال تمكنت مديرية أمن حلب بالتعاون مع جهاز الاستخبارات العامة من اكتشاف سيارة مفخخة كانت في طريقها إلى مدينة حلب. و أفادت  أن السيارة كانت قادمة من مناطق تسيطر عليها قوات (قسد)، حيث تم رصدها قبل دخولها إلى المناطق الآمنة,https://syria.liveuamap.com/ar/2025/23-january-20-media-office-of-the-ministry-of-interior-after,22731721,1 الشهر منذ,36.18548,37.16263,سوريا,حلب,حي الصالحين,Unknown,"سوريا, حلب, حي الصالحين"
23.01.2025,قوات إدارة العمليات تبسط سيطرتها على منطقة الرصافة جنوب المنصورة في ريف الرقة الجنوبيThe Operations Forces take full control over the AlRasafa area south of AlMansoura in the southern countryside of Raqqa,https://syria.liveuamap.com/ar/2025/23-january-20-military-operations-forces-take-full-control,22731727,1 الشهر منذ,35.6252,38.75771,سوريا,Al Resafa,Al Resafa,Unknown,"سوريا, Al Resafa, Al Resafa"
23.01.2025,وصف وزير الخارجية العراقي فؤاد حسين هجوم أنقرة على قوات سوريا الديمقراطية بالخطير,https://syria.liveuamap.com/ar/2025/23-january-19-iraqi-foreign-minister-fuad-hussein-described,22731708,1 الشهر منذ,33.31143,44.39318,العراق,بغداد,Unknown,شارع 14 تموز,"العراق, بغداد, شارع 14 تموز"
23.01.2025,قوات سوريا الديمقراطية تستهدف مواقع الفصائل المسلحة المدعومة من تركيا براجمة الصواريخ في منطقة حبوبة الصغيرة ومحطة معالجة المياه الخفسة على جبهة دير حافر,https://syria.liveuamap.com/ar/2025/23-january-19-sdf-are-targeting-turkishbacked-armed-groups,22731725,1 الشهر منذ,36.08882,37.98599,سوريا,الحمرة,الحمرة,Unknown,"سوريا, الحمرة, الحمرة"
23.01.2025,وكالة سانا: الاجتماع ناقش آلية ضبط الحدود بين سوريا و لبنان,https://syria.liveuamap.com/ar/2025/23-january-18-sana-officials-at-the-meeting-discussed-the,22731710,1 الشهر منذ,33.514,36.27798,سوريا,بلدية المهاجرين,حي أبو رمانة,مهدي بن بركة,"سوريا, بلدية المهاجرين, حي أبو رمانة, مهدي بن بركة"
23.01.2025,انفجار سيارة ملغمة قرب المشفى الوطني في وسط منبج شرقي حلب     نيو_ميديا_سوريا,https://syria.liveuamap.com/ar/2025/23-january-17-a-car-bomb-exploded-near-the-national-hospital,22731713,1 الشهر منذ,36.52462,37.9409,سوريا,منبج,الحواتمة,Unknown,"سوريا, منبج, الحواتمة"
23.01.2025,"أحمد الشرع:  سوريا مستعدة للتعاون مع تركيا في مكافحة الإرهاب بمناطق ""الميليشيات الانفصالية""",https://syria.liveuamap.com/ar/2025/23-january-16-ahmed-alsharaa-syria-is-ready-to-cooperate,22731648,1 الشهر منذ,33.51719,36.25008,سوريا,بلدية دمر,حي دمر الغربية,طريق بيروت,"سوريا, بلدية دمر, حي دمر الغربية, طريق بيروت"
23.01.2025,وزير خارجية العراق: قوات سوريا الديمقراطية تسيطر على قرابة 26 سجنا لعناصر داعش,https://syria.liveuamap.com/ar/2025/23-january-15-iraqi-foreign-minister-syrian-democratic-forces,22731711,1 الشهر منذ,33.31172,44.39472,العراق,بغداد,Unknown,شارع المسعودي,"العراق, بغداد, شارع المسعودي"
23.01.2025,قائد الإدارة السورية الجديدة: وحدات حماية الشعب الكردية وحدها لم تلب دعوتنا لحصر السلاح بيد السلطة,https://syria.liveuamap.com/ar/2025/23-january-14-leader-of-the-new-syrian-administration-the,22731638,1 الشهر منذ,33.51534,36.26862,سوريا,بلدية المهاجرين,حي المالكي,طريق بيروت,"سوريا, بلدية المهاجرين, حي المالكي, طريق بيروت"
23.01.2025,أعلنت الإدارة الذاتية أنها ستسمح للسوريين المقيمين في مخيم الهول بالعودة الطوعية إلى مناطقهم,https://syria.liveuamap.com/ar/2025/23-january-14-the-aanes-announced-that-it-would-allow-syrians,22731634,1 الشهر منذ,36.37056,41.13539,سوريا,Unknown,Unknown,Unknown,سوريا
23.01.2025,وزير الخارجية العراقي من دافوس: هجوم تركيا على قسد في شمالي سوريا سيكون خطيرا,https://syria.liveuamap.com/ar/2025/23-january-13-iraqi-foreign-minister-from-davos-trkiyes,22731631,1 الشهر منذ,46.80206,9.83551,سويسرا,دافوس,Davos Dorf,Promenade,"سويسرا, دافوس, Davos Dorf, Promenade"
23.01.2025,قوات إدارة العمليات تتوسع في ريف الرقة الجنوبي وتبسط سيطرتها على اجزاء واسعة من طريق الرقة اثريا بالقرب من حقول توينان للغاز,https://syria.liveuamap.com/ar/2025/23-january-12-operations-management-forces-expand-in-the,22731618,1 الشهر منذ,35.40124,38.47385,سوريا,Unknown,Unknown,طريق يصل السخنة (بئر قديم),"سوريا, طريق يصل السخنة (بئر قديم)"
23.01.2025,"وزير الخارجية العراقي في جلسة حوارية بدافوس: ناقشت مع نظيري السوري ملف ""داعش""",https://syria.liveuamap.com/ar/2025/23-january-12-iraqi-foreign-minister-in-a-dialogue-session,22731616,1 الشهر منذ,46.80275,9.83597,سويسرا,دافوس,Davos Platz,Promenade,"سويسرا, دافوس, Davos Platz, Promenade"
23.01.2025,الرقة غرفة العمليات العسكرية تسيطر على قرى ابو الطابات والمكسار والراشد والحالول والسوادية وتروازية العمالة بريف الرقة الجنوبي الغربي,https://syria.liveuamap.com/ar/2025/23-january-12-raqqa-the-military-operations-room-controls,22731729,1 الشهر منذ,35.45017,38.79238,سوريا,Unknown,Unknown,Unknown,سوريا
23.01.2025,شنت قسد حملة مداهمات واعتقالات في بلدات الحصان شقرا و الجيعة غربي ديرالزور.,https://syria.liveuamap.com/ar/2025/23-january-11-the-sdf-launched-a-campaign-of-raids-and-arrests,22731612,1 الشهر منذ,35.40093,40.11641,سوريا,سفيرة فوقاني,سفيرة فوقاني,Unknown,"سوريا, سفيرة فوقاني, سفيرة فوقاني"
23.01.2025,الجيش الوطني يستهدف بالمدفعية الثقيلة مواقع قسد في القرى المحيطة بمدينة عين العرب شمال شرق حلب,https://syria.liveuamap.com/ar/2025/23-january-11-turkishbacked-factions-targeted-sdf-positions,22731605,1 الشهر منذ,36.83617,38.04153,سوريا,بياضية,بياضية,Unknown,"سوريا, بياضية, بياضية"
23.01.2025,موجز أخبار الثانية 23 01 2025 وفيه: إدارة العمليات العسكرية تسيطر على منطقة الزملة جنوب بلدة المنصورة في البادية السورية,https://syria.liveuamap.com/ar/2025/23-january-11-the-military-operations-department-takes-control,22731575,1 الشهر منذ,35.48273,39.03339,سوريا,Unknown,Unknown,Unknown,سوريا
23.01.2025,قوات سوريا الديمقراطية تقصف براجمات الصواريخ مدينة جرابلس شرقي حلب شمال سوريا,https://syria.liveuamap.com/ar/2025/23-january-10-syrian-democratic-forces-shell-the-city-of,22731574,1 الشهر منذ,36.8215,38.01922,سوريا,جرابلس,جرابلس,Unknown,"سوريا, جرابلس, جرابلس"
23.01.2025,إدارة العمليات العسكرية تسيطر على عدد من آبار حقل الرملة النفطية جنوبي محافظة الرقة.,https://syria.liveuamap.com/ar/2025/23-january-10-the-military-operations-department-controls,22731579,1 الشهر منذ,35.56852,38.72303,سوريا,آبار القصير,آبار القصير,Unknown,"سوريا, آبار القصير, آبار القصير"
23.01.2025,تم رصد صواريخ كورية شمالية عيار 122 ملم متخفية في شكل شاحنات مدنية في روسيا، على جبهة كورسك. هذه هي المرة الأولى التي يتم فيها رصد صواريخ كورية شمالية عيار 122 ملم في روسيا,https://syria.liveuamap.com/ar/2025/23-january-08-north-korean-122mm-mlrs-disguised-as-civilian,22731640,1 الشهر منذ,51.34748,35.4419,روسيا,Unknown,Unknown,Unknown,روسيا
23.01.2025,وزارة الداخلية السورية: إدارة الأمن العام تحبط محاولة خطف في حي السكري بمدينة حلب وتعتقل المتورطين,https://syria.liveuamap.com/ar/2025/23-january-07-syrian-ministry-of-interior-the-general-security,22731516,1 الشهر منذ,36.17293,37.13894,سوريا,حلب,حي الشيخ سعيد,Unknown,"سوريا, حلب, حي الشيخ سعيد"
23.01.2025,الغارة الجوية التي شنتها طائرة F16 التركية اليوم على مواقع مليشيا قسد SDF في محيط صرين,https://syria.liveuamap.com/ar/2025/22-january-19-the-airstrike-launched-by-the-turkish-f16-aircraft,22731444,1 الشهر منذ,36.59374,38.28735,سوريا,صرين,صرين,Unknown,"سوريا, صرين, صرين"
23.01.2025,المبعوث الأممي لسوريا: على الولايات المتحدة وتركيا منع التصعيد بشمال شرق سوريا,https://syria.liveuamap.com/ar/2025/22-january-14-un-envoy-to-syria-us-turkey-must-prevent-escalation,22731376,1 الشهر منذ,40.74964,-73.96926,الولايات المتّحدة الأمريكيّة,نيويورك,Unknown,1st Avenue Tunnel,"الولايات المتّحدة الأمريكيّة, نيويورك, 1st Avenue Tunnel"
23.01.2025,"المبعوث الأممي لسوريا: يجب إعطاء فرصة للمفاوضات بين الإدارة الجديدة و""قسد""",https://syria.liveuamap.com/ar/2025/22-january-14-un-envoy-to-syria-a-chance-must-be-given-to,22731375,1 الشهر منذ,40.74926,-73.96722,الولايات المتّحدة الأمريكيّة,نيويورك,Unknown,FDR Drive,"الولايات المتّحدة الأمريكيّة, نيويورك, FDR Drive"
23.01.2025,وزير الدفاع السوري: ملف سوريا الديمقراطية قيد البحث مع القيادة وإذا طلبت منا التدخل فنحن جاهزون,https://syria.liveuamap.com/ar/2025/22-january-12-syrian-defense-minister-the-file-of-the-democratic,22731349,1 الشهر منذ,33.51362,36.27806,سوريا,بلدية المهاجرين,حي أبو رمانة,شارع شكري القوتلي,"سوريا, بلدية المهاجرين, حي أبو رمانة, شارع شكري القوتلي"
23.01.2025,جيش  الإسرائيلي يقتحم بلدة أبو غارة بريف القنيطرة ووزير الدفاع السوري يعلن تعيين قائد عسكري لمنطقة حوران بهدف ضبط المنطقة الحدودية.. التفاصيل مع موفد التلفزيون العربي في دمشق زاهر عمرين @zomareen@zomareen,https://syria.liveuamap.com/ar/2025/22-january-12-the-israeli-army-storms-the-town-of-abu-ghara,22731359,1 الشهر منذ,32.9643,35.94006,سوريا,Nasiriyah,Nasiriyah,Unknown,"سوريا, Nasiriyah, Nasiriyah"
23.01.2025,أهالي تل حميس في القامشلي شمال شرقي سوريا يحتجون على الهجمات التركية بالقرب من سد تشرين ويعلنون تضامنهم مع قوات سوريا الديمقراطية,https://syria.liveuamap.com/ar/2025/22-january-11-residents-of-tel-hamis-in-nesyrias-qamishli,22731334,1 الشهر منذ,36.75221,41.39751,سوريا,تل حميس,تل حميس,Unknown,"سوريا, تل حميس, تل حميس"
23.01.2025,الطيران التركي يستهدف بعدة غارات مواقع لمليشيا قسد في قرية بير حسو جنوبي عين العرب/ كوباني,https://syria.liveuamap.com/ar/2025/22-january-11-turkish-aircraft-target-several-sdf-militia,22731338,1 الشهر منذ,36.64125,38.23341,سوريا,بئر حسو,بئر حسو,Unknown,"سوريا, بئر حسو, بئر حسو"
24.01.2025,قال مدير مخيم الهول، جيهان حنان، إن السلطات الكردية التي تدير معسكرًا مترامي الأطراف للسجناء المرتبطين بتنظيم الدولة الإسلامية في شمال شرق سوريا تستعد لأول عودة على الإطلاق للمحتجزين إلى المناطق السورية، وهي الخطوة التي أتاحها سقوط نظام الأسد. وقالت مديرة مخيم الهول، جيهان حنان، إن الاستعدادات جارية للعودة الطوعية لـ 66 عائلة من مدينة الخيام الضخمة، حيث الغالبية العظمى من النزلاء من النساء والأطفال، إلى مناطق داخل سوريا.,https://syria.liveuamap.com/ar/2025/25-january-07-kurdishled-authorities-who-run-a-sprawling,22732011,1 الشهر منذ,36.37332,41.13676,سوريا,Unknown,Unknown,Unknown,سوريا
24.01.2025,الطيران الحربي التركي يستهدف نقاط لميليشيا قوات سوريا الديمقراطية قسد قرب قرية شاش البوبنا في جوار سد تشرين بريف منبج,https://syria.liveuamap.com/ar/2025/24-january-15-turkish-warplanes-target-points-of-the-syrian,22731900,1 الشهر منذ,36.33603,38.1603,سوريا,خربة خالد,خربة خالد,Unknown,"سوريا, خربة خالد, خربة خالد"
24.01.2025,إعلام سوري: غارات جوية تركية على منطقة منبج بريف حلب,https://syria.liveuamap.com/ar/2025/24-january-14-syrian-media-turkish-air-strikes-on-manbij,22731893,1 الشهر منذ,36.39184,38.13389,سوريا,خربة تويني,خربة تويني,Unknown,"سوريا, خربة تويني, خربة تويني"
24.01.2025,صور لبعض الغارات الجوية التي شنتها الطائرات التركية F-16 على مواقع ميليشيا «قسد» SDF قبل قليل في محيط جسر قراقوزاق جنوبي مدينة عين العرب/كوباني,https://syria.liveuamap.com/ar/2025/24-january-13-pictures-of-some-of-the-airstrikes-launched,22731882,1 الشهر منذ,36.63755,38.21732,سوريا,جولان,جولان,طريق سوريا,"سوريا, جولان, جولان, طريق سوريا"
24.01.2025,غارات جوية جديدة تستهدف مواقع ميليشيا «قسد» SDF جنوب مدينة عين العرب/كوباني,https://syria.liveuamap.com/ar/2025/24-january-12-new-airstrikes-target-sdf-militia-sites-south,22731887,1 الشهر منذ,36.75037,38.28461,سوريا,Unknown,Unknown,Unknown,سوريا
24.01.2025,الجيش السوري الوطني يستهدف مواقع ميليشيا «قسد» SDF في محيط سد تشرين بالمدفعية الثقيلة.  Tishreen_Dam Tişrin Tishrin,https://syria.liveuamap.com/ar/2025/24-january-11-turkishbacked-factions-targeted-the-positions,22731858,1 الشهر منذ,36.39101,38.16616,سوريا,مدينة سدّ تشرين,Housing complex,Unknown,"سوريا, مدينة سدّ تشرين, Housing complex"
24.01.2025,وزير الخارجية السعودي فيصل بن فرحان يصل إلى قصر الشعب في دمشق,https://syria.liveuamap.com/ar/2025/24-january-10-saudi-foreign-minister-faisal-bin-farhan-arrives,22731847,1 الشهر منذ,33.51605,36.25128,سوريا,بلدية دمر,حي دمر الغربية,Unknown,"سوريا, بلدية دمر, حي دمر الغربية"
24.01.2025,سماع دوي انفجار في مدينة الطبقة بريف الرقة الغربي,https://syria.liveuamap.com/ar/2025/23-january-20-explosion-heard-in-tabqa-city-in-western-raqqa,22731714,1 الشهر منذ,35.83783,38.52356,سوريا,الثورة,المشيرفة,Unknown,"سوريا, الثورة, المشيرفة"
24.01.2025,المكتب الإعلامي في وزارة الداخلية: بعد الرصد وال تمكنت مديرية أمن حلب بالتعاون مع جهاز الاستخبارات العامة من اكتشاف سيارة مفخخة كانت في طريقها إلى مدينة حلب. و أفادت  أن السيارة كانت قادمة من مناطق تسيطر عليها قوات (قسد)، حيث تم رصدها قبل دخولها إلى المناطق الآمنة,https://syria.liveuamap.com/ar/2025/23-january-20-media-office-of-the-ministry-of-interior-after,22731721,1 الشهر منذ,36.18548,37.16263,سوريا,حلب,حي الصالحين,Unknown,"سوريا, حلب, حي الصالحين"
24.01.2025,قوات إدارة العمليات تبسط سيطرتها على منطقة الرصافة جنوب المنصورة في ريف الرقة الجنوبيThe Operations Forces take full control over the AlRasafa area south of AlMansoura in the southern countryside of Raqqa,https://syria.liveuamap.com/ar/2025/23-january-20-military-operations-forces-take-full-control,22731727,1 الشهر منذ,35.6252,38.75771,سوريا,Al Resafa,Al Resafa,Unknown,"سوريا, Al Resafa, Al Resafa"
24.01.2025,وصف وزير الخارجية العراقي فؤاد حسين هجوم أنقرة على قوات سوريا الديمقراطية بالخطير,https://syria.liveuamap.com/ar/2025/23-january-19-iraqi-foreign-minister-fuad-hussein-described,22731708,1 الشهر منذ,33.31143,44.39318,العراق,بغداد,Unknown,شارع 14 تموز,"العراق, بغداد, شارع 14 تموز"
24.01.2025,قوات سوريا الديمقراطية تستهدف مواقع الفصائل المسلحة المدعومة من تركيا براجمة الصواريخ في منطقة حبوبة الصغيرة ومحطة معالجة المياه الخفسة على جبهة دير حافر,https://syria.liveuamap.com/ar/2025/23-january-19-sdf-are-targeting-turkishbacked-armed-groups,22731725,1 الشهر منذ,36.08882,37.98599,سوريا,الحمرة,الحمرة,Unknown,"سوريا, الحمرة, الحمرة"
24.01.2025,وكالة سانا: الاجتماع ناقش آلية ضبط الحدود بين سوريا و لبنان,https://syria.liveuamap.com/ar/2025/23-january-18-sana-officials-at-the-meeting-discussed-the,22731710,1 الشهر منذ,33.514,36.27798,سوريا,بلدية المهاجرين,حي أبو رمانة,مهدي بن بركة,"سوريا, بلدية المهاجرين, حي أبو رمانة, مهدي بن بركة"
24.01.2025,انفجار سيارة ملغمة قرب المشفى الوطني في وسط منبج شرقي حلب     نيو_ميديا_سوريا,https://syria.liveuamap.com/ar/2025/23-january-17-a-car-bomb-exploded-near-the-national-hospital,22731713,1 الشهر منذ,36.52462,37.9409,سوريا,منبج,الحواتمة,Unknown,"سوريا, منبج, الحواتمة"
24.01.2025,"أحمد الشرع:  سوريا مستعدة للتعاون مع تركيا في مكافحة الإرهاب بمناطق ""الميليشيات الانفصالية""",https://syria.liveuamap.com/ar/2025/23-january-16-ahmed-alsharaa-syria-is-ready-to-cooperate,22731648,1 الشهر منذ,33.51719,36.25008,سوريا,بلدية دمر,حي دمر الغربية,طريق بيروت,"سوريا, بلدية دمر, حي دمر الغربية, طريق بيروت"
24.01.2025,وزير خارجية العراق: قوات سوريا الديمقراطية تسيطر على قرابة 26 سجنا لعناصر داعش,https://syria.liveuamap.com/ar/2025/23-january-15-iraqi-foreign-minister-syrian-democratic-forces,22731711,1 الشهر منذ,33.31172,44.39472,العراق,بغداد,Unknown,شارع المسعودي,"العراق, بغداد, شارع المسعودي"
24.01.2025,قائد الإدارة السورية الجديدة: وحدات حماية الشعب الكردية وحدها لم تلب دعوتنا لحصر السلاح بيد السلطة,https://syria.liveuamap.com/ar/2025/23-january-14-leader-of-the-new-syrian-administration-the,22731638,1 الشهر منذ,33.51534,36.26862,سوريا,بلدية المهاجرين,حي المالكي,طريق بيروت,"سوريا, بلدية المهاجرين, حي المالكي, طريق بيروت"
24.01.2025,أعلنت الإدارة الذاتية أنها ستسمح للسوريين المقيمين في مخيم الهول بالعودة الطوعية إلى مناطقهم,https://syria.liveuamap.com/ar/2025/23-january-14-the-aanes-announced-that-it-would-allow-syrians,22731634,1 الشهر منذ,36.37056,41.13539,سوريا,Unknown,Unknown,Unknown,سوريا
24.01.2025,وزير الخارجية العراقي من دافوس: هجوم تركيا على قسد في شمالي سوريا سيكون خطيرا,https://syria.liveuamap.com/ar/2025/23-january-13-iraqi-foreign-minister-from-davos-trkiyes,22731631,1 الشهر منذ,46.80206,9.83551,سويسرا,دافوس,Davos Dorf,Promenade,"سويسرا, دافوس, Davos Dorf, Promenade"
24.01.2025,قوات إدارة العمليات تتوسع في ريف الرقة الجنوبي وتبسط سيطرتها على اجزاء واسعة من طريق الرقة اثريا بالقرب من حقول توينان للغاز,https://syria.liveuamap.com/ar/2025/23-january-12-operations-management-forces-expand-in-the,22731618,1 الشهر منذ,35.40124,38.47385,سوريا,Unknown,Unknown,طريق يصل السخنة (بئر قديم),"سوريا, طريق يصل السخنة (بئر قديم)"
24.01.2025,"وزير الخارجية العراقي في جلسة حوارية بدافوس: ناقشت مع نظيري السوري ملف ""داعش""",https://syria.liveuamap.com/ar/2025/23-january-12-iraqi-foreign-minister-in-a-dialogue-session,22731616,1 الشهر منذ,46.80275,9.83597,سويسرا,دافوس,Davos Platz,Promenade,"سويسرا, دافوس, Davos Platz, Promenade"
24.01.2025,الرقة غرفة العمليات العسكرية تسيطر على قرى ابو الطابات والمكسار والراشد والحالول والسوادية وتروازية العمالة بريف الرقة الجنوبي الغربي,https://syria.liveuamap.com/ar/2025/23-january-12-raqqa-the-military-operations-room-controls,22731729,1 الشهر منذ,35.45017,38.79238,سوريا,Unknown,Unknown,Unknown,سوريا
24.01.2025,شنت قسد حملة مداهمات واعتقالات في بلدات الحصان شقرا و الجيعة غربي ديرالزور.,https://syria.liveuamap.com/ar/2025/23-january-11-the-sdf-launched-a-campaign-of-raids-and-arrests,22731612,1 الشهر منذ,35.40093,40.11641,سوريا,سفيرة فوقاني,سفيرة فوقاني,Unknown,"سوريا, سفيرة فوقاني, سفيرة فوقاني"
24.01.2025,الجيش الوطني يستهدف بالمدفعية الثقيلة مواقع قسد في القرى المحيطة بمدينة عين العرب شمال شرق حلب,https://syria.liveuamap.com/ar/2025/23-january-11-turkishbacked-factions-targeted-sdf-positions,22731605,1 الشهر منذ,36.83617,38.04153,سوريا,بياضية,بياضية,Unknown,"سوريا, بياضية, بياضية"
24.01.2025,موجز أخبار الثانية 23 01 2025 وفيه: إدارة العمليات العسكرية تسيطر على منطقة الزملة جنوب بلدة المنصورة في البادية السورية,https://syria.liveuamap.com/ar/2025/23-january-11-the-military-operations-department-takes-control,22731575,1 الشهر منذ,35.48273,39.03339,سوريا,Unknown,Unknown,Unknown,سوريا
24.01.2025,قوات سوريا الديمقراطية تقصف براجمات الصواريخ مدينة جرابلس شرقي حلب شمال سوريا,https://syria.liveuamap.com/ar/2025/23-january-10-syrian-democratic-forces-shell-the-city-of,22731574,1 الشهر منذ,36.8215,38.01922,سوريا,جرابلس,جرابلس,Unknown,"سوريا, جرابلس, جرابلس"
24.01.2025,إدارة العمليات العسكرية تسيطر على عدد من آبار حقل الرملة النفطية جنوبي محافظة الرقة.,https://syria.liveuamap.com/ar/2025/23-january-10-the-military-operations-department-controls,22731579,1 الشهر منذ,35.56852,38.72303,سوريا,آبار القصير,آبار القصير,Unknown,"سوريا, آبار القصير, آبار القصير"
24.01.2025,تم رصد صواريخ كورية شمالية عيار 122 ملم متخفية في شكل شاحنات مدنية في روسيا، على جبهة كورسك. هذه هي المرة الأولى التي يتم فيها رصد صواريخ كورية شمالية عيار 122 ملم في روسيا,https://syria.liveuamap.com/ar/2025/23-january-08-north-korean-122mm-mlrs-disguised-as-civilian,22731640,1 الشهر منذ,51.34748,35.4419,روسيا,Unknown,Unknown,Unknown,روسيا
24.01.2025,وزارة الداخلية السورية: إدارة الأمن العام تحبط محاولة خطف في حي السكري بمدينة حلب وتعتقل المتورطين,https://syria.liveuamap.com/ar/2025/23-january-07-syrian-ministry-of-interior-the-general-security,22731516,1 الشهر منذ,36.17293,37.13894,سوريا,حلب,حي الشيخ سعيد,Unknown,"سوريا, حلب, حي الشيخ سعيد"
24.01.2025,الغارة الجوية التي شنتها طائرة F16 التركية اليوم على مواقع مليشيا قسد SDF في محيط صرين,https://syria.liveuamap.com/ar/2025/22-january-19-the-airstrike-launched-by-the-turkish-f16-aircraft,22731444,1 الشهر منذ,36.59374,38.28735,سوريا,صرين,صرين,Unknown,"سوريا, صرين, صرين"
25.01.2025,"وزارة الداخلية السورية: الإدارة العامة لأمن الحدود تضبط شحنة أسلحة متجهة إلى ""حزب الله"" اللبناني عبر طرقات التهريب في مدينة سرغايا بريف دمشق",https://syria.liveuamap.com/ar/2025/26-january-08-syrian-ministry-of-interior-the-general-administration,22732282,1 الشهر منذ,33.80668,36.15738,سوريا,سرغايا,سرغايا,Unknown,"سوريا, سرغايا, سرغايا"
25.01.2025,طائرات حربية تركية تقصف أهدافاً لقوات سوريا الديمقراطية في جبل الرمانة شرقي منبج,https://syria.liveuamap.com/ar/2025/25-january-12-turkish-warplanes-strike-sdf-targets-in-ramaneh,22732113,1 الشهر منذ,36.39681,38.12187,سوريا,خربة تويني,خربة تويني,Unknown,"سوريا, خربة تويني, خربة تويني"
25.01.2025,قال مدير مخيم الهول، جيهان حنان، إن السلطات الكردية التي تدير معسكرًا مترامي الأطراف للسجناء المرتبطين بتنظيم الدولة الإسلامية في شمال شرق سوريا تستعد لأول عودة على الإطلاق للمحتجزين إلى المناطق السورية، وهي الخطوة التي أتاحها سقوط نظام الأسد. وقالت مديرة مخيم الهول، جيهان حنان، إن الاستعدادات جارية للعودة الطوعية لـ 66 عائلة من مدينة الخيام الضخمة، حيث الغالبية العظمى من النزلاء من النساء والأطفال، إلى مناطق داخل سوريا.,https://syria.liveuamap.com/ar/2025/25-january-07-kurdishled-authorities-who-run-a-sprawling,22732011,1 الشهر منذ,36.37332,41.13676,سوريا,Unknown,Unknown,Unknown,سوريا
25.01.2025,الطيران الحربي التركي يستهدف نقاط لميليشيا قوات سوريا الديمقراطية قسد قرب قرية شاش البوبنا في جوار سد تشرين بريف منبج,https://syria.liveuamap.com/ar/2025/24-january-15-turkish-warplanes-target-points-of-the-syrian,22731900,1 الشهر منذ,36.33603,38.1603,سوريا,خربة خالد,خربة خالد,Unknown,"سوريا, خربة خالد, خربة خالد"
25.01.2025,إعلام سوري: غارات جوية تركية على منطقة منبج بريف حلب,https://syria.liveuamap.com/ar/2025/24-january-14-syrian-media-turkish-air-strikes-on-manbij,22731893,1 الشهر منذ,36.39184,38.13389,سوريا,خربة تويني,خربة تويني,Unknown,"سوريا, خربة تويني, خربة تويني"
25.01.2025,صور لبعض الغارات الجوية التي شنتها الطائرات التركية F-16 على مواقع ميليشيا «قسد» SDF قبل قليل في محيط جسر قراقوزاق جنوبي مدينة عين العرب/كوباني,https://syria.liveuamap.com/ar/2025/24-january-13-pictures-of-some-of-the-airstrikes-launched,22731882,1 الشهر منذ,36.63755,38.21732,سوريا,جولان,جولان,طريق سوريا,"سوريا, جولان, جولان, طريق سوريا"
25.01.2025,غارات جوية جديدة تستهدف مواقع ميليشيا «قسد» SDF جنوب مدينة عين العرب/كوباني,https://syria.liveuamap.com/ar/2025/24-january-12-new-airstrikes-target-sdf-militia-sites-south,22731887,1 الشهر منذ,36.75037,38.28461,سوريا,Unknown,Unknown,Unknown,سوريا
25.01.2025,الجيش السوري الوطني يستهدف مواقع ميليشيا «قسد» SDF في محيط سد تشرين بالمدفعية الثقيلة.  Tishreen_Dam Tişrin Tishrin,https://syria.liveuamap.com/ar/2025/24-january-11-turkishbacked-factions-targeted-the-positions,22731858,1 الشهر منذ,36.39101,38.16616,سوريا,مدينة سدّ تشرين,Housing complex,Unknown,"سوريا, مدينة سدّ تشرين, Housing complex"
25.01.2025,وزير الخارجية السعودي فيصل بن فرحان يصل إلى قصر الشعب في دمشق,https://syria.liveuamap.com/ar/2025/24-january-10-saudi-foreign-minister-faisal-bin-farhan-arrives,22731847,1 الشهر منذ,33.51605,36.25128,سوريا,بلدية دمر,حي دمر الغربية,Unknown,"سوريا, بلدية دمر, حي دمر الغربية"
25.01.2025,سماع دوي انفجار في مدينة الطبقة بريف الرقة الغربي,https://syria.liveuamap.com/ar/2025/23-january-20-explosion-heard-in-tabqa-city-in-western-raqqa,22731714,1 الشهر منذ,35.83783,38.52356,سوريا,الثورة,المشيرفة,Unknown,"سوريا, الثورة, المشيرفة"
25.01.2025,المكتب الإعلامي في وزارة الداخلية: بعد الرصد وال تمكنت مديرية أمن حلب بالتعاون مع جهاز الاستخبارات العامة من اكتشاف سيارة مفخخة كانت في طريقها إلى مدينة حلب. و أفادت  أن السيارة كانت قادمة من مناطق تسيطر عليها قوات (قسد)، حيث تم رصدها قبل دخولها إلى المناطق الآمنة,https://syria.liveuamap.com/ar/2025/23-january-20-media-office-of-the-ministry-of-interior-after,22731721,1 الشهر منذ,36.18548,37.16263,سوريا,حلب,حي الصالحين,Unknown,"سوريا, حلب, حي الصالحين"
25.01.2025,قوات إدارة العمليات تبسط سيطرتها على منطقة الرصافة جنوب المنصورة في ريف الرقة الجنوبيThe Operations Forces take full control over the AlRasafa area south of AlMansoura in the southern countryside of Raqqa,https://syria.liveuamap.com/ar/2025/23-january-20-military-operations-forces-take-full-control,22731727,1 الشهر منذ,35.6252,38.75771,سوريا,Al Resafa,Al Resafa,Unknown,"سوريا, Al Resafa, Al Resafa"
25.01.2025,وصف وزير الخارجية العراقي فؤاد حسين هجوم أنقرة على قوات سوريا الديمقراطية بالخطير,https://syria.liveuamap.com/ar/2025/23-january-19-iraqi-foreign-minister-fuad-hussein-described,22731708,1 الشهر منذ,33.31143,44.39318,العراق,بغداد,Unknown,شارع 14 تموز,"العراق, بغداد, شارع 14 تموز"
25.01.2025,قوات سوريا الديمقراطية تستهدف مواقع الفصائل المسلحة المدعومة من تركيا براجمة الصواريخ في منطقة حبوبة الصغيرة ومحطة معالجة المياه الخفسة على جبهة دير حافر,https://syria.liveuamap.com/ar/2025/23-january-19-sdf-are-targeting-turkishbacked-armed-groups,22731725,1 الشهر منذ,36.08882,37.98599,سوريا,الحمرة,الحمرة,Unknown,"سوريا, الحمرة, الحمرة"
25.01.2025,وكالة سانا: الاجتماع ناقش آلية ضبط الحدود بين سوريا و لبنان,https://syria.liveuamap.com/ar/2025/23-january-18-sana-officials-at-the-meeting-discussed-the,22731710,1 الشهر منذ,33.514,36.27798,سوريا,بلدية المهاجرين,حي أبو رمانة,مهدي بن بركة,"سوريا, بلدية المهاجرين, حي أبو رمانة, مهدي بن بركة"
25.01.2025,انفجار سيارة ملغمة قرب المشفى الوطني في وسط منبج شرقي حلب     نيو_ميديا_سوريا,https://syria.liveuamap.com/ar/2025/23-january-17-a-car-bomb-exploded-near-the-national-hospital,22731713,1 الشهر منذ,36.52462,37.9409,سوريا,منبج,الحواتمة,Unknown,"سوريا, منبج, الحواتمة"
25.01.2025,"أحمد الشرع:  سوريا مستعدة للتعاون مع تركيا في مكافحة الإرهاب بمناطق ""الميليشيات الانفصالية""",https://syria.liveuamap.com/ar/2025/23-january-16-ahmed-alsharaa-syria-is-ready-to-cooperate,22731648,1 الشهر منذ,33.51719,36.25008,سوريا,بلدية دمر,حي دمر الغربية,طريق بيروت,"سوريا, بلدية دمر, حي دمر الغربية, طريق بيروت"
25.01.2025,وزير خارجية العراق: قوات سوريا الديمقراطية تسيطر على قرابة 26 سجنا لعناصر داعش,https://syria.liveuamap.com/ar/2025/23-january-15-iraqi-foreign-minister-syrian-democratic-forces,22731711,1 الشهر منذ,33.31172,44.39472,العراق,بغداد,Unknown,شارع المسعودي,"العراق, بغداد, شارع المسعودي"
25.01.2025,قائد الإدارة السورية الجديدة: وحدات حماية الشعب الكردية وحدها لم تلب دعوتنا لحصر السلاح بيد السلطة,https://syria.liveuamap.com/ar/2025/23-january-14-leader-of-the-new-syrian-administration-the,22731638,1 الشهر منذ,33.51534,36.26862,سوريا,بلدية المهاجرين,حي المالكي,طريق بيروت,"سوريا, بلدية المهاجرين, حي المالكي, طريق بيروت"
25.01.2025,أعلنت الإدارة الذاتية أنها ستسمح للسوريين المقيمين في مخيم الهول بالعودة الطوعية إلى مناطقهم,https://syria.liveuamap.com/ar/2025/23-january-14-the-aanes-announced-that-it-would-allow-syrians,22731634,1 الشهر منذ,36.37056,41.13539,سوريا,Unknown,Unknown,Unknown,سوريا
25.01.2025,وزير الخارجية العراقي من دافوس: هجوم تركيا على قسد في شمالي سوريا سيكون خطيرا,https://syria.liveuamap.com/ar/2025/23-january-13-iraqi-foreign-minister-from-davos-trkiyes,22731631,1 الشهر منذ,46.80206,9.83551,سويسرا,دافوس,Davos Dorf,Promenade,"سويسرا, دافوس, Davos Dorf, Promenade"
25.01.2025,قوات إدارة العمليات تتوسع في ريف الرقة الجنوبي وتبسط سيطرتها على اجزاء واسعة من طريق الرقة اثريا بالقرب من حقول توينان للغاز,https://syria.liveuamap.com/ar/2025/23-january-12-operations-management-forces-expand-in-the,22731618,1 الشهر منذ,35.40124,38.47385,سوريا,Unknown,Unknown,طريق يصل السخنة (بئر قديم),"سوريا, طريق يصل السخنة (بئر قديم)"
25.01.2025,"وزير الخارجية العراقي في جلسة حوارية بدافوس: ناقشت مع نظيري السوري ملف ""داعش""",https://syria.liveuamap.com/ar/2025/23-january-12-iraqi-foreign-minister-in-a-dialogue-session,22731616,1 الشهر منذ,46.80275,9.83597,سويسرا,دافوس,Davos Platz,Promenade,"سويسرا, دافوس, Davos Platz, Promenade"
25.01.2025,الرقة غرفة العمليات العسكرية تسيطر على قرى ابو الطابات والمكسار والراشد والحالول والسوادية وتروازية العمالة بريف الرقة الجنوبي الغربي,https://syria.liveuamap.com/ar/2025/23-january-12-raqqa-the-military-operations-room-controls,22731729,1 الشهر منذ,35.45017,38.79238,سوريا,Unknown,Unknown,Unknown,سوريا
25.01.2025,شنت قسد حملة مداهمات واعتقالات في بلدات الحصان شقرا و الجيعة غربي ديرالزور.,https://syria.liveuamap.com/ar/2025/23-january-11-the-sdf-launched-a-campaign-of-raids-and-arrests,22731612,1 الشهر منذ,35.40093,40.11641,سوريا,سفيرة فوقاني,سفيرة فوقاني,Unknown,"سوريا, سفيرة فوقاني, سفيرة فوقاني"
25.01.2025,الجيش الوطني يستهدف بالمدفعية الثقيلة مواقع قسد في القرى المحيطة بمدينة عين العرب شمال شرق حلب,https://syria.liveuamap.com/ar/2025/23-january-11-turkishbacked-factions-targeted-sdf-positions,22731605,1 الشهر منذ,36.83617,38.04153,سوريا,بياضية,بياضية,Unknown,"سوريا, بياضية, بياضية"
25.01.2025,موجز أخبار الثانية 23 01 2025 وفيه: إدارة العمليات العسكرية تسيطر على منطقة الزملة جنوب بلدة المنصورة في البادية السورية,https://syria.liveuamap.com/ar/2025/23-january-11-the-military-operations-department-takes-control,22731575,1 الشهر منذ,35.48273,39.03339,سوريا,Unknown,Unknown,Unknown,سوريا
25.01.2025,قوات سوريا الديمقراطية تقصف براجمات الصواريخ مدينة جرابلس شرقي حلب شمال سوريا,https://syria.liveuamap.com/ar/2025/23-january-10-syrian-democratic-forces-shell-the-city-of,22731574,1 الشهر منذ,36.8215,38.01922,سوريا,جرابلس,جرابلس,Unknown,"سوريا, جرابلس, جرابلس"
25.01.2025,إدارة العمليات العسكرية تسيطر على عدد من آبار حقل الرملة النفطية جنوبي محافظة الرقة.,https://syria.liveuamap.com/ar/2025/23-january-10-the-military-operations-department-controls,22731579,1 الشهر منذ,35.56852,38.72303,سوريا,آبار القصير,آبار القصير,Unknown,"سوريا, آبار القصير, آبار القصير"
25.01.2025,تم رصد صواريخ كورية شمالية عيار 122 ملم متخفية في شكل شاحنات مدنية في روسيا، على جبهة كورسك. هذه هي المرة الأولى التي يتم فيها رصد صواريخ كورية شمالية عيار 122 ملم في روسيا,https://syria.liveuamap.com/ar/2025/23-january-08-north-korean-122mm-mlrs-disguised-as-civilian,22731640,1 الشهر منذ,51.34748,35.4419,روسيا,Unknown,Unknown,Unknown,روسيا
26.01.2025,قصف تركي على محيط بلدة أبو راسين بريف الحسكة,https://syria.liveuamap.com/ar/2025/27-january-10-turkish-shelling-in-the-vicinity-of-the-town,22732577,1 الشهر منذ,36.84306,40.3157,سوريا,أبو راسين,أبو راسين,Unknown,"سوريا, أبو راسين, أبو راسين"
26.01.2025,مصادر سورية: وقفة احتجاجية لمدنيين أمام مبنى قيادة الشرطة في القنيطرة رفضا للتوغل الإسرائيلي في جنوب سوريا,https://syria.liveuamap.com/ar/2025/27-january-10-civilians-protest-in-front-of-the-police-headquarters,22732580,1 الشهر منذ,33.12531,35.8247,سوريا,القنيطرة,Unknown,7,"سوريا, القنيطرة, 7"
26.01.2025,دمشق : قـ.ـائد الإدارة السورية الجديدة أحمد الشرع ووزير الخارجية أسعد الشيباني ورئيس جهاز الاسـ.ـتخبارات العامة أنس خطاب في حكومة تصريف الأعمال السورية يستقبلون وفد الجمهورية التركية برئاسة إبراهيم قالن رئيس جهاز الاسـ.ـتخبارات التركية,https://syria.liveuamap.com/ar/2025/26-january-17-damascus-leader-of-the-new-syrian-administration,22732471,1 الشهر منذ,33.51767,36.2519,سوريا,بلدية دمر,حي دمر الغربية,طريق بيروت,"سوريا, بلدية دمر, حي دمر الغربية, طريق بيروت"
26.01.2025,تمكنت قيادة شرطة حماة من إلقاء القبض على تاجر مخدرات، وضبطت كمية كبيرة من الحبوب المخدرة بحوزته. حماة سوريا,https://syria.liveuamap.com/ar/2025/26-january-16-hama-police-command-managed-to-arrest-a-drug,22732360,1 الشهر منذ,35.12723,36.74872,سوريا,حماة,Unknown,Unknown,"سوريا, حماة"
26.01.2025,توثيق أسماء مصابي قصف  للمحتجين على سد تشرينعرض المزيد (  وكالة أنباء هاوار ANHA    لحظة بلحظة عبر الواتس اب,https://syria.liveuamap.com/ar/2025/26-january-16-several-injured-in-the-bombing-of-protesters,22732359,1 الشهر منذ,36.37976,38.17397,سوريا,مدينة سدّ تشرين,Housing complex,سد تشرين,"سوريا, مدينة سدّ تشرين, Housing complex, سد تشرين"
26.01.2025,وحدات مدفعية تابعة للقوات المسلحة التركية تقصف أهدافاً لقوات سوريا الديمقراطية على خط عين عيسى شمال الرقة,https://syria.liveuamap.com/ar/2025/26-january-16-turkish-armed-forces-artillery-units-hit-sdf,22732345,1 الشهر منذ,36.39032,38.88216,سوريا,عين عيسى,عين عيسى,Unknown,"سوريا, عين عيسى, عين عيسى"
26.01.2025,الطيران المروحي السوري يشارك في عمليات الأمن العام لتمشيط محافظة طرطوس  فيديو,https://syria.liveuamap.com/ar/2025/26-january-16-syrian-helicopters-participate-in-public-security,22732346,1 الشهر منذ,34.89197,35.88341,سوريا,طرطوس,Unknown,Unknown,"سوريا, طرطوس"
26.01.2025,أفادت تقارير أن قوات سوريا الديمقراطية استولت على مدفعين من طراز M-46 وصاروخ غراد وسيارة من الجيش السوري الحر في ريف منبج. ويشير نمط التمويه إلى أن هذه المدافع تم التخلي عنها مؤخرًا بعد انهيار نظام الأسد.,https://syria.liveuamap.com/ar/2025/26-january-15-the-sdf-reportedly-captured-2-m46-howitzers,22732355,1 الشهر منذ,36.39777,38.15655,سوريا,قشلة يوسف باشا,قشلة يوسف باشا,Unknown,"سوريا, قشلة يوسف باشا, قشلة يوسف باشا"
26.01.2025,وقفة احتجاجية في مدينة إدلب تطالب برفع العقوبات الدولية عن سورياتصوير: راميا الأخرس,https://syria.liveuamap.com/ar/2025/26-january-13-protest-in-idlib-city-demanding-lifting-international,22732432,1 الشهر منذ,35.92908,36.63237,سوريا,إدلب,Unknown,شارع الجلاء,"سوريا, إدلب, شارع الجلاء"
26.01.2025,"وزارة الداخلية السورية: الإدارة العامة لأمن الحدود تضبط شحنة أسلحة متجهة إلى ""حزب الله"" اللبناني عبر طرقات التهريب في مدينة سرغايا بريف دمشق",https://syria.liveuamap.com/ar/2025/26-january-08-syrian-ministry-of-interior-the-general-administration,22732282,1 الشهر منذ,33.80668,36.15738,سوريا,سرغايا,سرغايا,Unknown,"سوريا, سرغايا, سرغايا"
26.01.2025,طائرات حربية تركية تقصف أهدافاً لقوات سوريا الديمقراطية في جبل الرمانة شرقي منبج,https://syria.liveuamap.com/ar/2025/25-january-12-turkish-warplanes-strike-sdf-targets-in-ramaneh,22732113,1 الشهر منذ,36.39681,38.12187,سوريا,خربة تويني,خربة تويني,Unknown,"سوريا, خربة تويني, خربة تويني"
26.01.2025,قال مدير مخيم الهول، جيهان حنان، إن السلطات الكردية التي تدير معسكرًا مترامي الأطراف للسجناء المرتبطين بتنظيم الدولة الإسلامية في شمال شرق سوريا تستعد لأول عودة على الإطلاق للمحتجزين إلى المناطق السورية، وهي الخطوة التي أتاحها سقوط نظام الأسد. وقالت مديرة مخيم الهول، جيهان حنان، إن الاستعدادات جارية للعودة الطوعية لـ 66 عائلة من مدينة الخيام الضخمة، حيث الغالبية العظمى من النزلاء من النساء والأطفال، إلى مناطق داخل سوريا.,https://syria.liveuamap.com/ar/2025/25-january-07-kurdishled-authorities-who-run-a-sprawling,22732011,1 الشهر منذ,36.37332,41.13676,سوريا,Unknown,Unknown,Unknown,سوريا
26.01.2025,الطيران الحربي التركي يستهدف نقاط لميليشيا قوات سوريا الديمقراطية قسد قرب قرية شاش البوبنا في جوار سد تشرين بريف منبج,https://syria.liveuamap.com/ar/2025/24-january-15-turkish-warplanes-target-points-of-the-syrian,22731900,1 الشهر منذ,36.33603,38.1603,سوريا,خربة خالد,خربة خالد,Unknown,"سوريا, خربة خالد, خربة خالد"
26.01.2025,إعلام سوري: غارات جوية تركية على منطقة منبج بريف حلب,https://syria.liveuamap.com/ar/2025/24-january-14-syrian-media-turkish-air-strikes-on-manbij,22731893,1 الشهر منذ,36.39184,38.13389,سوريا,خربة تويني,خربة تويني,Unknown,"سوريا, خربة تويني, خربة تويني"
26.01.2025,صور لبعض الغارات الجوية التي شنتها الطائرات التركية F-16 على مواقع ميليشيا «قسد» SDF قبل قليل في محيط جسر قراقوزاق جنوبي مدينة عين العرب/كوباني,https://syria.liveuamap.com/ar/2025/24-january-13-pictures-of-some-of-the-airstrikes-launched,22731882,1 الشهر منذ,36.63755,38.21732,سوريا,جولان,جولان,طريق سوريا,"سوريا, جولان, جولان, طريق سوريا"
26.01.2025,غارات جوية جديدة تستهدف مواقع ميليشيا «قسد» SDF جنوب مدينة عين العرب/كوباني,https://syria.liveuamap.com/ar/2025/24-january-12-new-airstrikes-target-sdf-militia-sites-south,22731887,1 الشهر منذ,36.75037,38.28461,سوريا,Unknown,Unknown,Unknown,سوريا
26.01.2025,الجيش السوري الوطني يستهدف مواقع ميليشيا «قسد» SDF في محيط سد تشرين بالمدفعية الثقيلة.  Tishreen_Dam Tişrin Tishrin,https://syria.liveuamap.com/ar/2025/24-january-11-turkishbacked-factions-targeted-the-positions,22731858,1 الشهر منذ,36.39101,38.16616,سوريا,مدينة سدّ تشرين,Housing complex,Unknown,"سوريا, مدينة سدّ تشرين, Housing complex"
26.01.2025,وزير الخارجية السعودي فيصل بن فرحان يصل إلى قصر الشعب في دمشق,https://syria.liveuamap.com/ar/2025/24-january-10-saudi-foreign-minister-faisal-bin-farhan-arrives,22731847,1 الشهر منذ,33.51605,36.25128,سوريا,بلدية دمر,حي دمر الغربية,Unknown,"سوريا, بلدية دمر, حي دمر الغربية"
26.01.2025,سماع دوي انفجار في مدينة الطبقة بريف الرقة الغربي,https://syria.liveuamap.com/ar/2025/23-january-20-explosion-heard-in-tabqa-city-in-western-raqqa,22731714,1 الشهر منذ,35.83783,38.52356,سوريا,الثورة,المشيرفة,Unknown,"سوريا, الثورة, المشيرفة"
26.01.2025,المكتب الإعلامي في وزارة الداخلية: بعد الرصد وال تمكنت مديرية أمن حلب بالتعاون مع جهاز الاستخبارات العامة من اكتشاف سيارة مفخخة كانت في طريقها إلى مدينة حلب. و أفادت  أن السيارة كانت قادمة من مناطق تسيطر عليها قوات (قسد)، حيث تم رصدها قبل دخولها إلى المناطق الآمنة,https://syria.liveuamap.com/ar/2025/23-january-20-media-office-of-the-ministry-of-interior-after,22731721,1 الشهر منذ,36.18548,37.16263,سوريا,حلب,حي الصالحين,Unknown,"سوريا, حلب, حي الصالحين"
26.01.2025,قوات إدارة العمليات تبسط سيطرتها على منطقة الرصافة جنوب المنصورة في ريف الرقة الجنوبيThe Operations Forces take full control over the AlRasafa area south of AlMansoura in the southern countryside of Raqqa,https://syria.liveuamap.com/ar/2025/23-january-20-military-operations-forces-take-full-control,22731727,1 الشهر منذ,35.6252,38.75771,سوريا,Al Resafa,Al Resafa,Unknown,"سوريا, Al Resafa, Al Resafa"
26.01.2025,وصف وزير الخارجية العراقي فؤاد حسين هجوم أنقرة على قوات سوريا الديمقراطية بالخطير,https://syria.liveuamap.com/ar/2025/23-january-19-iraqi-foreign-minister-fuad-hussein-described,22731708,1 الشهر منذ,33.31143,44.39318,العراق,بغداد,Unknown,شارع 14 تموز,"العراق, بغداد, شارع 14 تموز"
26.01.2025,قوات سوريا الديمقراطية تستهدف مواقع الفصائل المسلحة المدعومة من تركيا براجمة الصواريخ في منطقة حبوبة الصغيرة ومحطة معالجة المياه الخفسة على جبهة دير حافر,https://syria.liveuamap.com/ar/2025/23-january-19-sdf-are-targeting-turkishbacked-armed-groups,22731725,1 الشهر منذ,36.08882,37.98599,سوريا,الحمرة,الحمرة,Unknown,"سوريا, الحمرة, الحمرة"
26.01.2025,وكالة سانا: الاجتماع ناقش آلية ضبط الحدود بين سوريا و لبنان,https://syria.liveuamap.com/ar/2025/23-january-18-sana-officials-at-the-meeting-discussed-the,22731710,1 الشهر منذ,33.514,36.27798,سوريا,بلدية المهاجرين,حي أبو رمانة,مهدي بن بركة,"سوريا, بلدية المهاجرين, حي أبو رمانة, مهدي بن بركة"
26.01.2025,انفجار سيارة ملغمة قرب المشفى الوطني في وسط منبج شرقي حلب     نيو_ميديا_سوريا,https://syria.liveuamap.com/ar/2025/23-january-17-a-car-bomb-exploded-near-the-national-hospital,22731713,1 الشهر منذ,36.52462,37.9409,سوريا,منبج,الحواتمة,Unknown,"سوريا, منبج, الحواتمة"
26.01.2025,"أحمد الشرع:  سوريا مستعدة للتعاون مع تركيا في مكافحة الإرهاب بمناطق ""الميليشيات الانفصالية""",https://syria.liveuamap.com/ar/2025/23-january-16-ahmed-alsharaa-syria-is-ready-to-cooperate,22731648,1 الشهر منذ,33.51719,36.25008,سوريا,بلدية دمر,حي دمر الغربية,طريق بيروت,"سوريا, بلدية دمر, حي دمر الغربية, طريق بيروت"
26.01.2025,وزير خارجية العراق: قوات سوريا الديمقراطية تسيطر على قرابة 26 سجنا لعناصر داعش,https://syria.liveuamap.com/ar/2025/23-january-15-iraqi-foreign-minister-syrian-democratic-forces,22731711,1 الشهر منذ,33.31172,44.39472,العراق,بغداد,Unknown,شارع المسعودي,"العراق, بغداد, شارع المسعودي"
26.01.2025,قائد الإدارة السورية الجديدة: وحدات حماية الشعب الكردية وحدها لم تلب دعوتنا لحصر السلاح بيد السلطة,https://syria.liveuamap.com/ar/2025/23-january-14-leader-of-the-new-syrian-administration-the,22731638,1 الشهر منذ,33.51534,36.26862,سوريا,بلدية المهاجرين,حي المالكي,طريق بيروت,"سوريا, بلدية المهاجرين, حي المالكي, طريق بيروت"
26.01.2025,أعلنت الإدارة الذاتية أنها ستسمح للسوريين المقيمين في مخيم الهول بالعودة الطوعية إلى مناطقهم,https://syria.liveuamap.com/ar/2025/23-january-14-the-aanes-announced-that-it-would-allow-syrians,22731634,1 الشهر منذ,36.37056,41.13539,سوريا,Unknown,Unknown,Unknown,سوريا
26.01.2025,وزير الخارجية العراقي من دافوس: هجوم تركيا على قسد في شمالي سوريا سيكون خطيرا,https://syria.liveuamap.com/ar/2025/23-january-13-iraqi-foreign-minister-from-davos-trkiyes,22731631,1 الشهر منذ,46.80206,9.83551,سويسرا,دافوس,Davos Dorf,Promenade,"سويسرا, دافوس, Davos Dorf, Promenade"
27.01.2025,جنوب سورية: ضبطت الجمارك 7 ملايين حبة كبتاغون على معبر نصيب الحدودي مع الأردن، كانت الحبوب مخبأة بعناية داخل بسكويت، وتم إلقاء القبض على سائق وموظفي مكتب السفر الذي كانت تجهز فيه الشحنة والذي داهمته القوى الأمنية.,https://syria.liveuamap.com/ar/2025/28-january-10-south-syria-the-customs-seized-7-million-captagon,22732842,1 الشهر منذ,32.53102,36.20184,سوريا,نصيب,نصيب,Unknown,"سوريا, نصيب, نصيب"
27.01.2025,طائرات حربية تركية تقصف أهدافاً لقوات سوريا الديمقراطية على خط صرين جنوب كوباني/عين العرب,https://syria.liveuamap.com/ar/2025/28-january-10-turkish-warplanes-strike-sdf-targets-on-the,22732840,1 الشهر منذ,36.60612,38.29216,سوريا,خربة البرج,خربة البرج,Unknown,"سوريا, خربة البرج, خربة البرج"
27.01.2025,وسائل إعلام روسية: وفد روسي رفيع يصل إلى دمشق لأول مرة منذ سقوط نظام الأسد,https://syria.liveuamap.com/ar/2025/28-january-09-russian-media-a-highranking-russian-delegation,22732819,1 الشهر منذ,33.51163,36.27445,سوريا,بلدية المزة,حي الربوة,‫عمر بن عبد العزيز‬‎,"سوريا, بلدية المزة, حي الربوة, ‫عمر بن عبد العزيز‬‎"
27.01.2025,"قسد تعتقل الناشط الإعلامي ""ثامر الشحاذة"" خلال حملة مداهمات نفذتها فجر اليوم في بلدة الشعفة بريف ديرالزور الشرقي.",https://syria.liveuamap.com/ar/2025/28-january-09-sdf-arrests-media-activist-thamer-alshahadah,22732821,1 الشهر منذ,34.57159,40.93163,سوريا,الشعفة,الشعفة,Unknown,"سوريا, الشعفة, الشعفة"
27.01.2025,احتجاجات الأهالي على سد تشرين مستمرة لليوم 21 على التواليعرض المزيد (  وكالة أنباء هاوار ANHA    لحظة بلحظة عبر الواتس اب,https://syria.liveuamap.com/ar/2025/28-january-08-protests-by-residents-against-tishreen-dam,22732881,1 الشهر منذ,36.38107,38.17938,سوريا,مدينة سدّ تشرين,Housing complex,سد تشرين,"سوريا, مدينة سدّ تشرين, Housing complex, سد تشرين"
27.01.2025,قالت نائبة رئيسة المفوضية الأوروبية كايا كالاس إن وزراء خارجية الاتحاد الأوروبي اتفقوا على خارطة طريق لتخفيف العقوبات على سوريا,https://syria.liveuamap.com/ar/2025/27-january-16-european-commission-vice-president-kaja-kallas,22732631,1 الشهر منذ,50.83886,4.37509,بلجيكا,بروكسل,Unknown,Rue Wiertz - Wiertzstraat,"بلجيكا, بروكسل, Rue Wiertz - Wiertzstraat"
27.01.2025,طائرة حربية تركية F16 تستهدف مواقع ميليشيا قسد على التلال القريبة من سد تشرين في ريف منبج بعدة غارات جوية .منبج حلب سوريا,https://syria.liveuamap.com/ar/2025/27-january-15-a-turkish-f16-warplane-targets-the-positions,22732618,1 الشهر منذ,36.33217,38.13011,سوريا,خربة زمالة,خربة زمالة,Unknown,"سوريا, خربة زمالة, خربة زمالة"
27.01.2025,قصف تركي على محيط بلدة أبو راسين بريف الحسكة,https://syria.liveuamap.com/ar/2025/27-january-10-turkish-shelling-in-the-vicinity-of-the-town,22732577,1 الشهر منذ,36.84306,40.3157,سوريا,أبو راسين,أبو راسين,Unknown,"سوريا, أبو راسين, أبو راسين"
27.01.2025,مصادر سورية: وقفة احتجاجية لمدنيين أمام مبنى قيادة الشرطة في القنيطرة رفضا للتوغل الإسرائيلي في جنوب سوريا,https://syria.liveuamap.com/ar/2025/27-january-10-civilians-protest-in-front-of-the-police-headquarters,22732580,1 الشهر منذ,33.12531,35.8247,سوريا,القنيطرة,Unknown,7,"سوريا, القنيطرة, 7"
27.01.2025,دمشق : قـ.ـائد الإدارة السورية الجديدة أحمد الشرع ووزير الخارجية أسعد الشيباني ورئيس جهاز الاسـ.ـتخبارات العامة أنس خطاب في حكومة تصريف الأعمال السورية يستقبلون وفد الجمهورية التركية برئاسة إبراهيم قالن رئيس جهاز الاسـ.ـتخبارات التركية,https://syria.liveuamap.com/ar/2025/26-january-17-damascus-leader-of-the-new-syrian-administration,22732471,1 الشهر منذ,33.51767,36.2519,سوريا,بلدية دمر,حي دمر الغربية,طريق بيروت,"سوريا, بلدية دمر, حي دمر الغربية, طريق بيروت"
27.01.2025,تمكنت قيادة شرطة حماة من إلقاء القبض على تاجر مخدرات، وضبطت كمية كبيرة من الحبوب المخدرة بحوزته. حماة سوريا,https://syria.liveuamap.com/ar/2025/26-january-16-hama-police-command-managed-to-arrest-a-drug,22732360,1 الشهر منذ,35.12723,36.74872,سوريا,حماة,Unknown,Unknown,"سوريا, حماة"
27.01.2025,توثيق أسماء مصابي قصف  للمحتجين على سد تشرينعرض المزيد (  وكالة أنباء هاوار ANHA    لحظة بلحظة عبر الواتس اب,https://syria.liveuamap.com/ar/2025/26-january-16-several-injured-in-the-bombing-of-protesters,22732359,1 الشهر منذ,36.37976,38.17397,سوريا,مدينة سدّ تشرين,Housing complex,سد تشرين,"سوريا, مدينة سدّ تشرين, Housing complex, سد تشرين"
27.01.2025,وحدات مدفعية تابعة للقوات المسلحة التركية تقصف أهدافاً لقوات سوريا الديمقراطية على خط عين عيسى شمال الرقة,https://syria.liveuamap.com/ar/2025/26-january-16-turkish-armed-forces-artillery-units-hit-sdf,22732345,1 الشهر منذ,36.39032,38.88216,سوريا,عين عيسى,عين عيسى,Unknown,"سوريا, عين عيسى, عين عيسى"
27.01.2025,الطيران المروحي السوري يشارك في عمليات الأمن العام لتمشيط محافظة طرطوس  فيديو,https://syria.liveuamap.com/ar/2025/26-january-16-syrian-helicopters-participate-in-public-security,22732346,1 الشهر منذ,34.89197,35.88341,سوريا,طرطوس,Unknown,Unknown,"سوريا, طرطوس"
27.01.2025,أفادت تقارير أن قوات سوريا الديمقراطية استولت على مدفعين من طراز M-46 وصاروخ غراد وسيارة من الجيش السوري الحر في ريف منبج. ويشير نمط التمويه إلى أن هذه المدافع تم التخلي عنها مؤخرًا بعد انهيار نظام الأسد.,https://syria.liveuamap.com/ar/2025/26-january-15-the-sdf-reportedly-captured-2-m46-howitzers,22732355,1 الشهر منذ,36.39777,38.15655,سوريا,قشلة يوسف باشا,قشلة يوسف باشا,Unknown,"سوريا, قشلة يوسف باشا, قشلة يوسف باشا"
27.01.2025,وقفة احتجاجية في مدينة إدلب تطالب برفع العقوبات الدولية عن سورياتصوير: راميا الأخرس,https://syria.liveuamap.com/ar/2025/26-january-13-protest-in-idlib-city-demanding-lifting-international,22732432,1 الشهر منذ,35.92908,36.63237,سوريا,إدلب,Unknown,شارع الجلاء,"سوريا, إدلب, شارع الجلاء"
27.01.2025,"وزارة الداخلية السورية: الإدارة العامة لأمن الحدود تضبط شحنة أسلحة متجهة إلى ""حزب الله"" اللبناني عبر طرقات التهريب في مدينة سرغايا بريف دمشق",https://syria.liveuamap.com/ar/2025/26-january-08-syrian-ministry-of-interior-the-general-administration,22732282,1 الشهر منذ,33.80668,36.15738,سوريا,سرغايا,سرغايا,Unknown,"سوريا, سرغايا, سرغايا"
27.01.2025,طائرات حربية تركية تقصف أهدافاً لقوات سوريا الديمقراطية في جبل الرمانة شرقي منبج,https://syria.liveuamap.com/ar/2025/25-january-12-turkish-warplanes-strike-sdf-targets-in-ramaneh,22732113,1 الشهر منذ,36.39681,38.12187,سوريا,خربة تويني,خربة تويني,Unknown,"سوريا, خربة تويني, خربة تويني"
27.01.2025,قال مدير مخيم الهول، جيهان حنان، إن السلطات الكردية التي تدير معسكرًا مترامي الأطراف للسجناء المرتبطين بتنظيم الدولة الإسلامية في شمال شرق سوريا تستعد لأول عودة على الإطلاق للمحتجزين إلى المناطق السورية، وهي الخطوة التي أتاحها سقوط نظام الأسد. وقالت مديرة مخيم الهول، جيهان حنان، إن الاستعدادات جارية للعودة الطوعية لـ 66 عائلة من مدينة الخيام الضخمة، حيث الغالبية العظمى من النزلاء من النساء والأطفال، إلى مناطق داخل سوريا.,https://syria.liveuamap.com/ar/2025/25-january-07-kurdishled-authorities-who-run-a-sprawling,22732011,1 الشهر منذ,36.37332,41.13676,سوريا,Unknown,Unknown,Unknown,سوريا
27.01.2025,الطيران الحربي التركي يستهدف نقاط لميليشيا قوات سوريا الديمقراطية قسد قرب قرية شاش البوبنا في جوار سد تشرين بريف منبج,https://syria.liveuamap.com/ar/2025/24-january-15-turkish-warplanes-target-points-of-the-syrian,22731900,1 الشهر منذ,36.33603,38.1603,سوريا,خربة خالد,خربة خالد,Unknown,"سوريا, خربة خالد, خربة خالد"
27.01.2025,إعلام سوري: غارات جوية تركية على منطقة منبج بريف حلب,https://syria.liveuamap.com/ar/2025/24-january-14-syrian-media-turkish-air-strikes-on-manbij,22731893,1 الشهر منذ,36.39184,38.13389,سوريا,خربة تويني,خربة تويني,Unknown,"سوريا, خربة تويني, خربة تويني"
27.01.2025,صور لبعض الغارات الجوية التي شنتها الطائرات التركية F-16 على مواقع ميليشيا «قسد» SDF قبل قليل في محيط جسر قراقوزاق جنوبي مدينة عين العرب/كوباني,https://syria.liveuamap.com/ar/2025/24-january-13-pictures-of-some-of-the-airstrikes-launched,22731882,1 الشهر منذ,36.63755,38.21732,سوريا,جولان,جولان,طريق سوريا,"سوريا, جولان, جولان, طريق سوريا"
27.01.2025,غارات جوية جديدة تستهدف مواقع ميليشيا «قسد» SDF جنوب مدينة عين العرب/كوباني,https://syria.liveuamap.com/ar/2025/24-january-12-new-airstrikes-target-sdf-militia-sites-south,22731887,1 الشهر منذ,36.75037,38.28461,سوريا,Unknown,Unknown,Unknown,سوريا
27.01.2025,الجيش السوري الوطني يستهدف مواقع ميليشيا «قسد» SDF في محيط سد تشرين بالمدفعية الثقيلة.  Tishreen_Dam Tişrin Tishrin,https://syria.liveuamap.com/ar/2025/24-january-11-turkishbacked-factions-targeted-the-positions,22731858,1 الشهر منذ,36.39101,38.16616,سوريا,مدينة سدّ تشرين,Housing complex,Unknown,"سوريا, مدينة سدّ تشرين, Housing complex"
27.01.2025,وزير الخارجية السعودي فيصل بن فرحان يصل إلى قصر الشعب في دمشق,https://syria.liveuamap.com/ar/2025/24-january-10-saudi-foreign-minister-faisal-bin-farhan-arrives,22731847,1 الشهر منذ,33.51605,36.25128,سوريا,بلدية دمر,حي دمر الغربية,Unknown,"سوريا, بلدية دمر, حي دمر الغربية"
27.01.2025,سماع دوي انفجار في مدينة الطبقة بريف الرقة الغربي,https://syria.liveuamap.com/ar/2025/23-january-20-explosion-heard-in-tabqa-city-in-western-raqqa,22731714,1 الشهر منذ,35.83783,38.52356,سوريا,الثورة,المشيرفة,Unknown,"سوريا, الثورة, المشيرفة"
27.01.2025,المكتب الإعلامي في وزارة الداخلية: بعد الرصد وال تمكنت مديرية أمن حلب بالتعاون مع جهاز الاستخبارات العامة من اكتشاف سيارة مفخخة كانت في طريقها إلى مدينة حلب. و أفادت  أن السيارة كانت قادمة من مناطق تسيطر عليها قوات (قسد)، حيث تم رصدها قبل دخولها إلى المناطق الآمنة,https://syria.liveuamap.com/ar/2025/23-january-20-media-office-of-the-ministry-of-interior-after,22731721,1 الشهر منذ,36.18548,37.16263,سوريا,حلب,حي الصالحين,Unknown,"سوريا, حلب, حي الصالحين"
27.01.2025,قوات إدارة العمليات تبسط سيطرتها على منطقة الرصافة جنوب المنصورة في ريف الرقة الجنوبيThe Operations Forces take full control over the AlRasafa area south of AlMansoura in the southern countryside of Raqqa,https://syria.liveuamap.com/ar/2025/23-january-20-military-operations-forces-take-full-control,22731727,1 الشهر منذ,35.6252,38.75771,سوريا,Al Resafa,Al Resafa,Unknown,"سوريا, Al Resafa, Al Resafa"
27.01.2025,وصف وزير الخارجية العراقي فؤاد حسين هجوم أنقرة على قوات سوريا الديمقراطية بالخطير,https://syria.liveuamap.com/ar/2025/23-january-19-iraqi-foreign-minister-fuad-hussein-described,22731708,1 الشهر منذ,33.31143,44.39318,العراق,بغداد,Unknown,شارع 14 تموز,"العراق, بغداد, شارع 14 تموز"
27.01.2025,قوات سوريا الديمقراطية تستهدف مواقع الفصائل المسلحة المدعومة من تركيا براجمة الصواريخ في منطقة حبوبة الصغيرة ومحطة معالجة المياه الخفسة على جبهة دير حافر,https://syria.liveuamap.com/ar/2025/23-january-19-sdf-are-targeting-turkishbacked-armed-groups,22731725,1 الشهر منذ,36.08882,37.98599,سوريا,الحمرة,الحمرة,Unknown,"سوريا, الحمرة, الحمرة"
28.01.2025,صور من فعاليات مؤتمر إعلان انتصار الثورة السورية وتنصيب الشرع رئيساً للبلاد,https://syria.liveuamap.com/ar/2025/29-january-18-pictures-from-the-activities-of-the-conference,22733198,1 الشهر منذ,33.51824,36.25265,سوريا,بلدية دمر,حي دمر الغربية,طريق بيروت,"سوريا, بلدية دمر, حي دمر الغربية, طريق بيروت"
28.01.2025,"العقيد حسن عبد الغني : نعلن تولية السيد القائد ""أحمد الشرع"" رئاسة البلاد في المرحلة الانتقالية، ويقوم بمهام رئاسة الجمهورية العربية السورية، ويمثلها في المحافل الدولية  مؤتمر_النصر",https://syria.liveuamap.com/ar/2025/29-january-18-colonel-hassan-abdul-ghani-we-announce-the,22733196,1 الشهر منذ,33.51704,36.25117,سوريا,بلدية دمر,حي دمر الغربية,طريق بيروت,"سوريا, بلدية دمر, حي دمر الغربية, طريق بيروت"
28.01.2025,العقيد حسن عبد الغني: نعلن حل حزب البعث العربي الاشتراكي، وأحزاب الجبهة الوطنية التقدمية، وما يتبع لها من منظمات ومؤسسات ولجان، ويحظر إعادة تشكيلها تحت أي اسم آخر، على أن تعود جميع أصولها إلى الدولة السورية   مؤتمر_النصر,https://syria.liveuamap.com/ar/2025/29-january-18-colonel-hassan-abdul-ghani-we-announce-the,22733195,1 الشهر منذ,33.51704,36.25117,سوريا,بلدية دمر,حي دمر الغربية,طريق بيروت,"سوريا, بلدية دمر, حي دمر الغربية, طريق بيروت"
28.01.2025,تنصيب أحمد الشرع رئيساً للجمهورية العربية السورية  للمرحلة الانتقالية وحل الأجهزة الأمنية وحزب البعث والجيش و مجلس الشعب,https://syria.liveuamap.com/ar/2025/29-january-18-inauguration-of-ahmed-alsharaa-as-president,22733194,1 الشهر منذ,33.51709,36.25295,سوريا,بلدية دمر,حي دمر الغربية,Unknown,"سوريا, بلدية دمر, حي دمر الغربية"
28.01.2025,الناطق باسم إدارة العمليات العسكرية العقيد حسن عبد الغني: نعلن انتصار الثورة السورية العظيمة، واعتبار الثامن من كانون الأول من كل عام يوماً وطنياً.  مؤتمر_النصر,https://syria.liveuamap.com/ar/2025/29-january-18-spokesman-for-the-military-operations-department,22733197,1 الشهر منذ,33.51642,36.25223,سوريا,بلدية دمر,حي دمر الغربية,طريق بيروت,"سوريا, بلدية دمر, حي دمر الغربية, طريق بيروت"
28.01.2025,العقيد حسن عبد الغني: نعلن حل جميع الأجهزة الأمنية التابعة للنظام البائد، بفروعها وتسمياتها المختلفة، وجميع الميليشيات التي أنشأها، وتشكيل مؤسسة أمنية جديدة تحفظ أمن المواطنين   مؤتمر_النصر,https://syria.liveuamap.com/ar/2025/29-january-18-colonel-hassan-abdul-ghani-we-announce-the,22733193,1 الشهر منذ,33.51704,36.25117,سوريا,بلدية دمر,حي دمر الغربية,طريق بيروت,"سوريا, بلدية دمر, حي دمر الغربية, طريق بيروت"
28.01.2025,سوريا : تمديد الفترة الانتقالية ثلاثة أشهر أخرى,https://syria.liveuamap.com/ar/2025/29-january-18-syria-transitional-period-extended-for-another,22733192,1 الشهر منذ,33.51883,36.25141,سوريا,بلدية دمر,حي دمر الغربية,Unknown,"سوريا, بلدية دمر, حي دمر الغربية"
28.01.2025,القائد العسكري أحمد عيسى الشيخ: يجب أن نعمل لكي نبني سوريا الجديدة ولن يكون ذلك إلا بالتكاتف والتراحم والتعاطف وأن نكون كالجسد الواحد.  مؤتمر_النصر,https://syria.liveuamap.com/ar/2025/29-january-18-military-commander-ahmed-issa-alsheikh-we-must,22733190,1 الشهر منذ,33.51754,36.25276,سوريا,بلدية دمر,حي دمر الغربية,طريق بيروت,"سوريا, بلدية دمر, حي دمر الغربية, طريق بيروت"
28.01.2025,وزير الخارجية السوري: سنستمر في تعزيز علاقات سوريا مع الدول المجاورة,https://syria.liveuamap.com/ar/2025/29-january-17-syrian-foreign-minister-we-will-continue-to,22733188,1 الشهر منذ,33.51476,36.25313,سوريا,بلدية دمر,حي دمر الغربية,Unknown,"سوريا, بلدية دمر, حي دمر الغربية"
28.01.2025,وزير الخارجية السوري: في المنطقة العربية على وجه الخصوص تعاني منطقتنا من إرث مثقل بالصراعات، وسنحاول في سياستنا الخارجية العمل على تخفيف هذا التوتر وإرساء السلام، حتى تتمكن سورية من قيادة دور فعال في هذا المسعى.,https://syria.liveuamap.com/ar/2025/29-january-17-syrian-foreign-minister-in-the-arab-region,22733187,1 الشهر منذ,33.51466,36.25363,سوريا,بلدية دمر,حي دمر الغربية,شارع 7 نيسان,"سوريا, بلدية دمر, حي دمر الغربية, شارع 7 نيسان"
28.01.2025,وزير الخارجية أسعد الشيباني: نجحنا في رسم هوية سورية لائقة تعبر عن تطلعات شعبنا، وتؤسس لبلد يقوم على الحرية والعدل والكرامة، ويشعر فيه الجميع بحب الوطن والانتماء والبذل والتضحية.  مؤتمر_النصر,https://syria.liveuamap.com/ar/1970/1-january-00-foreign-minister-asaad-alsheibani-we-have-succeeded,22733185,1 الشهر منذ,33.51535,36.2578,سوريا,بلدية المزة,حي الربوة,طريق بيروت,"سوريا, بلدية المزة, حي الربوة, طريق بيروت"
28.01.2025,اتفقت الفصائل العسكرية السورية على تعيين أحمد الشرع رئيسا للمرحلة الانتقالية، وفق ما أوردته قناة سكاي نيوز عربية.,https://syria.liveuamap.com/ar/2025/29-january-17-syrian-military-factions-have-agreed-to-appoint,22733184,1 الشهر منذ,33.51767,36.2519,سوريا,بلدية دمر,حي دمر الغربية,طريق بيروت,"سوريا, بلدية دمر, حي دمر الغربية, طريق بيروت"
28.01.2025,خطاب_النصر من داخل مؤتمر إعلان انتصار الثورة السورية وسط حضور موسع من فصائل إدارة العمليات العسكرية وقوى الثورة السورية,https://syria.liveuamap.com/ar/2025/29-january-17-victory-speech-from-inside-the-conference-announcing,22733186,1 الشهر منذ,33.51492,36.25351,سوريا,بلدية دمر,حي دمر الغربية,Unknown,"سوريا, بلدية دمر, حي دمر الغربية"
28.01.2025,طائرات تركية تقصف أهدافاً لقوات سوريا الديمقراطية على خط صرين جنوب عين العرب,https://syria.liveuamap.com/ar/2025/29-january-15-turkish-warplanes-strike-sdf-targets-on-the,22733173,1 الشهر منذ,36.64265,38.30194,سوريا,شيل,شيل,طريق سوريا,"سوريا, شيل, شيل, طريق سوريا"
28.01.2025,غارة جوية تركية على كوباني أدت إلى مقتل مدنيين وإصابة آخرين، وتسببت الغارة الجوية على مبنى سكني في انفجار مولد ديزل,https://syria.liveuamap.com/ar/2025/29-january-14-a-turkish-airstrike-on-kobane-killed-2-civilians,22733163,1 الشهر منذ,36.88648,38.35224,سوريا,عين العرب,مكتلة,Unknown,"سوريا, عين العرب, مكتلة"
28.01.2025,مباركة قيادة جيش سوريا الحرة للقائد أحمد الشرع بمناسبة إنتصار الثورة السورية.سانا,https://syria.liveuamap.com/ar/2025/29-january-14-syrian-leader-ahmed-sharaa-meets-with-usbacked,22733161,1 الشهر منذ,33.51762,36.25385,سوريا,بلدية دمر,حي دمر الغربية,طريق بيروت,"سوريا, بلدية دمر, حي دمر الغربية, طريق بيروت"
28.01.2025,مصادر خاصة لـ الإدارة السورية الجديدة تتجه نحو تأجيل المؤتمر الوطني,https://syria.liveuamap.com/ar/2025/29-january-13-syrian-administration-are-moving-towards-postponing,22733159,1 الشهر منذ,33.51162,36.29316,سوريا,بلدية القنوات,حي الحجاز,‫مسلم البارودي‬‎,"سوريا, بلدية القنوات, حي الحجاز, ‫مسلم البارودي‬‎"
28.01.2025,الطيران المسير التركي يستهدف مدينة عين العرب/كوباني بغارة جوية,https://syria.liveuamap.com/ar/2025/29-january-13-turkish-drones-target-ayn-alarabkobani-city,22733145,1 الشهر منذ,36.88739,38.35414,سوريا,عين العرب,مكتلة,Unknown,"سوريا, عين العرب, مكتلة"
28.01.2025,طائرات مسيرة تابعة للقوات المسلحة التركية تقصف أهدافاً لقوات سوريا الديمقراطية في مناطق تشرين - الطبقة - كرامة,https://syria.liveuamap.com/ar/2025/29-january-12-turkish-armed-forces-uavs-hit-sdf-targets-in,22733134,1 الشهر منذ,35.99185,38.5112,سوريا,Ghadban,Ghadban,Unknown,"سوريا, Ghadban, Ghadban"
28.01.2025,"أكد وزير الدفاع الإسرائيلي، يسرائيل_كاتس، ""أن القوات الإسرائيلية التي سيطرت على مواقع استراتيجية في جنوب سوريا بعد سقوط نظام بشار_الأسد ستبقى على جبل_الشيخ لأجل غير مسمى""",https://israelpalestine.liveuamap.com/ar/2025/29-january-12-israeli-defense-minister-israel-katz-confirmed,22733139,1 الشهر منذ,32.07612,34.78803,إسرائيل,تل أبيب – يافا,حدائق سارونا,Unknown,"إسرائيل, تل أبيب – يافا, حدائق سارونا"
28.01.2025,غارات جوية تركية عبر طائرة مسيرة تستهدف مقراً لقوات سوريا الديمقراطية في بلدة الكرامة شرقي الرقة,https://syria.liveuamap.com/ar/2025/29-january-12-turkish-airstrikes-by-a-drone-targeted-a-headquarters,22733147,1 الشهر منذ,35.86887,39.28213,سوريا,الكرامة,الكرامة,Unknown,"سوريا, الكرامة, الكرامة"
28.01.2025,ناقش وزير المالية السوري محمد أبازيد الوضع المالي لبلاده واحتمال تخفيف العقوبات في أول اجتماع له مع مسؤولي الاتحاد الأوروبي يوم الأربعاء,https://syria.liveuamap.com/ar/2025/29-january-10-syrian-finance-minister-mohammed-abazeed-discussed,22733103,1 الشهر منذ,33.52005,36.25574,سوريا,بلدية دمر,حي دمر الغربية,طريق بيروت,"سوريا, بلدية دمر, حي دمر الغربية, طريق بيروت"
28.01.2025,رويترز: الزعيم السوري أحمد الشرع طلب من موسكو تسليم بشار الأسد,https://syria.liveuamap.com/ar/2025/29-january-10-reuters-syrian-leader-ahmed-alsharaa-asked,22733102,1 الشهر منذ,33.5183,36.25144,سوريا,بلدية دمر,حي دمر الغربية,طريق بيروت,"سوريا, بلدية دمر, حي دمر الغربية, طريق بيروت"
28.01.2025,أهالي مدينة كوباني شمال سوريا يحتجون على استهداف تركيا للمدنيين في بلدة صرين والذي أدى إلى سقوط أكثر من 10 قتلى,https://syria.liveuamap.com/ar/2025/29-january-10-residents-in-kobani-city-in-northern-syria,22733099,1 الشهر منذ,36.88869,38.35167,سوريا,عين العرب,عين العرب,Unknown,"سوريا, عين العرب, عين العرب"
28.01.2025,غارة تركية بطائرة مسيرة على سوق خضار في بلدة صرين جنوب كوباني أدت إلى مقتل 8 مدنيين بينهم أطفال وإصابة 20 آخرين، مصادر طبية تؤكد وقوع إصابات خطيرة,https://syria.liveuamap.com/ar/2025/29-january-07-a-turkish-drone-strike-in-syria-on-a-vegetable,22733082,1 الشهر منذ,36.58903,38.29765,سوريا,صرين,صرين,Unknown,"سوريا, صرين, صرين"
28.01.2025,"أبلغ مسؤولون أميركيون كبار إسرائيل أن ترامب يريد سحب آلاف الجنود الأميركيين الموجودين حاليا في سوريا، بحسب ما أوردته هيئة الإذاعة الإسرائيلية العامة ""كان"".",https://syria.liveuamap.com/ar/2025/28-january-20-senior-us-officials-informed-israel-that-trump,22732987,1 الشهر منذ,38.8695,-77.05811,الولايات المتّحدة الأمريكيّة,Unknown,Unknown,Long Bridge Drive,"الولايات المتّحدة الأمريكيّة, Long Bridge Drive"
28.01.2025,وزير الخارجية القطري يناقش مع نظيره الأمريكي أخر التطورات في غزة وسوريا ولبنان,https://israelpalestine.liveuamap.com/ar/2025/28-january-15-qatari-foreign-minister-discusses-with-us-counterpart,22732921,1 الشهر منذ,25.34479,51.51921,قطر,الدوحة,عنيزة,نقا ام قرن,"قطر, الدوحة, عنيزة, نقا ام قرن"
28.01.2025,الطيران الحربي التركي يستهدف بغارات جوية مواقع ميليشيا قسد في محيط بلدة عين_عيسى شمال الرقة.,https://syria.liveuamap.com/ar/2025/28-january-14-turkish-warplanes-target-sdf-militia-positions,22732903,1 الشهر منذ,36.39558,38.84886,سوريا,Abu Soura,Abu Soura,طريق سوريا,"سوريا, Abu Soura, Abu Soura, طريق سوريا"
28.01.2025,وزير الدفاع الإسرائيلي: سنعمل ضد أي تهديد من سوريا,https://syria.liveuamap.com/ar/2025/28-january-14-israeli-defense-minister-we-will-act-against,22732905,1 الشهر منذ,32.0755,34.78775,إسرائيل,تل أبيب – يافا,حدائق سارونا,شاؤول هَميلِخ,"إسرائيل, تل أبيب – يافا, حدائق سارونا, شاؤول هَميلِخ"
28.01.2025,وزير الدفاع الإسرائيلي: لن نسمح بتمركز قوى  بالجنوب السوري,https://syria.liveuamap.com/ar/2025/28-january-14-israeli-defense-minister-we-will-not-allow,22732902,1 الشهر منذ,32.07487,34.78752,إسرائيل,تل أبيب – يافا,حدائق سارونا,شاؤول هَميلِخ,"إسرائيل, تل أبيب – يافا, حدائق سارونا, شاؤول هَميلِخ"
28.01.2025,Raqqa الرقة: غارة جوية للطيران التركي المسيّرة استهدفت مركزًا عسكريًا لقوات HAT التابعة لميليشيا «قسد» PKK/SDF  في مركز الأقطان شمال الرقة,https://syria.liveuamap.com/ar/2025/28-january-14-raqqa-a-turkish-drone-airstrike-targeted-a,22732901,1 الشهر منذ,36.00131,39.06189,سوريا,غرب جسر شانين,غرب جسر شانين,6,"سوريا, غرب جسر شانين, غرب جسر شانين, 6"
28.01.2025,استقبل الزعيم السوري الفعلي أحمد الشرع اليوم الثلاثاء رئيس الوزراء الفلسطيني محمد مصطفى في دمشق,https://syria.liveuamap.com/ar/2025/28-january-14-syrias-de-facto-leader-ahmed-alsharaa-on-tuesday,22732897,1 الشهر منذ,33.51767,36.2519,سوريا,بلدية دمر,حي دمر الغربية,طريق بيروت,"سوريا, بلدية دمر, حي دمر الغربية, طريق بيروت"
28.01.2025,غارة جوية للطيران التركي (F16) استهدفت وسط بلدة صرين.  Tishreen_Dam Tişrin Tishrin  Sarrin,https://syria.liveuamap.com/ar/2025/28-january-13-turkish-airstrike-f16-targeted-the-center-of,22732891,1 الشهر منذ,36.58726,38.2968,سوريا,صرين,صرين,Unknown,"سوريا, صرين, صرين"
28.01.2025,غارة جوية للطيران التركي استهدفت محطة الكهرباء داخل اللواء 93 في عين عيسى. بريف الرقة الشمالي,https://syria.liveuamap.com/ar/2025/28-january-12-turkish-airstrike-targeted-the-power-station,22732871,1 الشهر منذ,36.34899,38.82963,سوريا,فرحانية,فرحانية,Unknown,"سوريا, فرحانية, فرحانية"
28.01.2025,قصف مدفعي تركي على قرية زركان خلال الليل أدى إلى مقتل 3 مدنيين بينهم طفل وإصابة 8 مدنيين,https://syria.liveuamap.com/ar/2025/28-january-11-overnight-turkish-artillery-strikes-on-zirgan,22732873,1 الشهر منذ,36.84541,40.33098,سوريا,أبو راسين,أبو راسين,Unknown,"سوريا, أبو راسين, أبو راسين"
28.01.2025,جنوب سورية: ضبطت الجمارك 7 ملايين حبة كبتاغون على معبر نصيب الحدودي مع الأردن، كانت الحبوب مخبأة بعناية داخل بسكويت، وتم إلقاء القبض على سائق وموظفي مكتب السفر الذي كانت تجهز فيه الشحنة والذي داهمته القوى الأمنية.,https://syria.liveuamap.com/ar/2025/28-january-10-south-syria-the-customs-seized-7-million-captagon,22732842,1 الشهر منذ,32.53102,36.20184,سوريا,نصيب,نصيب,Unknown,"سوريا, نصيب, نصيب"
28.01.2025,طائرات حربية تركية تقصف أهدافاً لقوات سوريا الديمقراطية على خط صرين جنوب كوباني/عين العرب,https://syria.liveuamap.com/ar/2025/28-january-10-turkish-warplanes-strike-sdf-targets-on-the,22732840,1 الشهر منذ,36.60612,38.29216,سوريا,خربة البرج,خربة البرج,Unknown,"سوريا, خربة البرج, خربة البرج"
28.01.2025,وسائل إعلام روسية: وفد روسي رفيع يصل إلى دمشق لأول مرة منذ سقوط نظام الأسد,https://syria.liveuamap.com/ar/2025/28-january-09-russian-media-a-highranking-russian-delegation,22732819,1 الشهر منذ,33.51163,36.27445,سوريا,بلدية المزة,حي الربوة,‫عمر بن عبد العزيز‬‎,"سوريا, بلدية المزة, حي الربوة, ‫عمر بن عبد العزيز‬‎"
28.01.2025,"قسد تعتقل الناشط الإعلامي ""ثامر الشحاذة"" خلال حملة مداهمات نفذتها فجر اليوم في بلدة الشعفة بريف ديرالزور الشرقي.",https://syria.liveuamap.com/ar/2025/28-january-09-sdf-arrests-media-activist-thamer-alshahadah,22732821,1 الشهر منذ,34.57159,40.93163,سوريا,الشعفة,الشعفة,Unknown,"سوريا, الشعفة, الشعفة"
28.01.2025,احتجاجات الأهالي على سد تشرين مستمرة لليوم 21 على التواليعرض المزيد (  وكالة أنباء هاوار ANHA    لحظة بلحظة عبر الواتس اب,https://syria.liveuamap.com/ar/2025/28-january-08-protests-by-residents-against-tishreen-dam,22732881,1 الشهر منذ,36.38107,38.17938,سوريا,مدينة سدّ تشرين,Housing complex,سد تشرين,"سوريا, مدينة سدّ تشرين, Housing complex, سد تشرين"
29.01.2025,شنت طائرة تابعة للتحالف الدولي غارة جوية على هدف قرب بلدة باتبو جنوب سرمدا,https://syria.liveuamap.com/ar/2025/30-january-20-an-international-coalition-aircraft-launched,22733500,1 الشهر منذ,36.13273,36.73759,سوريا,باتبو,باتبو,Unknown,"سوريا, باتبو, باتبو"
29.01.2025,الشرع: سنركز في الفترة المقبلة على بناء مؤسسات قوية للدولة لا فساد فيها ولا رشاوى وتحقيق السلم الأهلي وملاحقة ين ممن ولغوا في الدم السوري,https://syria.liveuamap.com/ar/2025/30-january-20-alsharaa-we-will-focus-in-the-coming-period,22733487,1 الشهر منذ,33.51433,36.25059,سوريا,بلدية دمر,حي دمر الغربية,Unknown,"سوريا, بلدية دمر, حي دمر الغربية"
29.01.2025,أحمد الشرع في أول خطاب قصير له منذ توليه منصبه أمس: يقول إنه ليس حاكماً بل خادماً؛ سيشكل حكومة شاملة من مختلف مكونات سورية؛ سيعلن عن لجنة تحضيرية لمؤتمر الحوار الوطني,https://syria.liveuamap.com/ar/2025/30-january-19-ahmed-sharaa-in-short-first-speech-since-taking,22733486,1 الشهر منذ,33.51648,36.25145,سوريا,بلدية دمر,حي دمر الغربية,طريق بيروت,"سوريا, بلدية دمر, حي دمر الغربية, طريق بيروت"
29.01.2025,الشرع:  سوريا تحررت من نظام مجرم    سوريا تحررت بفضل تضحيات جميع السوريين بالداخل والخارج    نفتح فصلا جديدا في تاريخ سوريا  قناة_العربية,https://syria.liveuamap.com/ar/2025/30-january-19-alsharaa-in-a-speech-syria-was-liberated-from,22733485,1 الشهر منذ,33.51705,36.25145,سوريا,بلدية دمر,حي دمر الغربية,طريق بيروت,"سوريا, بلدية دمر, حي دمر الغربية, طريق بيروت"
29.01.2025,اشتباكات بين الجيش الوطني وقوات سوريا الديمقراطية على خط دير حافر شرقي منبج,https://syria.liveuamap.com/ar/2025/30-january-19-clashes-are-taking-place-between-sna-and-sdf,22733488,1 الشهر منذ,36.19431,37.7504,سوريا,تل السوس,تل السوس,Unknown,"سوريا, تل السوس, تل السوس"
29.01.2025,"جلسة استماع للجنة الاستخبارات بمجلس الشيوخ الأمريكي لتأكيد تعيين تولسي جابارد في منصب مدير الاستخبارات الوطنية الأمريكية. قالت تولسي جابارد: ""أنا أكره تنظيم القاعدة. أكره أن يكون لدينا قادة يتقربون من المتطرفين الإسلاميين، ويقللون من شأنهم إلى ما يسمى بالمتمردين"". تقول إن سوريا  تحت سيطرة فرع من تنظيم القاعدة وزعيم ""رقص في الشوارع"" في الحادي عشر من سبتمبر.",https://syria.liveuamap.com/ar/2025/30-january-16-senate-intelligence-committee-confirmation,22733443,1 الشهر منذ,38.88968,-77.00901,الولايات المتّحدة الأمريكيّة,واشينطون,Unknown,East Front Plaza,"الولايات المتّحدة الأمريكيّة, واشينطون, East Front Plaza"
29.01.2025,الخارجية القطرية: رئيس الوزراء وزير الخارجية بحث مع وزير الخارجية الإيراني في الدوحة الأوضاع في غزة وسوريا,https://syria.liveuamap.com/ar/2025/30-january-14-qatari-foreign-ministry-prime-minister-and,22733436,1 الشهر منذ,25.34354,51.51923,قطر,الدوحة,عنيزة,نقا ام قرن,"قطر, الدوحة, عنيزة, نقا ام قرن"
29.01.2025,قصفت القوات المسلحة التركية بنيران المدفعية أهدافاً لقوات سوريا الديمقراطية في قرية أم براميل على محور عين عيسى.,https://syria.liveuamap.com/ar/2025/30-january-14-the-turkish-armed-forces-hit-sdf-targets-in,22733431,1 الشهر منذ,36.40248,38.85229,سوريا,Abu Soura,Abu Soura,طريق سوريا,"سوريا, Abu Soura, Abu Soura, طريق سوريا"
29.01.2025,سمو الأمير المفدى يصل إلى العاصمة دمشق في زيارة رسمية إلى الجمهورية العربية السورية الشقيقة، وفي مقدمة مستقبليه أخوه فخامة السيد أحمد الشرع رئيس الجمهورية العربية السورية. قطر سوريا,https://syria.liveuamap.com/ar/2025/30-january-09-qatari-emir-arrives-in-the-capital-damascus,22733391,1 الشهر منذ,33.40865,36.51049,سوريا,شبعا,شبعا,طريق المطار,"سوريا, شبعا, شبعا, طريق المطار"
29.01.2025,رئيس دولة قطر يصل إلى العاصمة السورية دمشق,https://syria.liveuamap.com/ar/2025/30-january-09-the-president-of-the-state-of-qatar-arrives,22733389,1 الشهر منذ,33.51394,36.29584,سوريا,بلدية ساروجة,حي ساروجة,جسر فكتوريا,"سوريا, بلدية ساروجة, حي ساروجة, جسر فكتوريا"
29.01.2025,وفد عسكري رفيع المستوى من وزارة الدفاع التركية يلتقي مسؤولين في الجيش السوري الجديد,https://syria.liveuamap.com/ar/2025/30-january-06-a-highlevel-military-delegation-from-the-turkish,22733321,1 الشهر منذ,33.51234,36.28098,سوريا,بلدية القنوات,حي الحجاز,شارع شكري القوتلي,"سوريا, بلدية القنوات, حي الحجاز, شارع شكري القوتلي"
29.01.2025,المحتجون على سد تشرين: حماية السد مسؤولية جميع المكونات السوريةعرض المزيد (  وكالة أنباء هاوار ANHA    لحظة بلحظة عبر الواتس اب,https://syria.liveuamap.com/ar/2025/30-january-05-protesters-at-tishreen-dam-protecting-the-dam,22733293,1 الشهر منذ,36.37968,38.18882,سوريا,جنف الأحمر,جنف الأحمر,Unknown,"سوريا, جنف الأحمر, جنف الأحمر"
29.01.2025,صور من فعاليات مؤتمر إعلان انتصار الثورة السورية وتنصيب الشرع رئيساً للبلاد,https://syria.liveuamap.com/ar/2025/29-january-18-pictures-from-the-activities-of-the-conference,22733198,1 الشهر منذ,33.51824,36.25265,سوريا,بلدية دمر,حي دمر الغربية,طريق بيروت,"سوريا, بلدية دمر, حي دمر الغربية, طريق بيروت"
29.01.2025,"العقيد حسن عبد الغني : نعلن تولية السيد القائد ""أحمد الشرع"" رئاسة البلاد في المرحلة الانتقالية، ويقوم بمهام رئاسة الجمهورية العربية السورية، ويمثلها في المحافل الدولية  مؤتمر_النصر",https://syria.liveuamap.com/ar/2025/29-january-18-colonel-hassan-abdul-ghani-we-announce-the,22733196,1 الشهر منذ,33.51704,36.25117,سوريا,بلدية دمر,حي دمر الغربية,طريق بيروت,"سوريا, بلدية دمر, حي دمر الغربية, طريق بيروت"
29.01.2025,العقيد حسن عبد الغني: نعلن حل حزب البعث العربي الاشتراكي، وأحزاب الجبهة الوطنية التقدمية، وما يتبع لها من منظمات ومؤسسات ولجان، ويحظر إعادة تشكيلها تحت أي اسم آخر، على أن تعود جميع أصولها إلى الدولة السورية   مؤتمر_النصر,https://syria.liveuamap.com/ar/2025/29-january-18-colonel-hassan-abdul-ghani-we-announce-the,22733195,1 الشهر منذ,33.51704,36.25117,سوريا,بلدية دمر,حي دمر الغربية,طريق بيروت,"سوريا, بلدية دمر, حي دمر الغربية, طريق بيروت"
29.01.2025,تنصيب أحمد الشرع رئيساً للجمهورية العربية السورية  للمرحلة الانتقالية وحل الأجهزة الأمنية وحزب البعث والجيش و مجلس الشعب,https://syria.liveuamap.com/ar/2025/29-january-18-inauguration-of-ahmed-alsharaa-as-president,22733194,1 الشهر منذ,33.51709,36.25295,سوريا,بلدية دمر,حي دمر الغربية,Unknown,"سوريا, بلدية دمر, حي دمر الغربية"
29.01.2025,الناطق باسم إدارة العمليات العسكرية العقيد حسن عبد الغني: نعلن انتصار الثورة السورية العظيمة، واعتبار الثامن من كانون الأول من كل عام يوماً وطنياً.  مؤتمر_النصر,https://syria.liveuamap.com/ar/2025/29-january-18-spokesman-for-the-military-operations-department,22733197,1 الشهر منذ,33.51642,36.25223,سوريا,بلدية دمر,حي دمر الغربية,طريق بيروت,"سوريا, بلدية دمر, حي دمر الغربية, طريق بيروت"
29.01.2025,العقيد حسن عبد الغني: نعلن حل جميع الأجهزة الأمنية التابعة للنظام البائد، بفروعها وتسمياتها المختلفة، وجميع الميليشيات التي أنشأها، وتشكيل مؤسسة أمنية جديدة تحفظ أمن المواطنين   مؤتمر_النصر,https://syria.liveuamap.com/ar/2025/29-january-18-colonel-hassan-abdul-ghani-we-announce-the,22733193,1 الشهر منذ,33.51704,36.25117,سوريا,بلدية دمر,حي دمر الغربية,طريق بيروت,"سوريا, بلدية دمر, حي دمر الغربية, طريق بيروت"
29.01.2025,سوريا : تمديد الفترة الانتقالية ثلاثة أشهر أخرى,https://syria.liveuamap.com/ar/2025/29-january-18-syria-transitional-period-extended-for-another,22733192,1 الشهر منذ,33.51883,36.25141,سوريا,بلدية دمر,حي دمر الغربية,Unknown,"سوريا, بلدية دمر, حي دمر الغربية"
29.01.2025,القائد العسكري أحمد عيسى الشيخ: يجب أن نعمل لكي نبني سوريا الجديدة ولن يكون ذلك إلا بالتكاتف والتراحم والتعاطف وأن نكون كالجسد الواحد.  مؤتمر_النصر,https://syria.liveuamap.com/ar/2025/29-january-18-military-commander-ahmed-issa-alsheikh-we-must,22733190,1 الشهر منذ,33.51754,36.25276,سوريا,بلدية دمر,حي دمر الغربية,طريق بيروت,"سوريا, بلدية دمر, حي دمر الغربية, طريق بيروت"
29.01.2025,وزير الخارجية السوري: سنستمر في تعزيز علاقات سوريا مع الدول المجاورة,https://syria.liveuamap.com/ar/2025/29-january-17-syrian-foreign-minister-we-will-continue-to,22733188,1 الشهر منذ,33.51476,36.25313,سوريا,بلدية دمر,حي دمر الغربية,Unknown,"سوريا, بلدية دمر, حي دمر الغربية"
29.01.2025,وزير الخارجية السوري: في المنطقة العربية على وجه الخصوص تعاني منطقتنا من إرث مثقل بالصراعات، وسنحاول في سياستنا الخارجية العمل على تخفيف هذا التوتر وإرساء السلام، حتى تتمكن سورية من قيادة دور فعال في هذا المسعى.,https://syria.liveuamap.com/ar/2025/29-january-17-syrian-foreign-minister-in-the-arab-region,22733187,1 الشهر منذ,33.51466,36.25363,سوريا,بلدية دمر,حي دمر الغربية,شارع 7 نيسان,"سوريا, بلدية دمر, حي دمر الغربية, شارع 7 نيسان"
29.01.2025,وزير الخارجية أسعد الشيباني: نجحنا في رسم هوية سورية لائقة تعبر عن تطلعات شعبنا، وتؤسس لبلد يقوم على الحرية والعدل والكرامة، ويشعر فيه الجميع بحب الوطن والانتماء والبذل والتضحية.  مؤتمر_النصر,https://syria.liveuamap.com/ar/1970/1-january-00-foreign-minister-asaad-alsheibani-we-have-succeeded,22733185,1 الشهر منذ,33.51535,36.2578,سوريا,بلدية المزة,حي الربوة,طريق بيروت,"سوريا, بلدية المزة, حي الربوة, طريق بيروت"
29.01.2025,اتفقت الفصائل العسكرية السورية على تعيين أحمد الشرع رئيسا للمرحلة الانتقالية، وفق ما أوردته قناة سكاي نيوز عربية.,https://syria.liveuamap.com/ar/2025/29-january-17-syrian-military-factions-have-agreed-to-appoint,22733184,1 الشهر منذ,33.51767,36.2519,سوريا,بلدية دمر,حي دمر الغربية,طريق بيروت,"سوريا, بلدية دمر, حي دمر الغربية, طريق بيروت"
29.01.2025,خطاب_النصر من داخل مؤتمر إعلان انتصار الثورة السورية وسط حضور موسع من فصائل إدارة العمليات العسكرية وقوى الثورة السورية,https://syria.liveuamap.com/ar/2025/29-january-17-victory-speech-from-inside-the-conference-announcing,22733186,1 الشهر منذ,33.51492,36.25351,سوريا,بلدية دمر,حي دمر الغربية,Unknown,"سوريا, بلدية دمر, حي دمر الغربية"
29.01.2025,طائرات تركية تقصف أهدافاً لقوات سوريا الديمقراطية على خط صرين جنوب عين العرب,https://syria.liveuamap.com/ar/2025/29-january-15-turkish-warplanes-strike-sdf-targets-on-the,22733173,1 الشهر منذ,36.64265,38.30194,سوريا,شيل,شيل,طريق سوريا,"سوريا, شيل, شيل, طريق سوريا"
29.01.2025,غارة جوية تركية على كوباني أدت إلى مقتل مدنيين وإصابة آخرين، وتسببت الغارة الجوية على مبنى سكني في انفجار مولد ديزل,https://syria.liveuamap.com/ar/2025/29-january-14-a-turkish-airstrike-on-kobane-killed-2-civilians,22733163,1 الشهر منذ,36.88648,38.35224,سوريا,عين العرب,مكتلة,Unknown,"سوريا, عين العرب, مكتلة"
29.01.2025,مباركة قيادة جيش سوريا الحرة للقائد أحمد الشرع بمناسبة إنتصار الثورة السورية.سانا,https://syria.liveuamap.com/ar/2025/29-january-14-syrian-leader-ahmed-sharaa-meets-with-usbacked,22733161,1 الشهر منذ,33.51762,36.25385,سوريا,بلدية دمر,حي دمر الغربية,طريق بيروت,"سوريا, بلدية دمر, حي دمر الغربية, طريق بيروت"
29.01.2025,مصادر خاصة لـ الإدارة السورية الجديدة تتجه نحو تأجيل المؤتمر الوطني,https://syria.liveuamap.com/ar/2025/29-january-13-syrian-administration-are-moving-towards-postponing,22733159,1 الشهر منذ,33.51162,36.29316,سوريا,بلدية القنوات,حي الحجاز,‫مسلم البارودي‬‎,"سوريا, بلدية القنوات, حي الحجاز, ‫مسلم البارودي‬‎"
29.01.2025,الطيران المسير التركي يستهدف مدينة عين العرب/كوباني بغارة جوية,https://syria.liveuamap.com/ar/2025/29-january-13-turkish-drones-target-ayn-alarabkobani-city,22733145,1 الشهر منذ,36.88739,38.35414,سوريا,عين العرب,مكتلة,Unknown,"سوريا, عين العرب, مكتلة"
29.01.2025,طائرات مسيرة تابعة للقوات المسلحة التركية تقصف أهدافاً لقوات سوريا الديمقراطية في مناطق تشرين - الطبقة - كرامة,https://syria.liveuamap.com/ar/2025/29-january-12-turkish-armed-forces-uavs-hit-sdf-targets-in,22733134,1 الشهر منذ,35.99185,38.5112,سوريا,Ghadban,Ghadban,Unknown,"سوريا, Ghadban, Ghadban"
29.01.2025,"أكد وزير الدفاع الإسرائيلي، يسرائيل_كاتس، ""أن القوات الإسرائيلية التي سيطرت على مواقع استراتيجية في جنوب سوريا بعد سقوط نظام بشار_الأسد ستبقى على جبل_الشيخ لأجل غير مسمى""",https://israelpalestine.liveuamap.com/ar/2025/29-january-12-israeli-defense-minister-israel-katz-confirmed,22733139,1 الشهر منذ,32.07612,34.78803,إسرائيل,تل أبيب – يافا,حدائق سارونا,Unknown,"إسرائيل, تل أبيب – يافا, حدائق سارونا"
29.01.2025,غارات جوية تركية عبر طائرة مسيرة تستهدف مقراً لقوات سوريا الديمقراطية في بلدة الكرامة شرقي الرقة,https://syria.liveuamap.com/ar/2025/29-january-12-turkish-airstrikes-by-a-drone-targeted-a-headquarters,22733147,1 الشهر منذ,35.86887,39.28213,سوريا,الكرامة,الكرامة,Unknown,"سوريا, الكرامة, الكرامة"
29.01.2025,ناقش وزير المالية السوري محمد أبازيد الوضع المالي لبلاده واحتمال تخفيف العقوبات في أول اجتماع له مع مسؤولي الاتحاد الأوروبي يوم الأربعاء,https://syria.liveuamap.com/ar/2025/29-january-10-syrian-finance-minister-mohammed-abazeed-discussed,22733103,1 الشهر منذ,33.52005,36.25574,سوريا,بلدية دمر,حي دمر الغربية,طريق بيروت,"سوريا, بلدية دمر, حي دمر الغربية, طريق بيروت"
29.01.2025,رويترز: الزعيم السوري أحمد الشرع طلب من موسكو تسليم بشار الأسد,https://syria.liveuamap.com/ar/2025/29-january-10-reuters-syrian-leader-ahmed-alsharaa-asked,22733102,1 الشهر منذ,33.5183,36.25144,سوريا,بلدية دمر,حي دمر الغربية,طريق بيروت,"سوريا, بلدية دمر, حي دمر الغربية, طريق بيروت"
29.01.2025,أهالي مدينة كوباني شمال سوريا يحتجون على استهداف تركيا للمدنيين في بلدة صرين والذي أدى إلى سقوط أكثر من 10 قتلى,https://syria.liveuamap.com/ar/2025/29-january-10-residents-in-kobani-city-in-northern-syria,22733099,1 الشهر منذ,36.88869,38.35167,سوريا,عين العرب,عين العرب,Unknown,"سوريا, عين العرب, عين العرب"
29.01.2025,غارة تركية بطائرة مسيرة على سوق خضار في بلدة صرين جنوب كوباني أدت إلى مقتل 8 مدنيين بينهم أطفال وإصابة 20 آخرين، مصادر طبية تؤكد وقوع إصابات خطيرة,https://syria.liveuamap.com/ar/2025/29-january-07-a-turkish-drone-strike-in-syria-on-a-vegetable,22733082,1 الشهر منذ,36.58903,38.29765,سوريا,صرين,صرين,Unknown,"سوريا, صرين, صرين"
30.01.2025,استهدفت غارة إسرائيلية، حوالي الساعة الثالثة فجر اليوم الجمعة، الطريق الرئيسي الواصل بين سوريا ولبنان، والذي يربط بلدة الطفيل اللبنانية ببلدة عسال الورد السورية في القلمون الغربي.,https://israelpalestine.liveuamap.com/ar/2025/31-january-10-an-israeli-airstrike-targeted-the-main-road,22733624,1 الشهر منذ,33.84874,36.38054,لبنان,طفيل,طفيل,Unknown,"لبنان, طفيل, طفيل"
30.01.2025,"أعلنت القيادة المركزية الأمريكية (CENTCOM) في بيانٍ رسمي عن تنفيذ غارة جوية دقيقة يوم 30 كانون الثاني في شمال غرب سوريا، استهدفت القيادي في جماعة حراس الدين المرتبطة بتنظيم القاعدة، محمد صلاح الزبير  ووفقًا للبيان، أكدت القوات الأمريكية نجاح العملية في تحييد ""الزبير"" الذي وصفته…",https://syria.liveuamap.com/ar/2025/31-january-09-the-us-central-command-centcom-announced-in,22733613,1 الشهر منذ,38.86879,-77.05592,الولايات المتّحدة الأمريكيّة,Unknown,Unknown,Long Bridge Drive,"الولايات المتّحدة الأمريكيّة, Long Bridge Drive"
30.01.2025,الجيش الأميركي يقول إنه قتل قياديا بارزا في جماعة حراس الدين التابعة لتنظيم القاعدة في غارة جوية بشمال غرب سوريا,https://syria.liveuamap.com/ar/2025/31-january-08-the-us-military-says-it-has-killed-a-senior,22733591,1 الشهر منذ,38.86818,-77.05553,الولايات المتّحدة الأمريكيّة,Unknown,Unknown,Long Bridge Drive,"الولايات المتّحدة الأمريكيّة, Long Bridge Drive"
30.01.2025,وحدات مدفعية تابعة للقوات المسلحة التركية تقصف أهدافاً لقوات سوريا الديمقراطية في منطقة أبو راسين شرقي رأس العين,https://syria.liveuamap.com/ar/2025/31-january-07-turkish-armed-forces-artillery-units-hit-sdf,22733563,1 الشهر منذ,36.84581,40.32944,سوريا,أبو راسين,أبو راسين,Unknown,"سوريا, أبو راسين, أبو راسين"
30.01.2025,شنت طائرة تابعة للتحالف الدولي غارة جوية على هدف قرب بلدة باتبو جنوب سرمدا,https://syria.liveuamap.com/ar/2025/30-january-20-an-international-coalition-aircraft-launched,22733500,1 الشهر منذ,36.13273,36.73759,سوريا,باتبو,باتبو,Unknown,"سوريا, باتبو, باتبو"
30.01.2025,الشرع: سنركز في الفترة المقبلة على بناء مؤسسات قوية للدولة لا فساد فيها ولا رشاوى وتحقيق السلم الأهلي وملاحقة ين ممن ولغوا في الدم السوري,https://syria.liveuamap.com/ar/2025/30-january-20-alsharaa-we-will-focus-in-the-coming-period,22733487,1 الشهر منذ,33.51433,36.25059,سوريا,بلدية دمر,حي دمر الغربية,Unknown,"سوريا, بلدية دمر, حي دمر الغربية"
30.01.2025,أحمد الشرع في أول خطاب قصير له منذ توليه منصبه أمس: يقول إنه ليس حاكماً بل خادماً؛ سيشكل حكومة شاملة من مختلف مكونات سورية؛ سيعلن عن لجنة تحضيرية لمؤتمر الحوار الوطني,https://syria.liveuamap.com/ar/2025/30-january-19-ahmed-sharaa-in-short-first-speech-since-taking,22733486,1 الشهر منذ,33.51648,36.25145,سوريا,بلدية دمر,حي دمر الغربية,طريق بيروت,"سوريا, بلدية دمر, حي دمر الغربية, طريق بيروت"
30.01.2025,الشرع:  سوريا تحررت من نظام مجرم    سوريا تحررت بفضل تضحيات جميع السوريين بالداخل والخارج    نفتح فصلا جديدا في تاريخ سوريا  قناة_العربية,https://syria.liveuamap.com/ar/2025/30-january-19-alsharaa-in-a-speech-syria-was-liberated-from,22733485,1 الشهر منذ,33.51705,36.25145,سوريا,بلدية دمر,حي دمر الغربية,طريق بيروت,"سوريا, بلدية دمر, حي دمر الغربية, طريق بيروت"
30.01.2025,اشتباكات بين الجيش الوطني وقوات سوريا الديمقراطية على خط دير حافر شرقي منبج,https://syria.liveuamap.com/ar/2025/30-january-19-clashes-are-taking-place-between-sna-and-sdf,22733488,1 الشهر منذ,36.19431,37.7504,سوريا,تل السوس,تل السوس,Unknown,"سوريا, تل السوس, تل السوس"
30.01.2025,"جلسة استماع للجنة الاستخبارات بمجلس الشيوخ الأمريكي لتأكيد تعيين تولسي جابارد في منصب مدير الاستخبارات الوطنية الأمريكية. قالت تولسي جابارد: ""أنا أكره تنظيم القاعدة. أكره أن يكون لدينا قادة يتقربون من المتطرفين الإسلاميين، ويقللون من شأنهم إلى ما يسمى بالمتمردين"". تقول إن سوريا  تحت سيطرة فرع من تنظيم القاعدة وزعيم ""رقص في الشوارع"" في الحادي عشر من سبتمبر.",https://syria.liveuamap.com/ar/2025/30-january-16-senate-intelligence-committee-confirmation,22733443,1 الشهر منذ,38.88968,-77.00901,الولايات المتّحدة الأمريكيّة,واشينطون,Unknown,East Front Plaza,"الولايات المتّحدة الأمريكيّة, واشينطون, East Front Plaza"
30.01.2025,الخارجية القطرية: رئيس الوزراء وزير الخارجية بحث مع وزير الخارجية الإيراني في الدوحة الأوضاع في غزة وسوريا,https://syria.liveuamap.com/ar/2025/30-january-14-qatari-foreign-ministry-prime-minister-and,22733436,1 الشهر منذ,25.34354,51.51923,قطر,الدوحة,عنيزة,نقا ام قرن,"قطر, الدوحة, عنيزة, نقا ام قرن"
30.01.2025,قصفت القوات المسلحة التركية بنيران المدفعية أهدافاً لقوات سوريا الديمقراطية في قرية أم براميل على محور عين عيسى.,https://syria.liveuamap.com/ar/2025/30-january-14-the-turkish-armed-forces-hit-sdf-targets-in,22733431,1 الشهر منذ,36.40248,38.85229,سوريا,Abu Soura,Abu Soura,طريق سوريا,"سوريا, Abu Soura, Abu Soura, طريق سوريا"
30.01.2025,سمو الأمير المفدى يصل إلى العاصمة دمشق في زيارة رسمية إلى الجمهورية العربية السورية الشقيقة، وفي مقدمة مستقبليه أخوه فخامة السيد أحمد الشرع رئيس الجمهورية العربية السورية. قطر سوريا,https://syria.liveuamap.com/ar/2025/30-january-09-qatari-emir-arrives-in-the-capital-damascus,22733391,1 الشهر منذ,33.40865,36.51049,سوريا,شبعا,شبعا,طريق المطار,"سوريا, شبعا, شبعا, طريق المطار"
30.01.2025,رئيس دولة قطر يصل إلى العاصمة السورية دمشق,https://syria.liveuamap.com/ar/2025/30-january-09-the-president-of-the-state-of-qatar-arrives,22733389,1 الشهر منذ,33.51394,36.29584,سوريا,بلدية ساروجة,حي ساروجة,جسر فكتوريا,"سوريا, بلدية ساروجة, حي ساروجة, جسر فكتوريا"
30.01.2025,وفد عسكري رفيع المستوى من وزارة الدفاع التركية يلتقي مسؤولين في الجيش السوري الجديد,https://syria.liveuamap.com/ar/2025/30-january-06-a-highlevel-military-delegation-from-the-turkish,22733321,1 الشهر منذ,33.51234,36.28098,سوريا,بلدية القنوات,حي الحجاز,شارع شكري القوتلي,"سوريا, بلدية القنوات, حي الحجاز, شارع شكري القوتلي"
30.01.2025,المحتجون على سد تشرين: حماية السد مسؤولية جميع المكونات السوريةعرض المزيد (  وكالة أنباء هاوار ANHA    لحظة بلحظة عبر الواتس اب,https://syria.liveuamap.com/ar/2025/30-january-05-protesters-at-tishreen-dam-protecting-the-dam,22733293,1 الشهر منذ,36.37968,38.18882,سوريا,جنف الأحمر,جنف الأحمر,Unknown,"سوريا, جنف الأحمر, جنف الأحمر"
30.01.2025,صور من فعاليات مؤتمر إعلان انتصار الثورة السورية وتنصيب الشرع رئيساً للبلاد,https://syria.liveuamap.com/ar/2025/29-january-18-pictures-from-the-activities-of-the-conference,22733198,1 الشهر منذ,33.51824,36.25265,سوريا,بلدية دمر,حي دمر الغربية,طريق بيروت,"سوريا, بلدية دمر, حي دمر الغربية, طريق بيروت"
30.01.2025,"العقيد حسن عبد الغني : نعلن تولية السيد القائد ""أحمد الشرع"" رئاسة البلاد في المرحلة الانتقالية، ويقوم بمهام رئاسة الجمهورية العربية السورية، ويمثلها في المحافل الدولية  مؤتمر_النصر",https://syria.liveuamap.com/ar/2025/29-january-18-colonel-hassan-abdul-ghani-we-announce-the,22733196,1 الشهر منذ,33.51704,36.25117,سوريا,بلدية دمر,حي دمر الغربية,طريق بيروت,"سوريا, بلدية دمر, حي دمر الغربية, طريق بيروت"
30.01.2025,العقيد حسن عبد الغني: نعلن حل حزب البعث العربي الاشتراكي، وأحزاب الجبهة الوطنية التقدمية، وما يتبع لها من منظمات ومؤسسات ولجان، ويحظر إعادة تشكيلها تحت أي اسم آخر، على أن تعود جميع أصولها إلى الدولة السورية   مؤتمر_النصر,https://syria.liveuamap.com/ar/2025/29-january-18-colonel-hassan-abdul-ghani-we-announce-the,22733195,1 الشهر منذ,33.51704,36.25117,سوريا,بلدية دمر,حي دمر الغربية,طريق بيروت,"سوريا, بلدية دمر, حي دمر الغربية, طريق بيروت"
30.01.2025,تنصيب أحمد الشرع رئيساً للجمهورية العربية السورية  للمرحلة الانتقالية وحل الأجهزة الأمنية وحزب البعث والجيش و مجلس الشعب,https://syria.liveuamap.com/ar/2025/29-january-18-inauguration-of-ahmed-alsharaa-as-president,22733194,1 الشهر منذ,33.51709,36.25295,سوريا,بلدية دمر,حي دمر الغربية,Unknown,"سوريا, بلدية دمر, حي دمر الغربية"
30.01.2025,الناطق باسم إدارة العمليات العسكرية العقيد حسن عبد الغني: نعلن انتصار الثورة السورية العظيمة، واعتبار الثامن من كانون الأول من كل عام يوماً وطنياً.  مؤتمر_النصر,https://syria.liveuamap.com/ar/2025/29-january-18-spokesman-for-the-military-operations-department,22733197,1 الشهر منذ,33.51642,36.25223,سوريا,بلدية دمر,حي دمر الغربية,طريق بيروت,"سوريا, بلدية دمر, حي دمر الغربية, طريق بيروت"
30.01.2025,العقيد حسن عبد الغني: نعلن حل جميع الأجهزة الأمنية التابعة للنظام البائد، بفروعها وتسمياتها المختلفة، وجميع الميليشيات التي أنشأها، وتشكيل مؤسسة أمنية جديدة تحفظ أمن المواطنين   مؤتمر_النصر,https://syria.liveuamap.com/ar/2025/29-january-18-colonel-hassan-abdul-ghani-we-announce-the,22733193,1 الشهر منذ,33.51704,36.25117,سوريا,بلدية دمر,حي دمر الغربية,طريق بيروت,"سوريا, بلدية دمر, حي دمر الغربية, طريق بيروت"
30.01.2025,سوريا : تمديد الفترة الانتقالية ثلاثة أشهر أخرى,https://syria.liveuamap.com/ar/2025/29-january-18-syria-transitional-period-extended-for-another,22733192,1 الشهر منذ,33.51883,36.25141,سوريا,بلدية دمر,حي دمر الغربية,Unknown,"سوريا, بلدية دمر, حي دمر الغربية"
30.01.2025,القائد العسكري أحمد عيسى الشيخ: يجب أن نعمل لكي نبني سوريا الجديدة ولن يكون ذلك إلا بالتكاتف والتراحم والتعاطف وأن نكون كالجسد الواحد.  مؤتمر_النصر,https://syria.liveuamap.com/ar/2025/29-january-18-military-commander-ahmed-issa-alsheikh-we-must,22733190,1 الشهر منذ,33.51754,36.25276,سوريا,بلدية دمر,حي دمر الغربية,طريق بيروت,"سوريا, بلدية دمر, حي دمر الغربية, طريق بيروت"
30.01.2025,وزير الخارجية السوري: سنستمر في تعزيز علاقات سوريا مع الدول المجاورة,https://syria.liveuamap.com/ar/2025/29-january-17-syrian-foreign-minister-we-will-continue-to,22733188,1 الشهر منذ,33.51476,36.25313,سوريا,بلدية دمر,حي دمر الغربية,Unknown,"سوريا, بلدية دمر, حي دمر الغربية"
30.01.2025,وزير الخارجية السوري: في المنطقة العربية على وجه الخصوص تعاني منطقتنا من إرث مثقل بالصراعات، وسنحاول في سياستنا الخارجية العمل على تخفيف هذا التوتر وإرساء السلام، حتى تتمكن سورية من قيادة دور فعال في هذا المسعى.,https://syria.liveuamap.com/ar/2025/29-january-17-syrian-foreign-minister-in-the-arab-region,22733187,1 الشهر منذ,33.51466,36.25363,سوريا,بلدية دمر,حي دمر الغربية,شارع 7 نيسان,"سوريا, بلدية دمر, حي دمر الغربية, شارع 7 نيسان"
30.01.2025,وزير الخارجية أسعد الشيباني: نجحنا في رسم هوية سورية لائقة تعبر عن تطلعات شعبنا، وتؤسس لبلد يقوم على الحرية والعدل والكرامة، ويشعر فيه الجميع بحب الوطن والانتماء والبذل والتضحية.  مؤتمر_النصر,https://syria.liveuamap.com/ar/1970/1-january-00-foreign-minister-asaad-alsheibani-we-have-succeeded,22733185,1 الشهر منذ,33.51535,36.2578,سوريا,بلدية المزة,حي الربوة,طريق بيروت,"سوريا, بلدية المزة, حي الربوة, طريق بيروت"
30.01.2025,اتفقت الفصائل العسكرية السورية على تعيين أحمد الشرع رئيسا للمرحلة الانتقالية، وفق ما أوردته قناة سكاي نيوز عربية.,https://syria.liveuamap.com/ar/2025/29-january-17-syrian-military-factions-have-agreed-to-appoint,22733184,1 الشهر منذ,33.51767,36.2519,سوريا,بلدية دمر,حي دمر الغربية,طريق بيروت,"سوريا, بلدية دمر, حي دمر الغربية, طريق بيروت"
30.01.2025,خطاب_النصر من داخل مؤتمر إعلان انتصار الثورة السورية وسط حضور موسع من فصائل إدارة العمليات العسكرية وقوى الثورة السورية,https://syria.liveuamap.com/ar/2025/29-january-17-victory-speech-from-inside-the-conference-announcing,22733186,1 الشهر منذ,33.51492,36.25351,سوريا,بلدية دمر,حي دمر الغربية,Unknown,"سوريا, بلدية دمر, حي دمر الغربية"
30.01.2025,طائرات تركية تقصف أهدافاً لقوات سوريا الديمقراطية على خط صرين جنوب عين العرب,https://syria.liveuamap.com/ar/2025/29-january-15-turkish-warplanes-strike-sdf-targets-on-the,22733173,1 الشهر منذ,36.64265,38.30194,سوريا,شيل,شيل,طريق سوريا,"سوريا, شيل, شيل, طريق سوريا"
31.01.2025,جنوب سوريا: أفادت الأنباء أن رجلاً أطلق النار على جنود إسرائيليين في منطقة ترنجة (محافظة القنيطرة) الليلة الماضية، ثم داهم جيش  القرية واعتقل رجلين، وهذه هي الحادثة الأولى من نوعها في المنطقة,https://syria.liveuamap.com/ar/2025/1-february-10-south-syria-last-night-a-man-reportedly-opened,22733858,1 الشهر منذ,33.23294,35.84358,سوريا,طرنجة,طرنجة,Unknown,"سوريا, طرنجة, طرنجة"
31.01.2025,الرئيس المصري يهنئ أحمد الشرع بتوليه منصب رئاسة سوريا خلال المرحلة الانتقالية,https://syria.liveuamap.com/ar/2025/1-february-01-egyptian-president-congratulates-ahmed-alsharaa,22733769,1 الشهر منذ,30.08867,31.31936,مصر,القاهرة,الزيتون,شارع ابراهيم اللقاني,"مصر, القاهرة, الزيتون, شارع ابراهيم اللقاني"
31.01.2025,"إذاعة الجيش الإسرائيلي: ""إرهابيون مسلحون"" أطلقوا النار على قوات الجيش الإسرائيلي في المنطقة العازلة في سوريا",https://syria.liveuamap.com/ar/2025/31-january-21-israel-army-radio-armed-militants-opened-fire,22733768,1 الشهر منذ,33.37985,35.83603,سوريا,Unknown,Unknown,Unknown,سوريا
31.01.2025,"المرصد السوري: غارات جوية تركية استهدفت بلدة صرين ومحطيها ومحيط سد تشرين وقرقوزاق ومدرسة بقرية خروص في ريف عين العرب ""كوباني""",https://syria.liveuamap.com/ar/2025/31-january-21-turkish-airstrikes-targeted-the-town-of-sarrin,22733748,1 الشهر منذ,36.36592,38.22556,سوريا,القادرية,القادرية,Unknown,"سوريا, القادرية, القادرية"
31.01.2025,الطيران الحربي التركي يستهدف بغارات جوية عنيفة مواقع مليشيا قسد في محيط سد_تشرين شرقي حلب.,https://syria.liveuamap.com/ar/2025/31-january-20-turkish-warplanes-target-sdf-positions-in-the,22733729,1 الشهر منذ,36.38231,38.19466,سوريا,جنف الأحمر,جنف الأحمر,Unknown,"سوريا, جنف الأحمر, جنف الأحمر"
31.01.2025,مصدر في الخارجية التركية لرويترز: وزير الخارجية التركي ونظيره الروسي يبحثان هاتفيا الوضع في سوريا,https://syria.liveuamap.com/ar/2025/31-january-15-the-turkish-foreign-minister-and-his-russian,22733670,1 الشهر منذ,39.91102,32.81633,تركيا,أنقرة,Balgat Mahallesi,Dr. Sadık Ahmet Caddesi,"تركيا, أنقرة, Balgat Mahallesi, Dr. Sadık Ahmet Caddesi"
31.01.2025,القبض على عاطف نجيب ، ابن خالة رئيس النظام البائد بشار الأسد، ورئيس فرع الأمن السياسي السابق في درعا.n نجيب متهم بارتكاب جرائم في بداية الثورة السورية، من بينها اقتلاع أظـ.افـ.ر الأطـ.فال الذين طالبوا بالحرية في درعا من بينهم حمزة_الخطيب,https://syria.liveuamap.com/ar/2025/31-january-14-arrest-of-atef-najib-cousin-of-the-former-regime,22733668,1 الشهر منذ,32.61941,36.10537,سوريا,درعا,Unknown,Unknown,"سوريا, درعا"
31.01.2025,الاتحاد الأوروبي للعربية: نعمل على تعزيز الحضور الأوروبي في سوريا,https://syria.liveuamap.com/ar/2025/31-january-11-eu-we-are-working-to-strengthen-the-european,22733631,1 الشهر منذ,50.83864,4.37557,بلجيكا,إيكسل,إيكسل,Rue de Trèves - Trierstraat,"بلجيكا, إيكسل, إيكسل, Rue de Trèves - Trierstraat"
31.01.2025,استهدفت غارة إسرائيلية، حوالي الساعة الثالثة فجر اليوم الجمعة، الطريق الرئيسي الواصل بين سوريا ولبنان، والذي يربط بلدة الطفيل اللبنانية ببلدة عسال الورد السورية في القلمون الغربي.,https://israelpalestine.liveuamap.com/ar/2025/31-january-10-an-israeli-airstrike-targeted-the-main-road,22733624,1 الشهر منذ,33.84874,36.38054,لبنان,طفيل,طفيل,Unknown,"لبنان, طفيل, طفيل"
31.01.2025,"أعلنت القيادة المركزية الأمريكية (CENTCOM) في بيانٍ رسمي عن تنفيذ غارة جوية دقيقة يوم 30 كانون الثاني في شمال غرب سوريا، استهدفت القيادي في جماعة حراس الدين المرتبطة بتنظيم القاعدة، محمد صلاح الزبير  ووفقًا للبيان، أكدت القوات الأمريكية نجاح العملية في تحييد ""الزبير"" الذي وصفته…",https://syria.liveuamap.com/ar/2025/31-january-09-the-us-central-command-centcom-announced-in,22733613,1 الشهر منذ,38.86879,-77.05592,الولايات المتّحدة الأمريكيّة,Unknown,Unknown,Long Bridge Drive,"الولايات المتّحدة الأمريكيّة, Long Bridge Drive"
31.01.2025,الجيش الأميركي يقول إنه قتل قياديا بارزا في جماعة حراس الدين التابعة لتنظيم القاعدة في غارة جوية بشمال غرب سوريا,https://syria.liveuamap.com/ar/2025/31-january-08-the-us-military-says-it-has-killed-a-senior,22733591,1 الشهر منذ,38.86818,-77.05553,الولايات المتّحدة الأمريكيّة,Unknown,Unknown,Long Bridge Drive,"الولايات المتّحدة الأمريكيّة, Long Bridge Drive"
31.01.2025,وحدات مدفعية تابعة للقوات المسلحة التركية تقصف أهدافاً لقوات سوريا الديمقراطية في منطقة أبو راسين شرقي رأس العين,https://syria.liveuamap.com/ar/2025/31-january-07-turkish-armed-forces-artillery-units-hit-sdf,22733563,1 الشهر منذ,36.84581,40.32944,سوريا,أبو راسين,أبو راسين,Unknown,"سوريا, أبو راسين, أبو راسين"
31.01.2025,شنت طائرة تابعة للتحالف الدولي غارة جوية على هدف قرب بلدة باتبو جنوب سرمدا,https://syria.liveuamap.com/ar/2025/30-january-20-an-international-coalition-aircraft-launched,22733500,1 الشهر منذ,36.13273,36.73759,سوريا,باتبو,باتبو,Unknown,"سوريا, باتبو, باتبو"
31.01.2025,الشرع: سنركز في الفترة المقبلة على بناء مؤسسات قوية للدولة لا فساد فيها ولا رشاوى وتحقيق السلم الأهلي وملاحقة ين ممن ولغوا في الدم السوري,https://syria.liveuamap.com/ar/2025/30-january-20-alsharaa-we-will-focus-in-the-coming-period,22733487,1 الشهر منذ,33.51433,36.25059,سوريا,بلدية دمر,حي دمر الغربية,Unknown,"سوريا, بلدية دمر, حي دمر الغربية"
31.01.2025,أحمد الشرع في أول خطاب قصير له منذ توليه منصبه أمس: يقول إنه ليس حاكماً بل خادماً؛ سيشكل حكومة شاملة من مختلف مكونات سورية؛ سيعلن عن لجنة تحضيرية لمؤتمر الحوار الوطني,https://syria.liveuamap.com/ar/2025/30-january-19-ahmed-sharaa-in-short-first-speech-since-taking,22733486,1 الشهر منذ,33.51648,36.25145,سوريا,بلدية دمر,حي دمر الغربية,طريق بيروت,"سوريا, بلدية دمر, حي دمر الغربية, طريق بيروت"
31.01.2025,الشرع:  سوريا تحررت من نظام مجرم    سوريا تحررت بفضل تضحيات جميع السوريين بالداخل والخارج    نفتح فصلا جديدا في تاريخ سوريا  قناة_العربية,https://syria.liveuamap.com/ar/2025/30-january-19-alsharaa-in-a-speech-syria-was-liberated-from,22733485,1 الشهر منذ,33.51705,36.25145,سوريا,بلدية دمر,حي دمر الغربية,طريق بيروت,"سوريا, بلدية دمر, حي دمر الغربية, طريق بيروت"
31.01.2025,اشتباكات بين الجيش الوطني وقوات سوريا الديمقراطية على خط دير حافر شرقي منبج,https://syria.liveuamap.com/ar/2025/30-january-19-clashes-are-taking-place-between-sna-and-sdf,22733488,1 الشهر منذ,36.19431,37.7504,سوريا,تل السوس,تل السوس,Unknown,"سوريا, تل السوس, تل السوس"
31.01.2025,"جلسة استماع للجنة الاستخبارات بمجلس الشيوخ الأمريكي لتأكيد تعيين تولسي جابارد في منصب مدير الاستخبارات الوطنية الأمريكية. قالت تولسي جابارد: ""أنا أكره تنظيم القاعدة. أكره أن يكون لدينا قادة يتقربون من المتطرفين الإسلاميين، ويقللون من شأنهم إلى ما يسمى بالمتمردين"". تقول إن سوريا  تحت سيطرة فرع من تنظيم القاعدة وزعيم ""رقص في الشوارع"" في الحادي عشر من سبتمبر.",https://syria.liveuamap.com/ar/2025/30-january-16-senate-intelligence-committee-confirmation,22733443,1 الشهر منذ,38.88968,-77.00901,الولايات المتّحدة الأمريكيّة,واشينطون,Unknown,East Front Plaza,"الولايات المتّحدة الأمريكيّة, واشينطون, East Front Plaza"
31.01.2025,الخارجية القطرية: رئيس الوزراء وزير الخارجية بحث مع وزير الخارجية الإيراني في الدوحة الأوضاع في غزة وسوريا,https://syria.liveuamap.com/ar/2025/30-january-14-qatari-foreign-ministry-prime-minister-and,22733436,1 الشهر منذ,25.34354,51.51923,قطر,الدوحة,عنيزة,نقا ام قرن,"قطر, الدوحة, عنيزة, نقا ام قرن"
31.01.2025,قصفت القوات المسلحة التركية بنيران المدفعية أهدافاً لقوات سوريا الديمقراطية في قرية أم براميل على محور عين عيسى.,https://syria.liveuamap.com/ar/2025/30-january-14-the-turkish-armed-forces-hit-sdf-targets-in,22733431,1 الشهر منذ,36.40248,38.85229,سوريا,Abu Soura,Abu Soura,طريق سوريا,"سوريا, Abu Soura, Abu Soura, طريق سوريا"
31.01.2025,سمو الأمير المفدى يصل إلى العاصمة دمشق في زيارة رسمية إلى الجمهورية العربية السورية الشقيقة، وفي مقدمة مستقبليه أخوه فخامة السيد أحمد الشرع رئيس الجمهورية العربية السورية. قطر سوريا,https://syria.liveuamap.com/ar/2025/30-january-09-qatari-emir-arrives-in-the-capital-damascus,22733391,1 الشهر منذ,33.40865,36.51049,سوريا,شبعا,شبعا,طريق المطار,"سوريا, شبعا, شبعا, طريق المطار"
31.01.2025,رئيس دولة قطر يصل إلى العاصمة السورية دمشق,https://syria.liveuamap.com/ar/2025/30-january-09-the-president-of-the-state-of-qatar-arrives,22733389,1 الشهر منذ,33.51394,36.29584,سوريا,بلدية ساروجة,حي ساروجة,جسر فكتوريا,"سوريا, بلدية ساروجة, حي ساروجة, جسر فكتوريا"
31.01.2025,وفد عسكري رفيع المستوى من وزارة الدفاع التركية يلتقي مسؤولين في الجيش السوري الجديد,https://syria.liveuamap.com/ar/2025/30-january-06-a-highlevel-military-delegation-from-the-turkish,22733321,1 الشهر منذ,33.51234,36.28098,سوريا,بلدية القنوات,حي الحجاز,شارع شكري القوتلي,"سوريا, بلدية القنوات, حي الحجاز, شارع شكري القوتلي"
31.01.2025,المحتجون على سد تشرين: حماية السد مسؤولية جميع المكونات السوريةعرض المزيد (  وكالة أنباء هاوار ANHA    لحظة بلحظة عبر الواتس اب,https://syria.liveuamap.com/ar/2025/30-january-05-protesters-at-tishreen-dam-protecting-the-dam,22733293,1 الشهر منذ,36.37968,38.18882,سوريا,جنف الأحمر,جنف الأحمر,Unknown,"سوريا, جنف الأحمر, جنف الأحمر"
31.01.2025,صور من فعاليات مؤتمر إعلان انتصار الثورة السورية وتنصيب الشرع رئيساً للبلاد,https://syria.liveuamap.com/ar/2025/29-january-18-pictures-from-the-activities-of-the-conference,22733198,1 الشهر منذ,33.51824,36.25265,سوريا,بلدية دمر,حي دمر الغربية,طريق بيروت,"سوريا, بلدية دمر, حي دمر الغربية, طريق بيروت"
31.01.2025,"العقيد حسن عبد الغني : نعلن تولية السيد القائد ""أحمد الشرع"" رئاسة البلاد في المرحلة الانتقالية، ويقوم بمهام رئاسة الجمهورية العربية السورية، ويمثلها في المحافل الدولية  مؤتمر_النصر",https://syria.liveuamap.com/ar/2025/29-january-18-colonel-hassan-abdul-ghani-we-announce-the,22733196,1 الشهر منذ,33.51704,36.25117,سوريا,بلدية دمر,حي دمر الغربية,طريق بيروت,"سوريا, بلدية دمر, حي دمر الغربية, طريق بيروت"
31.01.2025,العقيد حسن عبد الغني: نعلن حل حزب البعث العربي الاشتراكي، وأحزاب الجبهة الوطنية التقدمية، وما يتبع لها من منظمات ومؤسسات ولجان، ويحظر إعادة تشكيلها تحت أي اسم آخر، على أن تعود جميع أصولها إلى الدولة السورية   مؤتمر_النصر,https://syria.liveuamap.com/ar/2025/29-january-18-colonel-hassan-abdul-ghani-we-announce-the,22733195,1 الشهر منذ,33.51704,36.25117,سوريا,بلدية دمر,حي دمر الغربية,طريق بيروت,"سوريا, بلدية دمر, حي دمر الغربية, طريق بيروت"
31.01.2025,تنصيب أحمد الشرع رئيساً للجمهورية العربية السورية  للمرحلة الانتقالية وحل الأجهزة الأمنية وحزب البعث والجيش و مجلس الشعب,https://syria.liveuamap.com/ar/2025/29-january-18-inauguration-of-ahmed-alsharaa-as-president,22733194,1 الشهر منذ,33.51709,36.25295,سوريا,بلدية دمر,حي دمر الغربية,Unknown,"سوريا, بلدية دمر, حي دمر الغربية"
31.01.2025,الناطق باسم إدارة العمليات العسكرية العقيد حسن عبد الغني: نعلن انتصار الثورة السورية العظيمة، واعتبار الثامن من كانون الأول من كل عام يوماً وطنياً.  مؤتمر_النصر,https://syria.liveuamap.com/ar/2025/29-january-18-spokesman-for-the-military-operations-department,22733197,1 الشهر منذ,33.51642,36.25223,سوريا,بلدية دمر,حي دمر الغربية,طريق بيروت,"سوريا, بلدية دمر, حي دمر الغربية, طريق بيروت"
31.01.2025,العقيد حسن عبد الغني: نعلن حل جميع الأجهزة الأمنية التابعة للنظام البائد، بفروعها وتسمياتها المختلفة، وجميع الميليشيات التي أنشأها، وتشكيل مؤسسة أمنية جديدة تحفظ أمن المواطنين   مؤتمر_النصر,https://syria.liveuamap.com/ar/2025/29-january-18-colonel-hassan-abdul-ghani-we-announce-the,22733193,1 الشهر منذ,33.51704,36.25117,سوريا,بلدية دمر,حي دمر الغربية,طريق بيروت,"سوريا, بلدية دمر, حي دمر الغربية, طريق بيروت"
